"chromosome" "v" "D" "refractory_period_prop_cohort_alive" "sex_expressed" "dominance" "Starting_pop_size" "baseline_mean_lifespan" "f" "refractory_period" "mutation_time" "time_end" "parameter_space_ID" "mutation_events"
"1" "C" 0.04 -0.86625 0.71125 1 1 4000 1 5 0.340731293541596 5 1000 22336 5
"2" "C" 0.004 -0.20625 0.2575 0 1 4000 1 5 1.35673555887835 5 1000 20263 5
"3" "C" 0.04 -0.4125 0.835 1 1 4000 1 5 0.180323554131281 5 1000 21792 5
"4" "C" 0.004 -0.33 0.46375 0 1 4000 1 5 0.768409665060492 5 1000 20423 5
"5" "C" 0.04 -0.9075 0.9175 1 1 4000 1 5 0.0861026990534116 5 1000 22396 5
"6" "C" 0.04 -0.45375 0.7525 0 1 4000 1 5 0.284354282359106 5 1000 21837 5
"7" "C" 0.004 -0.2475 0.34 1 1 4000 1 5 1.07880966137193 5 1000 20318 5
"8" "C" 0.004 -0.2475 0.95875 1 1 4000 1 5 0.042124926300671 5 1000 20348 5
"9" "C" 0.04 -0.0825 0.13375 1 1 4000 1 5 2.01178289320602 5 1000 21358 5
"10" "C" 0.04 -0.78375 0.38125 1 1 4000 1 5 0.964299951060516 5 1000 22220 5
"11" "C" 0.004 -0.12375 1 1 1 4000 1 5 0 5 1000 20200 5
"12" "C" 0.004 -0.33 0.4225 1 1 4000 1 5 0.861565832184908 5 1000 20422 5
"13" "C" 0.004 -0.165 0.05125 1 1 4000 1 5 2.97103966096362 5 1000 20204 5
"14" "C" 0.04 -0.12375 0.01 1 1 4000 1 5 4.60517018598809 5 1000 21402 5
"15" "C" 0.004 -0.20625 0.29875 1 1 4000 1 5 1.20814817573642 5 1000 20266 5
"16" "C" 0.004 -0.86625 0.62875 1 1 4000 1 5 0.464021557568188 5 1000 21082 5
"17" "C" 0.004 -0.165 0.38125 0 1 4000 1 5 0.964299951060516 5 1000 20219 5
"18" "C" 0.004 -0.66 0.21625 0 1 4000 1 5 1.53132013317015 5 1000 20811 5
"19" "C" 0.04 -0.94875 0.01 0 1 4000 1 5 4.60517018598809 5 1000 22401 5
"20" "C" 0.004 -0.20625 0.0925 1 1 4000 1 5 2.38054663446376 5 1000 20256 5
"21" "C" 0.004 -0.33 0.9175 1 1 4000 1 5 0.0861026990534116 5 1000 20446 5
"22" "C" 0.004 -0.28875 0.62875 1 1 4000 1 5 0.464021557568188 5 1000 20382 5
"23" "C" 0.004 -0.04125 0.9175 1 1 4000 1 5 0.0861026990534116 5 1000 20096 5
"24" "C" 0.04 -0.45375 0.95875 1 1 4000 1 5 0.042124926300671 5 1000 21848 5
"25" "C" 0.004 -0.165 0.29875 1 1 4000 1 5 1.20814817573642 5 1000 20216 5
"26" "C" 0.04 -0.33 0.71125 1 1 4000 1 5 0.340731293541596 5 1000 21686 5
"27" "C" 0.04 -0.12375 0.505 1 1 4000 1 5 0.683196849706777 5 1000 21426 5
"28" "C" 0.04 -0.825 0.4225 0 1 4000 1 5 0.861565832184908 5 1000 22271 5
"29" "C" 0.004 -0.2475 0.87625 1 1 4000 1 5 0.132103840633337 5 1000 20344 5
"30" "C" 0.004 -0.2475 0.13375 0 1 4000 1 5 2.01178289320602 5 1000 20307 5
"31" "C" 0.04 -0.12375 0.29875 0 1 4000 1 5 1.20814817573642 5 1000 21415 5
"32" "C" 0.004 -0.99 0.175 1 1 4000 1 5 1.74296930505862 5 1000 21210 5
"33" "C" 0.004 -0.45375 0.2575 1 1 4000 1 5 1.35673555887835 5 1000 20564 5
"34" "C" 0.004 -0.4125 0.29875 1 1 4000 1 5 1.20814817573642 5 1000 20516 5
"35" "C" 0.004 -0.86625 0.7525 0 1 4000 1 5 0.284354282359106 5 1000 21087 5
"36" "C" 0.04 -0.4125 0.175 1 1 4000 1 5 1.74296930505862 5 1000 21760 5
"37" "C" 0.004 -0.4125 0.05125 1 1 4000 1 5 2.97103966096362 5 1000 20504 5
"38" "C" 0.04 -0.37125 0.71125 1 1 4000 1 5 0.340731293541596 5 1000 21736 5
"39" "C" 0.04 -0.495 0.21625 1 1 4000 1 5 1.53132013317015 5 1000 21862 5
"40" "C" 0.004 -0.2475 0.13375 1 1 4000 1 5 2.01178289320602 5 1000 20308 5
"41" "C" 0.004 -0.66 0.05125 1 1 4000 1 5 2.97103966096362 5 1000 20804 5
"42" "C" 0.04 -0.5775 0.835 0 1 4000 1 5 0.180323554131281 5 1000 21991 5
"43" "C" 0.04 -0.0825 0.4225 0 1 4000 1 5 0.861565832184908 5 1000 21371 5
"44" "C" 0.004 -0.7425 0.62875 1 1 4000 1 5 0.464021557568188 5 1000 20932 5
"45" "C" 0.04 -0.2475 0.2575 0 1 4000 1 5 1.35673555887835 5 1000 21563 5
"46" "C" 0.04 -0.86625 1 0 1 4000 1 5 0 5 1000 22349 5
"47" "C" 0.004 -0.165 0.505 0 1 4000 1 5 0.683196849706777 5 1000 20225 5
"48" "C" 0.004 -0.61875 0.62875 1 1 4000 1 5 0.464021557568188 5 1000 20782 5
"49" "C" 0.004 -0.825 0.21625 1 1 4000 1 5 1.53132013317015 5 1000 21012 5
"50" "C" 0.004 -0.04125 0.13375 0 1 4000 1 5 2.01178289320602 5 1000 20057 5
"51" "C" 0.04 -0.61875 0.87625 0 1 4000 1 5 0.132103840633337 5 1000 22043 5
"52" "C" 0.004 -0.0825 0.62875 0 1 4000 1 5 0.464021557568188 5 1000 20131 5
"53" "C" 0.04 -0.495 0.9175 1 1 4000 1 5 0.0861026990534116 5 1000 21896 5
"54" "C" 0.04 -0.20625 0.46375 0 1 4000 1 5 0.768409665060492 5 1000 21523 5
"55" "C" 0.004 -0.0825 0.79375 0 1 4000 1 5 0.230986728775236 5 1000 20139 5
"56" "C" 0.04 -0.825 0.835 1 1 4000 1 5 0.180323554131281 5 1000 22292 5
"57" "C" 0.04 -0.33 0.62875 1 1 4000 1 5 0.464021557568188 5 1000 21682 5
"58" "C" 0.004 -0.33 1 0 1 4000 1 5 0 5 1000 20449 5
"59" "C" 0.04 -0.165 0.21625 0 1 4000 1 5 1.53132013317015 5 1000 21461 5
"60" "C" 0.004 -0.04125 0.4225 0 1 4000 1 5 0.861565832184908 5 1000 20071 5
"61" "C" 0.004 -0.61875 0.13375 0 1 4000 1 5 2.01178289320602 5 1000 20757 5
"62" "C" 0.04 -0.2475 0.0925 0 1 4000 1 5 2.38054663446376 5 1000 21555 5
"63" "C" 0.004 -0.825 0.01 1 1 4000 1 5 4.60517018598809 5 1000 21002 5
"64" "C" 0.04 -0.70125 0.95875 0 1 4000 1 5 0.042124926300671 5 1000 22147 5
"65" "C" 0.04 -0.37125 0.5875 0 1 4000 1 5 0.531879032963823 5 1000 21729 5
"66" "C" 0.04 -0.825 0.0925 0 1 4000 1 5 2.38054663446376 5 1000 22255 5
"67" "C" 0.04 -0.99 0.4225 0 1 4000 1 5 0.861565832184908 5 1000 22471 5
"68" "C" 0.04 -0.78375 0.67 0 1 4000 1 5 0.400477566597125 5 1000 22233 5
"69" "C" 0.004 -0.7425 0.87625 0 1 4000 1 5 0.132103840633337 5 1000 20943 5
"70" "C" 0.04 -0.7425 0.21625 1 1 4000 1 5 1.53132013317015 5 1000 22162 5
"71" "C" 0.04 -0.99 0.05125 0 1 4000 1 5 2.97103966096362 5 1000 22453 5
"72" "C" 0.004 -0.20625 0.05125 1 1 4000 1 5 2.97103966096362 5 1000 20254 5
"73" "C" 0.004 -0.99 0.4225 1 1 4000 1 5 0.861565832184908 5 1000 21222 5
"74" "C" 0.04 -0.70125 0.05125 1 1 4000 1 5 2.97103966096362 5 1000 22104 5
"75" "C" 0.04 -0.99 0.95875 0 1 4000 1 5 0.042124926300671 5 1000 22497 5
"76" "C" 0.004 -0.37125 0.34 0 1 4000 1 5 1.07880966137193 5 1000 20467 5
"77" "C" 0.04 -0.37125 0.01 1 1 4000 1 5 4.60517018598809 5 1000 21702 5
"78" "C" 0.004 -0.9075 0.505 0 1 4000 1 5 0.683196849706777 5 1000 21125 5
"79" "C" 0.04 -0.825 1 0 1 4000 1 5 0 5 1000 22299 5
"80" "C" 0.004 -0.12375 0.9175 1 1 4000 1 5 0.0861026990534116 5 1000 20196 5
"81" "C" 0.04 -0.70125 0.4225 1 1 4000 1 5 0.861565832184908 5 1000 22122 5
"82" "C" 0.04 -0.495 0.4225 0 1 4000 1 5 0.861565832184908 5 1000 21871 5
"83" "C" 0.04 -0.825 0.0925 1 1 4000 1 5 2.38054663446376 5 1000 22256 5
"84" "C" 0.04 -0.20625 0.87625 0 1 4000 1 5 0.132103840633337 5 1000 21543 5
"85" "C" 0.004 -0.66 0.79375 0 1 4000 1 5 0.230986728775236 5 1000 20839 5
"86" "C" 0.04 -0.86625 0.05125 1 1 4000 1 5 2.97103966096362 5 1000 22304 5
"87" "C" 0.004 -0.37125 0.34 1 1 4000 1 5 1.07880966137193 5 1000 20468 5
"88" "C" 0.04 -0.495 0.0925 1 1 4000 1 5 2.38054663446376 5 1000 21856 5
"89" "C" 0.004 -0.20625 0.87625 0 1 4000 1 5 0.132103840633337 5 1000 20293 5
"90" "C" 0.004 0 0.67 1 1 4000 1 5 0.400477566597125 5 1000 20034 5
"91" "C" 0.004 -0.9075 0.13375 0 1 4000 1 5 2.01178289320602 5 1000 21107 5
"92" "C" 0.04 -0.165 0.87625 0 1 4000 1 5 0.132103840633337 5 1000 21493 5
"93" "C" 0.004 -0.825 0.2575 0 1 4000 1 5 1.35673555887835 5 1000 21013 5
"94" "C" 0.04 -0.78375 0.29875 0 1 4000 1 5 1.20814817573642 5 1000 22215 5
"95" "C" 0.004 -0.28875 0.7525 1 1 4000 1 5 0.284354282359106 5 1000 20388 5
"96" "C" 0.04 -0.66 1 1 1 4000 1 5 0 5 1000 22100 5
"97" "C" 0.004 -0.825 0.54625 1 1 4000 1 5 0.604678532572337 5 1000 21028 5
"98" "C" 0.04 -0.9075 0.87625 0 1 4000 1 5 0.132103840633337 5 1000 22393 5
"99" "C" 0.04 -0.78375 0.34 0 1 4000 1 5 1.07880966137193 5 1000 22217 5
"100" "C" 0.004 -0.04125 0.38125 1 1 4000 1 5 0.964299951060516 5 1000 20070 5
"101" "C" 0.004 -0.86625 0.46375 1 1 4000 1 5 0.768409665060492 5 1000 21074 5
"102" "C" 0.04 -0.99 0.38125 1 1 4000 1 5 0.964299951060516 5 1000 22470 5
"103" "C" 0.004 -0.53625 0.21625 0 1 4000 1 5 1.53132013317015 5 1000 20661 5
"104" "C" 0.004 -0.37125 0.9175 1 1 4000 1 5 0.0861026990534116 5 1000 20496 5
"105" "C" 0.04 -0.2475 0.175 1 1 4000 1 5 1.74296930505862 5 1000 21560 5
"106" "C" 0.004 -0.78375 0.46375 1 1 4000 1 5 0.768409665060492 5 1000 20974 5
"107" "C" 0.004 -0.45375 0.95875 1 1 4000 1 5 0.042124926300671 5 1000 20598 5
"108" "C" 0.004 0 0.62875 1 1 4000 1 5 0.464021557568188 5 1000 20032 5
"109" "C" 0.04 -0.04125 0.34 0 1 4000 1 5 1.07880966137193 5 1000 21317 5
"110" "C" 0.04 -0.37125 0.38125 0 1 4000 1 5 0.964299951060516 5 1000 21719 5
"111" "C" 0.004 -0.12375 0.05125 1 1 4000 1 5 2.97103966096362 5 1000 20154 5
"112" "C" 0.004 -0.5775 0.34 0 1 4000 1 5 1.07880966137193 5 1000 20717 5
"113" "C" 0.004 -0.165 0.54625 1 1 4000 1 5 0.604678532572337 5 1000 20228 5
"114" "C" 0.004 0 0.71125 1 1 4000 1 5 0.340731293541596 5 1000 20036 5
"115" "C" 0.04 -0.45375 0.2575 1 1 4000 1 5 1.35673555887835 5 1000 21814 5
"116" "C" 0.004 -0.7425 0.71125 1 1 4000 1 5 0.340731293541596 5 1000 20936 5
"117" "C" 0.04 0 0.95875 0 1 4000 1 5 0.042124926300671 5 1000 21297 5
"118" "C" 0.004 -0.78375 0.95875 1 1 4000 1 5 0.042124926300671 5 1000 20998 5
"119" "C" 0.04 -0.61875 0.505 0 1 4000 1 5 0.683196849706777 5 1000 22025 5
"120" "C" 0.004 -0.86625 0.05125 1 1 4000 1 5 2.97103966096362 5 1000 21054 5
"121" "C" 0.004 -0.495 0.9175 1 1 4000 1 5 0.0861026990534116 5 1000 20646 5
"122" "C" 0.004 -0.61875 0.13375 1 1 4000 1 5 2.01178289320602 5 1000 20758 5
"123" "C" 0.004 0 0.05125 1 1 4000 1 5 2.97103966096362 5 1000 20004 5
"124" "C" 0.004 -0.825 0.4225 1 1 4000 1 5 0.861565832184908 5 1000 21022 5
"125" "C" 0.004 -0.12375 0.79375 0 1 4000 1 5 0.230986728775236 5 1000 20189 5
"126" "C" 0.04 -0.33 0.7525 1 1 4000 1 5 0.284354282359106 5 1000 21688 5
"127" "C" 0.004 -0.78375 0.54625 1 1 4000 1 5 0.604678532572337 5 1000 20978 5
"128" "C" 0.04 -0.78375 0.67 1 1 4000 1 5 0.400477566597125 5 1000 22234 5
"129" "C" 0.04 -0.2475 0.13375 0 1 4000 1 5 2.01178289320602 5 1000 21557 5
"130" "C" 0.004 -0.165 0.71125 0 1 4000 1 5 0.340731293541596 5 1000 20235 5
"131" "C" 0.04 -0.28875 0.835 0 1 4000 1 5 0.180323554131281 5 1000 21641 5
"132" "C" 0.004 -0.78375 0.87625 1 1 4000 1 5 0.132103840633337 5 1000 20994 5
"133" "C" 0.04 -0.20625 0.505 0 1 4000 1 5 0.683196849706777 5 1000 21525 5
"134" "C" 0.04 -0.7425 0.5875 1 1 4000 1 5 0.531879032963823 5 1000 22180 5
"135" "C" 0.004 -0.20625 0.505 1 1 4000 1 5 0.683196849706777 5 1000 20276 5
"136" "C" 0.04 -0.99 0.505 1 1 4000 1 5 0.683196849706777 5 1000 22476 5
"137" "C" 0.04 -0.37125 0.87625 0 1 4000 1 5 0.132103840633337 5 1000 21743 5
"138" "C" 0.004 -0.78375 0.4225 0 1 4000 1 5 0.861565832184908 5 1000 20971 5
"139" "C" 0.04 -0.37125 0.13375 1 1 4000 1 5 2.01178289320602 5 1000 21708 5
"140" "C" 0.004 -0.61875 0.29875 1 1 4000 1 5 1.20814817573642 5 1000 20766 5
"141" "C" 0.04 -0.20625 0.0925 1 1 4000 1 5 2.38054663446376 5 1000 21506 5
"142" "C" 0.04 -0.53625 0.5875 1 1 4000 1 5 0.531879032963823 5 1000 21930 5
"143" "C" 0.004 -0.2475 0.175 0 1 4000 1 5 1.74296930505862 5 1000 20309 5
"144" "C" 0.004 -0.4125 0.175 0 1 4000 1 5 1.74296930505862 5 1000 20509 5
"145" "C" 0.004 -0.825 0.29875 0 1 4000 1 5 1.20814817573642 5 1000 21015 5
"146" "C" 0.004 -0.495 0.34 0 1 4000 1 5 1.07880966137193 5 1000 20617 5
"147" "C" 0.004 -0.45375 0.9175 0 1 4000 1 5 0.0861026990534116 5 1000 20595 5
"148" "C" 0.04 -0.20625 0.13375 1 1 4000 1 5 2.01178289320602 5 1000 21508 5
"149" "C" 0.004 -0.495 0.29875 1 1 4000 1 5 1.20814817573642 5 1000 20616 5
"150" "C" 0.04 -0.825 0.5875 1 1 4000 1 5 0.531879032963823 5 1000 22280 5
"151" "C" 0.04 -0.2475 0.4225 1 1 4000 1 5 0.861565832184908 5 1000 21572 5
"152" "C" 0.004 -0.37125 0.29875 0 1 4000 1 5 1.20814817573642 5 1000 20465 5
"153" "C" 0.04 -0.4125 0.95875 0 1 4000 1 5 0.042124926300671 5 1000 21797 5
"154" "C" 0.004 -0.825 0.175 0 1 4000 1 5 1.74296930505862 5 1000 21009 5
"155" "C" 0.004 -0.4125 0.38125 0 1 4000 1 5 0.964299951060516 5 1000 20519 5
"156" "C" 0.04 -0.2475 0.7525 1 1 4000 1 5 0.284354282359106 5 1000 21588 5
"157" "C" 0.04 -0.9075 0.5875 0 1 4000 1 5 0.531879032963823 5 1000 22379 5
"158" "C" 0.04 -0.2475 0.67 1 1 4000 1 5 0.400477566597125 5 1000 21584 5
"159" "C" 0.004 -0.5775 0.38125 0 1 4000 1 5 0.964299951060516 5 1000 20719 5
"160" "C" 0.04 0 0.21625 0 1 4000 1 5 1.53132013317015 5 1000 21261 5
"161" "C" 0.004 -0.99 0.21625 0 1 4000 1 5 1.53132013317015 5 1000 21211 5
"162" "C" 0.04 -0.5775 1 1 1 4000 1 5 0 5 1000 22000 5
"163" "C" 0.004 -0.04125 0.71125 1 1 4000 1 5 0.340731293541596 5 1000 20086 5
"164" "C" 0.004 -0.825 0.62875 1 1 4000 1 5 0.464021557568188 5 1000 21032 5
"165" "C" 0.004 -0.04125 0.79375 1 1 4000 1 5 0.230986728775236 5 1000 20090 5
"166" "C" 0.04 -0.7425 0.38125 1 1 4000 1 5 0.964299951060516 5 1000 22170 5
"167" "C" 0.004 -0.9075 0.62875 0 1 4000 1 5 0.464021557568188 5 1000 21131 5
"168" "C" 0.04 -0.12375 0.9175 0 1 4000 1 5 0.0861026990534116 5 1000 21445 5
"169" "C" 0.04 -0.0825 0.01 1 1 4000 1 5 4.60517018598809 5 1000 21352 5
"170" "C" 0.004 -0.825 0.46375 1 1 4000 1 5 0.768409665060492 5 1000 21024 5
"171" "C" 0.004 -0.78375 0.835 1 1 4000 1 5 0.180323554131281 5 1000 20992 5
"172" "C" 0.004 -0.28875 0.175 1 1 4000 1 5 1.74296930505862 5 1000 20360 5
"173" "C" 0.004 -0.20625 0.2575 1 1 4000 1 5 1.35673555887835 5 1000 20264 5
"174" "C" 0.004 -0.33 0.34 1 1 4000 1 5 1.07880966137193 5 1000 20418 5
"175" "C" 0.004 -0.20625 0.13375 1 1 4000 1 5 2.01178289320602 5 1000 20258 5
"176" "C" 0.004 -0.2475 1 1 1 4000 1 5 0 5 1000 20350 5
"177" "C" 0.04 -0.94875 0.87625 0 1 4000 1 5 0.132103840633337 5 1000 22443 5
"178" "C" 0.04 -0.7425 0.79375 0 1 4000 1 5 0.230986728775236 5 1000 22189 5
"179" "C" 0.004 -0.53625 0.0925 0 1 4000 1 5 2.38054663446376 5 1000 20655 5
"180" "C" 0.004 -0.495 0.2575 0 1 4000 1 5 1.35673555887835 5 1000 20613 5
"181" "C" 0.04 -0.9075 0.79375 0 1 4000 1 5 0.230986728775236 5 1000 22389 5
"182" "C" 0.04 -0.53625 0.46375 0 1 4000 1 5 0.768409665060492 5 1000 21923 5
"183" "C" 0.004 -0.66 1 1 1 4000 1 5 0 5 1000 20850 5
"184" "C" 0.004 -0.04125 0.7525 0 1 4000 1 5 0.284354282359106 5 1000 20087 5
"185" "C" 0.004 -0.66 0.7525 1 1 4000 1 5 0.284354282359106 5 1000 20838 5
"186" "C" 0.004 -0.7425 0.46375 0 1 4000 1 5 0.768409665060492 5 1000 20923 5
"187" "C" 0.004 -0.5775 0.71125 1 1 4000 1 5 0.340731293541596 5 1000 20736 5
"188" "C" 0.004 -0.5775 0.9175 0 1 4000 1 5 0.0861026990534116 5 1000 20745 5
"189" "C" 0.004 -0.86625 0.46375 0 1 4000 1 5 0.768409665060492 5 1000 21073 5
"190" "C" 0.004 -0.04125 0.835 1 1 4000 1 5 0.180323554131281 5 1000 20092 5
"191" "C" 0.004 -0.45375 0.54625 1 1 4000 1 5 0.604678532572337 5 1000 20578 5
"192" "C" 0.004 -0.53625 0.175 1 1 4000 1 5 1.74296930505862 5 1000 20660 5
"193" "C" 0.004 -0.78375 0.05125 1 1 4000 1 5 2.97103966096362 5 1000 20954 5
"194" "C" 0.04 -0.2475 0.9175 1 1 4000 1 5 0.0861026990534116 5 1000 21596 5
"195" "C" 0.04 -0.61875 0.05125 0 1 4000 1 5 2.97103966096362 5 1000 22003 5
"196" "C" 0.004 -0.78375 0.0925 0 1 4000 1 5 2.38054663446376 5 1000 20955 5
"197" "C" 0.04 -0.7425 0.95875 0 1 4000 1 5 0.042124926300671 5 1000 22197 5
"198" "C" 0.04 -0.66 0.38125 1 1 4000 1 5 0.964299951060516 5 1000 22070 5
"199" "C" 0.04 0 0.71125 1 1 4000 1 5 0.340731293541596 5 1000 21286 5
"200" "C" 0.04 -0.2475 0.62875 1 1 4000 1 5 0.464021557568188 5 1000 21582 5
"201" "C" 0.04 -0.78375 0.175 1 1 4000 1 5 1.74296930505862 5 1000 22210 5
"202" "C" 0.04 -0.0825 0.835 0 1 4000 1 5 0.180323554131281 5 1000 21391 5
"203" "C" 0.004 0 0.9175 0 1 4000 1 5 0.0861026990534116 5 1000 20045 5
"204" "C" 0.004 -0.53625 0.13375 1 1 4000 1 5 2.01178289320602 5 1000 20658 5
"205" "C" 0.004 -0.99 0.5875 1 1 4000 1 5 0.531879032963823 5 1000 21230 5
"206" "C" 0.004 -0.7425 0.2575 0 1 4000 1 5 1.35673555887835 5 1000 20913 5
"207" "C" 0.004 -0.4125 0.0925 1 1 4000 1 5 2.38054663446376 5 1000 20506 5
"208" "C" 0.04 -0.04125 0.38125 0 1 4000 1 5 0.964299951060516 5 1000 21319 5
"209" "C" 0.004 -0.61875 0.9175 1 1 4000 1 5 0.0861026990534116 5 1000 20796 5
"210" "C" 0.004 -0.78375 0.21625 0 1 4000 1 5 1.53132013317015 5 1000 20961 5
"211" "C" 0.04 -0.4125 0.0925 0 1 4000 1 5 2.38054663446376 5 1000 21755 5
"212" "C" 0.004 -0.37125 0.95875 0 1 4000 1 5 0.042124926300671 5 1000 20497 5
"213" "C" 0.004 0 0.13375 0 1 4000 1 5 2.01178289320602 5 1000 20007 5
"214" "C" 0.04 0 0.46375 1 1 4000 1 5 0.768409665060492 5 1000 21274 5
"215" "C" 0.004 -0.37125 0.79375 1 1 4000 1 5 0.230986728775236 5 1000 20490 5
"216" "C" 0.004 -0.70125 0.835 1 1 4000 1 5 0.180323554131281 5 1000 20892 5
"217" "C" 0.04 -0.825 0.835 0 1 4000 1 5 0.180323554131281 5 1000 22291 5
"218" "C" 0.004 -0.86625 1 1 1 4000 1 5 0 5 1000 21100 5
"219" "C" 0.004 -0.66 0.62875 0 1 4000 1 5 0.464021557568188 5 1000 20831 5
"220" "C" 0.04 -0.04125 1 0 1 4000 1 5 0 5 1000 21349 5
"221" "C" 0.04 -0.825 0.175 1 1 4000 1 5 1.74296930505862 5 1000 22260 5
"222" "C" 0.04 -0.45375 0.13375 0 1 4000 1 5 2.01178289320602 5 1000 21807 5
"223" "C" 0.04 -0.45375 0.9175 1 1 4000 1 5 0.0861026990534116 5 1000 21846 5
"224" "C" 0.04 -0.04125 0.505 1 1 4000 1 5 0.683196849706777 5 1000 21326 5
"225" "C" 0.004 -0.825 0.62875 0 1 4000 1 5 0.464021557568188 5 1000 21031 5
"226" "C" 0.004 -0.2475 0.9175 1 1 4000 1 5 0.0861026990534116 5 1000 20346 5
"227" "C" 0.04 -0.9075 0.7525 1 1 4000 1 5 0.284354282359106 5 1000 22388 5
"228" "C" 0.04 -0.99 0.21625 0 1 4000 1 5 1.53132013317015 5 1000 22461 5
"229" "C" 0.004 -0.28875 0.87625 1 1 4000 1 5 0.132103840633337 5 1000 20394 5
"230" "C" 0.004 -0.12375 0.4225 1 1 4000 1 5 0.861565832184908 5 1000 20172 5
"231" "C" 0.04 -0.37125 1 0 1 4000 1 5 0 5 1000 21749 5
"232" "C" 0.004 -0.4125 0.87625 0 1 4000 1 5 0.132103840633337 5 1000 20543 5
"233" "C" 0.004 -0.12375 0.13375 1 1 4000 1 5 2.01178289320602 5 1000 20158 5
"234" "C" 0.004 -0.12375 0.2575 1 1 4000 1 5 1.35673555887835 5 1000 20164 5
"235" "C" 0.004 -0.33 0.34 0 1 4000 1 5 1.07880966137193 5 1000 20417 5
"236" "C" 0.04 -0.66 0.05125 1 1 4000 1 5 2.97103966096362 5 1000 22054 5
"237" "C" 0.04 -0.12375 0.54625 1 1 4000 1 5 0.604678532572337 5 1000 21428 5
"238" "C" 0.04 -0.94875 0.13375 1 1 4000 1 5 2.01178289320602 5 1000 22408 5
"239" "C" 0.004 -0.165 0.835 0 1 4000 1 5 0.180323554131281 5 1000 20241 5
"240" "C" 0.004 -0.0825 0.0925 1 1 4000 1 5 2.38054663446376 5 1000 20106 5
"241" "C" 0.04 -0.7425 0.05125 1 1 4000 1 5 2.97103966096362 5 1000 22154 5
"242" "C" 0.004 -0.86625 0.95875 1 1 4000 1 5 0.042124926300671 5 1000 21098 5
"243" "C" 0.004 -0.825 0.505 0 1 4000 1 5 0.683196849706777 5 1000 21025 5
"244" "C" 0.04 -0.4125 0.71125 0 1 4000 1 5 0.340731293541596 5 1000 21785 5
"245" "C" 0.004 -0.495 0.71125 0 1 4000 1 5 0.340731293541596 5 1000 20635 5
"246" "C" 0.04 -0.28875 0.67 1 1 4000 1 5 0.400477566597125 5 1000 21634 5
"247" "C" 0.004 -0.7425 0.38125 1 1 4000 1 5 0.964299951060516 5 1000 20920 5
"248" "C" 0.04 -0.2475 0.87625 1 1 4000 1 5 0.132103840633337 5 1000 21594 5
"249" "C" 0.004 -0.0825 0.29875 0 1 4000 1 5 1.20814817573642 5 1000 20115 5
"250" "C" 0.004 -0.78375 0.13375 0 1 4000 1 5 2.01178289320602 5 1000 20957 5
"251" "C" 0.04 -0.28875 0.62875 1 1 4000 1 5 0.464021557568188 5 1000 21632 5
"252" "C" 0.004 -0.37125 0.54625 1 1 4000 1 5 0.604678532572337 5 1000 20478 5
"253" "C" 0.004 -0.94875 0.13375 0 1 4000 1 5 2.01178289320602 5 1000 21157 5
"254" "C" 0.04 -0.70125 0.835 0 1 4000 1 5 0.180323554131281 5 1000 22141 5
"255" "C" 0.004 -0.9075 0.01 0 1 4000 1 5 4.60517018598809 5 1000 21101 5
"256" "C" 0.04 -0.86625 0.38125 1 1 4000 1 5 0.964299951060516 5 1000 22320 5
"257" "C" 0.004 -0.61875 0.2575 0 1 4000 1 5 1.35673555887835 5 1000 20763 5
"258" "C" 0.004 -0.4125 0.9175 0 1 4000 1 5 0.0861026990534116 5 1000 20545 5
"259" "C" 0.004 -0.165 0.54625 0 1 4000 1 5 0.604678532572337 5 1000 20227 5
"260" "C" 0.04 -0.94875 0.7525 0 1 4000 1 5 0.284354282359106 5 1000 22437 5
"261" "C" 0.004 -0.33 1 1 1 4000 1 5 0 5 1000 20450 5
"262" "C" 0.04 -0.9075 0.505 0 1 4000 1 5 0.683196849706777 5 1000 22375 5
"263" "C" 0.04 -0.2475 0.505 0 1 4000 1 5 0.683196849706777 5 1000 21575 5
"264" "C" 0.004 -0.66 0.34 1 1 4000 1 5 1.07880966137193 5 1000 20818 5
"265" "C" 0.004 0 0.7525 1 1 4000 1 5 0.284354282359106 5 1000 20038 5
"266" "C" 0.04 -0.165 0.21625 1 1 4000 1 5 1.53132013317015 5 1000 21462 5
"267" "C" 0.04 -0.37125 0.05125 1 1 4000 1 5 2.97103966096362 5 1000 21704 5
"268" "C" 0.04 -0.33 0.95875 1 1 4000 1 5 0.042124926300671 5 1000 21698 5
"269" "C" 0.04 -0.61875 0.79375 1 1 4000 1 5 0.230986728775236 5 1000 22040 5
"270" "C" 0.04 -0.495 0.175 1 1 4000 1 5 1.74296930505862 5 1000 21860 5
"271" "C" 0.04 -0.99 0.9175 1 1 4000 1 5 0.0861026990534116 5 1000 22496 5
"272" "C" 0.04 -0.86625 0.5875 0 1 4000 1 5 0.531879032963823 5 1000 22329 5
"273" "C" 0.04 0 0.2575 0 1 4000 1 5 1.35673555887835 5 1000 21263 5
"274" "C" 0.04 -0.94875 0.05125 0 1 4000 1 5 2.97103966096362 5 1000 22403 5
"275" "C" 0.004 -0.70125 0.175 1 1 4000 1 5 1.74296930505862 5 1000 20860 5
"276" "C" 0.004 -0.9075 0.9175 0 1 4000 1 5 0.0861026990534116 5 1000 21145 5
"277" "C" 0.004 -0.7425 0.01 0 1 4000 1 5 4.60517018598809 5 1000 20901 5
"278" "C" 0.04 0 0.54625 1 1 4000 1 5 0.604678532572337 5 1000 21278 5
"279" "C" 0.04 -0.9075 0.71125 1 1 4000 1 5 0.340731293541596 5 1000 22386 5
"280" "C" 0.004 -0.33 0.9175 0 1 4000 1 5 0.0861026990534116 5 1000 20445 5
"281" "C" 0.04 -0.9075 0.95875 0 1 4000 1 5 0.042124926300671 5 1000 22397 5
"282" "C" 0.04 -0.4125 0.13375 0 1 4000 1 5 2.01178289320602 5 1000 21757 5
"283" "C" 0.004 -0.53625 0.54625 1 1 4000 1 5 0.604678532572337 5 1000 20678 5
"284" "C" 0.004 -0.4125 0.34 0 1 4000 1 5 1.07880966137193 5 1000 20517 5
"285" "C" 0.004 -0.94875 0.9175 1 1 4000 1 5 0.0861026990534116 5 1000 21196 5
"286" "C" 0.04 -0.99 0.7525 1 1 4000 1 5 0.284354282359106 5 1000 22488 5
"287" "C" 0.04 -0.28875 0.05125 1 1 4000 1 5 2.97103966096362 5 1000 21604 5
"288" "C" 0.04 -0.4125 0.835 0 1 4000 1 5 0.180323554131281 5 1000 21791 5
"289" "C" 0.004 -0.70125 0.835 0 1 4000 1 5 0.180323554131281 5 1000 20891 5
"290" "C" 0.04 -0.94875 0.0925 1 1 4000 1 5 2.38054663446376 5 1000 22406 5
"291" "C" 0.04 -0.66 0.9175 1 1 4000 1 5 0.0861026990534116 5 1000 22096 5
"292" "C" 0.04 -0.04125 0.0925 0 1 4000 1 5 2.38054663446376 5 1000 21305 5
"293" "C" 0.004 -0.0825 0.46375 0 1 4000 1 5 0.768409665060492 5 1000 20123 5
"294" "C" 0.004 -0.66 0.835 0 1 4000 1 5 0.180323554131281 5 1000 20841 5
"295" "C" 0.04 -0.12375 0.67 1 1 4000 1 5 0.400477566597125 5 1000 21434 5
"296" "C" 0.004 -0.825 0.38125 1 1 4000 1 5 0.964299951060516 5 1000 21020 5
"297" "C" 0.04 -0.33 0.87625 0 1 4000 1 5 0.132103840633337 5 1000 21693 5
"298" "C" 0.04 -0.9075 0.21625 1 1 4000 1 5 1.53132013317015 5 1000 22362 5
"299" "C" 0.04 -0.66 0.2575 0 1 4000 1 5 1.35673555887835 5 1000 22063 5
"300" "C" 0.004 -0.20625 0.835 1 1 4000 1 5 0.180323554131281 5 1000 20292 5
"301" "C" 0.004 -0.61875 0.34 1 1 4000 1 5 1.07880966137193 5 1000 20768 5
"302" "C" 0.04 -0.53625 0.2575 1 1 4000 1 5 1.35673555887835 5 1000 21914 5
"303" "C" 0.04 -0.78375 0.38125 0 1 4000 1 5 0.964299951060516 5 1000 22219 5
"304" "C" 0.04 -0.94875 0.5875 0 1 4000 1 5 0.531879032963823 5 1000 22429 5
"305" "C" 0.004 -0.53625 0.34 1 1 4000 1 5 1.07880966137193 5 1000 20668 5
"306" "C" 0.04 -0.20625 0.79375 0 1 4000 1 5 0.230986728775236 5 1000 21539 5
"307" "C" 0.04 -0.33 0.79375 1 1 4000 1 5 0.230986728775236 5 1000 21690 5
"308" "C" 0.04 -0.2475 0.46375 1 1 4000 1 5 0.768409665060492 5 1000 21574 5
"309" "C" 0.004 -0.61875 0.71125 0 1 4000 1 5 0.340731293541596 5 1000 20785 5
"310" "C" 0.004 -0.7425 0.54625 1 1 4000 1 5 0.604678532572337 5 1000 20928 5
"311" "C" 0.004 -0.2475 0.7525 1 1 4000 1 5 0.284354282359106 5 1000 20338 5
"312" "C" 0.004 -0.12375 1 0 1 4000 1 5 0 5 1000 20199 5
"313" "C" 0.004 0 0.67 0 1 4000 1 5 0.400477566597125 5 1000 20033 5
"314" "C" 0.004 -0.4125 0.4225 0 1 4000 1 5 0.861565832184908 5 1000 20521 5
"315" "C" 0.004 -0.94875 1 0 1 4000 1 5 0 5 1000 21199 5
"316" "C" 0.004 -0.495 0.95875 0 1 4000 1 5 0.042124926300671 5 1000 20647 5
"317" "C" 0.004 -0.9075 0.21625 1 1 4000 1 5 1.53132013317015 5 1000 21112 5
"318" "C" 0.004 -0.99 0.46375 1 1 4000 1 5 0.768409665060492 5 1000 21224 5
"319" "C" 0.04 -0.61875 0.5875 0 1 4000 1 5 0.531879032963823 5 1000 22029 5
"320" "C" 0.04 -0.165 0.9175 0 1 4000 1 5 0.0861026990534116 5 1000 21495 5
"321" "C" 0.04 -0.5775 0.62875 1 1 4000 1 5 0.464021557568188 5 1000 21982 5
"322" "C" 0.004 -0.04125 1 0 1 4000 1 5 0 5 1000 20099 5
"323" "C" 0.04 -0.53625 0.71125 0 1 4000 1 5 0.340731293541596 5 1000 21935 5
"324" "C" 0.04 -0.45375 0.95875 0 1 4000 1 5 0.042124926300671 5 1000 21847 5
"325" "C" 0.04 -0.37125 0.46375 1 1 4000 1 5 0.768409665060492 5 1000 21724 5
"326" "C" 0.004 -0.04125 1 1 1 4000 1 5 0 5 1000 20100 5
"327" "C" 0.04 -0.0825 0.505 0 1 4000 1 5 0.683196849706777 5 1000 21375 5
"328" "C" 0.04 -0.2475 0.2575 1 1 4000 1 5 1.35673555887835 5 1000 21564 5
"329" "C" 0.04 -0.45375 0.62875 0 1 4000 1 5 0.464021557568188 5 1000 21831 5
"330" "C" 0.004 -0.4125 0.21625 0 1 4000 1 5 1.53132013317015 5 1000 20511 5
"331" "C" 0.04 -0.4125 0.13375 1 1 4000 1 5 2.01178289320602 5 1000 21758 5
"332" "C" 0.04 -0.7425 0.87625 1 1 4000 1 5 0.132103840633337 5 1000 22194 5
"333" "C" 0.004 -0.94875 0.21625 1 1 4000 1 5 1.53132013317015 5 1000 21162 5
"334" "C" 0.04 -0.2475 0.95875 0 1 4000 1 5 0.042124926300671 5 1000 21597 5
"335" "C" 0.04 -0.37125 0.67 0 1 4000 1 5 0.400477566597125 5 1000 21733 5
"336" "C" 0.004 -0.45375 0.505 1 1 4000 1 5 0.683196849706777 5 1000 20576 5
"337" "C" 0.04 -0.20625 0.67 1 1 4000 1 5 0.400477566597125 5 1000 21534 5
"338" "C" 0.04 -0.94875 0.21625 0 1 4000 1 5 1.53132013317015 5 1000 22411 5
"339" "C" 0.04 -0.94875 0.67 1 1 4000 1 5 0.400477566597125 5 1000 22434 5
"340" "C" 0.004 -0.2475 0.05125 0 1 4000 1 5 2.97103966096362 5 1000 20303 5
"341" "C" 0.04 -0.70125 0.505 0 1 4000 1 5 0.683196849706777 5 1000 22125 5
"342" "C" 0.04 -0.9075 0.46375 1 1 4000 1 5 0.768409665060492 5 1000 22374 5
"343" "C" 0.004 -0.61875 0.835 0 1 4000 1 5 0.180323554131281 5 1000 20791 5
"344" "C" 0.004 -0.78375 0.0925 1 1 4000 1 5 2.38054663446376 5 1000 20956 5
"345" "C" 0.04 -0.9075 0.21625 0 1 4000 1 5 1.53132013317015 5 1000 22361 5
"346" "C" 0.04 -0.45375 1 0 1 4000 1 5 0 5 1000 21849 5
"347" "C" 0.004 0 0.835 0 1 4000 1 5 0.180323554131281 5 1000 20041 5
"348" "C" 0.04 -0.28875 0.87625 0 1 4000 1 5 0.132103840633337 5 1000 21643 5
"349" "C" 0.04 -0.165 0.87625 1 1 4000 1 5 0.132103840633337 5 1000 21494 5
"350" "C" 0.04 -0.495 0.79375 0 1 4000 1 5 0.230986728775236 5 1000 21889 5
"351" "C" 0.04 -0.66 0.95875 0 1 4000 1 5 0.042124926300671 5 1000 22097 5
"352" "C" 0.004 -0.4125 0.13375 1 1 4000 1 5 2.01178289320602 5 1000 20508 5
"353" "C" 0.04 -0.70125 0.9175 0 1 4000 1 5 0.0861026990534116 5 1000 22145 5
"354" "C" 0.04 -0.37125 0.9175 0 1 4000 1 5 0.0861026990534116 5 1000 21745 5
"355" "C" 0.004 -0.86625 0.505 0 1 4000 1 5 0.683196849706777 5 1000 21075 5
"356" "C" 0.004 -0.28875 0.505 1 1 4000 1 5 0.683196849706777 5 1000 20376 5
"357" "C" 0.004 -0.4125 0.01 0 1 4000 1 5 4.60517018598809 5 1000 20501 5
"358" "C" 0.04 -0.5775 0.175 1 1 4000 1 5 1.74296930505862 5 1000 21960 5
"359" "C" 0.04 -0.78375 0.13375 0 1 4000 1 5 2.01178289320602 5 1000 22207 5
"360" "C" 0.04 -0.37125 0.05125 0 1 4000 1 5 2.97103966096362 5 1000 21703 5
"361" "C" 0.004 -0.53625 0.87625 0 1 4000 1 5 0.132103840633337 5 1000 20693 5
"362" "C" 0.004 -0.4125 0.2575 1 1 4000 1 5 1.35673555887835 5 1000 20514 5
"363" "C" 0.004 -0.45375 0.835 1 1 4000 1 5 0.180323554131281 5 1000 20592 5
"364" "C" 0.004 -0.70125 0.9175 0 1 4000 1 5 0.0861026990534116 5 1000 20895 5
"365" "C" 0.04 -0.70125 0.46375 0 1 4000 1 5 0.768409665060492 5 1000 22123 5
"366" "C" 0.004 -0.12375 0.175 1 1 4000 1 5 1.74296930505862 5 1000 20160 5
"367" "C" 0.004 -0.495 0.4225 0 1 4000 1 5 0.861565832184908 5 1000 20621 5
"368" "C" 0.004 -0.66 0.5875 1 1 4000 1 5 0.531879032963823 5 1000 20830 5
"369" "C" 0.004 -0.12375 0.01 0 1 4000 1 5 4.60517018598809 5 1000 20151 5
"370" "C" 0.04 -0.86625 0.71125 0 1 4000 1 5 0.340731293541596 5 1000 22335 5
"371" "C" 0.04 -0.61875 0.2575 0 1 4000 1 5 1.35673555887835 5 1000 22013 5
"372" "C" 0.004 -0.0825 0.21625 1 1 4000 1 5 1.53132013317015 5 1000 20112 5
"373" "C" 0.04 -0.53625 0.4225 0 1 4000 1 5 0.861565832184908 5 1000 21921 5
"374" "C" 0.004 -0.04125 0.54625 0 1 4000 1 5 0.604678532572337 5 1000 20077 5
"375" "C" 0.04 -0.825 0.87625 0 1 4000 1 5 0.132103840633337 5 1000 22293 5
"376" "C" 0.04 -0.99 0.46375 1 1 4000 1 5 0.768409665060492 5 1000 22474 5
"377" "C" 0.04 -0.7425 0.46375 1 1 4000 1 5 0.768409665060492 5 1000 22174 5
"378" "C" 0.04 -0.28875 1 1 1 4000 1 5 0 5 1000 21650 5
"379" "C" 0.04 -0.94875 0.175 0 1 4000 1 5 1.74296930505862 5 1000 22409 5
"380" "C" 0.004 -0.04125 0.95875 1 1 4000 1 5 0.042124926300671 5 1000 20098 5
"381" "C" 0.04 -0.99 0.01 1 1 4000 1 5 4.60517018598809 5 1000 22452 5
"382" "C" 0.04 -0.78375 0.62875 1 1 4000 1 5 0.464021557568188 5 1000 22232 5
"383" "C" 0.004 -0.12375 0.34 0 1 4000 1 5 1.07880966137193 5 1000 20167 5
"384" "C" 0.004 -0.66 0.01 0 1 4000 1 5 4.60517018598809 5 1000 20801 5
"385" "C" 0.004 -0.33 0.38125 0 1 4000 1 5 0.964299951060516 5 1000 20419 5
"386" "C" 0.04 -0.4125 0.9175 1 1 4000 1 5 0.0861026990534116 5 1000 21796 5
"387" "C" 0.04 -0.9075 0.95875 1 1 4000 1 5 0.042124926300671 5 1000 22398 5
"388" "C" 0.004 -0.7425 0.175 0 1 4000 1 5 1.74296930505862 5 1000 20909 5
"389" "C" 0.04 -0.495 0.67 1 1 4000 1 5 0.400477566597125 5 1000 21884 5
"390" "C" 0.04 -0.4125 1 1 1 4000 1 5 0 5 1000 21800 5
"391" "C" 0.004 -0.33 0.71125 0 1 4000 1 5 0.340731293541596 5 1000 20435 5
"392" "C" 0.04 -0.37125 0.62875 1 1 4000 1 5 0.464021557568188 5 1000 21732 5
"393" "C" 0.04 -0.4125 0.175 0 1 4000 1 5 1.74296930505862 5 1000 21759 5
"394" "C" 0.004 -0.99 0.67 1 1 4000 1 5 0.400477566597125 5 1000 21234 5
"395" "C" 0.04 0 0.05125 1 1 4000 1 5 2.97103966096362 5 1000 21254 5
"396" "C" 0.004 -0.825 0.5875 0 1 4000 1 5 0.531879032963823 5 1000 21029 5
"397" "C" 0.04 -0.495 0.505 0 1 4000 1 5 0.683196849706777 5 1000 21875 5
"398" "C" 0.04 -0.165 0.62875 1 1 4000 1 5 0.464021557568188 5 1000 21482 5
"399" "C" 0.04 -0.53625 0.34 1 1 4000 1 5 1.07880966137193 5 1000 21918 5
"400" "C" 0.004 -0.20625 0.54625 0 1 4000 1 5 0.604678532572337 5 1000 20277 5
"401" "C" 0.004 -0.37125 0.2575 0 1 4000 1 5 1.35673555887835 5 1000 20463 5
"402" "C" 0.04 -0.86625 0.7525 0 1 4000 1 5 0.284354282359106 5 1000 22337 5
"403" "C" 0.04 0 0.0925 1 1 4000 1 5 2.38054663446376 5 1000 21256 5
"404" "C" 0.004 -0.70125 0.4225 0 1 4000 1 5 0.861565832184908 5 1000 20871 5
"405" "C" 0.04 -0.12375 0.21625 0 1 4000 1 5 1.53132013317015 5 1000 21411 5
"406" "C" 0.04 -0.495 0.34 0 1 4000 1 5 1.07880966137193 5 1000 21867 5
"407" "C" 0.004 -0.86625 0.2575 0 1 4000 1 5 1.35673555887835 5 1000 21063 5
"408" "C" 0.004 -0.28875 0.38125 0 1 4000 1 5 0.964299951060516 5 1000 20369 5
"409" "C" 0.004 -0.4125 1 1 1 4000 1 5 0 5 1000 20550 5
"410" "C" 0.004 -0.66 0.7525 0 1 4000 1 5 0.284354282359106 5 1000 20837 5
"411" "C" 0.04 -0.9075 0.9175 0 1 4000 1 5 0.0861026990534116 5 1000 22395 5
"412" "C" 0.004 -0.86625 0.5875 1 1 4000 1 5 0.531879032963823 5 1000 21080 5
"413" "C" 0.004 -0.66 0.175 0 1 4000 1 5 1.74296930505862 5 1000 20809 5
"414" "C" 0.04 -0.2475 0.95875 1 1 4000 1 5 0.042124926300671 5 1000 21598 5
"415" "C" 0.004 -0.94875 0.46375 1 1 4000 1 5 0.768409665060492 5 1000 21174 5
"416" "C" 0.004 -0.66 0.9175 1 1 4000 1 5 0.0861026990534116 5 1000 20846 5
"417" "C" 0.004 -0.86625 0.54625 1 1 4000 1 5 0.604678532572337 5 1000 21078 5
"418" "C" 0.04 -0.94875 0.7525 1 1 4000 1 5 0.284354282359106 5 1000 22438 5
"419" "C" 0.004 -0.495 0.01 0 1 4000 1 5 4.60517018598809 5 1000 20601 5
"420" "C" 0.004 -0.33 0.01 1 1 4000 1 5 4.60517018598809 5 1000 20402 5
"421" "C" 0.004 -0.78375 1 0 1 4000 1 5 0 5 1000 20999 5
"422" "C" 0.04 -0.20625 1 1 1 4000 1 5 0 5 1000 21550 5
"423" "C" 0.04 -0.04125 0.9175 1 1 4000 1 5 0.0861026990534116 5 1000 21346 5
"424" "C" 0.04 -0.04125 0.5875 1 1 4000 1 5 0.531879032963823 5 1000 21330 5
"425" "C" 0.004 -0.20625 0.4225 0 1 4000 1 5 0.861565832184908 5 1000 20271 5
"426" "C" 0.04 -0.5775 0.38125 1 1 4000 1 5 0.964299951060516 5 1000 21970 5
"427" "C" 0.04 -0.28875 0.01 0 1 4000 1 5 4.60517018598809 5 1000 21601 5
"428" "C" 0.04 -0.28875 0.95875 0 1 4000 1 5 0.042124926300671 5 1000 21647 5
"429" "C" 0.004 -0.37125 0.0925 1 1 4000 1 5 2.38054663446376 5 1000 20456 5
"430" "C" 0.04 -0.61875 0.175 0 1 4000 1 5 1.74296930505862 5 1000 22009 5
"431" "C" 0.04 -0.7425 0.71125 0 1 4000 1 5 0.340731293541596 5 1000 22185 5
"432" "C" 0.04 -0.28875 0.0925 0 1 4000 1 5 2.38054663446376 5 1000 21605 5
"433" "C" 0.004 -0.825 0.175 1 1 4000 1 5 1.74296930505862 5 1000 21010 5
"434" "C" 0.004 -0.61875 0.05125 0 1 4000 1 5 2.97103966096362 5 1000 20753 5
"435" "C" 0.04 -0.9075 0.87625 1 1 4000 1 5 0.132103840633337 5 1000 22394 5
"436" "C" 0.004 -0.61875 0.87625 1 1 4000 1 5 0.132103840633337 5 1000 20794 5
"437" "C" 0.004 -0.86625 0.79375 1 1 4000 1 5 0.230986728775236 5 1000 21090 5
"438" "C" 0.004 -0.5775 0.54625 0 1 4000 1 5 0.604678532572337 5 1000 20727 5
"439" "C" 0.004 -0.04125 0.01 1 1 4000 1 5 4.60517018598809 5 1000 20052 5
"440" "C" 0.04 -0.20625 0.01 0 1 4000 1 5 4.60517018598809 5 1000 21501 5
"441" "C" 0.004 -0.37125 0.0925 0 1 4000 1 5 2.38054663446376 5 1000 20455 5
"442" "C" 0.004 -0.4125 0.54625 1 1 4000 1 5 0.604678532572337 5 1000 20528 5
"443" "C" 0.004 -0.495 0.67 0 1 4000 1 5 0.400477566597125 5 1000 20633 5
"444" "C" 0.04 -0.66 0.29875 1 1 4000 1 5 1.20814817573642 5 1000 22066 5
"445" "C" 0.04 -0.99 0.7525 0 1 4000 1 5 0.284354282359106 5 1000 22487 5
"446" "C" 0.04 -0.94875 0.05125 1 1 4000 1 5 2.97103966096362 5 1000 22404 5
"447" "C" 0.004 -0.0825 0.67 1 1 4000 1 5 0.400477566597125 5 1000 20134 5
"448" "C" 0.004 -0.28875 0.7525 0 1 4000 1 5 0.284354282359106 5 1000 20387 5
"449" "C" 0.04 -0.7425 0.95875 1 1 4000 1 5 0.042124926300671 5 1000 22198 5
"450" "C" 0.004 -0.53625 0.95875 0 1 4000 1 5 0.042124926300671 5 1000 20697 5
"451" "C" 0.004 -0.5775 0.0925 0 1 4000 1 5 2.38054663446376 5 1000 20705 5
"452" "C" 0.04 -0.94875 0.79375 0 1 4000 1 5 0.230986728775236 5 1000 22439 5
"453" "C" 0.04 -0.4125 0.21625 1 1 4000 1 5 1.53132013317015 5 1000 21762 5
"454" "C" 0.004 -0.12375 0.5875 1 1 4000 1 5 0.531879032963823 5 1000 20180 5
"455" "C" 0.04 -0.7425 0.2575 0 1 4000 1 5 1.35673555887835 5 1000 22163 5
"456" "C" 0.004 -0.825 0.13375 0 1 4000 1 5 2.01178289320602 5 1000 21007 5
"457" "C" 0.04 -0.66 0.175 0 1 4000 1 5 1.74296930505862 5 1000 22059 5
"458" "C" 0.04 -0.78375 1 1 1 4000 1 5 0 5 1000 22250 5
"459" "C" 0.04 -0.5775 0.01 1 1 4000 1 5 4.60517018598809 5 1000 21952 5
"460" "C" 0.04 -0.5775 0.9175 1 1 4000 1 5 0.0861026990534116 5 1000 21996 5
"461" "C" 0.04 -0.825 0.9175 0 1 4000 1 5 0.0861026990534116 5 1000 22295 5
"462" "C" 0.04 -0.78375 0.835 1 1 4000 1 5 0.180323554131281 5 1000 22242 5
"463" "C" 0.04 -0.7425 0.5875 0 1 4000 1 5 0.531879032963823 5 1000 22179 5
"464" "C" 0.04 -0.4125 0.5875 0 1 4000 1 5 0.531879032963823 5 1000 21779 5
"465" "C" 0.04 -0.45375 0.29875 1 1 4000 1 5 1.20814817573642 5 1000 21816 5
"466" "C" 0.004 -0.2475 0.87625 0 1 4000 1 5 0.132103840633337 5 1000 20343 5
"467" "C" 0.04 -0.70125 0.5875 1 1 4000 1 5 0.531879032963823 5 1000 22130 5
"468" "C" 0.04 -0.37125 0.0925 1 1 4000 1 5 2.38054663446376 5 1000 21706 5
"469" "C" 0.04 -0.37125 0.2575 0 1 4000 1 5 1.35673555887835 5 1000 21713 5
"470" "C" 0.004 -0.53625 0.2575 0 1 4000 1 5 1.35673555887835 5 1000 20663 5
"471" "C" 0.004 -0.37125 0.79375 0 1 4000 1 5 0.230986728775236 5 1000 20489 5
"472" "C" 0.004 -0.7425 0.29875 1 1 4000 1 5 1.20814817573642 5 1000 20916 5
"473" "C" 0.04 -0.2475 0.0925 1 1 4000 1 5 2.38054663446376 5 1000 21556 5
"474" "C" 0.04 -0.12375 0.79375 1 1 4000 1 5 0.230986728775236 5 1000 21440 5
"475" "C" 0.04 -0.86625 0.01 0 1 4000 1 5 4.60517018598809 5 1000 22301 5
"476" "C" 0.004 -0.5775 1 1 1 4000 1 5 0 5 1000 20750 5
"477" "C" 0.04 -0.825 0.71125 0 1 4000 1 5 0.340731293541596 5 1000 22285 5
"478" "C" 0.004 -0.45375 0.87625 1 1 4000 1 5 0.132103840633337 5 1000 20594 5
"479" "C" 0.04 -0.9075 0.505 1 1 4000 1 5 0.683196849706777 5 1000 22376 5
"480" "C" 0.004 -0.78375 0.71125 1 1 4000 1 5 0.340731293541596 5 1000 20986 5
"481" "C" 0.004 -0.86625 0.67 0 1 4000 1 5 0.400477566597125 5 1000 21083 5
"482" "C" 0.004 -0.99 0.71125 0 1 4000 1 5 0.340731293541596 5 1000 21235 5
"483" "C" 0.004 -0.2475 0.01 1 1 4000 1 5 4.60517018598809 5 1000 20302 5
"484" "C" 0.004 -0.78375 1 1 1 4000 1 5 0 5 1000 21000 5
"485" "C" 0.004 -0.66 1 0 1 4000 1 5 0 5 1000 20849 5
"486" "C" 0.004 -0.2475 0.4225 1 1 4000 1 5 0.861565832184908 5 1000 20322 5
"487" "C" 0.04 -0.04125 0.87625 0 1 4000 1 5 0.132103840633337 5 1000 21343 5
"488" "C" 0.004 -0.12375 0.13375 0 1 4000 1 5 2.01178289320602 5 1000 20157 5
"489" "C" 0.004 -0.825 0.46375 0 1 4000 1 5 0.768409665060492 5 1000 21023 5
"490" "C" 0.04 -0.86625 0.13375 1 1 4000 1 5 2.01178289320602 5 1000 22308 5
"491" "C" 0.04 -0.66 0.38125 0 1 4000 1 5 0.964299951060516 5 1000 22069 5
"492" "C" 0.04 -0.28875 0.9175 0 1 4000 1 5 0.0861026990534116 5 1000 21645 5
"493" "C" 0.004 -0.28875 0.79375 1 1 4000 1 5 0.230986728775236 5 1000 20390 5
"494" "C" 0.004 -0.12375 0.87625 1 1 4000 1 5 0.132103840633337 5 1000 20194 5
"495" "C" 0.004 -0.5775 1 0 1 4000 1 5 0 5 1000 20749 5
"496" "C" 0.04 -0.28875 1 0 1 4000 1 5 0 5 1000 21649 5
"497" "C" 0.004 -0.70125 0.34 1 1 4000 1 5 1.07880966137193 5 1000 20868 5
"498" "C" 0.04 -0.66 0.5875 1 1 4000 1 5 0.531879032963823 5 1000 22080 5
"499" "C" 0.04 -0.5775 0.2575 1 1 4000 1 5 1.35673555887835 5 1000 21964 5
"500" "C" 0.04 -0.0825 0.95875 1 1 4000 1 5 0.042124926300671 5 1000 21398 5
"501" "C" 0.004 -0.2475 0.29875 0 1 4000 1 5 1.20814817573642 5 1000 20315 5
"502" "C" 0.04 -0.12375 0.67 0 1 4000 1 5 0.400477566597125 5 1000 21433 5
"503" "C" 0.004 -0.53625 0.46375 0 1 4000 1 5 0.768409665060492 5 1000 20673 5
"504" "C" 0.04 -0.86625 0.835 1 1 4000 1 5 0.180323554131281 5 1000 22342 5
"505" "C" 0.04 -0.86625 0.9175 0 1 4000 1 5 0.0861026990534116 5 1000 22345 5
"506" "C" 0.04 -0.28875 0.13375 0 1 4000 1 5 2.01178289320602 5 1000 21607 5
"507" "C" 0.04 -0.99 0.5875 1 1 4000 1 5 0.531879032963823 5 1000 22480 5
"508" "C" 0.004 -0.70125 0.29875 0 1 4000 1 5 1.20814817573642 5 1000 20865 5
"509" "C" 0.004 -0.20625 0.79375 0 1 4000 1 5 0.230986728775236 5 1000 20289 5
"510" "C" 0.004 0 0.0925 0 1 4000 1 5 2.38054663446376 5 1000 20005 5
"511" "C" 0.004 -0.7425 0.05125 1 1 4000 1 5 2.97103966096362 5 1000 20904 5
"512" "C" 0.004 -0.5775 0.5875 0 1 4000 1 5 0.531879032963823 5 1000 20729 5
"513" "C" 0.04 -0.04125 0.34 1 1 4000 1 5 1.07880966137193 5 1000 21318 5
"514" "C" 0.04 -0.825 0.01 1 1 4000 1 5 4.60517018598809 5 1000 22252 5
"515" "C" 0.04 -0.45375 0.54625 1 1 4000 1 5 0.604678532572337 5 1000 21828 5
"516" "C" 0.04 -0.5775 0.05125 0 1 4000 1 5 2.97103966096362 5 1000 21953 5
"517" "C" 0.004 -0.28875 0.13375 1 1 4000 1 5 2.01178289320602 5 1000 20358 5
"518" "C" 0.004 -0.04125 0.21625 1 1 4000 1 5 1.53132013317015 5 1000 20062 5
"519" "C" 0.004 -0.61875 0.79375 0 1 4000 1 5 0.230986728775236 5 1000 20789 5
"520" "C" 0.04 -0.53625 0.01 0 1 4000 1 5 4.60517018598809 5 1000 21901 5
"521" "C" 0.004 -0.37125 0.175 0 1 4000 1 5 1.74296930505862 5 1000 20459 5
"522" "C" 0.004 -0.825 0.2575 1 1 4000 1 5 1.35673555887835 5 1000 21014 5
"523" "C" 0.04 -0.66 0.67 1 1 4000 1 5 0.400477566597125 5 1000 22084 5
"524" "C" 0.04 -0.4125 0.67 1 1 4000 1 5 0.400477566597125 5 1000 21784 5
"525" "C" 0.004 -0.37125 1 1 1 4000 1 5 0 5 1000 20500 5
"526" "C" 0.04 -0.99 0.4225 1 1 4000 1 5 0.861565832184908 5 1000 22472 5
"527" "C" 0.04 -0.53625 0.95875 1 1 4000 1 5 0.042124926300671 5 1000 21948 5
"528" "C" 0.004 -0.33 0.175 0 1 4000 1 5 1.74296930505862 5 1000 20409 5
"529" "C" 0.004 -0.33 0.7525 0 1 4000 1 5 0.284354282359106 5 1000 20437 5
"530" "C" 0.04 -0.28875 0.9175 1 1 4000 1 5 0.0861026990534116 5 1000 21646 5
"531" "C" 0.04 -0.825 0.79375 1 1 4000 1 5 0.230986728775236 5 1000 22290 5
"532" "C" 0.004 -0.61875 0.79375 1 1 4000 1 5 0.230986728775236 5 1000 20790 5
"533" "C" 0.04 -0.7425 0.62875 1 1 4000 1 5 0.464021557568188 5 1000 22182 5
"534" "C" 0.004 -0.45375 0.13375 0 1 4000 1 5 2.01178289320602 5 1000 20557 5
"535" "C" 0.04 -0.5775 0.21625 1 1 4000 1 5 1.53132013317015 5 1000 21962 5
"536" "C" 0.04 -0.9075 0.54625 1 1 4000 1 5 0.604678532572337 5 1000 22378 5
"537" "C" 0.04 -0.5775 0.71125 0 1 4000 1 5 0.340731293541596 5 1000 21985 5
"538" "C" 0.004 -0.165 0.0925 1 1 4000 1 5 2.38054663446376 5 1000 20206 5
"539" "C" 0.04 -0.04125 0.01 0 1 4000 1 5 4.60517018598809 5 1000 21301 5
"540" "C" 0.004 -0.12375 0.5875 0 1 4000 1 5 0.531879032963823 5 1000 20179 5
"541" "C" 0.004 -0.495 0.175 1 1 4000 1 5 1.74296930505862 5 1000 20610 5
"542" "C" 0.04 -0.66 0.01 1 1 4000 1 5 4.60517018598809 5 1000 22052 5
"543" "C" 0.04 -0.825 0.67 1 1 4000 1 5 0.400477566597125 5 1000 22284 5
"544" "C" 0.04 -0.33 0.95875 0 1 4000 1 5 0.042124926300671 5 1000 21697 5
"545" "C" 0.04 -0.2475 0.87625 0 1 4000 1 5 0.132103840633337 5 1000 21593 5
"546" "C" 0.04 -0.495 1 0 1 4000 1 5 0 5 1000 21899 5
"547" "C" 0.004 -0.28875 0.21625 1 1 4000 1 5 1.53132013317015 5 1000 20362 5
"548" "C" 0.004 -0.2475 0.29875 1 1 4000 1 5 1.20814817573642 5 1000 20316 5
"549" "C" 0.04 -0.53625 0.67 0 1 4000 1 5 0.400477566597125 5 1000 21933 5
"550" "C" 0.004 -0.66 0.2575 0 1 4000 1 5 1.35673555887835 5 1000 20813 5
"551" "C" 0.04 -0.78375 0.4225 1 1 4000 1 5 0.861565832184908 5 1000 22222 5
"552" "C" 0.04 0 0.67 1 1 4000 1 5 0.400477566597125 5 1000 21284 5
"553" "C" 0.04 -0.78375 0.01 0 1 4000 1 5 4.60517018598809 5 1000 22201 5
"554" "C" 0.004 -0.66 0.29875 1 1 4000 1 5 1.20814817573642 5 1000 20816 5
"555" "C" 0.04 -0.04125 1 1 1 4000 1 5 0 5 1000 21350 5
"556" "C" 0.04 -0.4125 0.2575 0 1 4000 1 5 1.35673555887835 5 1000 21763 5
"557" "C" 0.04 -0.99 0.29875 0 1 4000 1 5 1.20814817573642 5 1000 22465 5
"558" "C" 0.04 -0.04125 0.835 1 1 4000 1 5 0.180323554131281 5 1000 21342 5
"559" "C" 0.004 -0.9075 0.62875 1 1 4000 1 5 0.464021557568188 5 1000 21132 5
"560" "C" 0.04 -0.4125 0.05125 0 1 4000 1 5 2.97103966096362 5 1000 21753 5
"561" "C" 0.04 -0.33 0.87625 1 1 4000 1 5 0.132103840633337 5 1000 21694 5
"562" "C" 0.04 -0.20625 0.7525 0 1 4000 1 5 0.284354282359106 5 1000 21537 5
"563" "C" 0.004 -0.86625 0.0925 1 1 4000 1 5 2.38054663446376 5 1000 21056 5
"564" "C" 0.04 -0.165 0.79375 1 1 4000 1 5 0.230986728775236 5 1000 21490 5
"565" "C" 0.004 -0.825 0.87625 1 1 4000 1 5 0.132103840633337 5 1000 21044 5
"566" "C" 0.004 -0.66 0.38125 1 1 4000 1 5 0.964299951060516 5 1000 20820 5
"567" "C" 0.04 -0.825 0.05125 0 1 4000 1 5 2.97103966096362 5 1000 22253 5
"568" "C" 0.004 -0.94875 0.01 0 1 4000 1 5 4.60517018598809 5 1000 21151 5
"569" "C" 0.004 -0.165 0.21625 1 1 4000 1 5 1.53132013317015 5 1000 20212 5
"570" "C" 0.004 -0.53625 1 1 1 4000 1 5 0 5 1000 20700 5
"571" "C" 0.004 -0.0825 0.835 0 1 4000 1 5 0.180323554131281 5 1000 20141 5
"572" "C" 0.04 -0.61875 0.2575 1 1 4000 1 5 1.35673555887835 5 1000 22014 5
"573" "C" 0.04 -0.33 0.13375 1 1 4000 1 5 2.01178289320602 5 1000 21658 5
"574" "C" 0.004 -0.53625 0.4225 1 1 4000 1 5 0.861565832184908 5 1000 20672 5
"575" "C" 0.04 -0.37125 0.5875 1 1 4000 1 5 0.531879032963823 5 1000 21730 5
"576" "C" 0.004 0 0.38125 0 1 4000 1 5 0.964299951060516 5 1000 20019 5
"577" "C" 0.004 -0.70125 0.46375 0 1 4000 1 5 0.768409665060492 5 1000 20873 5
"578" "C" 0.04 -0.33 0.505 1 1 4000 1 5 0.683196849706777 5 1000 21676 5
"579" "C" 0.004 -0.53625 0.505 0 1 4000 1 5 0.683196849706777 5 1000 20675 5
"580" "C" 0.04 -0.165 1 1 1 4000 1 5 0 5 1000 21500 5
"581" "C" 0.04 -0.86625 0.38125 0 1 4000 1 5 0.964299951060516 5 1000 22319 5
"582" "C" 0.004 -0.495 0.54625 1 1 4000 1 5 0.604678532572337 5 1000 20628 5
"583" "C" 0.004 -0.0825 0.87625 1 1 4000 1 5 0.132103840633337 5 1000 20144 5
"584" "C" 0.04 -0.33 0.62875 0 1 4000 1 5 0.464021557568188 5 1000 21681 5
"585" "C" 0.04 -0.33 0.21625 0 1 4000 1 5 1.53132013317015 5 1000 21661 5
"586" "C" 0.04 -0.5775 0.62875 0 1 4000 1 5 0.464021557568188 5 1000 21981 5
"587" "C" 0.004 -0.70125 0.0925 0 1 4000 1 5 2.38054663446376 5 1000 20855 5
"588" "C" 0.004 -0.5775 0.71125 0 1 4000 1 5 0.340731293541596 5 1000 20735 5
"589" "C" 0.004 -0.9075 1 1 1 4000 1 5 0 5 1000 21150 5
"590" "C" 0.004 -0.2475 0.05125 1 1 4000 1 5 2.97103966096362 5 1000 20304 5
"591" "C" 0.004 -0.0825 0.0925 0 1 4000 1 5 2.38054663446376 5 1000 20105 5
"592" "C" 0.04 -0.7425 0.54625 1 1 4000 1 5 0.604678532572337 5 1000 22178 5
"593" "C" 0.004 -0.70125 0.01 0 1 4000 1 5 4.60517018598809 5 1000 20851 5
"594" "C" 0.004 -0.7425 0.95875 0 1 4000 1 5 0.042124926300671 5 1000 20947 5
"595" "C" 0.04 -0.165 0.54625 0 1 4000 1 5 0.604678532572337 5 1000 21477 5
"596" "C" 0.004 -0.2475 0.01 0 1 4000 1 5 4.60517018598809 5 1000 20301 5
"597" "C" 0.004 -0.28875 0.01 0 1 4000 1 5 4.60517018598809 5 1000 20351 5
"598" "C" 0.04 -0.5775 0.175 0 1 4000 1 5 1.74296930505862 5 1000 21959 5
"599" "C" 0.004 -0.5775 0.0925 1 1 4000 1 5 2.38054663446376 5 1000 20706 5
"600" "C" 0.04 -0.12375 0.34 0 1 4000 1 5 1.07880966137193 5 1000 21417 5
"601" "C" 0.004 -0.12375 0.05125 0 1 4000 1 5 2.97103966096362 5 1000 20153 5
"602" "C" 0.04 -0.495 0.4225 1 1 4000 1 5 0.861565832184908 5 1000 21872 5
"603" "C" 0.04 0 0.835 1 1 4000 1 5 0.180323554131281 5 1000 21292 5
"604" "C" 0.04 -0.12375 0.38125 0 1 4000 1 5 0.964299951060516 5 1000 21419 5
"605" "C" 0.004 -0.37125 0.835 0 1 4000 1 5 0.180323554131281 5 1000 20491 5
"606" "C" 0.004 -0.45375 0.46375 1 1 4000 1 5 0.768409665060492 5 1000 20574 5
"607" "C" 0.04 -0.04125 0.175 1 1 4000 1 5 1.74296930505862 5 1000 21310 5
"608" "C" 0.004 -0.99 0.46375 0 1 4000 1 5 0.768409665060492 5 1000 21223 5
"609" "C" 0.004 -0.45375 0.01 1 1 4000 1 5 4.60517018598809 5 1000 20552 5
"610" "C" 0.004 -0.165 0.13375 0 1 4000 1 5 2.01178289320602 5 1000 20207 5
"611" "C" 0.004 -0.53625 0.0925 1 1 4000 1 5 2.38054663446376 5 1000 20656 5
"612" "C" 0.004 -0.78375 0.79375 0 1 4000 1 5 0.230986728775236 5 1000 20989 5
"613" "C" 0.004 -0.99 0.34 1 1 4000 1 5 1.07880966137193 5 1000 21218 5
"614" "C" 0.004 -0.53625 0.05125 0 1 4000 1 5 2.97103966096362 5 1000 20653 5
"615" "C" 0.004 -0.86625 0.175 0 1 4000 1 5 1.74296930505862 5 1000 21059 5
"616" "C" 0.004 -0.825 1 1 1 4000 1 5 0 5 1000 21050 5
"617" "C" 0.04 -0.37125 0.95875 0 1 4000 1 5 0.042124926300671 5 1000 21747 5
"618" "C" 0.04 -0.7425 0.175 1 1 4000 1 5 1.74296930505862 5 1000 22160 5
"619" "C" 0.004 -0.495 0.38125 1 1 4000 1 5 0.964299951060516 5 1000 20620 5
"620" "C" 0.04 -0.37125 0.0925 0 1 4000 1 5 2.38054663446376 5 1000 21705 5
"621" "C" 0.004 -0.825 0.5875 1 1 4000 1 5 0.531879032963823 5 1000 21030 5
"622" "C" 0.004 -0.78375 0.13375 1 1 4000 1 5 2.01178289320602 5 1000 20958 5
"623" "C" 0.004 -0.86625 0.9175 0 1 4000 1 5 0.0861026990534116 5 1000 21095 5
"624" "C" 0.04 -0.0825 0.7525 1 1 4000 1 5 0.284354282359106 5 1000 21388 5
"625" "C" 0.04 -0.0825 0.34 1 1 4000 1 5 1.07880966137193 5 1000 21368 5
"626" "C" 0.04 -0.495 0.05125 1 1 4000 1 5 2.97103966096362 5 1000 21854 5
"627" "C" 0.004 -0.45375 0.71125 1 1 4000 1 5 0.340731293541596 5 1000 20586 5
"628" "C" 0.004 -0.495 0.87625 1 1 4000 1 5 0.132103840633337 5 1000 20644 5
"629" "C" 0.04 -0.66 0.87625 0 1 4000 1 5 0.132103840633337 5 1000 22093 5
"630" "C" 0.004 -0.37125 0.54625 0 1 4000 1 5 0.604678532572337 5 1000 20477 5
"631" "C" 0.04 -0.9075 0.05125 0 1 4000 1 5 2.97103966096362 5 1000 22353 5
"632" "C" 0.04 -0.495 0.38125 0 1 4000 1 5 0.964299951060516 5 1000 21869 5
"633" "C" 0.04 -0.495 1 1 1 4000 1 5 0 5 1000 21900 5
"634" "C" 0.04 -0.825 0.505 1 1 4000 1 5 0.683196849706777 5 1000 22276 5
"635" "C" 0.04 -0.78375 0.01 1 1 4000 1 5 4.60517018598809 5 1000 22202 5
"636" "C" 0.004 -0.28875 0.67 0 1 4000 1 5 0.400477566597125 5 1000 20383 5
"637" "C" 0.004 -0.825 0.0925 0 1 4000 1 5 2.38054663446376 5 1000 21005 5
"638" "C" 0.04 -0.165 0.0925 1 1 4000 1 5 2.38054663446376 5 1000 21456 5
"639" "C" 0.004 -0.4125 0.79375 1 1 4000 1 5 0.230986728775236 5 1000 20540 5
"640" "C" 0.04 -0.99 0.9175 0 1 4000 1 5 0.0861026990534116 5 1000 22495 5
"641" "C" 0.004 -0.78375 0.29875 1 1 4000 1 5 1.20814817573642 5 1000 20966 5
"642" "C" 0.004 -0.70125 0.21625 0 1 4000 1 5 1.53132013317015 5 1000 20861 5
"643" "C" 0.004 -0.495 0.505 0 1 4000 1 5 0.683196849706777 5 1000 20625 5
"644" "C" 0.04 -0.2475 0.54625 1 1 4000 1 5 0.604678532572337 5 1000 21578 5
"645" "C" 0.04 -0.12375 0.38125 1 1 4000 1 5 0.964299951060516 5 1000 21420 5
"646" "C" 0.004 -0.61875 0.835 1 1 4000 1 5 0.180323554131281 5 1000 20792 5
"647" "C" 0.04 -0.99 0.54625 0 1 4000 1 5 0.604678532572337 5 1000 22477 5
"648" "C" 0.04 -0.04125 0.46375 1 1 4000 1 5 0.768409665060492 5 1000 21324 5
"649" "C" 0.04 -0.825 0.21625 1 1 4000 1 5 1.53132013317015 5 1000 22262 5
"650" "C" 0.04 -0.37125 0.67 1 1 4000 1 5 0.400477566597125 5 1000 21734 5
"651" "C" 0.004 -0.2475 0.9175 0 1 4000 1 5 0.0861026990534116 5 1000 20345 5
"652" "C" 0.004 -0.04125 0.5875 0 1 4000 1 5 0.531879032963823 5 1000 20079 5
"653" "C" 0.04 -0.61875 0.71125 1 1 4000 1 5 0.340731293541596 5 1000 22036 5
"654" "C" 0.04 -0.94875 1 0 1 4000 1 5 0 5 1000 22449 5
"655" "C" 0.04 -0.5775 0.05125 1 1 4000 1 5 2.97103966096362 5 1000 21954 5
"656" "C" 0.004 -0.70125 0.21625 1 1 4000 1 5 1.53132013317015 5 1000 20862 5
"657" "C" 0.04 -0.495 0.79375 1 1 4000 1 5 0.230986728775236 5 1000 21890 5
"658" "C" 0.004 0 0.9175 1 1 4000 1 5 0.0861026990534116 5 1000 20046 5
"659" "C" 0.004 -0.94875 0.95875 0 1 4000 1 5 0.042124926300671 5 1000 21197 5
"660" "C" 0.04 -0.5775 0.0925 1 1 4000 1 5 2.38054663446376 5 1000 21956 5
"661" "C" 0.04 -0.33 0.5875 1 1 4000 1 5 0.531879032963823 5 1000 21680 5
"662" "C" 0.04 -0.165 0.62875 0 1 4000 1 5 0.464021557568188 5 1000 21481 5
"663" "C" 0.04 -0.37125 0.835 0 1 4000 1 5 0.180323554131281 5 1000 21741 5
"664" "C" 0.04 -0.4125 0.54625 1 1 4000 1 5 0.604678532572337 5 1000 21778 5
"665" "C" 0.004 -0.04125 0.175 0 1 4000 1 5 1.74296930505862 5 1000 20059 5
"666" "C" 0.04 -0.495 0.835 1 1 4000 1 5 0.180323554131281 5 1000 21892 5
"667" "C" 0.04 -0.0825 1 1 1 4000 1 5 0 5 1000 21400 5
"668" "C" 0.04 -0.37125 0.38125 1 1 4000 1 5 0.964299951060516 5 1000 21720 5
"669" "C" 0.004 -0.45375 0.7525 0 1 4000 1 5 0.284354282359106 5 1000 20587 5
"670" "C" 0.004 -0.5775 0.46375 1 1 4000 1 5 0.768409665060492 5 1000 20724 5
"671" "C" 0.04 -0.33 0.46375 0 1 4000 1 5 0.768409665060492 5 1000 21673 5
"672" "C" 0.004 -0.94875 0.5875 1 1 4000 1 5 0.531879032963823 5 1000 21180 5
"673" "C" 0.04 -0.78375 0.7525 1 1 4000 1 5 0.284354282359106 5 1000 22238 5
"674" "C" 0.04 -0.5775 0.29875 0 1 4000 1 5 1.20814817573642 5 1000 21965 5
"675" "C" 0.04 -0.2475 0.54625 0 1 4000 1 5 0.604678532572337 5 1000 21577 5
"676" "C" 0.004 -0.28875 0.05125 1 1 4000 1 5 2.97103966096362 5 1000 20354 5
"677" "C" 0.004 -0.61875 0.4225 1 1 4000 1 5 0.861565832184908 5 1000 20772 5
"678" "C" 0.04 -0.825 0.62875 0 1 4000 1 5 0.464021557568188 5 1000 22281 5
"679" "C" 0.004 -0.94875 0.7525 0 1 4000 1 5 0.284354282359106 5 1000 21187 5
"680" "C" 0.004 -0.61875 0.71125 1 1 4000 1 5 0.340731293541596 5 1000 20786 5
"681" "C" 0.04 -0.9075 0.01 1 1 4000 1 5 4.60517018598809 5 1000 22352 5
"682" "C" 0.04 0 0.46375 0 1 4000 1 5 0.768409665060492 5 1000 21273 5
"683" "C" 0.04 -0.12375 0.7525 0 1 4000 1 5 0.284354282359106 5 1000 21437 5
"684" "C" 0.004 -0.70125 0.54625 1 1 4000 1 5 0.604678532572337 5 1000 20878 5
"685" "C" 0.004 -0.4125 0.71125 0 1 4000 1 5 0.340731293541596 5 1000 20535 5
"686" "C" 0.04 -0.70125 0.29875 0 1 4000 1 5 1.20814817573642 5 1000 22115 5
"687" "C" 0.04 -0.495 0.67 0 1 4000 1 5 0.400477566597125 5 1000 21883 5
"688" "C" 0.04 -0.12375 0.54625 0 1 4000 1 5 0.604678532572337 5 1000 21427 5
"689" "C" 0.004 -0.28875 0.38125 1 1 4000 1 5 0.964299951060516 5 1000 20370 5
"690" "C" 0.004 -0.04125 0.67 0 1 4000 1 5 0.400477566597125 5 1000 20083 5
"691" "C" 0.04 -0.66 0.79375 0 1 4000 1 5 0.230986728775236 5 1000 22089 5
"692" "C" 0.04 0 0.4225 0 1 4000 1 5 0.861565832184908 5 1000 21271 5
"693" "C" 0.04 -0.2475 0.29875 0 1 4000 1 5 1.20814817573642 5 1000 21565 5
"694" "C" 0.04 -0.86625 0.62875 1 1 4000 1 5 0.464021557568188 5 1000 22332 5
"695" "C" 0.04 0 0.62875 0 1 4000 1 5 0.464021557568188 5 1000 21281 5
"696" "C" 0.004 -0.4125 0.175 1 1 4000 1 5 1.74296930505862 5 1000 20510 5
"697" "C" 0.004 -0.5775 0.95875 0 1 4000 1 5 0.042124926300671 5 1000 20747 5
"698" "C" 0.04 -0.165 0.7525 1 1 4000 1 5 0.284354282359106 5 1000 21488 5
"699" "C" 0.04 -0.33 0.38125 1 1 4000 1 5 0.964299951060516 5 1000 21670 5
"700" "C" 0.04 -0.61875 0.67 0 1 4000 1 5 0.400477566597125 5 1000 22033 5
"701" "C" 0.004 -0.4125 0.13375 0 1 4000 1 5 2.01178289320602 5 1000 20507 5
"702" "C" 0.04 -0.53625 0.05125 0 1 4000 1 5 2.97103966096362 5 1000 21903 5
"703" "C" 0.004 -0.495 0.0925 0 1 4000 1 5 2.38054663446376 5 1000 20605 5
"704" "C" 0.004 -0.0825 0.01 1 1 4000 1 5 4.60517018598809 5 1000 20102 5
"705" "C" 0.004 -0.94875 0.4225 0 1 4000 1 5 0.861565832184908 5 1000 21171 5
"706" "C" 0.04 -0.99 0.34 0 1 4000 1 5 1.07880966137193 5 1000 22467 5
"707" "C" 0.004 -0.99 0.4225 0 1 4000 1 5 0.861565832184908 5 1000 21221 5
"708" "C" 0.004 -0.99 0.01 0 1 4000 1 5 4.60517018598809 5 1000 21201 5
"709" "C" 0.04 0 0.7525 0 1 4000 1 5 0.284354282359106 5 1000 21287 5
"710" "C" 0.004 -0.2475 0.0925 1 1 4000 1 5 2.38054663446376 5 1000 20306 5
"711" "C" 0.004 -0.9075 0.29875 1 1 4000 1 5 1.20814817573642 5 1000 21116 5
"712" "C" 0.04 0 0.71125 0 1 4000 1 5 0.340731293541596 5 1000 21285 5
"713" "C" 0.004 -0.78375 0.175 0 1 4000 1 5 1.74296930505862 5 1000 20959 5
"714" "C" 0.04 0 0.13375 1 1 4000 1 5 2.01178289320602 5 1000 21258 5
"715" "C" 0.04 -0.28875 0.34 0 1 4000 1 5 1.07880966137193 5 1000 21617 5
"716" "C" 0.004 -0.20625 0.38125 0 1 4000 1 5 0.964299951060516 5 1000 20269 5
"717" "C" 0.004 -0.0825 0.835 1 1 4000 1 5 0.180323554131281 5 1000 20142 5
"718" "C" 0.04 -0.20625 0.9175 1 1 4000 1 5 0.0861026990534116 5 1000 21546 5
"719" "C" 0.04 0 0.34 0 1 4000 1 5 1.07880966137193 5 1000 21267 5
"720" "C" 0.004 -0.61875 0.0925 1 1 4000 1 5 2.38054663446376 5 1000 20756 5
"721" "C" 0.04 -0.0825 0.95875 0 1 4000 1 5 0.042124926300671 5 1000 21397 5
"722" "C" 0.04 -0.45375 0.21625 0 1 4000 1 5 1.53132013317015 5 1000 21811 5
"723" "C" 0.04 -0.9075 0.0925 1 1 4000 1 5 2.38054663446376 5 1000 22356 5
"724" "C" 0.004 -0.61875 0.175 0 1 4000 1 5 1.74296930505862 5 1000 20759 5
"725" "C" 0.004 -0.45375 1 1 1 4000 1 5 0 5 1000 20600 5
"726" "C" 0.04 -0.9075 0.67 1 1 4000 1 5 0.400477566597125 5 1000 22384 5
"727" "C" 0.004 -0.0825 0.05125 1 1 4000 1 5 2.97103966096362 5 1000 20104 5
"728" "C" 0.004 -0.37125 0.67 0 1 4000 1 5 0.400477566597125 5 1000 20483 5
"729" "C" 0.04 0 0.4225 1 1 4000 1 5 0.861565832184908 5 1000 21272 5
"730" "C" 0.004 -0.53625 0.7525 1 1 4000 1 5 0.284354282359106 5 1000 20688 5
"731" "C" 0.04 -0.825 0.7525 1 1 4000 1 5 0.284354282359106 5 1000 22288 5
"732" "C" 0.04 -0.5775 0.5875 0 1 4000 1 5 0.531879032963823 5 1000 21979 5
"733" "C" 0.04 -0.12375 0.79375 0 1 4000 1 5 0.230986728775236 5 1000 21439 5
"734" "C" 0.04 -0.28875 0.29875 1 1 4000 1 5 1.20814817573642 5 1000 21616 5
"735" "C" 0.04 -0.61875 0.01 0 1 4000 1 5 4.60517018598809 5 1000 22001 5
"736" "C" 0.004 -0.78375 0.9175 0 1 4000 1 5 0.0861026990534116 5 1000 20995 5
"737" "C" 0.04 -0.66 0.46375 0 1 4000 1 5 0.768409665060492 5 1000 22073 5
"738" "C" 0.04 -0.37125 0.7525 0 1 4000 1 5 0.284354282359106 5 1000 21737 5
"739" "C" 0.04 -0.0825 0.0925 0 1 4000 1 5 2.38054663446376 5 1000 21355 5
"740" "C" 0.004 0 0.7525 0 1 4000 1 5 0.284354282359106 5 1000 20037 5
"741" "C" 0.004 -0.45375 0.835 0 1 4000 1 5 0.180323554131281 5 1000 20591 5
"742" "C" 0.004 -0.0825 0.79375 1 1 4000 1 5 0.230986728775236 5 1000 20140 5
"743" "C" 0.04 -0.495 0.62875 0 1 4000 1 5 0.464021557568188 5 1000 21881 5
"744" "C" 0.04 -0.495 0.34 1 1 4000 1 5 1.07880966137193 5 1000 21868 5
"745" "C" 0.04 -0.5775 0.7525 1 1 4000 1 5 0.284354282359106 5 1000 21988 5
"746" "C" 0.004 -0.5775 0.01 1 1 4000 1 5 4.60517018598809 5 1000 20702 5
"747" "C" 0.04 -0.66 0.13375 1 1 4000 1 5 2.01178289320602 5 1000 22058 5
"748" "C" 0.004 -0.37125 0.95875 1 1 4000 1 5 0.042124926300671 5 1000 20498 5
"749" "C" 0.004 -0.7425 0.38125 0 1 4000 1 5 0.964299951060516 5 1000 20919 5
"750" "C" 0.04 -0.45375 0.46375 0 1 4000 1 5 0.768409665060492 5 1000 21823 5
"751" "C" 0.04 -0.5775 0.34 1 1 4000 1 5 1.07880966137193 5 1000 21968 5
"752" "C" 0.004 -0.0825 0.05125 0 1 4000 1 5 2.97103966096362 5 1000 20103 5
"753" "C" 0.004 -0.66 0.34 0 1 4000 1 5 1.07880966137193 5 1000 20817 5
"754" "C" 0.004 -0.04125 0.505 1 1 4000 1 5 0.683196849706777 5 1000 20076 5
"755" "C" 0.004 -0.86625 0.835 1 1 4000 1 5 0.180323554131281 5 1000 21092 5
"756" "C" 0.04 0 0.5875 0 1 4000 1 5 0.531879032963823 5 1000 21279 5
"757" "C" 0.004 -0.33 0.0925 1 1 4000 1 5 2.38054663446376 5 1000 20406 5
"758" "C" 0.04 -0.825 0.13375 1 1 4000 1 5 2.01178289320602 5 1000 22258 5
"759" "C" 0.04 -0.28875 0.175 0 1 4000 1 5 1.74296930505862 5 1000 21609 5
"760" "C" 0.04 -0.99 0.87625 1 1 4000 1 5 0.132103840633337 5 1000 22494 5
"761" "C" 0.004 -0.4125 0.54625 0 1 4000 1 5 0.604678532572337 5 1000 20527 5
"762" "C" 0.004 -0.2475 0.835 1 1 4000 1 5 0.180323554131281 5 1000 20342 5
"763" "C" 0.04 -0.70125 0.175 1 1 4000 1 5 1.74296930505862 5 1000 22110 5
"764" "C" 0.04 -0.4125 0.4225 0 1 4000 1 5 0.861565832184908 5 1000 21771 5
"765" "C" 0.004 -0.12375 0.62875 0 1 4000 1 5 0.464021557568188 5 1000 20181 5
"766" "C" 0.004 -0.5775 0.87625 1 1 4000 1 5 0.132103840633337 5 1000 20744 5
"767" "C" 0.04 -0.495 0.21625 0 1 4000 1 5 1.53132013317015 5 1000 21861 5
"768" "C" 0.04 -0.2475 0.67 0 1 4000 1 5 0.400477566597125 5 1000 21583 5
"769" "C" 0.04 -0.45375 0.67 0 1 4000 1 5 0.400477566597125 5 1000 21833 5
"770" "C" 0.04 -0.78375 0.95875 1 1 4000 1 5 0.042124926300671 5 1000 22248 5
"771" "C" 0.004 -0.99 0.505 0 1 4000 1 5 0.683196849706777 5 1000 21225 5
"772" "C" 0.04 -0.2475 0.05125 0 1 4000 1 5 2.97103966096362 5 1000 21553 5
"773" "C" 0.004 -0.78375 0.38125 0 1 4000 1 5 0.964299951060516 5 1000 20969 5
"774" "C" 0.04 -0.53625 0.505 1 1 4000 1 5 0.683196849706777 5 1000 21926 5
"775" "C" 0.04 -0.495 0.46375 1 1 4000 1 5 0.768409665060492 5 1000 21874 5
"776" "C" 0.04 -0.04125 0.2575 1 1 4000 1 5 1.35673555887835 5 1000 21314 5
"777" "C" 0.004 -0.33 0.71125 1 1 4000 1 5 0.340731293541596 5 1000 20436 5
"778" "C" 0.04 -0.86625 0.67 1 1 4000 1 5 0.400477566597125 5 1000 22334 5
"779" "C" 0.04 -0.28875 0.5875 1 1 4000 1 5 0.531879032963823 5 1000 21630 5
"780" "C" 0.04 -0.94875 0.835 1 1 4000 1 5 0.180323554131281 5 1000 22442 5
"781" "C" 0.04 -0.7425 0.175 0 1 4000 1 5 1.74296930505862 5 1000 22159 5
"782" "C" 0.04 -0.28875 0.46375 1 1 4000 1 5 0.768409665060492 5 1000 21624 5
"783" "C" 0.04 -0.12375 0.95875 0 1 4000 1 5 0.042124926300671 5 1000 21447 5
"784" "C" 0.04 -0.4125 0.38125 1 1 4000 1 5 0.964299951060516 5 1000 21770 5
"785" "C" 0.004 -0.70125 0.01 1 1 4000 1 5 4.60517018598809 5 1000 20852 5
"786" "C" 0.04 -0.53625 0.0925 0 1 4000 1 5 2.38054663446376 5 1000 21905 5
"787" "C" 0.04 -0.495 0.505 1 1 4000 1 5 0.683196849706777 5 1000 21876 5
"788" "C" 0.04 0 0.21625 1 1 4000 1 5 1.53132013317015 5 1000 21262 5
"789" "C" 0.004 -0.78375 0.87625 0 1 4000 1 5 0.132103840633337 5 1000 20993 5
"790" "C" 0.004 -0.28875 0.4225 1 1 4000 1 5 0.861565832184908 5 1000 20372 5
"791" "C" 0.04 -0.0825 0.67 1 1 4000 1 5 0.400477566597125 5 1000 21384 5
"792" "C" 0.04 -0.9075 0.71125 0 1 4000 1 5 0.340731293541596 5 1000 22385 5
"793" "C" 0.004 -0.495 0.79375 0 1 4000 1 5 0.230986728775236 5 1000 20639 5
"794" "C" 0.004 -0.70125 0.5875 0 1 4000 1 5 0.531879032963823 5 1000 20879 5
"795" "C" 0.04 -0.825 0.7525 0 1 4000 1 5 0.284354282359106 5 1000 22287 5
"796" "C" 0.04 -0.37125 0.46375 0 1 4000 1 5 0.768409665060492 5 1000 21723 5
"797" "C" 0.004 -0.9075 0.2575 0 1 4000 1 5 1.35673555887835 5 1000 21113 5
"798" "C" 0.04 -0.86625 0.95875 0 1 4000 1 5 0.042124926300671 5 1000 22347 5
"799" "C" 0.04 -0.45375 0.21625 1 1 4000 1 5 1.53132013317015 5 1000 21812 5
"800" "C" 0.04 -0.78375 0.835 0 1 4000 1 5 0.180323554131281 5 1000 22241 5
"801" "C" 0.004 -0.7425 0.13375 0 1 4000 1 5 2.01178289320602 5 1000 20907 5
"802" "C" 0.004 -0.0825 0.5875 0 1 4000 1 5 0.531879032963823 5 1000 20129 5
"803" "C" 0.04 -0.7425 0.38125 0 1 4000 1 5 0.964299951060516 5 1000 22169 5
"804" "C" 0.004 -0.66 0.835 1 1 4000 1 5 0.180323554131281 5 1000 20842 5
"805" "C" 0.04 -0.4125 0.0925 1 1 4000 1 5 2.38054663446376 5 1000 21756 5
"806" "C" 0.04 -0.495 0.29875 0 1 4000 1 5 1.20814817573642 5 1000 21865 5
"807" "C" 0.004 -0.33 0.54625 0 1 4000 1 5 0.604678532572337 5 1000 20427 5
"808" "C" 0.04 -0.7425 1 1 1 4000 1 5 0 5 1000 22200 5
"809" "C" 0.04 -0.66 0.4225 0 1 4000 1 5 0.861565832184908 5 1000 22071 5
"810" "C" 0.04 -0.9075 1 1 1 4000 1 5 0 5 1000 22400 5
"811" "C" 0.04 -0.70125 0.2575 0 1 4000 1 5 1.35673555887835 5 1000 22113 5
"812" "C" 0.04 -0.0825 0.46375 0 1 4000 1 5 0.768409665060492 5 1000 21373 5
"813" "C" 0.04 -0.20625 0.62875 1 1 4000 1 5 0.464021557568188 5 1000 21532 5
"814" "C" 0.004 -0.12375 0.38125 1 1 4000 1 5 0.964299951060516 5 1000 20170 5
"815" "C" 0.004 -0.99 0.175 0 1 4000 1 5 1.74296930505862 5 1000 21209 5
"816" "C" 0.04 -0.9075 0.29875 1 1 4000 1 5 1.20814817573642 5 1000 22366 5
"817" "C" 0.004 -0.28875 0.54625 1 1 4000 1 5 0.604678532572337 5 1000 20378 5
"818" "C" 0.04 -0.45375 0.05125 1 1 4000 1 5 2.97103966096362 5 1000 21804 5
"819" "C" 0.004 -0.9075 0.87625 0 1 4000 1 5 0.132103840633337 5 1000 21143 5
"820" "C" 0.004 -0.37125 0.62875 1 1 4000 1 5 0.464021557568188 5 1000 20482 5
"821" "C" 0.04 -0.20625 0.34 0 1 4000 1 5 1.07880966137193 5 1000 21517 5
"822" "C" 0.004 -0.61875 0.67 0 1 4000 1 5 0.400477566597125 5 1000 20783 5
"823" "C" 0.04 -0.45375 0.01 0 1 4000 1 5 4.60517018598809 5 1000 21801 5
"824" "C" 0.004 -0.04125 0.87625 0 1 4000 1 5 0.132103840633337 5 1000 20093 5
"825" "C" 0.04 -0.495 0.05125 0 1 4000 1 5 2.97103966096362 5 1000 21853 5
"826" "C" 0.04 -0.04125 0.87625 1 1 4000 1 5 0.132103840633337 5 1000 21344 5
"827" "C" 0.04 -0.66 0.175 1 1 4000 1 5 1.74296930505862 5 1000 22060 5
"828" "C" 0.004 -0.2475 0.0925 0 1 4000 1 5 2.38054663446376 5 1000 20305 5
"829" "C" 0.004 -0.7425 0.9175 1 1 4000 1 5 0.0861026990534116 5 1000 20946 5
"830" "C" 0.04 -0.495 0.87625 0 1 4000 1 5 0.132103840633337 5 1000 21893 5
"831" "C" 0.04 -0.94875 0.835 0 1 4000 1 5 0.180323554131281 5 1000 22441 5
"832" "C" 0.004 -0.12375 0.34 1 1 4000 1 5 1.07880966137193 5 1000 20168 5
"833" "C" 0.04 -0.20625 0.05125 0 1 4000 1 5 2.97103966096362 5 1000 21503 5
"834" "C" 0.004 -0.12375 0.46375 1 1 4000 1 5 0.768409665060492 5 1000 20174 5
"835" "C" 0.004 -0.99 0.29875 1 1 4000 1 5 1.20814817573642 5 1000 21216 5
"836" "C" 0.004 -0.20625 0.05125 0 1 4000 1 5 2.97103966096362 5 1000 20253 5
"837" "C" 0.004 -0.61875 0.21625 0 1 4000 1 5 1.53132013317015 5 1000 20761 5
"838" "C" 0.004 -0.37125 0.21625 0 1 4000 1 5 1.53132013317015 5 1000 20461 5
"839" "C" 0.004 -0.37125 0.62875 0 1 4000 1 5 0.464021557568188 5 1000 20481 5
"840" "C" 0.04 -0.7425 0.29875 0 1 4000 1 5 1.20814817573642 5 1000 22165 5
"841" "C" 0.04 -0.66 1 0 1 4000 1 5 0 5 1000 22099 5
"842" "C" 0.04 -0.495 0.835 0 1 4000 1 5 0.180323554131281 5 1000 21891 5
"843" "C" 0.04 -0.94875 0.4225 0 1 4000 1 5 0.861565832184908 5 1000 22421 5
"844" "C" 0.04 0 0.175 1 1 4000 1 5 1.74296930505862 5 1000 21260 5
"845" "C" 0.04 -0.86625 0.34 1 1 4000 1 5 1.07880966137193 5 1000 22318 5
"846" "C" 0.004 -0.20625 0.01 0 1 4000 1 5 4.60517018598809 5 1000 20251 5
"847" "C" 0.004 -0.33 0.13375 1 1 4000 1 5 2.01178289320602 5 1000 20408 5
"848" "C" 0.04 0 0.79375 0 1 4000 1 5 0.230986728775236 5 1000 21289 5
"849" "C" 0.04 -0.04125 0.62875 1 1 4000 1 5 0.464021557568188 5 1000 21332 5
"850" "C" 0.04 -0.86625 0.7525 1 1 4000 1 5 0.284354282359106 5 1000 22338 5
"851" "C" 0.004 -0.04125 0.5875 1 1 4000 1 5 0.531879032963823 5 1000 20080 5
"852" "C" 0.004 -0.99 0.5875 0 1 4000 1 5 0.531879032963823 5 1000 21229 5
"853" "C" 0.04 -0.33 0.46375 1 1 4000 1 5 0.768409665060492 5 1000 21674 5
"854" "C" 0.004 -0.5775 0.79375 0 1 4000 1 5 0.230986728775236 5 1000 20739 5
"855" "C" 0.04 -0.99 0.13375 1 1 4000 1 5 2.01178289320602 5 1000 22458 5
"856" "C" 0.04 -0.28875 0.29875 0 1 4000 1 5 1.20814817573642 5 1000 21615 5
"857" "C" 0.04 -0.45375 0.505 1 1 4000 1 5 0.683196849706777 5 1000 21826 5
"858" "C" 0.04 0 0.29875 1 1 4000 1 5 1.20814817573642 5 1000 21266 5
"859" "C" 0.04 -0.61875 0.01 1 1 4000 1 5 4.60517018598809 5 1000 22002 5
"860" "C" 0.004 -0.61875 0.2575 1 1 4000 1 5 1.35673555887835 5 1000 20764 5
"861" "C" 0.04 -0.4125 0.7525 1 1 4000 1 5 0.284354282359106 5 1000 21788 5
"862" "C" 0.04 -0.33 0.79375 0 1 4000 1 5 0.230986728775236 5 1000 21689 5
"863" "C" 0.04 -0.4125 0.01 1 1 4000 1 5 4.60517018598809 5 1000 21752 5
"864" "C" 0.04 -0.53625 0.13375 1 1 4000 1 5 2.01178289320602 5 1000 21908 5
"865" "C" 0.004 -0.70125 0.34 0 1 4000 1 5 1.07880966137193 5 1000 20867 5
"866" "C" 0.04 -0.37125 0.87625 1 1 4000 1 5 0.132103840633337 5 1000 21744 5
"867" "C" 0.004 -0.33 0.4225 0 1 4000 1 5 0.861565832184908 5 1000 20421 5
"868" "C" 0.04 -0.20625 0.01 1 1 4000 1 5 4.60517018598809 5 1000 21502 5
"869" "C" 0.04 -0.33 0.505 0 1 4000 1 5 0.683196849706777 5 1000 21675 5
"870" "C" 0.004 -0.4125 0.21625 1 1 4000 1 5 1.53132013317015 5 1000 20512 5
"871" "C" 0.004 -0.33 0.505 0 1 4000 1 5 0.683196849706777 5 1000 20425 5
"872" "C" 0.04 -0.78375 0.2575 0 1 4000 1 5 1.35673555887835 5 1000 22213 5
"873" "C" 0.004 -0.9075 0.79375 1 1 4000 1 5 0.230986728775236 5 1000 21140 5
"874" "C" 0.04 -0.12375 0.5875 1 1 4000 1 5 0.531879032963823 5 1000 21430 5
"875" "C" 0.04 -0.4125 1 0 1 4000 1 5 0 5 1000 21799 5
"876" "C" 0.04 -0.70125 0.34 0 1 4000 1 5 1.07880966137193 5 1000 22117 5
"877" "C" 0.04 -0.165 0.13375 1 1 4000 1 5 2.01178289320602 5 1000 21458 5
"878" "C" 0.004 -0.99 0.505 1 1 4000 1 5 0.683196849706777 5 1000 21226 5
"879" "C" 0.004 -0.70125 0.175 0 1 4000 1 5 1.74296930505862 5 1000 20859 5
"880" "C" 0.004 -0.37125 0.29875 1 1 4000 1 5 1.20814817573642 5 1000 20466 5
"881" "C" 0.004 -0.94875 0.505 0 1 4000 1 5 0.683196849706777 5 1000 21175 5
"882" "C" 0.04 -0.7425 0.62875 0 1 4000 1 5 0.464021557568188 5 1000 22181 5
"883" "C" 0.04 -0.66 0.54625 0 1 4000 1 5 0.604678532572337 5 1000 22077 5
"884" "C" 0.04 -0.61875 0.5875 1 1 4000 1 5 0.531879032963823 5 1000 22030 5
"885" "C" 0.04 -0.5775 0.38125 0 1 4000 1 5 0.964299951060516 5 1000 21969 5
"886" "C" 0.04 -0.4125 0.4225 1 1 4000 1 5 0.861565832184908 5 1000 21772 5
"887" "C" 0.004 -0.5775 0.46375 0 1 4000 1 5 0.768409665060492 5 1000 20723 5
"888" "C" 0.04 -0.33 0.0925 0 1 4000 1 5 2.38054663446376 5 1000 21655 5
"889" "C" 0.04 -0.495 0.7525 1 1 4000 1 5 0.284354282359106 5 1000 21888 5
"890" "C" 0.004 0 0.46375 0 1 4000 1 5 0.768409665060492 5 1000 20023 5
"891" "C" 0.004 -0.825 0.7525 1 1 4000 1 5 0.284354282359106 5 1000 21038 5
"892" "C" 0.004 -0.165 0.9175 0 1 4000 1 5 0.0861026990534116 5 1000 20245 5
"893" "C" 0.004 -0.20625 0.62875 1 1 4000 1 5 0.464021557568188 5 1000 20282 5
"894" "C" 0.04 -0.94875 0.0925 0 1 4000 1 5 2.38054663446376 5 1000 22405 5
"895" "C" 0.004 -0.12375 0.9175 0 1 4000 1 5 0.0861026990534116 5 1000 20195 5
"896" "C" 0.004 -0.53625 0.4225 0 1 4000 1 5 0.861565832184908 5 1000 20671 5
"897" "C" 0.004 -0.28875 0.29875 0 1 4000 1 5 1.20814817573642 5 1000 20365 5
"898" "C" 0.004 -0.12375 0.21625 0 1 4000 1 5 1.53132013317015 5 1000 20161 5
"899" "C" 0.004 -0.4125 0.34 1 1 4000 1 5 1.07880966137193 5 1000 20518 5
"900" "C" 0.04 -0.0825 0.2575 1 1 4000 1 5 1.35673555887835 5 1000 21364 5
"901" "C" 0.04 -0.61875 1 1 1 4000 1 5 0 5 1000 22050 5
"902" "C" 0.004 -0.94875 0.29875 0 1 4000 1 5 1.20814817573642 5 1000 21165 5
"903" "C" 0.04 -0.37125 0.7525 1 1 4000 1 5 0.284354282359106 5 1000 21738 5
"904" "C" 0.04 0 0.13375 0 1 4000 1 5 2.01178289320602 5 1000 21257 5
"905" "C" 0.004 -0.94875 0.0925 1 1 4000 1 5 2.38054663446376 5 1000 21156 5
"906" "C" 0.004 -0.94875 0.29875 1 1 4000 1 5 1.20814817573642 5 1000 21166 5
"907" "C" 0.004 -0.66 0.505 0 1 4000 1 5 0.683196849706777 5 1000 20825 5
"908" "C" 0.004 -0.165 0.7525 0 1 4000 1 5 0.284354282359106 5 1000 20237 5
"909" "C" 0.004 -0.37125 0.67 1 1 4000 1 5 0.400477566597125 5 1000 20484 5
"910" "C" 0.04 -0.66 0.505 0 1 4000 1 5 0.683196849706777 5 1000 22075 5
"911" "C" 0.004 -0.4125 0.7525 1 1 4000 1 5 0.284354282359106 5 1000 20538 5
"912" "C" 0.004 -0.0825 0.21625 0 1 4000 1 5 1.53132013317015 5 1000 20111 5
"913" "C" 0.04 -0.28875 0.21625 1 1 4000 1 5 1.53132013317015 5 1000 21612 5
"914" "C" 0.04 -0.4125 0.87625 1 1 4000 1 5 0.132103840633337 5 1000 21794 5
"915" "C" 0.04 -0.66 0.0925 0 1 4000 1 5 2.38054663446376 5 1000 22055 5
"916" "C" 0.004 -0.7425 1 0 1 4000 1 5 0 5 1000 20949 5
"917" "C" 0.04 0 0.87625 1 1 4000 1 5 0.132103840633337 5 1000 21294 5
"918" "C" 0.004 -0.99 0.38125 1 1 4000 1 5 0.964299951060516 5 1000 21220 5
"919" "C" 0.004 -0.61875 0.95875 1 1 4000 1 5 0.042124926300671 5 1000 20798 5
"920" "C" 0.04 -0.70125 0.95875 1 1 4000 1 5 0.042124926300671 5 1000 22148 5
"921" "C" 0.04 -0.165 0.05125 1 1 4000 1 5 2.97103966096362 5 1000 21454 5
"922" "C" 0.04 -0.78375 0.05125 1 1 4000 1 5 2.97103966096362 5 1000 22204 5
"923" "C" 0.04 -0.70125 1 0 1 4000 1 5 0 5 1000 22149 5
"924" "C" 0.004 -0.28875 0.34 1 1 4000 1 5 1.07880966137193 5 1000 20368 5
"925" "C" 0.004 -0.37125 0.01 0 1 4000 1 5 4.60517018598809 5 1000 20451 5
"926" "C" 0.004 -0.33 0.87625 1 1 4000 1 5 0.132103840633337 5 1000 20444 5
"927" "C" 0.004 -0.9075 0.05125 0 1 4000 1 5 2.97103966096362 5 1000 21103 5
"928" "C" 0.04 -0.5775 0.79375 1 1 4000 1 5 0.230986728775236 5 1000 21990 5
"929" "C" 0.04 -0.5775 0.21625 0 1 4000 1 5 1.53132013317015 5 1000 21961 5
"930" "C" 0.04 -0.9075 0.835 0 1 4000 1 5 0.180323554131281 5 1000 22391 5
"931" "C" 0.04 -0.0825 0.05125 1 1 4000 1 5 2.97103966096362 5 1000 21354 5
"932" "C" 0.04 -0.825 0.505 0 1 4000 1 5 0.683196849706777 5 1000 22275 5
"933" "C" 0.004 -0.94875 0.54625 0 1 4000 1 5 0.604678532572337 5 1000 21177 5
"934" "C" 0.004 -0.94875 0.38125 0 1 4000 1 5 0.964299951060516 5 1000 21169 5
"935" "C" 0.04 -0.12375 0.4225 0 1 4000 1 5 0.861565832184908 5 1000 21421 5
"936" "C" 0.004 -0.53625 0.38125 1 1 4000 1 5 0.964299951060516 5 1000 20670 5
"937" "C" 0.004 -0.825 0.505 1 1 4000 1 5 0.683196849706777 5 1000 21026 5
"938" "C" 0.004 -0.33 0.46375 1 1 4000 1 5 0.768409665060492 5 1000 20424 5
"939" "C" 0.004 -0.495 0.71125 1 1 4000 1 5 0.340731293541596 5 1000 20636 5
"940" "C" 0.004 -0.78375 0.7525 0 1 4000 1 5 0.284354282359106 5 1000 20987 5
"941" "C" 0.004 -0.825 0.29875 1 1 4000 1 5 1.20814817573642 5 1000 21016 5
"942" "C" 0.04 -0.12375 0.87625 1 1 4000 1 5 0.132103840633337 5 1000 21444 5
"943" "C" 0.04 -0.33 0.835 0 1 4000 1 5 0.180323554131281 5 1000 21691 5
"944" "C" 0.004 -0.20625 0.87625 1 1 4000 1 5 0.132103840633337 5 1000 20294 5
"945" "C" 0.004 -0.28875 0.95875 1 1 4000 1 5 0.042124926300671 5 1000 20398 5
"946" "C" 0.004 -0.99 0.7525 0 1 4000 1 5 0.284354282359106 5 1000 21237 5
"947" "C" 0.04 -0.86625 0.46375 1 1 4000 1 5 0.768409665060492 5 1000 22324 5
"948" "C" 0.04 -0.165 0.9175 1 1 4000 1 5 0.0861026990534116 5 1000 21496 5
"949" "C" 0.04 -0.04125 0.13375 0 1 4000 1 5 2.01178289320602 5 1000 21307 5
"950" "C" 0.004 -0.45375 0.05125 0 1 4000 1 5 2.97103966096362 5 1000 20553 5
"951" "C" 0.004 -0.2475 0.505 0 1 4000 1 5 0.683196849706777 5 1000 20325 5
"952" "C" 0.04 -0.20625 0.29875 0 1 4000 1 5 1.20814817573642 5 1000 21515 5
"953" "C" 0.04 -0.0825 0.2575 0 1 4000 1 5 1.35673555887835 5 1000 21363 5
"954" "C" 0.004 -0.61875 0.9175 0 1 4000 1 5 0.0861026990534116 5 1000 20795 5
"955" "C" 0.004 -0.12375 0.62875 1 1 4000 1 5 0.464021557568188 5 1000 20182 5
"956" "C" 0.04 -0.04125 0.46375 0 1 4000 1 5 0.768409665060492 5 1000 21323 5
"957" "C" 0.04 -0.53625 0.38125 0 1 4000 1 5 0.964299951060516 5 1000 21919 5
"958" "C" 0.04 -0.33 0.4225 1 1 4000 1 5 0.861565832184908 5 1000 21672 5
"959" "C" 0.04 -0.99 0.29875 1 1 4000 1 5 1.20814817573642 5 1000 22466 5
"960" "C" 0.04 -0.7425 0.13375 0 1 4000 1 5 2.01178289320602 5 1000 22157 5
"961" "C" 0.004 -0.495 0.21625 1 1 4000 1 5 1.53132013317015 5 1000 20612 5
"962" "C" 0.04 -0.7425 0.01 0 1 4000 1 5 4.60517018598809 5 1000 22151 5
"963" "C" 0.004 -0.7425 0.2575 1 1 4000 1 5 1.35673555887835 5 1000 20914 5
"964" "C" 0.004 -0.45375 0.175 1 1 4000 1 5 1.74296930505862 5 1000 20560 5
"965" "C" 0.04 -0.7425 0.29875 1 1 4000 1 5 1.20814817573642 5 1000 22166 5
"966" "C" 0.04 0 0.505 1 1 4000 1 5 0.683196849706777 5 1000 21276 5
"967" "C" 0.04 -0.28875 0.0925 1 1 4000 1 5 2.38054663446376 5 1000 21606 5
"968" "C" 0.004 -0.7425 0.835 0 1 4000 1 5 0.180323554131281 5 1000 20941 5
"969" "C" 0.004 -0.9075 1 0 1 4000 1 5 0 5 1000 21149 5
"970" "C" 0.04 -0.70125 0.13375 0 1 4000 1 5 2.01178289320602 5 1000 22107 5
"971" "C" 0.04 -0.86625 0.01 1 1 4000 1 5 4.60517018598809 5 1000 22302 5
"972" "C" 0.004 0 0.835 1 1 4000 1 5 0.180323554131281 5 1000 20042 5
"973" "C" 0.04 -0.20625 0.835 0 1 4000 1 5 0.180323554131281 5 1000 21541 5
"974" "C" 0.004 -0.2475 0.175 1 1 4000 1 5 1.74296930505862 5 1000 20310 5
"975" "C" 0.004 -0.825 0.7525 0 1 4000 1 5 0.284354282359106 5 1000 21037 5
"976" "C" 0.004 -0.70125 0.29875 1 1 4000 1 5 1.20814817573642 5 1000 20866 5
"977" "C" 0.004 -0.7425 0.87625 1 1 4000 1 5 0.132103840633337 5 1000 20944 5
"978" "C" 0.004 -0.9075 0.7525 1 1 4000 1 5 0.284354282359106 5 1000 21138 5
"979" "C" 0.04 -0.66 0.62875 0 1 4000 1 5 0.464021557568188 5 1000 22081 5
"980" "C" 0.004 -0.4125 0.01 1 1 4000 1 5 4.60517018598809 5 1000 20502 5
"981" "C" 0.04 -0.78375 0.0925 1 1 4000 1 5 2.38054663446376 5 1000 22206 5
"982" "C" 0.004 -0.45375 0.175 0 1 4000 1 5 1.74296930505862 5 1000 20559 5
"983" "C" 0.004 -0.04125 0.835 0 1 4000 1 5 0.180323554131281 5 1000 20091 5
"984" "C" 0.004 -0.28875 0.71125 0 1 4000 1 5 0.340731293541596 5 1000 20385 5
"985" "C" 0.004 0 0.505 0 1 4000 1 5 0.683196849706777 5 1000 20025 5
"986" "C" 0.004 -0.53625 0.79375 0 1 4000 1 5 0.230986728775236 5 1000 20689 5
"987" "C" 0.04 -0.94875 0.54625 0 1 4000 1 5 0.604678532572337 5 1000 22427 5
"988" "C" 0.04 -0.45375 0.7525 1 1 4000 1 5 0.284354282359106 5 1000 21838 5
"989" "C" 0.04 -0.20625 0.95875 1 1 4000 1 5 0.042124926300671 5 1000 21548 5
"990" "C" 0.004 -0.12375 0.46375 0 1 4000 1 5 0.768409665060492 5 1000 20173 5
"991" "C" 0.04 -0.2475 0.34 1 1 4000 1 5 1.07880966137193 5 1000 21568 5
"992" "C" 0.004 0 0.4225 0 1 4000 1 5 0.861565832184908 5 1000 20021 5
"993" "C" 0.04 -0.5775 0.71125 1 1 4000 1 5 0.340731293541596 5 1000 21986 5
"994" "C" 0.04 -0.20625 0.71125 0 1 4000 1 5 0.340731293541596 5 1000 21535 5
"995" "C" 0.04 -0.45375 0.0925 1 1 4000 1 5 2.38054663446376 5 1000 21806 5
"996" "C" 0.004 -0.4125 0.46375 1 1 4000 1 5 0.768409665060492 5 1000 20524 5
"997" "C" 0.04 -0.78375 0.95875 0 1 4000 1 5 0.042124926300671 5 1000 22247 5
"998" "C" 0.04 -0.45375 0.79375 0 1 4000 1 5 0.230986728775236 5 1000 21839 5
"999" "C" 0.004 -0.66 0.0925 0 1 4000 1 5 2.38054663446376 5 1000 20805 5
"1000" "C" 0.004 -0.37125 0.835 1 1 4000 1 5 0.180323554131281 5 1000 20492 5
"1001" "C" 0.004 -0.86625 0.29875 1 1 4000 1 5 1.20814817573642 5 1000 21066 5
"1002" "C" 0.004 -0.78375 0.505 1 1 4000 1 5 0.683196849706777 5 1000 20976 5
"1003" "C" 0.04 -0.37125 0.34 1 1 4000 1 5 1.07880966137193 5 1000 21718 5
"1004" "C" 0.004 -0.94875 0.95875 1 1 4000 1 5 0.042124926300671 5 1000 21198 5
"1005" "C" 0.04 -0.66 0.9175 0 1 4000 1 5 0.0861026990534116 5 1000 22095 5
"1006" "C" 0.04 0 0.835 0 1 4000 1 5 0.180323554131281 5 1000 21291 5
"1007" "C" 0.04 -0.9075 0.54625 0 1 4000 1 5 0.604678532572337 5 1000 22377 5
"1008" "C" 0.004 -0.28875 0.9175 1 1 4000 1 5 0.0861026990534116 5 1000 20396 5
"1009" "C" 0.04 -0.20625 0.4225 1 1 4000 1 5 0.861565832184908 5 1000 21522 5
"1010" "C" 0.04 -0.5775 0.87625 1 1 4000 1 5 0.132103840633337 5 1000 21994 5
"1011" "C" 0.004 0 0.01 1 1 4000 1 5 4.60517018598809 5 1000 20002 5
"1012" "C" 0.04 -0.12375 0.175 1 1 4000 1 5 1.74296930505862 5 1000 21410 5
"1013" "C" 0.004 -0.53625 0.175 0 1 4000 1 5 1.74296930505862 5 1000 20659 5
"1014" "C" 0.004 -0.33 0.62875 1 1 4000 1 5 0.464021557568188 5 1000 20432 5
"1015" "C" 0.004 -0.33 0.29875 0 1 4000 1 5 1.20814817573642 5 1000 20415 5
"1016" "C" 0.04 -0.70125 0.71125 0 1 4000 1 5 0.340731293541596 5 1000 22135 5
"1017" "C" 0.004 -0.7425 0.79375 0 1 4000 1 5 0.230986728775236 5 1000 20939 5
"1018" "C" 0.04 -0.33 1 1 1 4000 1 5 0 5 1000 21700 5
"1019" "C" 0.004 -0.45375 0.29875 0 1 4000 1 5 1.20814817573642 5 1000 20565 5
"1020" "C" 0.004 -0.86625 0.4225 0 1 4000 1 5 0.861565832184908 5 1000 21071 5
"1021" "C" 0.004 -0.495 1 1 1 4000 1 5 0 5 1000 20650 5
"1022" "C" 0.004 -0.5775 0.62875 1 1 4000 1 5 0.464021557568188 5 1000 20732 5
"1023" "C" 0.04 -0.12375 0.835 1 1 4000 1 5 0.180323554131281 5 1000 21442 5
"1024" "C" 0.04 -0.495 0.71125 1 1 4000 1 5 0.340731293541596 5 1000 21886 5
"1025" "C" 0.004 -0.70125 0.05125 1 1 4000 1 5 2.97103966096362 5 1000 20854 5
"1026" "C" 0.004 -0.33 0.87625 0 1 4000 1 5 0.132103840633337 5 1000 20443 5
"1027" "C" 0.004 -0.33 0.175 1 1 4000 1 5 1.74296930505862 5 1000 20410 5
"1028" "C" 0.004 -0.495 0.05125 0 1 4000 1 5 2.97103966096362 5 1000 20603 5
"1029" "C" 0.04 -0.78375 0.4225 0 1 4000 1 5 0.861565832184908 5 1000 22221 5
"1030" "C" 0.004 -0.0825 0.505 1 1 4000 1 5 0.683196849706777 5 1000 20126 5
"1031" "C" 0.004 -0.2475 0.46375 1 1 4000 1 5 0.768409665060492 5 1000 20324 5
"1032" "C" 0.004 -0.61875 0.5875 1 1 4000 1 5 0.531879032963823 5 1000 20780 5
"1033" "C" 0.04 -0.45375 0.4225 0 1 4000 1 5 0.861565832184908 5 1000 21821 5
"1034" "C" 0.04 -0.33 0.01 1 1 4000 1 5 4.60517018598809 5 1000 21652 5
"1035" "C" 0.004 -0.165 0.5875 1 1 4000 1 5 0.531879032963823 5 1000 20230 5
"1036" "C" 0.004 -0.86625 1 0 1 4000 1 5 0 5 1000 21099 5
"1037" "C" 0.04 -0.5775 0.505 0 1 4000 1 5 0.683196849706777 5 1000 21975 5
"1038" "C" 0.04 -0.66 0.34 0 1 4000 1 5 1.07880966137193 5 1000 22067 5
"1039" "C" 0.004 -0.28875 0.34 0 1 4000 1 5 1.07880966137193 5 1000 20367 5
"1040" "C" 0.04 -0.825 1 1 1 4000 1 5 0 5 1000 22300 5
"1041" "C" 0.04 -0.495 0.7525 0 1 4000 1 5 0.284354282359106 5 1000 21887 5
"1042" "C" 0.004 -0.86625 0.505 1 1 4000 1 5 0.683196849706777 5 1000 21076 5
"1043" "C" 0.04 -0.0825 0.9175 1 1 4000 1 5 0.0861026990534116 5 1000 21396 5
"1044" "C" 0.004 -0.20625 0.29875 0 1 4000 1 5 1.20814817573642 5 1000 20265 5
"1045" "C" 0.04 -0.9075 0.4225 1 1 4000 1 5 0.861565832184908 5 1000 22372 5
"1046" "C" 0.004 -0.70125 0.87625 1 1 4000 1 5 0.132103840633337 5 1000 20894 5
"1047" "C" 0.04 -0.37125 0.9175 1 1 4000 1 5 0.0861026990534116 5 1000 21746 5
"1048" "C" 0.04 -0.5775 0.46375 1 1 4000 1 5 0.768409665060492 5 1000 21974 5
"1049" "C" 0.04 -0.0825 0.5875 1 1 4000 1 5 0.531879032963823 5 1000 21380 5
"1050" "C" 0.04 -0.33 0.175 1 1 4000 1 5 1.74296930505862 5 1000 21660 5
"1051" "C" 0.004 -0.495 0.62875 1 1 4000 1 5 0.464021557568188 5 1000 20632 5
"1052" "C" 0.004 0 0.5875 0 1 4000 1 5 0.531879032963823 5 1000 20029 5
"1053" "C" 0.04 -0.20625 0.2575 0 1 4000 1 5 1.35673555887835 5 1000 21513 5
"1054" "C" 0.004 -0.2475 0.79375 1 1 4000 1 5 0.230986728775236 5 1000 20340 5
"1055" "C" 0.04 -0.0825 0.62875 1 1 4000 1 5 0.464021557568188 5 1000 21382 5
"1056" "C" 0.04 -0.2475 0.835 0 1 4000 1 5 0.180323554131281 5 1000 21591 5
"1057" "C" 0.04 -0.78375 0.505 0 1 4000 1 5 0.683196849706777 5 1000 22225 5
"1058" "C" 0.04 -0.20625 1 0 1 4000 1 5 0 5 1000 21549 5
"1059" "C" 0.04 -0.94875 0.29875 0 1 4000 1 5 1.20814817573642 5 1000 22415 5
"1060" "C" 0.004 -0.37125 0.87625 0 1 4000 1 5 0.132103840633337 5 1000 20493 5
"1061" "C" 0.004 -0.94875 0.05125 1 1 4000 1 5 2.97103966096362 5 1000 21154 5
"1062" "C" 0.04 -0.28875 0.95875 1 1 4000 1 5 0.042124926300671 5 1000 21648 5
"1063" "C" 0.04 -0.61875 0.29875 1 1 4000 1 5 1.20814817573642 5 1000 22016 5
"1064" "C" 0.004 -0.99 0.0925 0 1 4000 1 5 2.38054663446376 5 1000 21205 5
"1065" "C" 0.04 -0.94875 0.62875 1 1 4000 1 5 0.464021557568188 5 1000 22432 5
"1066" "C" 0.04 -0.2475 0.29875 1 1 4000 1 5 1.20814817573642 5 1000 21566 5
"1067" "C" 0.004 0 0.05125 0 1 4000 1 5 2.97103966096362 5 1000 20003 5
"1068" "C" 0.004 -0.78375 0.67 0 1 4000 1 5 0.400477566597125 5 1000 20983 5
"1069" "C" 0.004 -0.165 0.95875 0 1 4000 1 5 0.042124926300671 5 1000 20247 5
"1070" "C" 0.004 -0.4125 1 0 1 4000 1 5 0 5 1000 20549 5
"1071" "C" 0.04 -0.53625 0.05125 1 1 4000 1 5 2.97103966096362 5 1000 21904 5
"1072" "C" 0.04 -0.04125 0.29875 1 1 4000 1 5 1.20814817573642 5 1000 21316 5
"1073" "C" 0.004 -0.5775 0.13375 1 1 4000 1 5 2.01178289320602 5 1000 20708 5
"1074" "C" 0.04 -0.61875 1 0 1 4000 1 5 0 5 1000 22049 5
"1075" "C" 0.04 -0.825 0.9175 1 1 4000 1 5 0.0861026990534116 5 1000 22296 5
"1076" "C" 0.004 -0.495 0.835 1 1 4000 1 5 0.180323554131281 5 1000 20642 5
"1077" "C" 0.04 -0.86625 1 1 1 4000 1 5 0 5 1000 22350 5
"1078" "C" 0.04 -0.9075 0.38125 1 1 4000 1 5 0.964299951060516 5 1000 22370 5
"1079" "C" 0.004 -0.2475 1 0 1 4000 1 5 0 5 1000 20349 5
"1080" "C" 0.004 -0.0825 0.4225 0 1 4000 1 5 0.861565832184908 5 1000 20121 5
"1081" "C" 0.04 -0.33 0.34 1 1 4000 1 5 1.07880966137193 5 1000 21668 5
"1082" "C" 0.04 -0.45375 0.46375 1 1 4000 1 5 0.768409665060492 5 1000 21824 5
"1083" "C" 0.004 -0.495 0.21625 0 1 4000 1 5 1.53132013317015 5 1000 20611 5
"1084" "C" 0.004 -0.78375 0.5875 1 1 4000 1 5 0.531879032963823 5 1000 20980 5
"1085" "C" 0.004 -0.495 0.5875 0 1 4000 1 5 0.531879032963823 5 1000 20629 5
"1086" "C" 0.004 -0.45375 0.46375 0 1 4000 1 5 0.768409665060492 5 1000 20573 5
"1087" "C" 0.04 -0.99 1 0 1 4000 1 5 0 5 1000 22499 5
"1088" "C" 0.04 -0.33 0.67 0 1 4000 1 5 0.400477566597125 5 1000 21683 5
"1089" "C" 0.04 -0.78375 0.71125 0 1 4000 1 5 0.340731293541596 5 1000 22235 5
"1090" "C" 0.004 -0.2475 0.835 0 1 4000 1 5 0.180323554131281 5 1000 20341 5
"1091" "C" 0.04 -0.165 0.29875 1 1 4000 1 5 1.20814817573642 5 1000 21466 5
"1092" "C" 0.04 -0.825 0.34 0 1 4000 1 5 1.07880966137193 5 1000 22267 5
"1093" "C" 0.004 -0.28875 0.46375 1 1 4000 1 5 0.768409665060492 5 1000 20374 5
"1094" "C" 0.04 -0.20625 0.62875 0 1 4000 1 5 0.464021557568188 5 1000 21531 5
"1095" "C" 0.04 -0.0825 0.46375 1 1 4000 1 5 0.768409665060492 5 1000 21374 5
"1096" "C" 0.04 -0.04125 0.54625 1 1 4000 1 5 0.604678532572337 5 1000 21328 5
"1097" "C" 0.04 -0.20625 0.79375 1 1 4000 1 5 0.230986728775236 5 1000 21540 5
"1098" "C" 0.04 -0.04125 0.71125 1 1 4000 1 5 0.340731293541596 5 1000 21336 5
"1099" "C" 0.004 -0.61875 0.7525 1 1 4000 1 5 0.284354282359106 5 1000 20788 5
"1100" "C" 0.04 -0.165 0.01 1 1 4000 1 5 4.60517018598809 5 1000 21452 5
"1101" "C" 0.04 -0.7425 0.01 1 1 4000 1 5 4.60517018598809 5 1000 22152 5
"1102" "C" 0.004 -0.86625 0.62875 0 1 4000 1 5 0.464021557568188 5 1000 21081 5
"1103" "C" 0.004 -0.4125 0.7525 0 1 4000 1 5 0.284354282359106 5 1000 20537 5
"1104" "C" 0.04 -0.53625 0.175 1 1 4000 1 5 1.74296930505862 5 1000 21910 5
"1105" "C" 0.04 -0.825 0.95875 0 1 4000 1 5 0.042124926300671 5 1000 22297 5
"1106" "C" 0.04 -0.45375 0.5875 1 1 4000 1 5 0.531879032963823 5 1000 21830 5
"1107" "C" 0.004 -0.12375 0.2575 0 1 4000 1 5 1.35673555887835 5 1000 20163 5
"1108" "C" 0.004 -0.37125 0.87625 1 1 4000 1 5 0.132103840633337 5 1000 20494 5
"1109" "C" 0.004 -0.28875 0.01 1 1 4000 1 5 4.60517018598809 5 1000 20352 5
"1110" "C" 0.04 -0.2475 1 1 1 4000 1 5 0 5 1000 21600 5
"1111" "C" 0.04 -0.61875 0.54625 1 1 4000 1 5 0.604678532572337 5 1000 22028 5
"1112" "C" 0.004 -0.66 0.21625 1 1 4000 1 5 1.53132013317015 5 1000 20812 5
"1113" "C" 0.004 -0.5775 0.9175 1 1 4000 1 5 0.0861026990534116 5 1000 20746 5
"1114" "C" 0.04 -0.99 0.13375 0 1 4000 1 5 2.01178289320602 5 1000 22457 5
"1115" "C" 0.04 0 0.01 0 1 4000 1 5 4.60517018598809 5 1000 21251 5
"1116" "C" 0.04 -0.94875 0.505 0 1 4000 1 5 0.683196849706777 5 1000 22425 5
"1117" "C" 0.04 -0.66 0.4225 1 1 4000 1 5 0.861565832184908 5 1000 22072 5
"1118" "C" 0.004 -0.45375 0.79375 1 1 4000 1 5 0.230986728775236 5 1000 20590 5
"1119" "C" 0.004 -0.86625 0.13375 1 1 4000 1 5 2.01178289320602 5 1000 21058 5
"1120" "C" 0.04 -0.53625 0.01 1 1 4000 1 5 4.60517018598809 5 1000 21902 5
"1121" "C" 0.04 -0.2475 0.62875 0 1 4000 1 5 0.464021557568188 5 1000 21581 5
"1122" "C" 0.04 -0.86625 0.4225 1 1 4000 1 5 0.861565832184908 5 1000 22322 5
"1123" "C" 0.004 -0.4125 0.71125 1 1 4000 1 5 0.340731293541596 5 1000 20536 5
"1124" "C" 0.004 -0.99 0.01 1 1 4000 1 5 4.60517018598809 5 1000 21202 5
"1125" "C" 0.004 -0.66 0.505 1 1 4000 1 5 0.683196849706777 5 1000 20826 5
"1126" "C" 0.04 -0.53625 0.54625 0 1 4000 1 5 0.604678532572337 5 1000 21927 5
"1127" "C" 0.04 -0.99 0.01 0 1 4000 1 5 4.60517018598809 5 1000 22451 5
"1128" "C" 0.04 -0.33 0.0925 1 1 4000 1 5 2.38054663446376 5 1000 21656 5
"1129" "C" 0.004 -0.78375 0.505 0 1 4000 1 5 0.683196849706777 5 1000 20975 5
"1130" "C" 0.004 -0.0825 0.46375 1 1 4000 1 5 0.768409665060492 5 1000 20124 5
"1131" "C" 0.004 -0.0825 0.2575 0 1 4000 1 5 1.35673555887835 5 1000 20113 5
"1132" "C" 0.004 -0.99 0.54625 0 1 4000 1 5 0.604678532572337 5 1000 21227 5
"1133" "C" 0.004 -0.9075 0.29875 0 1 4000 1 5 1.20814817573642 5 1000 21115 5
"1134" "C" 0.004 -0.7425 0.7525 1 1 4000 1 5 0.284354282359106 5 1000 20938 5
"1135" "C" 0.04 -0.94875 0.2575 0 1 4000 1 5 1.35673555887835 5 1000 22413 5
"1136" "C" 0.004 -0.4125 0.67 1 1 4000 1 5 0.400477566597125 5 1000 20534 5
"1137" "C" 0.004 -0.94875 0.01 1 1 4000 1 5 4.60517018598809 5 1000 21152 5
"1138" "C" 0.004 -0.20625 0.54625 1 1 4000 1 5 0.604678532572337 5 1000 20278 5
"1139" "C" 0.04 -0.5775 0.95875 0 1 4000 1 5 0.042124926300671 5 1000 21997 5
"1140" "C" 0.04 -0.53625 0.21625 1 1 4000 1 5 1.53132013317015 5 1000 21912 5
"1141" "C" 0.04 -0.04125 0.95875 0 1 4000 1 5 0.042124926300671 5 1000 21347 5
"1142" "C" 0.04 -0.165 0.835 0 1 4000 1 5 0.180323554131281 5 1000 21491 5
"1143" "C" 0.004 -0.12375 0.67 0 1 4000 1 5 0.400477566597125 5 1000 20183 5
"1144" "C" 0.04 -0.78375 0.62875 0 1 4000 1 5 0.464021557568188 5 1000 22231 5
"1145" "C" 0.004 -0.12375 0.71125 0 1 4000 1 5 0.340731293541596 5 1000 20185 5
"1146" "C" 0.004 -0.61875 0.38125 1 1 4000 1 5 0.964299951060516 5 1000 20770 5
"1147" "C" 0.004 -0.2475 0.79375 0 1 4000 1 5 0.230986728775236 5 1000 20339 5
"1148" "C" 0.04 -0.0825 0.79375 1 1 4000 1 5 0.230986728775236 5 1000 21390 5
"1149" "C" 0.04 -0.04125 0.7525 0 1 4000 1 5 0.284354282359106 5 1000 21337 5
"1150" "C" 0.04 -0.0825 0.38125 0 1 4000 1 5 0.964299951060516 5 1000 21369 5
"1151" "C" 0.004 -0.94875 0.175 0 1 4000 1 5 1.74296930505862 5 1000 21159 5
"1152" "C" 0.04 -0.5775 0.67 0 1 4000 1 5 0.400477566597125 5 1000 21983 5
"1153" "C" 0.004 -0.61875 0.87625 0 1 4000 1 5 0.132103840633337 5 1000 20793 5
"1154" "C" 0.004 -0.33 0.67 0 1 4000 1 5 0.400477566597125 5 1000 20433 5
"1155" "C" 0.004 -0.7425 0.67 1 1 4000 1 5 0.400477566597125 5 1000 20934 5
"1156" "C" 0.04 -0.99 0.2575 1 1 4000 1 5 1.35673555887835 5 1000 22464 5
"1157" "C" 0.04 -0.7425 0.79375 1 1 4000 1 5 0.230986728775236 5 1000 22190 5
"1158" "C" 0.04 -0.165 0.505 1 1 4000 1 5 0.683196849706777 5 1000 21476 5
"1159" "C" 0.04 -0.7425 0.46375 0 1 4000 1 5 0.768409665060492 5 1000 22173 5
"1160" "C" 0.004 -0.5775 0.29875 1 1 4000 1 5 1.20814817573642 5 1000 20716 5
"1161" "C" 0.004 -0.53625 0.29875 1 1 4000 1 5 1.20814817573642 5 1000 20666 5
"1162" "C" 0.004 -0.20625 0.835 0 1 4000 1 5 0.180323554131281 5 1000 20291 5
"1163" "C" 0.004 0 0.13375 1 1 4000 1 5 2.01178289320602 5 1000 20008 5
"1164" "C" 0.04 -0.78375 0.54625 1 1 4000 1 5 0.604678532572337 5 1000 22228 5
"1165" "C" 0.04 -0.86625 0.62875 0 1 4000 1 5 0.464021557568188 5 1000 22331 5
"1166" "C" 0.04 -0.4125 0.79375 0 1 4000 1 5 0.230986728775236 5 1000 21789 5
"1167" "C" 0.04 -0.70125 0.01 1 1 4000 1 5 4.60517018598809 5 1000 22102 5
"1168" "C" 0.004 -0.33 0.67 1 1 4000 1 5 0.400477566597125 5 1000 20434 5
"1169" "C" 0.004 -0.86625 0.05125 0 1 4000 1 5 2.97103966096362 5 1000 21053 5
"1170" "C" 0.04 -0.53625 0.79375 0 1 4000 1 5 0.230986728775236 5 1000 21939 5
"1171" "C" 0.04 -0.28875 0.21625 0 1 4000 1 5 1.53132013317015 5 1000 21611 5
"1172" "C" 0.04 -0.61875 0.54625 0 1 4000 1 5 0.604678532572337 5 1000 22027 5
"1173" "C" 0.004 -0.70125 0.5875 1 1 4000 1 5 0.531879032963823 5 1000 20880 5
"1174" "C" 0.004 -0.825 0.9175 0 1 4000 1 5 0.0861026990534116 5 1000 21045 5
"1175" "C" 0.04 -0.86625 0.29875 0 1 4000 1 5 1.20814817573642 5 1000 22315 5
"1176" "C" 0.04 -0.495 0.71125 0 1 4000 1 5 0.340731293541596 5 1000 21885 5
"1177" "C" 0.04 0 0.01 1 1 4000 1 5 4.60517018598809 5 1000 21252 5
"1178" "C" 0.04 -0.495 0.2575 1 1 4000 1 5 1.35673555887835 5 1000 21864 5
"1179" "C" 0.04 -0.4125 0.54625 0 1 4000 1 5 0.604678532572337 5 1000 21777 5
"1180" "C" 0.004 -0.2475 0.2575 0 1 4000 1 5 1.35673555887835 5 1000 20313 5
"1181" "C" 0.04 -0.2475 0.5875 1 1 4000 1 5 0.531879032963823 5 1000 21580 5
"1182" "C" 0.04 -0.7425 0.9175 1 1 4000 1 5 0.0861026990534116 5 1000 22196 5
"1183" "C" 0.04 -0.2475 0.4225 0 1 4000 1 5 0.861565832184908 5 1000 21571 5
"1184" "C" 0.04 -0.4125 0.05125 1 1 4000 1 5 2.97103966096362 5 1000 21754 5
"1185" "C" 0.04 -0.78375 0.54625 0 1 4000 1 5 0.604678532572337 5 1000 22227 5
"1186" "C" 0.004 -0.7425 0.4225 1 1 4000 1 5 0.861565832184908 5 1000 20922 5
"1187" "C" 0.004 -0.9075 0.5875 0 1 4000 1 5 0.531879032963823 5 1000 21129 5
"1188" "C" 0.004 -0.9075 0.05125 1 1 4000 1 5 2.97103966096362 5 1000 21104 5
"1189" "C" 0.04 -0.825 0.01 0 1 4000 1 5 4.60517018598809 5 1000 22251 5
"1190" "C" 0.04 -0.53625 0.13375 0 1 4000 1 5 2.01178289320602 5 1000 21907 5
"1191" "C" 0.004 -0.28875 0.87625 0 1 4000 1 5 0.132103840633337 5 1000 20393 5
"1192" "C" 0.004 -0.86625 0.13375 0 1 4000 1 5 2.01178289320602 5 1000 21057 5
"1193" "C" 0.004 -0.2475 0.5875 0 1 4000 1 5 0.531879032963823 5 1000 20329 5
"1194" "C" 0.04 -0.33 0.13375 0 1 4000 1 5 2.01178289320602 5 1000 21657 5
"1195" "C" 0.004 -0.78375 0.62875 1 1 4000 1 5 0.464021557568188 5 1000 20982 5
"1196" "C" 0.04 -0.04125 0.95875 1 1 4000 1 5 0.042124926300671 5 1000 21348 5
"1197" "C" 0.04 -0.12375 1 1 1 4000 1 5 0 5 1000 21450 5
"1198" "C" 0.004 -0.66 0.4225 1 1 4000 1 5 0.861565832184908 5 1000 20822 5
"1199" "C" 0.04 -0.9075 0.34 1 1 4000 1 5 1.07880966137193 5 1000 22368 5
"1200" "C" 0.04 -0.165 0.5875 0 1 4000 1 5 0.531879032963823 5 1000 21479 5
"1201" "C" 0.004 -0.86625 0.5875 0 1 4000 1 5 0.531879032963823 5 1000 21079 5
"1202" "C" 0.004 -0.94875 0.54625 1 1 4000 1 5 0.604678532572337 5 1000 21178 5
"1203" "C" 0.04 -0.28875 0.38125 1 1 4000 1 5 0.964299951060516 5 1000 21620 5
"1204" "C" 0.04 -0.61875 0.0925 0 1 4000 1 5 2.38054663446376 5 1000 22005 5
"1205" "C" 0.04 -0.99 0.175 0 1 4000 1 5 1.74296930505862 5 1000 22459 5
"1206" "C" 0.04 -0.12375 0.71125 0 1 4000 1 5 0.340731293541596 5 1000 21435 5
"1207" "C" 0.04 -0.99 0.67 1 1 4000 1 5 0.400477566597125 5 1000 22484 5
"1208" "C" 0.04 -0.66 0.835 0 1 4000 1 5 0.180323554131281 5 1000 22091 5
"1209" "C" 0.04 -0.37125 0.95875 1 1 4000 1 5 0.042124926300671 5 1000 21748 5
"1210" "C" 0.04 -0.78375 0.46375 0 1 4000 1 5 0.768409665060492 5 1000 22223 5
"1211" "C" 0.004 -0.04125 0.05125 1 1 4000 1 5 2.97103966096362 5 1000 20054 5
"1212" "C" 0.04 -0.28875 0.71125 0 1 4000 1 5 0.340731293541596 5 1000 21635 5
"1213" "C" 0.004 -0.20625 0.67 0 1 4000 1 5 0.400477566597125 5 1000 20283 5
"1214" "C" 0.04 -0.61875 0.835 0 1 4000 1 5 0.180323554131281 5 1000 22041 5
"1215" "C" 0.004 0 0.54625 0 1 4000 1 5 0.604678532572337 5 1000 20027 5
"1216" "C" 0.004 -0.70125 0.505 1 1 4000 1 5 0.683196849706777 5 1000 20876 5
"1217" "C" 0.004 0 0.2575 1 1 4000 1 5 1.35673555887835 5 1000 20014 5
"1218" "C" 0.004 -0.86625 0.71125 1 1 4000 1 5 0.340731293541596 5 1000 21086 5
"1219" "C" 0.004 -0.12375 0.7525 0 1 4000 1 5 0.284354282359106 5 1000 20187 5
"1220" "C" 0.04 -0.2475 0.79375 0 1 4000 1 5 0.230986728775236 5 1000 21589 5
"1221" "C" 0.04 -0.28875 0.54625 1 1 4000 1 5 0.604678532572337 5 1000 21628 5
"1222" "C" 0.04 -0.165 0.46375 1 1 4000 1 5 0.768409665060492 5 1000 21474 5
"1223" "C" 0.04 -0.9075 0.4225 0 1 4000 1 5 0.861565832184908 5 1000 22371 5
"1224" "C" 0.004 -0.12375 0.67 1 1 4000 1 5 0.400477566597125 5 1000 20184 5
"1225" "C" 0.04 -0.12375 0.5875 0 1 4000 1 5 0.531879032963823 5 1000 21429 5
"1226" "C" 0.004 -0.94875 0.7525 1 1 4000 1 5 0.284354282359106 5 1000 21188 5
"1227" "C" 0.004 -0.94875 0.5875 0 1 4000 1 5 0.531879032963823 5 1000 21179 5
"1228" "C" 0.04 -0.20625 0.2575 1 1 4000 1 5 1.35673555887835 5 1000 21514 5
"1229" "C" 0.004 -0.70125 0.505 0 1 4000 1 5 0.683196849706777 5 1000 20875 5
"1230" "C" 0.004 -0.0825 0.34 1 1 4000 1 5 1.07880966137193 5 1000 20118 5
"1231" "C" 0.004 -0.825 0.95875 0 1 4000 1 5 0.042124926300671 5 1000 21047 5
"1232" "C" 0.04 -0.66 0.67 0 1 4000 1 5 0.400477566597125 5 1000 22083 5
"1233" "C" 0.004 -0.28875 0.95875 0 1 4000 1 5 0.042124926300671 5 1000 20397 5
"1234" "C" 0.004 -0.9075 0.79375 0 1 4000 1 5 0.230986728775236 5 1000 21139 5
"1235" "C" 0.04 -0.825 0.67 0 1 4000 1 5 0.400477566597125 5 1000 22283 5
"1236" "C" 0.004 -0.5775 0.7525 0 1 4000 1 5 0.284354282359106 5 1000 20737 5
"1237" "C" 0.04 -0.66 0.7525 0 1 4000 1 5 0.284354282359106 5 1000 22087 5
"1238" "C" 0.04 -0.20625 0.05125 1 1 4000 1 5 2.97103966096362 5 1000 21504 5
"1239" "C" 0.004 -0.20625 0.01 1 1 4000 1 5 4.60517018598809 5 1000 20252 5
"1240" "C" 0.004 -0.53625 0.9175 1 1 4000 1 5 0.0861026990534116 5 1000 20696 5
"1241" "C" 0.04 -0.66 0.5875 0 1 4000 1 5 0.531879032963823 5 1000 22079 5
"1242" "C" 0.004 -0.28875 0.0925 1 1 4000 1 5 2.38054663446376 5 1000 20356 5
"1243" "C" 0.004 -0.165 0.13375 1 1 4000 1 5 2.01178289320602 5 1000 20208 5
"1244" "C" 0.004 -0.825 0.71125 0 1 4000 1 5 0.340731293541596 5 1000 21035 5
"1245" "C" 0.004 -0.37125 0.46375 1 1 4000 1 5 0.768409665060492 5 1000 20474 5
"1246" "C" 0.04 -0.99 0.835 1 1 4000 1 5 0.180323554131281 5 1000 22492 5
"1247" "C" 0.004 -0.12375 0.95875 0 1 4000 1 5 0.042124926300671 5 1000 20197 5
"1248" "C" 0.04 -0.5775 0.34 0 1 4000 1 5 1.07880966137193 5 1000 21967 5
"1249" "C" 0.004 -0.70125 0.05125 0 1 4000 1 5 2.97103966096362 5 1000 20853 5
"1250" "C" 0.04 -0.12375 0.0925 0 1 4000 1 5 2.38054663446376 5 1000 21405 5
"1251" "C" 0.004 -0.165 0.79375 1 1 4000 1 5 0.230986728775236 5 1000 20240 5
"1252" "C" 0.04 -0.28875 0.34 1 1 4000 1 5 1.07880966137193 5 1000 21618 5
"1253" "C" 0.04 -0.28875 0.87625 1 1 4000 1 5 0.132103840633337 5 1000 21644 5
"1254" "C" 0.04 -0.33 0.2575 0 1 4000 1 5 1.35673555887835 5 1000 21663 5
"1255" "C" 0.04 -0.165 0.2575 1 1 4000 1 5 1.35673555887835 5 1000 21464 5
"1256" "C" 0.04 -0.7425 0.4225 0 1 4000 1 5 0.861565832184908 5 1000 22171 5
"1257" "C" 0.04 -0.94875 0.38125 0 1 4000 1 5 0.964299951060516 5 1000 22419 5
"1258" "C" 0.04 -0.495 0.9175 0 1 4000 1 5 0.0861026990534116 5 1000 21895 5
"1259" "C" 0.04 -0.86625 0.21625 0 1 4000 1 5 1.53132013317015 5 1000 22311 5
"1260" "C" 0.04 -0.28875 0.7525 1 1 4000 1 5 0.284354282359106 5 1000 21638 5
"1261" "C" 0.04 -0.495 0.13375 1 1 4000 1 5 2.01178289320602 5 1000 21858 5
"1262" "C" 0.04 -0.0825 0.54625 0 1 4000 1 5 0.604678532572337 5 1000 21377 5
"1263" "C" 0.004 -0.45375 0.0925 0 1 4000 1 5 2.38054663446376 5 1000 20555 5
"1264" "C" 0.04 -0.70125 0.0925 1 1 4000 1 5 2.38054663446376 5 1000 22106 5
"1265" "C" 0.004 -0.99 0.7525 1 1 4000 1 5 0.284354282359106 5 1000 21238 5
"1266" "C" 0.04 0 0.05125 0 1 4000 1 5 2.97103966096362 5 1000 21253 5
"1267" "C" 0.004 -0.9075 0.0925 1 1 4000 1 5 2.38054663446376 5 1000 21106 5
"1268" "C" 0.004 -0.20625 0.5875 1 1 4000 1 5 0.531879032963823 5 1000 20280 5
"1269" "C" 0.004 -0.495 0.62875 0 1 4000 1 5 0.464021557568188 5 1000 20631 5
"1270" "C" 0.004 -0.61875 0.01 0 1 4000 1 5 4.60517018598809 5 1000 20751 5
"1271" "C" 0.004 -0.0825 0.67 0 1 4000 1 5 0.400477566597125 5 1000 20133 5
"1272" "C" 0.04 -0.33 0.71125 0 1 4000 1 5 0.340731293541596 5 1000 21685 5
"1273" "C" 0.04 -0.53625 0.175 0 1 4000 1 5 1.74296930505862 5 1000 21909 5
"1274" "C" 0.04 -0.33 0.54625 1 1 4000 1 5 0.604678532572337 5 1000 21678 5
"1275" "C" 0.004 -0.2475 0.54625 0 1 4000 1 5 0.604678532572337 5 1000 20327 5
"1276" "C" 0.04 -0.99 0.21625 1 1 4000 1 5 1.53132013317015 5 1000 22462 5
"1277" "C" 0.04 -0.7425 0.505 0 1 4000 1 5 0.683196849706777 5 1000 22175 5
"1278" "C" 0.004 -0.5775 0.05125 1 1 4000 1 5 2.97103966096362 5 1000 20704 5
"1279" "C" 0.004 0 0.87625 1 1 4000 1 5 0.132103840633337 5 1000 20044 5
"1280" "C" 0.004 -0.53625 0.01 1 1 4000 1 5 4.60517018598809 5 1000 20652 5
"1281" "C" 0.004 -0.04125 0.4225 1 1 4000 1 5 0.861565832184908 5 1000 20072 5
"1282" "C" 0.004 -0.165 0.05125 0 1 4000 1 5 2.97103966096362 5 1000 20203 5
"1283" "C" 0.004 0 0.62875 0 1 4000 1 5 0.464021557568188 5 1000 20031 5
"1284" "C" 0.04 -0.04125 0.05125 1 1 4000 1 5 2.97103966096362 5 1000 21304 5
"1285" "C" 0.004 -0.20625 0.0925 0 1 4000 1 5 2.38054663446376 5 1000 20255 5
"1286" "C" 0.004 -0.28875 0.835 1 1 4000 1 5 0.180323554131281 5 1000 20392 5
"1287" "C" 0.04 -0.28875 0.505 0 1 4000 1 5 0.683196849706777 5 1000 21625 5
"1288" "C" 0.004 -0.825 0.67 0 1 4000 1 5 0.400477566597125 5 1000 21033 5
"1289" "C" 0.04 -0.94875 0.34 1 1 4000 1 5 1.07880966137193 5 1000 22418 5
"1290" "C" 0.04 -0.53625 0.54625 1 1 4000 1 5 0.604678532572337 5 1000 21928 5
"1291" "C" 0.04 -0.33 0.29875 0 1 4000 1 5 1.20814817573642 5 1000 21665 5
"1292" "C" 0.04 -0.70125 0.01 0 1 4000 1 5 4.60517018598809 5 1000 22101 5
"1293" "C" 0.04 -0.28875 0.2575 0 1 4000 1 5 1.35673555887835 5 1000 21613 5
"1294" "C" 0.004 -0.9075 0.38125 1 1 4000 1 5 0.964299951060516 5 1000 21120 5
"1295" "C" 0.004 -0.9075 0.505 1 1 4000 1 5 0.683196849706777 5 1000 21126 5
"1296" "C" 0.04 -0.0825 0.38125 1 1 4000 1 5 0.964299951060516 5 1000 21370 5
"1297" "C" 0.004 -0.7425 0.175 1 1 4000 1 5 1.74296930505862 5 1000 20910 5
"1298" "C" 0.004 -0.9075 0.4225 1 1 4000 1 5 0.861565832184908 5 1000 21122 5
"1299" "C" 0.04 -0.2475 0.21625 1 1 4000 1 5 1.53132013317015 5 1000 21562 5
"1300" "C" 0.04 -0.165 0.0925 0 1 4000 1 5 2.38054663446376 5 1000 21455 5
"1301" "C" 0.04 -0.7425 0.7525 0 1 4000 1 5 0.284354282359106 5 1000 22187 5
"1302" "C" 0.004 -0.04125 0.05125 0 1 4000 1 5 2.97103966096362 5 1000 20053 5
"1303" "C" 0.04 -0.7425 0.505 1 1 4000 1 5 0.683196849706777 5 1000 22176 5
"1304" "C" 0.004 -0.70125 0.62875 1 1 4000 1 5 0.464021557568188 5 1000 20882 5
"1305" "C" 0.04 -0.86625 0.95875 1 1 4000 1 5 0.042124926300671 5 1000 22348 5
"1306" "C" 0.004 -0.4125 0.05125 0 1 4000 1 5 2.97103966096362 5 1000 20503 5
"1307" "C" 0.04 -0.7425 0.2575 1 1 4000 1 5 1.35673555887835 5 1000 22164 5
"1308" "C" 0.004 -0.04125 0.9175 0 1 4000 1 5 0.0861026990534116 5 1000 20095 5
"1309" "C" 0.004 -0.94875 1 1 1 4000 1 5 0 5 1000 21200 5
"1310" "C" 0.004 -0.78375 0.9175 1 1 4000 1 5 0.0861026990534116 5 1000 20996 5
"1311" "C" 0.004 -0.2475 0.71125 1 1 4000 1 5 0.340731293541596 5 1000 20336 5
"1312" "C" 0.04 -0.45375 1 1 1 4000 1 5 0 5 1000 21850 5
"1313" "C" 0.004 -0.825 0.54625 0 1 4000 1 5 0.604678532572337 5 1000 21027 5
"1314" "C" 0.004 -0.9075 0.01 1 1 4000 1 5 4.60517018598809 5 1000 21102 5
"1315" "C" 0.04 -0.70125 0.67 1 1 4000 1 5 0.400477566597125 5 1000 22134 5
"1316" "C" 0.04 -0.20625 0.67 0 1 4000 1 5 0.400477566597125 5 1000 21533 5
"1317" "C" 0.04 -0.4125 0.38125 0 1 4000 1 5 0.964299951060516 5 1000 21769 5
"1318" "C" 0.04 -0.78375 0.21625 0 1 4000 1 5 1.53132013317015 5 1000 22211 5
"1319" "C" 0.04 -0.2475 0.9175 0 1 4000 1 5 0.0861026990534116 5 1000 21595 5
"1320" "C" 0.004 0 0.21625 1 1 4000 1 5 1.53132013317015 5 1000 20012 5
"1321" "C" 0.004 -0.165 0.0925 0 1 4000 1 5 2.38054663446376 5 1000 20205 5
"1322" "C" 0.004 -0.9075 0.4225 0 1 4000 1 5 0.861565832184908 5 1000 21121 5
"1323" "C" 0.04 -0.0825 0.21625 1 1 4000 1 5 1.53132013317015 5 1000 21362 5
"1324" "C" 0.004 -0.94875 0.9175 0 1 4000 1 5 0.0861026990534116 5 1000 21195 5
"1325" "C" 0.04 -0.33 0.9175 0 1 4000 1 5 0.0861026990534116 5 1000 21695 5
"1326" "C" 0.004 -0.86625 0.01 1 1 4000 1 5 4.60517018598809 5 1000 21052 5
"1327" "C" 0.04 -0.28875 0.4225 1 1 4000 1 5 0.861565832184908 5 1000 21622 5
"1328" "C" 0.04 -0.5775 0.67 1 1 4000 1 5 0.400477566597125 5 1000 21984 5
"1329" "C" 0.04 -0.45375 0.87625 0 1 4000 1 5 0.132103840633337 5 1000 21843 5
"1330" "C" 0.004 -0.94875 0.835 0 1 4000 1 5 0.180323554131281 5 1000 21191 5
"1331" "C" 0.04 -0.94875 0.01 1 1 4000 1 5 4.60517018598809 5 1000 22402 5
"1332" "C" 0.004 -0.0825 0.505 0 1 4000 1 5 0.683196849706777 5 1000 20125 5
"1333" "C" 0.004 -0.2475 0.46375 0 1 4000 1 5 0.768409665060492 5 1000 20323 5
"1334" "C" 0.004 -0.61875 0.21625 1 1 4000 1 5 1.53132013317015 5 1000 20762 5
"1335" "C" 0.04 0 0.54625 0 1 4000 1 5 0.604678532572337 5 1000 21277 5
"1336" "C" 0.04 -0.20625 0.9175 0 1 4000 1 5 0.0861026990534116 5 1000 21545 5
"1337" "C" 0.004 0 0.29875 1 1 4000 1 5 1.20814817573642 5 1000 20016 5
"1338" "C" 0.004 -0.495 0.4225 1 1 4000 1 5 0.861565832184908 5 1000 20622 5
"1339" "C" 0.004 -0.20625 0.67 1 1 4000 1 5 0.400477566597125 5 1000 20284 5
"1340" "C" 0.004 -0.78375 0.2575 0 1 4000 1 5 1.35673555887835 5 1000 20963 5
"1341" "C" 0.004 -0.0825 0.87625 0 1 4000 1 5 0.132103840633337 5 1000 20143 5
"1342" "C" 0.004 -0.86625 0.87625 1 1 4000 1 5 0.132103840633337 5 1000 21094 5
"1343" "C" 0.04 -0.53625 0.7525 0 1 4000 1 5 0.284354282359106 5 1000 21937 5
"1344" "C" 0.004 -0.9075 0.835 1 1 4000 1 5 0.180323554131281 5 1000 21142 5
"1345" "C" 0.004 -0.94875 0.34 0 1 4000 1 5 1.07880966137193 5 1000 21167 5
"1346" "C" 0.004 -0.45375 0.62875 0 1 4000 1 5 0.464021557568188 5 1000 20581 5
"1347" "C" 0.04 0 0.9175 0 1 4000 1 5 0.0861026990534116 5 1000 21295 5
"1348" "C" 0.04 -0.2475 0.21625 0 1 4000 1 5 1.53132013317015 5 1000 21561 5
"1349" "C" 0.04 -0.4125 0.62875 1 1 4000 1 5 0.464021557568188 5 1000 21782 5
"1350" "C" 0.004 -0.66 0.67 0 1 4000 1 5 0.400477566597125 5 1000 20833 5
"1351" "C" 0.004 -0.37125 0.71125 1 1 4000 1 5 0.340731293541596 5 1000 20486 5
"1352" "C" 0.04 -0.5775 0.9175 0 1 4000 1 5 0.0861026990534116 5 1000 21995 5
"1353" "C" 0.004 -0.165 0.835 1 1 4000 1 5 0.180323554131281 5 1000 20242 5
"1354" "C" 0.04 -0.9075 0.2575 1 1 4000 1 5 1.35673555887835 5 1000 22364 5
"1355" "C" 0.04 -0.12375 0.13375 1 1 4000 1 5 2.01178289320602 5 1000 21408 5
"1356" "C" 0.04 -0.5775 0.54625 0 1 4000 1 5 0.604678532572337 5 1000 21977 5
"1357" "C" 0.04 -0.70125 0.5875 0 1 4000 1 5 0.531879032963823 5 1000 22129 5
"1358" "C" 0.04 -0.94875 0.5875 1 1 4000 1 5 0.531879032963823 5 1000 22430 5
"1359" "C" 0.004 -0.165 0.87625 1 1 4000 1 5 0.132103840633337 5 1000 20244 5
"1360" "C" 0.004 -0.9075 0.34 1 1 4000 1 5 1.07880966137193 5 1000 21118 5
"1361" "C" 0.004 -0.5775 0.2575 1 1 4000 1 5 1.35673555887835 5 1000 20714 5
"1362" "C" 0.04 -0.4125 0.5875 1 1 4000 1 5 0.531879032963823 5 1000 21780 5
"1363" "C" 0.04 -0.94875 0.87625 1 1 4000 1 5 0.132103840633337 5 1000 22444 5
"1364" "C" 0.004 -0.495 0.01 1 1 4000 1 5 4.60517018598809 5 1000 20602 5
"1365" "C" 0.04 -0.99 0.0925 0 1 4000 1 5 2.38054663446376 5 1000 22455 5
"1366" "C" 0.04 -0.20625 0.5875 0 1 4000 1 5 0.531879032963823 5 1000 21529 5
"1367" "C" 0.004 -0.94875 0.835 1 1 4000 1 5 0.180323554131281 5 1000 21192 5
"1368" "C" 0.004 -0.9075 0.175 0 1 4000 1 5 1.74296930505862 5 1000 21109 5
"1369" "C" 0.04 -0.12375 0.71125 1 1 4000 1 5 0.340731293541596 5 1000 21436 5
"1370" "C" 0.04 -0.165 0.34 1 1 4000 1 5 1.07880966137193 5 1000 21468 5
"1371" "C" 0.004 -0.28875 0.62875 0 1 4000 1 5 0.464021557568188 5 1000 20381 5
"1372" "C" 0.004 -0.78375 0.95875 0 1 4000 1 5 0.042124926300671 5 1000 20997 5
"1373" "C" 0.04 -0.45375 0.0925 0 1 4000 1 5 2.38054663446376 5 1000 21805 5
"1374" "C" 0.004 -0.78375 0.4225 1 1 4000 1 5 0.861565832184908 5 1000 20972 5
"1375" "C" 0.004 -0.66 0.54625 0 1 4000 1 5 0.604678532572337 5 1000 20827 5
"1376" "C" 0.004 -0.86625 0.54625 0 1 4000 1 5 0.604678532572337 5 1000 21077 5
"1377" "C" 0.04 -0.61875 0.175 1 1 4000 1 5 1.74296930505862 5 1000 22010 5
"1378" "C" 0.004 -0.78375 0.67 1 1 4000 1 5 0.400477566597125 5 1000 20984 5
"1379" "C" 0.004 -0.12375 0.38125 0 1 4000 1 5 0.964299951060516 5 1000 20169 5
"1380" "C" 0.004 0 0.4225 1 1 4000 1 5 0.861565832184908 5 1000 20022 5
"1381" "C" 0.004 -0.86625 0.21625 0 1 4000 1 5 1.53132013317015 5 1000 21061 5
"1382" "C" 0.04 -0.45375 0.13375 1 1 4000 1 5 2.01178289320602 5 1000 21808 5
"1383" "C" 0.04 -0.165 0.505 0 1 4000 1 5 0.683196849706777 5 1000 21475 5
"1384" "C" 0.004 -0.94875 0.2575 1 1 4000 1 5 1.35673555887835 5 1000 21164 5
"1385" "C" 0.004 -0.99 0.29875 0 1 4000 1 5 1.20814817573642 5 1000 21215 5
"1386" "C" 0.04 -0.70125 0.7525 0 1 4000 1 5 0.284354282359106 5 1000 22137 5
"1387" "C" 0.04 -0.0825 0.71125 0 1 4000 1 5 0.340731293541596 5 1000 21385 5
"1388" "C" 0.004 -0.20625 0.505 0 1 4000 1 5 0.683196849706777 5 1000 20275 5
"1389" "C" 0.04 -0.33 0.38125 0 1 4000 1 5 0.964299951060516 5 1000 21669 5
"1390" "C" 0.04 -0.37125 0.62875 0 1 4000 1 5 0.464021557568188 5 1000 21731 5
"1391" "C" 0.04 -0.78375 0.175 0 1 4000 1 5 1.74296930505862 5 1000 22209 5
"1392" "C" 0.004 -0.53625 0.34 0 1 4000 1 5 1.07880966137193 5 1000 20667 5
"1393" "C" 0.04 0 0.79375 1 1 4000 1 5 0.230986728775236 5 1000 21290 5
"1394" "C" 0.04 -0.70125 0.62875 1 1 4000 1 5 0.464021557568188 5 1000 22132 5
"1395" "C" 0.04 -0.0825 0.05125 0 1 4000 1 5 2.97103966096362 5 1000 21353 5
"1396" "C" 0.04 0 0.34 1 1 4000 1 5 1.07880966137193 5 1000 21268 5
"1397" "C" 0.004 -0.53625 0.67 1 1 4000 1 5 0.400477566597125 5 1000 20684 5
"1398" "C" 0.004 -0.45375 0.2575 0 1 4000 1 5 1.35673555887835 5 1000 20563 5
"1399" "C" 0.04 -0.165 0.71125 0 1 4000 1 5 0.340731293541596 5 1000 21485 5
"1400" "C" 0.04 -0.12375 0.62875 1 1 4000 1 5 0.464021557568188 5 1000 21432 5
"1401" "C" 0.04 -0.7425 0.67 0 1 4000 1 5 0.400477566597125 5 1000 22183 5
"1402" "C" 0.004 -0.9075 0.46375 0 1 4000 1 5 0.768409665060492 5 1000 21123 5
"1403" "C" 0.04 -0.20625 0.4225 0 1 4000 1 5 0.861565832184908 5 1000 21521 5
"1404" "C" 0.04 -0.04125 0.71125 0 1 4000 1 5 0.340731293541596 5 1000 21335 5
"1405" "C" 0.004 -0.0825 0.62875 1 1 4000 1 5 0.464021557568188 5 1000 20132 5
"1406" "C" 0.004 -0.37125 0.71125 0 1 4000 1 5 0.340731293541596 5 1000 20485 5
"1407" "C" 0.004 -0.12375 0.505 0 1 4000 1 5 0.683196849706777 5 1000 20175 5
"1408" "C" 0.004 0 0.34 1 1 4000 1 5 1.07880966137193 5 1000 20018 5
"1409" "C" 0.004 -0.53625 0.835 1 1 4000 1 5 0.180323554131281 5 1000 20692 5
"1410" "C" 0.004 -0.495 0.46375 1 1 4000 1 5 0.768409665060492 5 1000 20624 5
"1411" "C" 0.004 -0.9075 0.54625 1 1 4000 1 5 0.604678532572337 5 1000 21128 5
"1412" "C" 0.004 0 0.87625 0 1 4000 1 5 0.132103840633337 5 1000 20043 5
"1413" "C" 0.004 -0.66 0.95875 1 1 4000 1 5 0.042124926300671 5 1000 20848 5
"1414" "C" 0.004 -0.495 0.87625 0 1 4000 1 5 0.132103840633337 5 1000 20643 5
"1415" "C" 0.004 -0.86625 0.2575 1 1 4000 1 5 1.35673555887835 5 1000 21064 5
"1416" "C" 0.04 -0.45375 0.05125 0 1 4000 1 5 2.97103966096362 5 1000 21803 5
"1417" "C" 0.004 -0.53625 0.2575 1 1 4000 1 5 1.35673555887835 5 1000 20664 5
"1418" "C" 0.004 -0.37125 0.13375 1 1 4000 1 5 2.01178289320602 5 1000 20458 5
"1419" "C" 0.004 -0.33 0.21625 1 1 4000 1 5 1.53132013317015 5 1000 20412 5
"1420" "C" 0.004 -0.70125 0.4225 1 1 4000 1 5 0.861565832184908 5 1000 20872 5
"1421" "C" 0.04 -0.66 0.29875 0 1 4000 1 5 1.20814817573642 5 1000 22065 5
"1422" "C" 0.004 -0.28875 0.29875 1 1 4000 1 5 1.20814817573642 5 1000 20366 5
"1423" "C" 0.04 -0.37125 0.79375 0 1 4000 1 5 0.230986728775236 5 1000 21739 5
"1424" "C" 0.04 -0.7425 1 0 1 4000 1 5 0 5 1000 22199 5
"1425" "C" 0.04 -0.165 0.05125 0 1 4000 1 5 2.97103966096362 5 1000 21453 5
"1426" "C" 0.04 -0.20625 0.71125 1 1 4000 1 5 0.340731293541596 5 1000 21536 5
"1427" "C" 0.04 -0.28875 0.38125 0 1 4000 1 5 0.964299951060516 5 1000 21619 5
"1428" "C" 0.04 -0.165 0.38125 1 1 4000 1 5 0.964299951060516 5 1000 21470 5
"1429" "C" 0.004 -0.495 0.175 0 1 4000 1 5 1.74296930505862 5 1000 20609 5
"1430" "C" 0.004 -0.66 0.67 1 1 4000 1 5 0.400477566597125 5 1000 20834 5
"1431" "C" 0.04 -0.12375 0.46375 1 1 4000 1 5 0.768409665060492 5 1000 21424 5
"1432" "C" 0.04 -0.4125 0.46375 0 1 4000 1 5 0.768409665060492 5 1000 21773 5
"1433" "C" 0.004 -0.70125 0.13375 1 1 4000 1 5 2.01178289320602 5 1000 20858 5
"1434" "C" 0.04 -0.7425 0.4225 1 1 4000 1 5 0.861565832184908 5 1000 22172 5
"1435" "C" 0.04 -0.61875 0.13375 1 1 4000 1 5 2.01178289320602 5 1000 22008 5
"1436" "C" 0.004 -0.12375 0.7525 1 1 4000 1 5 0.284354282359106 5 1000 20188 5
"1437" "C" 0.004 -0.2475 0.505 1 1 4000 1 5 0.683196849706777 5 1000 20326 5
"1438" "C" 0.04 -0.66 0.71125 1 1 4000 1 5 0.340731293541596 5 1000 22086 5
"1439" "C" 0.04 -0.9075 0.29875 0 1 4000 1 5 1.20814817573642 5 1000 22365 5
"1440" "C" 0.04 -0.66 0.79375 1 1 4000 1 5 0.230986728775236 5 1000 22090 5
"1441" "C" 0.004 -0.7425 0.21625 0 1 4000 1 5 1.53132013317015 5 1000 20911 5
"1442" "C" 0.04 -0.12375 0.4225 1 1 4000 1 5 0.861565832184908 5 1000 21422 5
"1443" "C" 0.004 -0.5775 0.175 0 1 4000 1 5 1.74296930505862 5 1000 20709 5
"1444" "C" 0.004 -0.825 0.38125 0 1 4000 1 5 0.964299951060516 5 1000 21019 5
"1445" "C" 0.004 -0.53625 0.79375 1 1 4000 1 5 0.230986728775236 5 1000 20690 5
"1446" "C" 0.004 -0.9075 0.13375 1 1 4000 1 5 2.01178289320602 5 1000 21108 5
"1447" "C" 0.04 -0.37125 0.175 0 1 4000 1 5 1.74296930505862 5 1000 21709 5
"1448" "C" 0.004 -0.66 0.13375 1 1 4000 1 5 2.01178289320602 5 1000 20808 5
"1449" "C" 0.04 -0.33 0.05125 0 1 4000 1 5 2.97103966096362 5 1000 21653 5
"1450" "C" 0.04 -0.495 0.95875 0 1 4000 1 5 0.042124926300671 5 1000 21897 5
"1451" "C" 0.04 -0.9075 0.2575 0 1 4000 1 5 1.35673555887835 5 1000 22363 5
"1452" "C" 0.04 -0.70125 0.46375 1 1 4000 1 5 0.768409665060492 5 1000 22124 5
"1453" "C" 0.04 -0.28875 0.7525 0 1 4000 1 5 0.284354282359106 5 1000 21637 5
"1454" "C" 0.04 -0.04125 0.67 0 1 4000 1 5 0.400477566597125 5 1000 21333 5
"1455" "C" 0.04 -0.61875 0.67 1 1 4000 1 5 0.400477566597125 5 1000 22034 5
"1456" "C" 0.004 -0.70125 1 1 1 4000 1 5 0 5 1000 20900 5
"1457" "C" 0.04 -0.2475 0.505 1 1 4000 1 5 0.683196849706777 5 1000 21576 5
"1458" "C" 0.04 -0.53625 0.87625 1 1 4000 1 5 0.132103840633337 5 1000 21944 5
"1459" "C" 0.004 -0.04125 0.62875 1 1 4000 1 5 0.464021557568188 5 1000 20082 5
"1460" "C" 0.004 -0.20625 1 1 1 4000 1 5 0 5 1000 20300 5
"1461" "C" 0.04 -0.165 0.79375 0 1 4000 1 5 0.230986728775236 5 1000 21489 5
"1462" "C" 0.004 -0.0825 0.13375 1 1 4000 1 5 2.01178289320602 5 1000 20108 5
"1463" "C" 0.04 -0.0825 0.87625 0 1 4000 1 5 0.132103840633337 5 1000 21393 5
"1464" "C" 0.04 -0.45375 0.505 0 1 4000 1 5 0.683196849706777 5 1000 21825 5
"1465" "C" 0.004 -0.12375 0.21625 1 1 4000 1 5 1.53132013317015 5 1000 20162 5
"1466" "C" 0.04 -0.86625 0.0925 1 1 4000 1 5 2.38054663446376 5 1000 22306 5
"1467" "C" 0.004 -0.12375 0.54625 1 1 4000 1 5 0.604678532572337 5 1000 20178 5
"1468" "C" 0.004 -0.825 0.34 1 1 4000 1 5 1.07880966137193 5 1000 21018 5
"1469" "C" 0.004 -0.45375 0.95875 0 1 4000 1 5 0.042124926300671 5 1000 20597 5
"1470" "C" 0.004 -0.37125 0.175 1 1 4000 1 5 1.74296930505862 5 1000 20460 5
"1471" "C" 0.004 -0.5775 0.29875 0 1 4000 1 5 1.20814817573642 5 1000 20715 5
"1472" "C" 0.004 -0.66 0.95875 0 1 4000 1 5 0.042124926300671 5 1000 20847 5
"1473" "C" 0.04 -0.825 0.13375 0 1 4000 1 5 2.01178289320602 5 1000 22257 5
"1474" "C" 0.004 -0.5775 0.05125 0 1 4000 1 5 2.97103966096362 5 1000 20703 5
"1475" "C" 0.04 -0.33 0.2575 1 1 4000 1 5 1.35673555887835 5 1000 21664 5
"1476" "C" 0.04 -0.45375 0.175 1 1 4000 1 5 1.74296930505862 5 1000 21810 5
"1477" "C" 0.004 -0.94875 0.87625 1 1 4000 1 5 0.132103840633337 5 1000 21194 5
"1478" "C" 0.004 -0.53625 0.71125 0 1 4000 1 5 0.340731293541596 5 1000 20685 5
"1479" "C" 0.04 -0.53625 1 0 1 4000 1 5 0 5 1000 21949 5
"1480" "C" 0.004 -0.28875 0.2575 0 1 4000 1 5 1.35673555887835 5 1000 20363 5
"1481" "C" 0.04 -0.2475 0.13375 1 1 4000 1 5 2.01178289320602 5 1000 21558 5
"1482" "C" 0.04 -0.66 0.34 1 1 4000 1 5 1.07880966137193 5 1000 22068 5
"1483" "C" 0.04 -0.495 0.54625 1 1 4000 1 5 0.604678532572337 5 1000 21878 5
"1484" "C" 0.004 -0.495 0.2575 1 1 4000 1 5 1.35673555887835 5 1000 20614 5
"1485" "C" 0.04 -0.12375 0.05125 1 1 4000 1 5 2.97103966096362 5 1000 21404 5
"1486" "C" 0.04 -0.9075 1 0 1 4000 1 5 0 5 1000 22399 5
"1487" "C" 0.004 -0.61875 0.95875 0 1 4000 1 5 0.042124926300671 5 1000 20797 5
"1488" "C" 0.04 -0.9075 0.0925 0 1 4000 1 5 2.38054663446376 5 1000 22355 5
"1489" "C" 0.04 -0.61875 0.505 1 1 4000 1 5 0.683196849706777 5 1000 22026 5
"1490" "C" 0.004 -0.53625 0.62875 0 1 4000 1 5 0.464021557568188 5 1000 20681 5
"1491" "C" 0.004 -0.94875 0.71125 1 1 4000 1 5 0.340731293541596 5 1000 21186 5
"1492" "C" 0.004 -0.66 0.62875 1 1 4000 1 5 0.464021557568188 5 1000 20832 5
"1493" "C" 0.004 -0.2475 0.54625 1 1 4000 1 5 0.604678532572337 5 1000 20328 5
"1494" "C" 0.004 -0.28875 0.46375 0 1 4000 1 5 0.768409665060492 5 1000 20373 5
"1495" "C" 0.004 -0.4125 0.67 0 1 4000 1 5 0.400477566597125 5 1000 20533 5
"1496" "C" 0.004 -0.28875 0.54625 0 1 4000 1 5 0.604678532572337 5 1000 20377 5
"1497" "C" 0.004 -0.4125 0.0925 0 1 4000 1 5 2.38054663446376 5 1000 20505 5
"1498" "C" 0.04 -0.12375 0.505 0 1 4000 1 5 0.683196849706777 5 1000 21425 5
"1499" "C" 0.04 -0.165 0.13375 0 1 4000 1 5 2.01178289320602 5 1000 21457 5
"1500" "C" 0.04 -0.70125 0.87625 0 1 4000 1 5 0.132103840633337 5 1000 22143 5
"1501" "C" 0.004 -0.70125 0.87625 0 1 4000 1 5 0.132103840633337 5 1000 20893 5
"1502" "C" 0.004 -0.9075 0.46375 1 1 4000 1 5 0.768409665060492 5 1000 21124 5
"1503" "C" 0.04 -0.99 0.71125 1 1 4000 1 5 0.340731293541596 5 1000 22486 5
"1504" "C" 0.004 -0.9075 0.5875 1 1 4000 1 5 0.531879032963823 5 1000 21130 5
"1505" "C" 0.004 -0.37125 0.5875 0 1 4000 1 5 0.531879032963823 5 1000 20479 5
"1506" "C" 0.004 -0.825 0.4225 0 1 4000 1 5 0.861565832184908 5 1000 21021 5
"1507" "C" 0.004 -0.37125 0.5875 1 1 4000 1 5 0.531879032963823 5 1000 20480 5
"1508" "C" 0.004 -0.825 0.95875 1 1 4000 1 5 0.042124926300671 5 1000 21048 5
"1509" "C" 0.004 -0.78375 0.5875 0 1 4000 1 5 0.531879032963823 5 1000 20979 5
"1510" "C" 0.04 -0.70125 0.13375 1 1 4000 1 5 2.01178289320602 5 1000 22108 5
"1511" "C" 0.004 -0.12375 0.0925 0 1 4000 1 5 2.38054663446376 5 1000 20155 5
"1512" "C" 0.04 -0.33 0.05125 1 1 4000 1 5 2.97103966096362 5 1000 21654 5
"1513" "C" 0.004 -0.33 0.835 1 1 4000 1 5 0.180323554131281 5 1000 20442 5
"1514" "C" 0.04 -0.37125 0.505 1 1 4000 1 5 0.683196849706777 5 1000 21726 5
"1515" "C" 0.004 -0.33 0.13375 0 1 4000 1 5 2.01178289320602 5 1000 20407 5
"1516" "C" 0.004 -0.45375 0.01 0 1 4000 1 5 4.60517018598809 5 1000 20551 5
"1517" "C" 0.04 -0.4125 0.71125 1 1 4000 1 5 0.340731293541596 5 1000 21786 5
"1518" "C" 0.04 -0.78375 1 0 1 4000 1 5 0 5 1000 22249 5
"1519" "C" 0.04 0 0.62875 1 1 4000 1 5 0.464021557568188 5 1000 21282 5
"1520" "C" 0.004 -0.28875 0.5875 1 1 4000 1 5 0.531879032963823 5 1000 20380 5
"1521" "C" 0.04 -0.33 0.5875 0 1 4000 1 5 0.531879032963823 5 1000 21679 5
"1522" "C" 0.04 -0.28875 0.62875 0 1 4000 1 5 0.464021557568188 5 1000 21631 5
"1523" "C" 0.04 -0.78375 0.29875 1 1 4000 1 5 1.20814817573642 5 1000 22216 5
"1524" "C" 0.04 -0.37125 0.4225 1 1 4000 1 5 0.861565832184908 5 1000 21722 5
"1525" "C" 0.004 -0.45375 0.7525 1 1 4000 1 5 0.284354282359106 5 1000 20588 5
"1526" "C" 0.04 -0.66 0.01 0 1 4000 1 5 4.60517018598809 5 1000 22051 5
"1527" "C" 0.04 -0.99 0.2575 0 1 4000 1 5 1.35673555887835 5 1000 22463 5
"1528" "C" 0.004 -0.86625 0.87625 0 1 4000 1 5 0.132103840633337 5 1000 21093 5
"1529" "C" 0.004 -0.94875 0.38125 1 1 4000 1 5 0.964299951060516 5 1000 21170 5
"1530" "C" 0.004 -0.20625 0.21625 0 1 4000 1 5 1.53132013317015 5 1000 20261 5
"1531" "C" 0.004 -0.45375 0.34 0 1 4000 1 5 1.07880966137193 5 1000 20567 5
"1532" "C" 0.004 -0.53625 0.62875 1 1 4000 1 5 0.464021557568188 5 1000 20682 5
"1533" "C" 0.004 -0.20625 0.95875 1 1 4000 1 5 0.042124926300671 5 1000 20298 5
"1534" "C" 0.04 -0.53625 0.34 0 1 4000 1 5 1.07880966137193 5 1000 21917 5
"1535" "C" 0.004 -0.825 0.21625 0 1 4000 1 5 1.53132013317015 5 1000 21011 5
"1536" "C" 0.04 -0.78375 0.21625 1 1 4000 1 5 1.53132013317015 5 1000 22212 5
"1537" "C" 0.004 -0.7425 0.0925 1 1 4000 1 5 2.38054663446376 5 1000 20906 5
"1538" "C" 0.004 -0.78375 0.7525 1 1 4000 1 5 0.284354282359106 5 1000 20988 5
"1539" "C" 0.04 -0.165 0.4225 1 1 4000 1 5 0.861565832184908 5 1000 21472 5
"1540" "C" 0.004 0 0.2575 0 1 4000 1 5 1.35673555887835 5 1000 20013 5
"1541" "C" 0.004 -0.5775 0.175 1 1 4000 1 5 1.74296930505862 5 1000 20710 5
"1542" "C" 0.04 -0.20625 0.38125 0 1 4000 1 5 0.964299951060516 5 1000 21519 5
"1543" "C" 0.004 -0.20625 0.175 1 1 4000 1 5 1.74296930505862 5 1000 20260 5
"1544" "C" 0.004 -0.4125 0.95875 0 1 4000 1 5 0.042124926300671 5 1000 20547 5
"1545" "C" 0.04 -0.2475 0.835 1 1 4000 1 5 0.180323554131281 5 1000 21592 5
"1546" "C" 0.004 -0.61875 0.38125 0 1 4000 1 5 0.964299951060516 5 1000 20769 5
"1547" "C" 0.004 0 0.29875 0 1 4000 1 5 1.20814817573642 5 1000 20015 5
"1548" "C" 0.04 -0.94875 0.4225 1 1 4000 1 5 0.861565832184908 5 1000 22422 5
"1549" "C" 0.004 0 0.46375 1 1 4000 1 5 0.768409665060492 5 1000 20024 5
"1550" "C" 0.004 -0.04125 0.29875 0 1 4000 1 5 1.20814817573642 5 1000 20065 5
"1551" "C" 0.04 -0.53625 0.62875 1 1 4000 1 5 0.464021557568188 5 1000 21932 5
"1552" "C" 0.004 -0.61875 0.0925 0 1 4000 1 5 2.38054663446376 5 1000 20755 5
"1553" "C" 0.004 -0.20625 0.13375 0 1 4000 1 5 2.01178289320602 5 1000 20257 5
"1554" "C" 0.04 -0.86625 0.2575 1 1 4000 1 5 1.35673555887835 5 1000 22314 5
"1555" "C" 0.04 -0.4125 0.95875 1 1 4000 1 5 0.042124926300671 5 1000 21798 5
"1556" "C" 0.04 -0.99 0.835 0 1 4000 1 5 0.180323554131281 5 1000 22491 5
"1557" "C" 0.004 -0.7425 0.0925 0 1 4000 1 5 2.38054663446376 5 1000 20905 5
"1558" "C" 0.004 -0.7425 0.21625 1 1 4000 1 5 1.53132013317015 5 1000 20912 5
"1559" "C" 0.004 -0.53625 0.05125 1 1 4000 1 5 2.97103966096362 5 1000 20654 5
"1560" "C" 0.04 -0.33 0.175 0 1 4000 1 5 1.74296930505862 5 1000 21659 5
"1561" "C" 0.04 -0.99 0.62875 1 1 4000 1 5 0.464021557568188 5 1000 22482 5
"1562" "C" 0.004 -0.28875 0.505 0 1 4000 1 5 0.683196849706777 5 1000 20375 5
"1563" "C" 0.004 -0.70125 0.13375 0 1 4000 1 5 2.01178289320602 5 1000 20857 5
"1564" "C" 0.04 -0.86625 0.05125 0 1 4000 1 5 2.97103966096362 5 1000 22303 5
"1565" "C" 0.004 -0.4125 0.38125 1 1 4000 1 5 0.964299951060516 5 1000 20520 5
"1566" "C" 0.004 -0.0825 0.34 0 1 4000 1 5 1.07880966137193 5 1000 20117 5
"1567" "C" 0.004 -0.33 0.505 1 1 4000 1 5 0.683196849706777 5 1000 20426 5
"1568" "C" 0.004 -0.495 0.5875 1 1 4000 1 5 0.531879032963823 5 1000 20630 5
"1569" "C" 0.004 -0.61875 1 1 1 4000 1 5 0 5 1000 20800 5
"1570" "C" 0.04 -0.66 0.46375 1 1 4000 1 5 0.768409665060492 5 1000 22074 5
"1571" "C" 0.04 -0.99 0.95875 1 1 4000 1 5 0.042124926300671 5 1000 22498 5
"1572" "C" 0.004 -0.61875 0.54625 1 1 4000 1 5 0.604678532572337 5 1000 20778 5
"1573" "C" 0.04 -0.4125 0.67 0 1 4000 1 5 0.400477566597125 5 1000 21783 5
"1574" "C" 0.004 -0.94875 0.05125 0 1 4000 1 5 2.97103966096362 5 1000 21153 5
"1575" "C" 0.004 -0.86625 0.0925 0 1 4000 1 5 2.38054663446376 5 1000 21055 5
"1576" "C" 0.04 -0.495 0.175 0 1 4000 1 5 1.74296930505862 5 1000 21859 5
"1577" "C" 0.04 0 0.38125 0 1 4000 1 5 0.964299951060516 5 1000 21269 5
"1578" "C" 0.04 -0.61875 0.46375 0 1 4000 1 5 0.768409665060492 5 1000 22023 5
"1579" "C" 0.004 -0.7425 0.95875 1 1 4000 1 5 0.042124926300671 5 1000 20948 5
"1580" "C" 0.04 -0.04125 0.21625 1 1 4000 1 5 1.53132013317015 5 1000 21312 5
"1581" "C" 0.004 -0.165 0.4225 0 1 4000 1 5 0.861565832184908 5 1000 20221 5
"1582" "C" 0.04 -0.61875 0.13375 0 1 4000 1 5 2.01178289320602 5 1000 22007 5
"1583" "C" 0.04 -0.7425 0.21625 0 1 4000 1 5 1.53132013317015 5 1000 22161 5
"1584" "C" 0.004 -0.5775 0.4225 0 1 4000 1 5 0.861565832184908 5 1000 20721 5
"1585" "C" 0.004 -0.165 0.46375 0 1 4000 1 5 0.768409665060492 5 1000 20223 5
"1586" "C" 0.004 -0.7425 0.4225 0 1 4000 1 5 0.861565832184908 5 1000 20921 5
"1587" "C" 0.04 -0.61875 0.95875 1 1 4000 1 5 0.042124926300671 5 1000 22048 5
"1588" "C" 0.04 -0.78375 0.87625 0 1 4000 1 5 0.132103840633337 5 1000 22243 5
"1589" "C" 0.04 -0.86625 0.0925 0 1 4000 1 5 2.38054663446376 5 1000 22305 5
"1590" "C" 0.04 -0.5775 0.4225 0 1 4000 1 5 0.861565832184908 5 1000 21971 5
"1591" "C" 0.04 -0.33 0.34 0 1 4000 1 5 1.07880966137193 5 1000 21667 5
"1592" "C" 0.004 -0.0825 1 1 1 4000 1 5 0 5 1000 20150 5
"1593" "C" 0.04 -0.53625 0.2575 0 1 4000 1 5 1.35673555887835 5 1000 21913 5
"1594" "C" 0.004 -0.4125 0.5875 1 1 4000 1 5 0.531879032963823 5 1000 20530 5
"1595" "C" 0.04 -0.20625 0.7525 1 1 4000 1 5 0.284354282359106 5 1000 21538 5
"1596" "C" 0.004 -0.7425 0.34 0 1 4000 1 5 1.07880966137193 5 1000 20917 5
"1597" "C" 0.04 -0.825 0.62875 1 1 4000 1 5 0.464021557568188 5 1000 22282 5
"1598" "C" 0.004 -0.04125 0.67 1 1 4000 1 5 0.400477566597125 5 1000 20084 5
"1599" "C" 0.004 -0.495 0.7525 0 1 4000 1 5 0.284354282359106 5 1000 20637 5
"1600" "C" 0.04 -0.4125 0.505 1 1 4000 1 5 0.683196849706777 5 1000 21776 5
"1601" "C" 0.04 -0.12375 0.9175 1 1 4000 1 5 0.0861026990534116 5 1000 21446 5
"1602" "C" 0.004 -0.86625 0.79375 0 1 4000 1 5 0.230986728775236 5 1000 21089 5
"1603" "C" 0.004 -0.28875 1 0 1 4000 1 5 0 5 1000 20399 5
"1604" "C" 0.004 -0.20625 0.71125 1 1 4000 1 5 0.340731293541596 5 1000 20286 5
"1605" "C" 0.04 -0.4125 0.79375 1 1 4000 1 5 0.230986728775236 5 1000 21790 5
"1606" "C" 0.004 -0.04125 0.95875 0 1 4000 1 5 0.042124926300671 5 1000 20097 5
"1607" "C" 0.004 -0.165 1 1 1 4000 1 5 0 5 1000 20250 5
"1608" "C" 0.004 -0.37125 0.21625 1 1 4000 1 5 1.53132013317015 5 1000 20462 5
"1609" "C" 0.004 -0.99 0.9175 0 1 4000 1 5 0.0861026990534116 5 1000 21245 5
"1610" "C" 0.04 -0.28875 0.05125 0 1 4000 1 5 2.97103966096362 5 1000 21603 5
"1611" "C" 0.004 -0.45375 0.87625 0 1 4000 1 5 0.132103840633337 5 1000 20593 5
"1612" "C" 0.04 -0.86625 0.13375 0 1 4000 1 5 2.01178289320602 5 1000 22307 5
"1613" "C" 0.004 -0.2475 0.21625 0 1 4000 1 5 1.53132013317015 5 1000 20311 5
"1614" "C" 0.004 -0.20625 0.79375 1 1 4000 1 5 0.230986728775236 5 1000 20290 5
"1615" "C" 0.004 -0.99 0.95875 1 1 4000 1 5 0.042124926300671 5 1000 21248 5
"1616" "C" 0.004 -0.825 0.13375 1 1 4000 1 5 2.01178289320602 5 1000 21008 5
"1617" "C" 0.04 -0.28875 0.2575 1 1 4000 1 5 1.35673555887835 5 1000 21614 5
"1618" "C" 0.004 -0.94875 0.2575 0 1 4000 1 5 1.35673555887835 5 1000 21163 5
"1619" "C" 0.04 -0.86625 0.175 1 1 4000 1 5 1.74296930505862 5 1000 22310 5
"1620" "C" 0.004 -0.4125 0.29875 0 1 4000 1 5 1.20814817573642 5 1000 20515 5
"1621" "C" 0.04 -0.45375 0.5875 0 1 4000 1 5 0.531879032963823 5 1000 21829 5
"1622" "C" 0.04 -0.5775 1 0 1 4000 1 5 0 5 1000 21999 5
"1623" "C" 0.04 -0.45375 0.34 0 1 4000 1 5 1.07880966137193 5 1000 21817 5
"1624" "C" 0.004 -0.2475 0.5875 1 1 4000 1 5 0.531879032963823 5 1000 20330 5
"1625" "C" 0.04 -0.70125 0.38125 1 1 4000 1 5 0.964299951060516 5 1000 22120 5
"1626" "C" 0.04 -0.12375 0.87625 0 1 4000 1 5 0.132103840633337 5 1000 21443 5
"1627" "C" 0.004 -0.99 0.79375 0 1 4000 1 5 0.230986728775236 5 1000 21239 5
"1628" "C" 0.04 -0.9075 0.13375 0 1 4000 1 5 2.01178289320602 5 1000 22357 5
"1629" "C" 0.004 -0.20625 0.21625 1 1 4000 1 5 1.53132013317015 5 1000 20262 5
"1630" "C" 0.04 -0.165 0.71125 1 1 4000 1 5 0.340731293541596 5 1000 21486 5
"1631" "C" 0.004 -0.2475 0.67 0 1 4000 1 5 0.400477566597125 5 1000 20333 5
"1632" "C" 0.004 -0.9075 0.0925 0 1 4000 1 5 2.38054663446376 5 1000 21105 5
"1633" "C" 0.04 -0.28875 0.175 1 1 4000 1 5 1.74296930505862 5 1000 21610 5
"1634" "C" 0.04 -0.04125 0.505 0 1 4000 1 5 0.683196849706777 5 1000 21325 5
"1635" "C" 0.004 -0.61875 0.34 0 1 4000 1 5 1.07880966137193 5 1000 20767 5
"1636" "C" 0.04 -0.70125 0.505 1 1 4000 1 5 0.683196849706777 5 1000 22126 5
"1637" "C" 0.04 -0.0825 0.4225 1 1 4000 1 5 0.861565832184908 5 1000 21372 5
"1638" "C" 0.04 -0.12375 0.0925 1 1 4000 1 5 2.38054663446376 5 1000 21406 5
"1639" "C" 0.004 -0.04125 0.505 0 1 4000 1 5 0.683196849706777 5 1000 20075 5
"1640" "C" 0.004 -0.37125 0.46375 0 1 4000 1 5 0.768409665060492 5 1000 20473 5
"1641" "C" 0.04 -0.4125 0.9175 0 1 4000 1 5 0.0861026990534116 5 1000 21795 5
"1642" "C" 0.04 -0.495 0.01 0 1 4000 1 5 4.60517018598809 5 1000 21851 5
"1643" "C" 0.004 -0.33 0.01 0 1 4000 1 5 4.60517018598809 5 1000 20401 5
"1644" "C" 0.004 -0.99 0.21625 1 1 4000 1 5 1.53132013317015 5 1000 21212 5
"1645" "C" 0.04 -0.61875 0.9175 1 1 4000 1 5 0.0861026990534116 5 1000 22046 5
"1646" "C" 0.004 -0.0825 0.38125 1 1 4000 1 5 0.964299951060516 5 1000 20120 5
"1647" "C" 0.04 -0.2475 0.71125 1 1 4000 1 5 0.340731293541596 5 1000 21586 5
"1648" "C" 0.004 -0.12375 0.175 0 1 4000 1 5 1.74296930505862 5 1000 20159 5
"1649" "C" 0.004 -0.7425 0.01 1 1 4000 1 5 4.60517018598809 5 1000 20902 5
"1650" "C" 0.04 -0.94875 0.54625 1 1 4000 1 5 0.604678532572337 5 1000 22428 5
"1651" "C" 0.004 0 0.175 1 1 4000 1 5 1.74296930505862 5 1000 20010 5
"1652" "C" 0.04 -0.99 0.79375 0 1 4000 1 5 0.230986728775236 5 1000 22489 5
"1653" "C" 0.04 -0.70125 0.4225 0 1 4000 1 5 0.861565832184908 5 1000 22121 5
"1654" "C" 0.004 -0.37125 0.2575 1 1 4000 1 5 1.35673555887835 5 1000 20464 5
"1655" "C" 0.004 -0.45375 0.0925 1 1 4000 1 5 2.38054663446376 5 1000 20556 5
"1656" "C" 0.04 -0.70125 0.79375 0 1 4000 1 5 0.230986728775236 5 1000 22139 5
"1657" "C" 0.04 -0.86625 0.54625 0 1 4000 1 5 0.604678532572337 5 1000 22327 5
"1658" "C" 0.04 -0.28875 0.01 1 1 4000 1 5 4.60517018598809 5 1000 21602 5
"1659" "C" 0.04 -0.20625 0.5875 1 1 4000 1 5 0.531879032963823 5 1000 21530 5
"1660" "C" 0.004 0 0.505 1 1 4000 1 5 0.683196849706777 5 1000 20026 5
"1661" "C" 0.004 0 0.95875 0 1 4000 1 5 0.042124926300671 5 1000 20047 5
"1662" "C" 0.04 -0.12375 0.175 0 1 4000 1 5 1.74296930505862 5 1000 21409 5
"1663" "C" 0.004 -0.0825 1 0 1 4000 1 5 0 5 1000 20149 5
"1664" "C" 0.004 -0.12375 0.4225 0 1 4000 1 5 0.861565832184908 5 1000 20171 5
"1665" "C" 0.04 -0.165 0.835 1 1 4000 1 5 0.180323554131281 5 1000 21492 5
"1666" "C" 0.04 -0.9075 0.05125 1 1 4000 1 5 2.97103966096362 5 1000 22354 5
"1667" "C" 0.04 -0.0825 0.835 1 1 4000 1 5 0.180323554131281 5 1000 21392 5
"1668" "C" 0.004 -0.9075 0.34 0 1 4000 1 5 1.07880966137193 5 1000 21117 5
"1669" "C" 0.04 -0.61875 0.835 1 1 4000 1 5 0.180323554131281 5 1000 22042 5
"1670" "C" 0.04 -0.20625 0.54625 1 1 4000 1 5 0.604678532572337 5 1000 21528 5
"1671" "C" 0.004 -0.04125 0.71125 0 1 4000 1 5 0.340731293541596 5 1000 20085 5
"1672" "C" 0.004 -0.66 0.2575 1 1 4000 1 5 1.35673555887835 5 1000 20814 5
"1673" "C" 0.04 -0.61875 0.62875 0 1 4000 1 5 0.464021557568188 5 1000 22031 5
"1674" "C" 0.004 -0.28875 1 1 1 4000 1 5 0 5 1000 20400 5
"1675" "C" 0.04 -0.86625 0.46375 0 1 4000 1 5 0.768409665060492 5 1000 22323 5
"1676" "C" 0.004 -0.86625 0.67 1 1 4000 1 5 0.400477566597125 5 1000 21084 5
"1677" "C" 0.04 -0.9075 0.62875 1 1 4000 1 5 0.464021557568188 5 1000 22382 5
"1678" "C" 0.04 -0.94875 0.79375 1 1 4000 1 5 0.230986728775236 5 1000 22440 5
"1679" "C" 0.04 0 0.2575 1 1 4000 1 5 1.35673555887835 5 1000 21264 5
"1680" "C" 0.04 -0.53625 0.79375 1 1 4000 1 5 0.230986728775236 5 1000 21940 5
"1681" "C" 0.004 -0.0825 0.71125 0 1 4000 1 5 0.340731293541596 5 1000 20135 5
"1682" "C" 0.04 -0.4125 0.29875 0 1 4000 1 5 1.20814817573642 5 1000 21765 5
"1683" "C" 0.004 -0.61875 0.67 1 1 4000 1 5 0.400477566597125 5 1000 20784 5
"1684" "C" 0.04 -0.53625 0.62875 0 1 4000 1 5 0.464021557568188 5 1000 21931 5
"1685" "C" 0.004 -0.45375 0.21625 0 1 4000 1 5 1.53132013317015 5 1000 20561 5
"1686" "C" 0.04 -0.86625 0.79375 1 1 4000 1 5 0.230986728775236 5 1000 22340 5
"1687" "C" 0.04 -0.61875 0.4225 1 1 4000 1 5 0.861565832184908 5 1000 22022 5
"1688" "C" 0.04 -0.12375 0.62875 0 1 4000 1 5 0.464021557568188 5 1000 21431 5
"1689" "C" 0.04 -0.5775 0.87625 0 1 4000 1 5 0.132103840633337 5 1000 21993 5
"1690" "C" 0.04 -0.45375 0.87625 1 1 4000 1 5 0.132103840633337 5 1000 21844 5
"1691" "C" 0.004 -0.66 0.175 1 1 4000 1 5 1.74296930505862 5 1000 20810 5
"1692" "C" 0.004 -0.2475 0.21625 1 1 4000 1 5 1.53132013317015 5 1000 20312 5
"1693" "C" 0.004 -0.165 0.67 1 1 4000 1 5 0.400477566597125 5 1000 20234 5
"1694" "C" 0.004 -0.53625 0.38125 0 1 4000 1 5 0.964299951060516 5 1000 20669 5
"1695" "C" 0.004 -0.0825 0.71125 1 1 4000 1 5 0.340731293541596 5 1000 20136 5
"1696" "C" 0.004 -0.825 0.67 1 1 4000 1 5 0.400477566597125 5 1000 21034 5
"1697" "C" 0.004 -0.9075 0.7525 0 1 4000 1 5 0.284354282359106 5 1000 21137 5
"1698" "C" 0.004 -0.0825 0.54625 1 1 4000 1 5 0.604678532572337 5 1000 20128 5
"1699" "C" 0.04 -0.70125 0.9175 1 1 4000 1 5 0.0861026990534116 5 1000 22146 5
"1700" "C" 0.04 -0.99 0.505 0 1 4000 1 5 0.683196849706777 5 1000 22475 5
"1701" "C" 0.004 -0.165 0.46375 1 1 4000 1 5 0.768409665060492 5 1000 20224 5
"1702" "C" 0.04 -0.33 0.29875 1 1 4000 1 5 1.20814817573642 5 1000 21666 5
"1703" "C" 0.004 -0.53625 0.95875 1 1 4000 1 5 0.042124926300671 5 1000 20698 5
"1704" "C" 0.004 -0.0825 0.29875 1 1 4000 1 5 1.20814817573642 5 1000 20116 5
"1705" "C" 0.004 -0.78375 0.34 0 1 4000 1 5 1.07880966137193 5 1000 20967 5
"1706" "C" 0.04 -0.61875 0.9175 0 1 4000 1 5 0.0861026990534116 5 1000 22045 5
"1707" "C" 0.04 -0.78375 0.13375 1 1 4000 1 5 2.01178289320602 5 1000 22208 5
"1708" "C" 0.004 -0.70125 0.62875 0 1 4000 1 5 0.464021557568188 5 1000 20881 5
"1709" "C" 0.04 -0.28875 0.13375 1 1 4000 1 5 2.01178289320602 5 1000 21608 5
"1710" "C" 0.04 -0.7425 0.835 0 1 4000 1 5 0.180323554131281 5 1000 22191 5
"1711" "C" 0.004 -0.66 0.05125 0 1 4000 1 5 2.97103966096362 5 1000 20803 5
"1712" "C" 0.004 -0.94875 0.13375 1 1 4000 1 5 2.01178289320602 5 1000 21158 5
"1713" "C" 0.004 -0.9075 0.54625 0 1 4000 1 5 0.604678532572337 5 1000 21127 5
"1714" "C" 0.04 -0.45375 0.2575 0 1 4000 1 5 1.35673555887835 5 1000 21813 5
"1715" "C" 0.004 -0.78375 0.54625 0 1 4000 1 5 0.604678532572337 5 1000 20977 5
"1716" "C" 0.04 0 0.0925 0 1 4000 1 5 2.38054663446376 5 1000 21255 5
"1717" "C" 0.004 -0.20625 0.34 1 1 4000 1 5 1.07880966137193 5 1000 20268 5
"1718" "C" 0.04 -0.825 0.46375 1 1 4000 1 5 0.768409665060492 5 1000 22274 5
"1719" "C" 0.04 -0.0825 0.175 1 1 4000 1 5 1.74296930505862 5 1000 21360 5
"1720" "C" 0.004 -0.70125 0.38125 1 1 4000 1 5 0.964299951060516 5 1000 20870 5
"1721" "C" 0.04 -0.78375 0.87625 1 1 4000 1 5 0.132103840633337 5 1000 22244 5
"1722" "C" 0.004 -0.86625 0.7525 1 1 4000 1 5 0.284354282359106 5 1000 21088 5
"1723" "C" 0.004 -0.94875 0.34 1 1 4000 1 5 1.07880966137193 5 1000 21168 5
"1724" "C" 0.04 -0.99 0.87625 0 1 4000 1 5 0.132103840633337 5 1000 22493 5
"1725" "C" 0.04 -0.165 0.67 1 1 4000 1 5 0.400477566597125 5 1000 21484 5
"1726" "C" 0.04 -0.5775 0.29875 1 1 4000 1 5 1.20814817573642 5 1000 21966 5
"1727" "C" 0.04 -0.37125 0.29875 1 1 4000 1 5 1.20814817573642 5 1000 21716 5
"1728" "C" 0.004 -0.70125 0.0925 1 1 4000 1 5 2.38054663446376 5 1000 20856 5
"1729" "C" 0.04 -0.66 0.95875 1 1 4000 1 5 0.042124926300671 5 1000 22098 5
"1730" "C" 0.004 -0.04125 0.21625 0 1 4000 1 5 1.53132013317015 5 1000 20061 5
"1731" "C" 0.04 -0.37125 0.79375 1 1 4000 1 5 0.230986728775236 5 1000 21740 5
"1732" "C" 0.04 -0.45375 0.71125 0 1 4000 1 5 0.340731293541596 5 1000 21835 5
"1733" "C" 0.004 -0.495 0.34 1 1 4000 1 5 1.07880966137193 5 1000 20618 5
"1734" "C" 0.04 -0.7425 0.0925 1 1 4000 1 5 2.38054663446376 5 1000 22156 5
"1735" "C" 0.004 -0.2475 0.38125 1 1 4000 1 5 0.964299951060516 5 1000 20320 5
"1736" "C" 0.004 -0.94875 0.4225 1 1 4000 1 5 0.861565832184908 5 1000 21172 5
"1737" "C" 0.04 -0.61875 0.4225 0 1 4000 1 5 0.861565832184908 5 1000 22021 5
"1738" "C" 0.004 -0.78375 0.05125 0 1 4000 1 5 2.97103966096362 5 1000 20953 5
"1739" "C" 0.004 -0.33 0.54625 1 1 4000 1 5 0.604678532572337 5 1000 20428 5
"1740" "C" 0.04 -0.2475 0.71125 0 1 4000 1 5 0.340731293541596 5 1000 21585 5
"1741" "C" 0.04 -0.61875 0.34 1 1 4000 1 5 1.07880966137193 5 1000 22018 5
"1742" "C" 0.004 -0.495 0.29875 0 1 4000 1 5 1.20814817573642 5 1000 20615 5
"1743" "C" 0.004 -0.04125 0.62875 0 1 4000 1 5 0.464021557568188 5 1000 20081 5
"1744" "C" 0.004 -0.33 0.5875 0 1 4000 1 5 0.531879032963823 5 1000 20429 5
"1745" "C" 0.04 -0.28875 0.71125 1 1 4000 1 5 0.340731293541596 5 1000 21636 5
"1746" "C" 0.04 -0.20625 0.175 0 1 4000 1 5 1.74296930505862 5 1000 21509 5
"1747" "C" 0.04 -0.53625 0.5875 0 1 4000 1 5 0.531879032963823 5 1000 21929 5
"1748" "C" 0.004 -0.61875 0.175 1 1 4000 1 5 1.74296930505862 5 1000 20760 5
"1749" "C" 0.04 -0.66 0.13375 0 1 4000 1 5 2.01178289320602 5 1000 22057 5
"1750" "C" 0.004 -0.495 0.9175 0 1 4000 1 5 0.0861026990534116 5 1000 20645 5
"1751" "C" 0.04 -0.53625 0.46375 1 1 4000 1 5 0.768409665060492 5 1000 21924 5
"1752" "C" 0.04 -0.4125 0.7525 0 1 4000 1 5 0.284354282359106 5 1000 21787 5
"1753" "C" 0.004 -0.4125 0.9175 1 1 4000 1 5 0.0861026990534116 5 1000 20546 5
"1754" "C" 0.04 -0.45375 0.38125 1 1 4000 1 5 0.964299951060516 5 1000 21820 5
"1755" "C" 0.04 -0.04125 0.21625 0 1 4000 1 5 1.53132013317015 5 1000 21311 5
"1756" "C" 0.04 -0.66 0.21625 1 1 4000 1 5 1.53132013317015 5 1000 22062 5
"1757" "C" 0.004 -0.94875 0.175 1 1 4000 1 5 1.74296930505862 5 1000 21160 5
"1758" "C" 0.04 -0.78375 0.2575 1 1 4000 1 5 1.35673555887835 5 1000 22214 5
"1759" "C" 0.04 -0.94875 0.505 1 1 4000 1 5 0.683196849706777 5 1000 22426 5
"1760" "C" 0.04 -0.70125 0.71125 1 1 4000 1 5 0.340731293541596 5 1000 22136 5
"1761" "C" 0.004 0 0.01 0 1 4000 1 5 4.60517018598809 5 1000 20001 5
"1762" "C" 0.004 -0.4125 0.835 1 1 4000 1 5 0.180323554131281 5 1000 20542 5
"1763" "C" 0.004 -0.33 0.05125 0 1 4000 1 5 2.97103966096362 5 1000 20403 5
"1764" "C" 0.004 -0.04125 0.34 0 1 4000 1 5 1.07880966137193 5 1000 20067 5
"1765" "C" 0.004 -0.61875 0.505 1 1 4000 1 5 0.683196849706777 5 1000 20776 5
"1766" "C" 0.04 -0.5775 0.95875 1 1 4000 1 5 0.042124926300671 5 1000 21998 5
"1767" "C" 0.04 -0.45375 0.9175 0 1 4000 1 5 0.0861026990534116 5 1000 21845 5
"1768" "C" 0.004 -0.78375 0.2575 1 1 4000 1 5 1.35673555887835 5 1000 20964 5
"1769" "C" 0.04 -0.86625 0.29875 1 1 4000 1 5 1.20814817573642 5 1000 22316 5
"1770" "C" 0.04 -0.825 0.71125 1 1 4000 1 5 0.340731293541596 5 1000 22286 5
"1771" "C" 0.04 -0.53625 0.4225 1 1 4000 1 5 0.861565832184908 5 1000 21922 5
"1772" "C" 0.004 -0.7425 0.505 0 1 4000 1 5 0.683196849706777 5 1000 20925 5
"1773" "C" 0.04 -0.825 0.21625 0 1 4000 1 5 1.53132013317015 5 1000 22261 5
"1774" "C" 0.004 0 0.54625 1 1 4000 1 5 0.604678532572337 5 1000 20028 5
"1775" "C" 0.04 -0.7425 0.9175 0 1 4000 1 5 0.0861026990534116 5 1000 22195 5
"1776" "C" 0.004 -0.495 0.13375 0 1 4000 1 5 2.01178289320602 5 1000 20607 5
"1777" "C" 0.004 -0.66 0.0925 1 1 4000 1 5 2.38054663446376 5 1000 20806 5
"1778" "C" 0.04 -0.94875 0.2575 1 1 4000 1 5 1.35673555887835 5 1000 22414 5
"1779" "C" 0.004 -0.99 0.62875 1 1 4000 1 5 0.464021557568188 5 1000 21232 5
"1780" "C" 0.004 -0.70125 0.7525 0 1 4000 1 5 0.284354282359106 5 1000 20887 5
"1781" "C" 0.004 -0.78375 0.46375 0 1 4000 1 5 0.768409665060492 5 1000 20973 5
"1782" "C" 0.04 -0.53625 0.9175 0 1 4000 1 5 0.0861026990534116 5 1000 21945 5
"1783" "C" 0.004 -0.53625 0.87625 1 1 4000 1 5 0.132103840633337 5 1000 20694 5
"1784" "C" 0.004 -0.5775 0.54625 1 1 4000 1 5 0.604678532572337 5 1000 20728 5
"1785" "C" 0.04 -0.99 0.54625 1 1 4000 1 5 0.604678532572337 5 1000 22478 5
"1786" "C" 0.004 -0.495 1 0 1 4000 1 5 0 5 1000 20649 5
"1787" "C" 0.004 -0.7425 0.05125 0 1 4000 1 5 2.97103966096362 5 1000 20903 5
"1788" "C" 0.004 -0.45375 0.5875 0 1 4000 1 5 0.531879032963823 5 1000 20579 5
"1789" "C" 0.004 -0.33 0.5875 1 1 4000 1 5 0.531879032963823 5 1000 20430 5
"1790" "C" 0.04 -0.94875 0.175 1 1 4000 1 5 1.74296930505862 5 1000 22410 5
"1791" "C" 0.004 -0.33 0.62875 0 1 4000 1 5 0.464021557568188 5 1000 20431 5
"1792" "C" 0.004 -0.0825 0.2575 1 1 4000 1 5 1.35673555887835 5 1000 20114 5
"1793" "C" 0.004 -0.28875 0.71125 1 1 4000 1 5 0.340731293541596 5 1000 20386 5
"1794" "C" 0.04 0 0.95875 1 1 4000 1 5 0.042124926300671 5 1000 21298 5
"1795" "C" 0.004 -0.53625 0.01 0 1 4000 1 5 4.60517018598809 5 1000 20651 5
"1796" "C" 0.004 -0.99 1 0 1 4000 1 5 0 5 1000 21249 5
"1797" "C" 0.04 -0.53625 0.9175 1 1 4000 1 5 0.0861026990534116 5 1000 21946 5
"1798" "C" 0.004 -0.04125 0.46375 0 1 4000 1 5 0.768409665060492 5 1000 20073 5
"1799" "C" 0.04 -0.0825 0.21625 0 1 4000 1 5 1.53132013317015 5 1000 21361 5
"1800" "C" 0.004 -0.70125 1 0 1 4000 1 5 0 5 1000 20899 5
"1801" "C" 0.04 -0.4125 0.34 1 1 4000 1 5 1.07880966137193 5 1000 21768 5
"1802" "C" 0.004 -0.28875 0.67 1 1 4000 1 5 0.400477566597125 5 1000 20384 5
"1803" "C" 0.04 -0.78375 0.79375 0 1 4000 1 5 0.230986728775236 5 1000 22239 5
"1804" "C" 0.04 -0.12375 0.95875 1 1 4000 1 5 0.042124926300671 5 1000 21448 5
"1805" "C" 0.004 -0.7425 1 1 1 4000 1 5 0 5 1000 20950 5
"1806" "C" 0.004 -0.825 0.9175 1 1 4000 1 5 0.0861026990534116 5 1000 21046 5
"1807" "C" 0.04 -0.53625 0.29875 1 1 4000 1 5 1.20814817573642 5 1000 21916 5
"1808" "C" 0.004 -0.12375 0.835 0 1 4000 1 5 0.180323554131281 5 1000 20191 5
"1809" "C" 0.004 -0.12375 0.835 1 1 4000 1 5 0.180323554131281 5 1000 20192 5
"1810" "C" 0.04 -0.99 0.71125 0 1 4000 1 5 0.340731293541596 5 1000 22485 5
"1811" "C" 0.04 -0.45375 0.29875 0 1 4000 1 5 1.20814817573642 5 1000 21815 5
"1812" "C" 0.004 -0.45375 0.4225 0 1 4000 1 5 0.861565832184908 5 1000 20571 5
"1813" "C" 0.004 -0.165 0.01 1 1 4000 1 5 4.60517018598809 5 1000 20202 5
"1814" "C" 0.04 -0.9075 0.13375 1 1 4000 1 5 2.01178289320602 5 1000 22358 5
"1815" "C" 0.004 -0.99 0.05125 1 1 4000 1 5 2.97103966096362 5 1000 21204 5
"1816" "C" 0.04 -0.61875 0.95875 0 1 4000 1 5 0.042124926300671 5 1000 22047 5
"1817" "C" 0.004 -0.5775 0.13375 0 1 4000 1 5 2.01178289320602 5 1000 20707 5
"1818" "C" 0.004 -0.45375 0.29875 1 1 4000 1 5 1.20814817573642 5 1000 20566 5
"1819" "C" 0.004 -0.37125 0.4225 1 1 4000 1 5 0.861565832184908 5 1000 20472 5
"1820" "C" 0.004 -0.20625 0.71125 0 1 4000 1 5 0.340731293541596 5 1000 20285 5
"1821" "C" 0.04 -0.4125 0.34 0 1 4000 1 5 1.07880966137193 5 1000 21767 5
"1822" "C" 0.004 -0.99 0.67 0 1 4000 1 5 0.400477566597125 5 1000 21233 5
"1823" "C" 0.04 -0.94875 0.9175 1 1 4000 1 5 0.0861026990534116 5 1000 22446 5
"1824" "C" 0.04 -0.7425 0.835 1 1 4000 1 5 0.180323554131281 5 1000 22192 5
"1825" "C" 0.004 -0.66 0.54625 1 1 4000 1 5 0.604678532572337 5 1000 20828 5
"1826" "C" 0.004 -0.61875 1 0 1 4000 1 5 0 5 1000 20799 5
"1827" "C" 0.004 -0.66 0.87625 1 1 4000 1 5 0.132103840633337 5 1000 20844 5
"1828" "C" 0.004 -0.53625 0.835 0 1 4000 1 5 0.180323554131281 5 1000 20691 5
"1829" "C" 0.004 -0.66 0.38125 0 1 4000 1 5 0.964299951060516 5 1000 20819 5
"1830" "C" 0.004 -0.5775 0.34 1 1 4000 1 5 1.07880966137193 5 1000 20718 5
"1831" "C" 0.004 -0.28875 0.835 0 1 4000 1 5 0.180323554131281 5 1000 20391 5
"1832" "C" 0.04 -0.37125 0.505 0 1 4000 1 5 0.683196849706777 5 1000 21725 5
"1833" "C" 0.004 -0.37125 0.505 1 1 4000 1 5 0.683196849706777 5 1000 20476 5
"1834" "C" 0.004 -0.53625 0.7525 0 1 4000 1 5 0.284354282359106 5 1000 20687 5
"1835" "C" 0.04 -0.45375 0.71125 1 1 4000 1 5 0.340731293541596 5 1000 21836 5
"1836" "C" 0.04 -0.94875 0.62875 0 1 4000 1 5 0.464021557568188 5 1000 22431 5
"1837" "C" 0.04 -0.495 0.54625 0 1 4000 1 5 0.604678532572337 5 1000 21877 5
"1838" "C" 0.004 -0.45375 0.54625 0 1 4000 1 5 0.604678532572337 5 1000 20577 5
"1839" "C" 0.004 -0.2475 0.7525 0 1 4000 1 5 0.284354282359106 5 1000 20337 5
"1840" "C" 0.004 -0.04125 0.175 1 1 4000 1 5 1.74296930505862 5 1000 20060 5
"1841" "C" 0.004 -0.0825 0.01 0 1 4000 1 5 4.60517018598809 5 1000 20101 5
"1842" "C" 0.004 -0.165 0.175 0 1 4000 1 5 1.74296930505862 5 1000 20209 5
"1843" "C" 0.04 -0.53625 0.71125 1 1 4000 1 5 0.340731293541596 5 1000 21936 5
"1844" "C" 0.04 -0.825 0.4225 1 1 4000 1 5 0.861565832184908 5 1000 22272 5
"1845" "C" 0.004 -0.86625 0.95875 0 1 4000 1 5 0.042124926300671 5 1000 21097 5
"1846" "C" 0.04 -0.5775 0.7525 0 1 4000 1 5 0.284354282359106 5 1000 21987 5
"1847" "C" 0.004 -0.37125 0.38125 1 1 4000 1 5 0.964299951060516 5 1000 20470 5
"1848" "C" 0.04 0 0.505 0 1 4000 1 5 0.683196849706777 5 1000 21275 5
"1849" "C" 0.004 -0.61875 0.7525 0 1 4000 1 5 0.284354282359106 5 1000 20787 5
"1850" "C" 0.04 -0.28875 0.835 1 1 4000 1 5 0.180323554131281 5 1000 21642 5
"1851" "C" 0.004 -0.78375 0.21625 1 1 4000 1 5 1.53132013317015 5 1000 20962 5
"1852" "C" 0.004 -0.165 0.2575 1 1 4000 1 5 1.35673555887835 5 1000 20214 5
"1853" "C" 0.04 -0.86625 0.9175 1 1 4000 1 5 0.0861026990534116 5 1000 22346 5
"1854" "C" 0.04 -0.495 0.5875 0 1 4000 1 5 0.531879032963823 5 1000 21879 5
"1855" "C" 0.04 -0.495 0.95875 1 1 4000 1 5 0.042124926300671 5 1000 21898 5
"1856" "C" 0.04 -0.2475 0.79375 1 1 4000 1 5 0.230986728775236 5 1000 21590 5
"1857" "C" 0.004 -0.12375 0.71125 1 1 4000 1 5 0.340731293541596 5 1000 20186 5
"1858" "C" 0.004 -0.99 0.835 1 1 4000 1 5 0.180323554131281 5 1000 21242 5
"1859" "C" 0.04 -0.61875 0.34 0 1 4000 1 5 1.07880966137193 5 1000 22017 5
"1860" "C" 0.004 -0.4125 0.62875 1 1 4000 1 5 0.464021557568188 5 1000 20532 5
"1861" "C" 0.004 -0.495 0.505 1 1 4000 1 5 0.683196849706777 5 1000 20626 5
"1862" "C" 0.004 -0.0825 0.95875 1 1 4000 1 5 0.042124926300671 5 1000 20148 5
"1863" "C" 0.04 -0.70125 0.34 1 1 4000 1 5 1.07880966137193 5 1000 22118 5
"1864" "C" 0.004 -0.61875 0.4225 0 1 4000 1 5 0.861565832184908 5 1000 20771 5
"1865" "C" 0.04 -0.825 0.79375 0 1 4000 1 5 0.230986728775236 5 1000 22289 5
"1866" "C" 0.004 -0.20625 0.9175 1 1 4000 1 5 0.0861026990534116 5 1000 20296 5
"1867" "C" 0.004 -0.53625 0.9175 0 1 4000 1 5 0.0861026990534116 5 1000 20695 5
"1868" "C" 0.004 -0.33 0.38125 1 1 4000 1 5 0.964299951060516 5 1000 20420 5
"1869" "C" 0.004 -0.28875 0.9175 0 1 4000 1 5 0.0861026990534116 5 1000 20395 5
"1870" "C" 0.04 -0.825 0.2575 0 1 4000 1 5 1.35673555887835 5 1000 22263 5
"1871" "C" 0.04 -0.165 0.67 0 1 4000 1 5 0.400477566597125 5 1000 21483 5
"1872" "C" 0.004 -0.5775 0.67 0 1 4000 1 5 0.400477566597125 5 1000 20733 5
"1873" "C" 0.004 -0.5775 0.62875 0 1 4000 1 5 0.464021557568188 5 1000 20731 5
"1874" "C" 0.04 -0.04125 0.5875 0 1 4000 1 5 0.531879032963823 5 1000 21329 5
"1875" "C" 0.04 -0.165 0.5875 1 1 4000 1 5 0.531879032963823 5 1000 21480 5
"1876" "C" 0.04 -0.66 0.05125 0 1 4000 1 5 2.97103966096362 5 1000 22053 5
"1877" "C" 0.004 -0.94875 0.67 0 1 4000 1 5 0.400477566597125 5 1000 21183 5
"1878" "C" 0.04 -0.61875 0.71125 0 1 4000 1 5 0.340731293541596 5 1000 22035 5
"1879" "C" 0.004 -0.33 0.835 0 1 4000 1 5 0.180323554131281 5 1000 20441 5
"1880" "C" 0.04 -0.37125 0.54625 0 1 4000 1 5 0.604678532572337 5 1000 21727 5
"1881" "C" 0.04 -0.53625 0.21625 0 1 4000 1 5 1.53132013317015 5 1000 21911 5
"1882" "C" 0.04 -0.37125 0.71125 0 1 4000 1 5 0.340731293541596 5 1000 21735 5
"1883" "C" 0.04 -0.04125 0.2575 0 1 4000 1 5 1.35673555887835 5 1000 21313 5
"1884" "C" 0.004 -0.0825 0.13375 0 1 4000 1 5 2.01178289320602 5 1000 20107 5
"1885" "C" 0.004 -0.0825 0.175 1 1 4000 1 5 1.74296930505862 5 1000 20110 5
"1886" "C" 0.04 -0.45375 0.835 1 1 4000 1 5 0.180323554131281 5 1000 21842 5
"1887" "C" 0.004 -0.78375 0.71125 0 1 4000 1 5 0.340731293541596 5 1000 20985 5
"1888" "C" 0.004 -0.12375 0.87625 0 1 4000 1 5 0.132103840633337 5 1000 20193 5
"1889" "C" 0.04 -0.70125 0.2575 1 1 4000 1 5 1.35673555887835 5 1000 22114 5
"1890" "C" 0.04 -0.2475 1 0 1 4000 1 5 0 5 1000 21599 5
"1891" "C" 0.04 -0.165 0.95875 1 1 4000 1 5 0.042124926300671 5 1000 21498 5
"1892" "C" 0.004 -0.45375 0.05125 1 1 4000 1 5 2.97103966096362 5 1000 20554 5
"1893" "C" 0.04 -0.86625 0.54625 1 1 4000 1 5 0.604678532572337 5 1000 22328 5
"1894" "C" 0.04 -0.2475 0.01 0 1 4000 1 5 4.60517018598809 5 1000 21551 5
"1895" "C" 0.04 -0.20625 0.54625 0 1 4000 1 5 0.604678532572337 5 1000 21527 5
"1896" "C" 0.04 -0.86625 0.505 0 1 4000 1 5 0.683196849706777 5 1000 22325 5
"1897" "C" 0.004 -0.53625 0.5875 1 1 4000 1 5 0.531879032963823 5 1000 20680 5
"1898" "C" 0.004 -0.12375 0.54625 0 1 4000 1 5 0.604678532572337 5 1000 20177 5
"1899" "C" 0.004 -0.495 0.67 1 1 4000 1 5 0.400477566597125 5 1000 20634 5
"1900" "C" 0.004 -0.66 0.4225 0 1 4000 1 5 0.861565832184908 5 1000 20821 5
"1901" "C" 0.04 -0.78375 0.46375 1 1 4000 1 5 0.768409665060492 5 1000 22224 5
"1902" "C" 0.04 -0.37125 0.21625 0 1 4000 1 5 1.53132013317015 5 1000 21711 5
"1903" "C" 0.004 -0.2475 0.95875 0 1 4000 1 5 0.042124926300671 5 1000 20347 5
"1904" "C" 0.04 -0.7425 0.34 0 1 4000 1 5 1.07880966137193 5 1000 22167 5
"1905" "C" 0.04 -0.0825 0.0925 1 1 4000 1 5 2.38054663446376 5 1000 21356 5
"1906" "C" 0.04 -0.20625 0.21625 0 1 4000 1 5 1.53132013317015 5 1000 21511 5
"1907" "C" 0.04 -0.12375 0.21625 1 1 4000 1 5 1.53132013317015 5 1000 21412 5
"1908" "C" 0.004 -0.165 0.175 1 1 4000 1 5 1.74296930505862 5 1000 20210 5
"1909" "C" 0.004 -0.9075 0.2575 1 1 4000 1 5 1.35673555887835 5 1000 21114 5
"1910" "C" 0.004 -0.99 0.05125 0 1 4000 1 5 2.97103966096362 5 1000 21203 5
"1911" "C" 0.04 0 0.5875 1 1 4000 1 5 0.531879032963823 5 1000 21280 5
"1912" "C" 0.004 -0.5775 0.95875 1 1 4000 1 5 0.042124926300671 5 1000 20748 5
"1913" "C" 0.004 0 0.38125 1 1 4000 1 5 0.964299951060516 5 1000 20020 5
"1914" "C" 0.04 -0.33 0.7525 0 1 4000 1 5 0.284354282359106 5 1000 21687 5
"1915" "C" 0.04 -0.94875 0.34 0 1 4000 1 5 1.07880966137193 5 1000 22417 5
"1916" "C" 0.004 -0.165 0.9175 1 1 4000 1 5 0.0861026990534116 5 1000 20246 5
"1917" "C" 0.04 -0.37125 0.835 1 1 4000 1 5 0.180323554131281 5 1000 21742 5
"1918" "C" 0.004 -0.7425 0.29875 0 1 4000 1 5 1.20814817573642 5 1000 20915 5
"1919" "C" 0.04 -0.12375 0.2575 1 1 4000 1 5 1.35673555887835 5 1000 21414 5
"1920" "C" 0.004 -0.04125 0.2575 1 1 4000 1 5 1.35673555887835 5 1000 20064 5
"1921" "C" 0.004 -0.2475 0.4225 0 1 4000 1 5 0.861565832184908 5 1000 20321 5
"1922" "C" 0.004 -0.99 0.34 0 1 4000 1 5 1.07880966137193 5 1000 21217 5
"1923" "C" 0.04 -0.825 0.38125 0 1 4000 1 5 0.964299951060516 5 1000 22269 5
"1924" "C" 0.004 -0.61875 0.46375 1 1 4000 1 5 0.768409665060492 5 1000 20774 5
"1925" "C" 0.04 -0.9075 0.175 1 1 4000 1 5 1.74296930505862 5 1000 22360 5
"1926" "C" 0.04 -0.78375 0.34 1 1 4000 1 5 1.07880966137193 5 1000 22218 5
"1927" "C" 0.04 -0.04125 0.29875 0 1 4000 1 5 1.20814817573642 5 1000 21315 5
"1928" "C" 0.004 -0.495 0.54625 0 1 4000 1 5 0.604678532572337 5 1000 20627 5
"1929" "C" 0.04 -0.0825 0.62875 0 1 4000 1 5 0.464021557568188 5 1000 21381 5
"1930" "C" 0.04 -0.495 0.2575 0 1 4000 1 5 1.35673555887835 5 1000 21863 5
"1931" "C" 0.04 -0.9075 0.79375 1 1 4000 1 5 0.230986728775236 5 1000 22390 5
"1932" "C" 0.04 -0.9075 0.01 0 1 4000 1 5 4.60517018598809 5 1000 22351 5
"1933" "C" 0.004 -0.94875 0.62875 0 1 4000 1 5 0.464021557568188 5 1000 21181 5
"1934" "C" 0.004 -0.04125 0.46375 1 1 4000 1 5 0.768409665060492 5 1000 20074 5
"1935" "C" 0.04 -0.66 0.62875 1 1 4000 1 5 0.464021557568188 5 1000 22082 5
"1936" "C" 0.04 -0.94875 0.67 0 1 4000 1 5 0.400477566597125 5 1000 22433 5
"1937" "C" 0.004 -0.165 0.62875 0 1 4000 1 5 0.464021557568188 5 1000 20231 5
"1938" "C" 0.004 -0.20625 0.46375 1 1 4000 1 5 0.768409665060492 5 1000 20274 5
"1939" "C" 0.04 -0.0825 0.79375 0 1 4000 1 5 0.230986728775236 5 1000 21389 5
"1940" "C" 0.004 -0.45375 0.71125 0 1 4000 1 5 0.340731293541596 5 1000 20585 5
"1941" "C" 0.004 0 0.71125 0 1 4000 1 5 0.340731293541596 5 1000 20035 5
"1942" "C" 0.004 -0.04125 0.87625 1 1 4000 1 5 0.132103840633337 5 1000 20094 5
"1943" "C" 0.04 -0.66 0.0925 1 1 4000 1 5 2.38054663446376 5 1000 22056 5
"1944" "C" 0.004 -0.37125 0.05125 1 1 4000 1 5 2.97103966096362 5 1000 20454 5
"1945" "C" 0.04 -0.0825 0.29875 1 1 4000 1 5 1.20814817573642 5 1000 21366 5
"1946" "C" 0.004 -0.66 0.71125 1 1 4000 1 5 0.340731293541596 5 1000 20836 5
"1947" "C" 0.004 -0.86625 0.38125 0 1 4000 1 5 0.964299951060516 5 1000 21069 5
"1948" "C" 0.004 -0.12375 0.29875 1 1 4000 1 5 1.20814817573642 5 1000 20166 5
"1949" "C" 0.004 -0.37125 0.7525 1 1 4000 1 5 0.284354282359106 5 1000 20488 5
"1950" "C" 0.04 -0.825 0.54625 1 1 4000 1 5 0.604678532572337 5 1000 22278 5
"1951" "C" 0.04 -0.12375 0.01 0 1 4000 1 5 4.60517018598809 5 1000 21401 5
"1952" "C" 0.04 -0.37125 0.01 0 1 4000 1 5 4.60517018598809 5 1000 21701 5
"1953" "C" 0.004 0 0.175 0 1 4000 1 5 1.74296930505862 5 1000 20009 5
"1954" "C" 0.004 -0.78375 0.79375 1 1 4000 1 5 0.230986728775236 5 1000 20990 5
"1955" "C" 0.004 -0.12375 0.01 1 1 4000 1 5 4.60517018598809 5 1000 20152 5
"1956" "C" 0.04 -0.4125 0.62875 0 1 4000 1 5 0.464021557568188 5 1000 21781 5
"1957" "C" 0.04 -0.70125 0.79375 1 1 4000 1 5 0.230986728775236 5 1000 22140 5
"1958" "C" 0.004 -0.165 0.29875 0 1 4000 1 5 1.20814817573642 5 1000 20215 5
"1959" "C" 0.004 -0.37125 0.01 1 1 4000 1 5 4.60517018598809 5 1000 20452 5
"1960" "C" 0.004 -0.45375 0.4225 1 1 4000 1 5 0.861565832184908 5 1000 20572 5
"1961" "C" 0.004 -0.45375 0.5875 1 1 4000 1 5 0.531879032963823 5 1000 20580 5
"1962" "C" 0.04 -0.0825 0.9175 0 1 4000 1 5 0.0861026990534116 5 1000 21395 5
"1963" "C" 0.004 -0.45375 0.38125 1 1 4000 1 5 0.964299951060516 5 1000 20570 5
"1964" "C" 0.004 -0.53625 0.29875 0 1 4000 1 5 1.20814817573642 5 1000 20665 5
"1965" "C" 0.04 -0.165 0.4225 0 1 4000 1 5 0.861565832184908 5 1000 21471 5
"1966" "C" 0.04 -0.66 0.21625 0 1 4000 1 5 1.53132013317015 5 1000 22061 5
"1967" "C" 0.004 -0.825 0.34 0 1 4000 1 5 1.07880966137193 5 1000 21017 5
"1968" "C" 0.004 -0.0825 0.54625 0 1 4000 1 5 0.604678532572337 5 1000 20127 5
"1969" "C" 0.04 -0.37125 0.34 0 1 4000 1 5 1.07880966137193 5 1000 21717 5
"1970" "C" 0.04 -0.20625 0.38125 1 1 4000 1 5 0.964299951060516 5 1000 21520 5
"1971" "C" 0.004 -0.20625 0.5875 0 1 4000 1 5 0.531879032963823 5 1000 20279 5
"1972" "C" 0.004 -0.37125 0.7525 0 1 4000 1 5 0.284354282359106 5 1000 20487 5
"1973" "C" 0.004 -0.99 0.62875 0 1 4000 1 5 0.464021557568188 5 1000 21231 5
"1974" "C" 0.04 -0.825 0.34 1 1 4000 1 5 1.07880966137193 5 1000 22268 5
"1975" "C" 0.04 -0.37125 0.54625 1 1 4000 1 5 0.604678532572337 5 1000 21728 5
"1976" "C" 0.004 -0.165 0.4225 1 1 4000 1 5 0.861565832184908 5 1000 20222 5
"1977" "C" 0.04 -0.70125 0.29875 1 1 4000 1 5 1.20814817573642 5 1000 22116 5
"1978" "C" 0.004 -0.2475 0.62875 0 1 4000 1 5 0.464021557568188 5 1000 20331 5
"1979" "C" 0.04 -0.825 0.46375 0 1 4000 1 5 0.768409665060492 5 1000 22273 5
"1980" "C" 0.004 -0.0825 0.7525 0 1 4000 1 5 0.284354282359106 5 1000 20137 5
"1981" "C" 0.004 -0.825 0.05125 1 1 4000 1 5 2.97103966096362 5 1000 21004 5
"1982" "C" 0.004 -0.20625 0.34 0 1 4000 1 5 1.07880966137193 5 1000 20267 5
"1983" "C" 0.04 -0.70125 0.175 0 1 4000 1 5 1.74296930505862 5 1000 22109 5
"1984" "C" 0.04 -0.165 0.29875 0 1 4000 1 5 1.20814817573642 5 1000 21465 5
"1985" "C" 0.004 -0.165 0.79375 0 1 4000 1 5 0.230986728775236 5 1000 20239 5
"1986" "C" 0.004 0 0.0925 1 1 4000 1 5 2.38054663446376 5 1000 20006 5
"1987" "C" 0.004 -0.86625 0.21625 1 1 4000 1 5 1.53132013317015 5 1000 21062 5
"1988" "C" 0.04 -0.53625 0.7525 1 1 4000 1 5 0.284354282359106 5 1000 21938 5
"1989" "C" 0.04 -0.33 0.54625 0 1 4000 1 5 0.604678532572337 5 1000 21677 5
"1990" "C" 0.04 0 1 1 1 4000 1 5 0 5 1000 21300 5
"1991" "C" 0.004 -0.04125 0.38125 0 1 4000 1 5 0.964299951060516 5 1000 20069 5
"1992" "C" 0.04 -0.86625 0.87625 0 1 4000 1 5 0.132103840633337 5 1000 22343 5
"1993" "C" 0.004 -0.45375 0.13375 1 1 4000 1 5 2.01178289320602 5 1000 20558 5
"1994" "C" 0.04 -0.825 0.5875 0 1 4000 1 5 0.531879032963823 5 1000 22279 5
"1995" "C" 0.04 -0.53625 0.29875 0 1 4000 1 5 1.20814817573642 5 1000 21915 5
"1996" "C" 0.004 -0.04125 0.01 0 1 4000 1 5 4.60517018598809 5 1000 20051 5
"1997" "C" 0.004 -0.61875 0.05125 1 1 4000 1 5 2.97103966096362 5 1000 20754 5
"1998" "C" 0.04 -0.0825 0.13375 0 1 4000 1 5 2.01178289320602 5 1000 21357 5
"1999" "C" 0.004 -0.53625 0.21625 1 1 4000 1 5 1.53132013317015 5 1000 20662 5
"2000" "C" 0.004 -0.04125 0.13375 1 1 4000 1 5 2.01178289320602 5 1000 20058 5
"2001" "C" 0.004 -0.70125 0.2575 0 1 4000 1 5 1.35673555887835 5 1000 20863 5
"2002" "C" 0.04 -0.99 1 1 1 4000 1 5 0 5 1000 22500 5
"2003" "C" 0.04 -0.53625 0.87625 0 1 4000 1 5 0.132103840633337 5 1000 21943 5
"2004" "C" 0.04 -0.61875 0.46375 1 1 4000 1 5 0.768409665060492 5 1000 22024 5
"2005" "C" 0.04 -0.825 0.54625 0 1 4000 1 5 0.604678532572337 5 1000 22277 5
"2006" "C" 0.004 -0.495 0.95875 1 1 4000 1 5 0.042124926300671 5 1000 20648 5
"2007" "C" 0.04 -0.165 0.7525 0 1 4000 1 5 0.284354282359106 5 1000 21487 5
"2008" "C" 0.004 -0.66 0.13375 0 1 4000 1 5 2.01178289320602 5 1000 20807 5
"2009" "C" 0.004 -0.45375 1 0 1 4000 1 5 0 5 1000 20599 5
"2010" "C" 0.004 -0.70125 0.95875 1 1 4000 1 5 0.042124926300671 5 1000 20898 5
"2011" "C" 0.04 -0.165 0.2575 0 1 4000 1 5 1.35673555887835 5 1000 21463 5
"2012" "C" 0.04 -0.33 1 0 1 4000 1 5 0 5 1000 21699 5
"2013" "C" 0.004 -0.53625 0.505 1 1 4000 1 5 0.683196849706777 5 1000 20676 5
"2014" "C" 0.004 -0.53625 0.54625 0 1 4000 1 5 0.604678532572337 5 1000 20677 5
"2015" "C" 0.004 -0.7425 0.54625 0 1 4000 1 5 0.604678532572337 5 1000 20927 5
"2016" "C" 0.04 -0.0825 0.7525 0 1 4000 1 5 0.284354282359106 5 1000 21387 5
"2017" "C" 0.04 -0.45375 0.38125 0 1 4000 1 5 0.964299951060516 5 1000 21819 5
"2018" "C" 0.004 -0.70125 0.79375 0 1 4000 1 5 0.230986728775236 5 1000 20889 5
"2019" "C" 0.04 -0.4125 0.505 0 1 4000 1 5 0.683196849706777 5 1000 21775 5
"2020" "C" 0.004 -0.495 0.05125 1 1 4000 1 5 2.97103966096362 5 1000 20604 5
"2021" "C" 0.004 -0.70125 0.54625 0 1 4000 1 5 0.604678532572337 5 1000 20877 5
"2022" "C" 0.004 -0.4125 0.95875 1 1 4000 1 5 0.042124926300671 5 1000 20548 5
"2023" "C" 0.004 -0.33 0.2575 0 1 4000 1 5 1.35673555887835 5 1000 20413 5
"2024" "C" 0.04 -0.4125 0.87625 0 1 4000 1 5 0.132103840633337 5 1000 21793 5
"2025" "C" 0.04 -0.165 0.01 0 1 4000 1 5 4.60517018598809 5 1000 21451 5
"2026" "C" 0.04 -0.495 0.13375 0 1 4000 1 5 2.01178289320602 5 1000 21857 5
"2027" "C" 0.04 -0.99 0.34 1 1 4000 1 5 1.07880966137193 5 1000 22468 5
"2028" "C" 0.004 0 0.21625 0 1 4000 1 5 1.53132013317015 5 1000 20011 5
"2029" "C" 0.004 -0.20625 0.9175 0 1 4000 1 5 0.0861026990534116 5 1000 20295 5
"2030" "C" 0.004 -0.9075 0.835 0 1 4000 1 5 0.180323554131281 5 1000 21141 5
"2031" "C" 0.04 -0.9075 0.34 0 1 4000 1 5 1.07880966137193 5 1000 22367 5
"2032" "C" 0.004 -0.9075 0.67 0 1 4000 1 5 0.400477566597125 5 1000 21133 5
"2033" "C" 0.04 -0.66 0.505 1 1 4000 1 5 0.683196849706777 5 1000 22076 5
"2034" "C" 0.004 -0.04125 0.0925 0 1 4000 1 5 2.38054663446376 5 1000 20055 5
"2035" "C" 0.004 -0.86625 0.4225 1 1 4000 1 5 0.861565832184908 5 1000 21072 5
"2036" "C" 0.04 -0.9075 0.62875 0 1 4000 1 5 0.464021557568188 5 1000 22381 5
"2037" "C" 0.004 -0.66 0.29875 0 1 4000 1 5 1.20814817573642 5 1000 20815 5
"2038" "C" 0.04 -0.4125 0.21625 0 1 4000 1 5 1.53132013317015 5 1000 21761 5
"2039" "C" 0.04 -0.86625 0.175 0 1 4000 1 5 1.74296930505862 5 1000 22309 5
"2040" "C" 0.004 -0.66 0.5875 0 1 4000 1 5 0.531879032963823 5 1000 20829 5
"2041" "C" 0.04 -0.94875 0.46375 0 1 4000 1 5 0.768409665060492 5 1000 22423 5
"2042" "C" 0.04 -0.04125 0.79375 1 1 4000 1 5 0.230986728775236 5 1000 21340 5
"2043" "C" 0.04 -0.0825 0.29875 0 1 4000 1 5 1.20814817573642 5 1000 21365 5
"2044" "C" 0.04 -0.61875 0.7525 1 1 4000 1 5 0.284354282359106 5 1000 22038 5
"2045" "C" 0.004 -0.2475 0.34 0 1 4000 1 5 1.07880966137193 5 1000 20317 5
"2046" "C" 0.004 0 0.79375 1 1 4000 1 5 0.230986728775236 5 1000 20040 5
"2047" "C" 0.04 -0.20625 0.21625 1 1 4000 1 5 1.53132013317015 5 1000 21512 5
"2048" "C" 0.04 -0.825 0.05125 1 1 4000 1 5 2.97103966096362 5 1000 22254 5
"2049" "C" 0.004 -0.70125 0.71125 0 1 4000 1 5 0.340731293541596 5 1000 20885 5
"2050" "C" 0.004 -0.825 0.79375 0 1 4000 1 5 0.230986728775236 5 1000 21039 5
"2051" "C" 0.04 -0.165 0.95875 0 1 4000 1 5 0.042124926300671 5 1000 21497 5
"2052" "C" 0.004 -0.825 0.71125 1 1 4000 1 5 0.340731293541596 5 1000 21036 5
"2053" "C" 0.04 -0.0825 0.67 0 1 4000 1 5 0.400477566597125 5 1000 21383 5
"2054" "C" 0.004 -0.53625 0.71125 1 1 4000 1 5 0.340731293541596 5 1000 20686 5
"2055" "C" 0.04 -0.5775 0.0925 0 1 4000 1 5 2.38054663446376 5 1000 21955 5
"2056" "C" 0.004 -0.86625 0.29875 0 1 4000 1 5 1.20814817573642 5 1000 21065 5
"2057" "C" 0.004 -0.495 0.38125 0 1 4000 1 5 0.964299951060516 5 1000 20619 5
"2058" "C" 0.004 -0.20625 0.38125 1 1 4000 1 5 0.964299951060516 5 1000 20270 5
"2059" "C" 0.004 -0.94875 0.62875 1 1 4000 1 5 0.464021557568188 5 1000 21182 5
"2060" "C" 0.04 -0.70125 0.21625 1 1 4000 1 5 1.53132013317015 5 1000 22112 5
"2061" "C" 0.04 -0.20625 0.34 1 1 4000 1 5 1.07880966137193 5 1000 21518 5
"2062" "C" 0.04 -0.61875 0.21625 1 1 4000 1 5 1.53132013317015 5 1000 22012 5
"2063" "C" 0.04 -0.78375 0.0925 0 1 4000 1 5 2.38054663446376 5 1000 22205 5
"2064" "C" 0.004 -0.4125 0.46375 0 1 4000 1 5 0.768409665060492 5 1000 20523 5
"2065" "C" 0.004 -0.99 0.54625 1 1 4000 1 5 0.604678532572337 5 1000 21228 5
"2066" "C" 0.04 -0.9075 0.38125 0 1 4000 1 5 0.964299951060516 5 1000 22369 5
"2067" "C" 0.004 -0.20625 0.175 0 1 4000 1 5 1.74296930505862 5 1000 20259 5
"2068" "C" 0.04 -0.0825 0.34 0 1 4000 1 5 1.07880966137193 5 1000 21367 5
"2069" "C" 0.04 -0.86625 0.87625 1 1 4000 1 5 0.132103840633337 5 1000 22344 5
"2070" "C" 0.04 -0.5775 0.5875 1 1 4000 1 5 0.531879032963823 5 1000 21980 5
"2071" "C" 0.004 -0.33 0.79375 0 1 4000 1 5 0.230986728775236 5 1000 20439 5
"2072" "C" 0.04 -0.99 0.175 1 1 4000 1 5 1.74296930505862 5 1000 22460 5
"2073" "C" 0.004 -0.12375 0.79375 1 1 4000 1 5 0.230986728775236 5 1000 20190 5
"2074" "C" 0.04 -0.66 0.2575 1 1 4000 1 5 1.35673555887835 5 1000 22064 5
"2075" "C" 0.04 -0.12375 0.46375 0 1 4000 1 5 0.768409665060492 5 1000 21423 5
"2076" "C" 0.04 -0.53625 0.835 0 1 4000 1 5 0.180323554131281 5 1000 21941 5
"2077" "C" 0.04 -0.70125 0.835 1 1 4000 1 5 0.180323554131281 5 1000 22142 5
"2078" "C" 0.004 -0.20625 0.95875 0 1 4000 1 5 0.042124926300671 5 1000 20297 5
"2079" "C" 0.004 -0.825 0.0925 1 1 4000 1 5 2.38054663446376 5 1000 21006 5
"2080" "C" 0.004 0 1 1 1 4000 1 5 0 5 1000 20050 5
"2081" "C" 0.04 -0.04125 0.05125 0 1 4000 1 5 2.97103966096362 5 1000 21303 5
"2082" "C" 0.04 -0.61875 0.05125 1 1 4000 1 5 2.97103966096362 5 1000 22004 5
"2083" "C" 0.004 -0.4125 0.79375 0 1 4000 1 5 0.230986728775236 5 1000 20539 5
"2084" "C" 0.04 -0.7425 0.71125 1 1 4000 1 5 0.340731293541596 5 1000 22186 5
"2085" "C" 0.004 -0.99 0.2575 1 1 4000 1 5 1.35673555887835 5 1000 21214 5
"2086" "C" 0.04 -0.99 0.67 0 1 4000 1 5 0.400477566597125 5 1000 22483 5
"2087" "C" 0.004 -0.33 0.29875 1 1 4000 1 5 1.20814817573642 5 1000 20416 5
"2088" "C" 0.04 -0.53625 0.67 1 1 4000 1 5 0.400477566597125 5 1000 21934 5
"2089" "C" 0.04 -0.33 0.835 1 1 4000 1 5 0.180323554131281 5 1000 21692 5
"2090" "C" 0.04 -0.66 0.54625 1 1 4000 1 5 0.604678532572337 5 1000 22078 5
"2091" "C" 0.04 -0.12375 0.835 0 1 4000 1 5 0.180323554131281 5 1000 21441 5
"2092" "C" 0.004 -0.28875 0.5875 0 1 4000 1 5 0.531879032963823 5 1000 20379 5
"2093" "C" 0.04 -0.04125 0.13375 1 1 4000 1 5 2.01178289320602 5 1000 21308 5
"2094" "C" 0.004 -0.33 0.05125 1 1 4000 1 5 2.97103966096362 5 1000 20404 5
"2095" "C" 0.04 -0.70125 0.0925 0 1 4000 1 5 2.38054663446376 5 1000 22105 5
"2096" "C" 0.004 -0.7425 0.835 1 1 4000 1 5 0.180323554131281 5 1000 20942 5
"2097" "C" 0.004 -0.86625 0.34 0 1 4000 1 5 1.07880966137193 5 1000 21067 5
"2098" "C" 0.004 -0.0825 0.9175 0 1 4000 1 5 0.0861026990534116 5 1000 20145 5
"2099" "C" 0.004 -0.33 0.21625 0 1 4000 1 5 1.53132013317015 5 1000 20411 5
"2100" "C" 0.004 -0.78375 0.29875 0 1 4000 1 5 1.20814817573642 5 1000 20965 5
"2101" "C" 0.004 -0.2475 0.71125 0 1 4000 1 5 0.340731293541596 5 1000 20335 5
"2102" "C" 0.04 -0.78375 0.05125 0 1 4000 1 5 2.97103966096362 5 1000 22203 5
"2103" "C" 0.04 -0.78375 0.9175 1 1 4000 1 5 0.0861026990534116 5 1000 22246 5
"2104" "C" 0.004 -0.165 0.71125 1 1 4000 1 5 0.340731293541596 5 1000 20236 5
"2105" "C" 0.004 -0.28875 0.175 0 1 4000 1 5 1.74296930505862 5 1000 20359 5
"2106" "C" 0.004 -0.0825 0.175 0 1 4000 1 5 1.74296930505862 5 1000 20109 5
"2107" "C" 0.004 -0.20625 0.62875 0 1 4000 1 5 0.464021557568188 5 1000 20281 5
"2108" "C" 0.04 -0.99 0.0925 1 1 4000 1 5 2.38054663446376 5 1000 22456 5
"2109" "C" 0.004 -0.94875 0.71125 0 1 4000 1 5 0.340731293541596 5 1000 21185 5
"2110" "C" 0.04 -0.04125 0.79375 0 1 4000 1 5 0.230986728775236 5 1000 21339 5
"2111" "C" 0.004 -0.33 0.0925 0 1 4000 1 5 2.38054663446376 5 1000 20405 5
"2112" "C" 0.004 -0.61875 0.01 1 1 4000 1 5 4.60517018598809 5 1000 20752 5
"2113" "C" 0.004 -0.5775 0.21625 1 1 4000 1 5 1.53132013317015 5 1000 20712 5
"2114" "C" 0.004 -0.99 0.38125 0 1 4000 1 5 0.964299951060516 5 1000 21219 5
"2115" "C" 0.04 -0.5775 0.835 1 1 4000 1 5 0.180323554131281 5 1000 21992 5
"2116" "C" 0.04 -0.495 0.38125 1 1 4000 1 5 0.964299951060516 5 1000 21870 5
"2117" "C" 0.004 -0.9075 0.67 1 1 4000 1 5 0.400477566597125 5 1000 21134 5
"2118" "C" 0.04 -0.0825 0.5875 0 1 4000 1 5 0.531879032963823 5 1000 21379 5
"2119" "C" 0.004 -0.28875 0.21625 0 1 4000 1 5 1.53132013317015 5 1000 20361 5
"2120" "C" 0.04 -0.0825 1 0 1 4000 1 5 0 5 1000 21399 5
"2121" "C" 0.04 -0.165 0.34 0 1 4000 1 5 1.07880966137193 5 1000 21467 5
"2122" "C" 0.004 -0.7425 0.505 1 1 4000 1 5 0.683196849706777 5 1000 20926 5
"2123" "C" 0.04 -0.4125 0.46375 1 1 4000 1 5 0.768409665060492 5 1000 21774 5
"2124" "C" 0.004 -0.28875 0.0925 0 1 4000 1 5 2.38054663446376 5 1000 20355 5
"2125" "C" 0.004 -0.94875 0.79375 1 1 4000 1 5 0.230986728775236 5 1000 21190 5
"2126" "C" 0.004 -0.2475 0.62875 1 1 4000 1 5 0.464021557568188 5 1000 20332 5
"2127" "C" 0.004 -0.45375 0.21625 1 1 4000 1 5 1.53132013317015 5 1000 20562 5
"2128" "C" 0.004 -0.4125 0.2575 0 1 4000 1 5 1.35673555887835 5 1000 20513 5
"2129" "C" 0.04 -0.99 0.62875 0 1 4000 1 5 0.464021557568188 5 1000 22481 5
"2130" "C" 0.04 -0.2475 0.38125 0 1 4000 1 5 0.964299951060516 5 1000 21569 5
"2131" "C" 0.004 -0.495 0.835 0 1 4000 1 5 0.180323554131281 5 1000 20641 5
"2132" "C" 0.004 -0.7425 0.5875 0 1 4000 1 5 0.531879032963823 5 1000 20929 5
"2133" "C" 0.004 -0.37125 1 0 1 4000 1 5 0 5 1000 20499 5
"2134" "C" 0.004 -0.66 0.71125 0 1 4000 1 5 0.340731293541596 5 1000 20835 5
"2135" "C" 0.04 -0.7425 0.13375 1 1 4000 1 5 2.01178289320602 5 1000 22158 5
"2136" "C" 0.04 -0.53625 0.835 1 1 4000 1 5 0.180323554131281 5 1000 21942 5
"2137" "C" 0.04 -0.495 0.01 1 1 4000 1 5 4.60517018598809 5 1000 21852 5
"2138" "C" 0.04 -0.53625 0.95875 0 1 4000 1 5 0.042124926300671 5 1000 21947 5
"2139" "C" 0.04 -0.495 0.5875 1 1 4000 1 5 0.531879032963823 5 1000 21880 5
"2140" "C" 0.004 -0.70125 0.46375 1 1 4000 1 5 0.768409665060492 5 1000 20874 5
"2141" "C" 0.004 -0.495 0.7525 1 1 4000 1 5 0.284354282359106 5 1000 20638 5
"2142" "C" 0.04 -0.5775 0.79375 0 1 4000 1 5 0.230986728775236 5 1000 21989 5
"2143" "C" 0.04 0 1 0 1 4000 1 5 0 5 1000 21299 5
"2144" "C" 0.004 -0.7425 0.46375 1 1 4000 1 5 0.768409665060492 5 1000 20924 5
"2145" "C" 0.04 -0.66 0.835 1 1 4000 1 5 0.180323554131281 5 1000 22092 5
"2146" "C" 0.04 -0.61875 0.0925 1 1 4000 1 5 2.38054663446376 5 1000 22006 5
"2147" "C" 0.004 -0.165 0.67 0 1 4000 1 5 0.400477566597125 5 1000 20233 5
"2148" "C" 0.04 -0.7425 0.67 1 1 4000 1 5 0.400477566597125 5 1000 22184 5
"2149" "C" 0.04 -0.28875 0.505 1 1 4000 1 5 0.683196849706777 5 1000 21626 5
"2150" "C" 0.004 -0.165 0.95875 1 1 4000 1 5 0.042124926300671 5 1000 20248 5
"2151" "C" 0.004 -0.7425 0.62875 0 1 4000 1 5 0.464021557568188 5 1000 20931 5
"2152" "C" 0.04 -0.5775 0.2575 0 1 4000 1 5 1.35673555887835 5 1000 21963 5
"2153" "C" 0.04 -0.165 0.46375 0 1 4000 1 5 0.768409665060492 5 1000 21473 5
"2154" "C" 0.04 -0.99 0.05125 1 1 4000 1 5 2.97103966096362 5 1000 22454 5
"2155" "C" 0.04 0 0.67 0 1 4000 1 5 0.400477566597125 5 1000 21283 5
"2156" "C" 0.004 -0.4125 0.505 0 1 4000 1 5 0.683196849706777 5 1000 20525 5
"2157" "C" 0.004 -0.9075 0.95875 0 1 4000 1 5 0.042124926300671 5 1000 21147 5
"2158" "C" 0.004 -0.99 0.835 0 1 4000 1 5 0.180323554131281 5 1000 21241 5
"2159" "C" 0.04 -0.86625 0.34 0 1 4000 1 5 1.07880966137193 5 1000 22317 5
"2160" "C" 0.04 -0.04125 0.54625 0 1 4000 1 5 0.604678532572337 5 1000 21327 5
"2161" "C" 0.04 -0.70125 0.38125 0 1 4000 1 5 0.964299951060516 5 1000 22119 5
"2162" "C" 0.04 -0.45375 0.835 0 1 4000 1 5 0.180323554131281 5 1000 21841 5
"2163" "C" 0.04 -0.04125 0.4225 1 1 4000 1 5 0.861565832184908 5 1000 21322 5
"2164" "C" 0.04 -0.12375 0.7525 1 1 4000 1 5 0.284354282359106 5 1000 21438 5
"2165" "C" 0.004 -0.495 0.79375 1 1 4000 1 5 0.230986728775236 5 1000 20640 5
"2166" "C" 0.04 -0.94875 0.71125 1 1 4000 1 5 0.340731293541596 5 1000 22436 5
"2167" "C" 0.004 -0.7425 0.79375 1 1 4000 1 5 0.230986728775236 5 1000 20940 5
"2168" "C" 0.04 -0.86625 0.2575 0 1 4000 1 5 1.35673555887835 5 1000 22313 5
"2169" "C" 0.04 -0.7425 0.34 1 1 4000 1 5 1.07880966137193 5 1000 22168 5
"2170" "C" 0.04 -0.12375 0.29875 1 1 4000 1 5 1.20814817573642 5 1000 21416 5
"2171" "C" 0.004 -0.12375 0.95875 1 1 4000 1 5 0.042124926300671 5 1000 20198 5
"2172" "C" 0.04 -0.94875 0.21625 1 1 4000 1 5 1.53132013317015 5 1000 22412 5
"2173" "C" 0.04 -0.04125 0.67 1 1 4000 1 5 0.400477566597125 5 1000 21334 5
"2174" "C" 0.004 -0.2475 0.67 1 1 4000 1 5 0.400477566597125 5 1000 20334 5
"2175" "C" 0.004 -0.825 0.01 0 1 4000 1 5 4.60517018598809 5 1000 21001 5
"2176" "C" 0.04 -0.28875 0.5875 0 1 4000 1 5 0.531879032963823 5 1000 21629 5
"2177" "C" 0.04 -0.53625 0.505 0 1 4000 1 5 0.683196849706777 5 1000 21925 5
"2178" "C" 0.04 -0.165 1 0 1 4000 1 5 0 5 1000 21499 5
"2179" "C" 0.04 -0.94875 1 1 1 4000 1 5 0 5 1000 22450 5
"2180" "C" 0.004 -0.0825 0.7525 1 1 4000 1 5 0.284354282359106 5 1000 20138 5
"2181" "C" 0.004 -0.7425 0.34 1 1 4000 1 5 1.07880966137193 5 1000 20918 5
"2182" "C" 0.004 -0.45375 0.505 0 1 4000 1 5 0.683196849706777 5 1000 20575 5
"2183" "C" 0.04 -0.4125 0.29875 1 1 4000 1 5 1.20814817573642 5 1000 21766 5
"2184" "C" 0.04 -0.45375 0.67 1 1 4000 1 5 0.400477566597125 5 1000 21834 5
"2185" "C" 0.04 -0.165 0.175 0 1 4000 1 5 1.74296930505862 5 1000 21459 5
"2186" "C" 0.04 -0.495 0.46375 0 1 4000 1 5 0.768409665060492 5 1000 21873 5
"2187" "C" 0.04 -0.4125 0.01 0 1 4000 1 5 4.60517018598809 5 1000 21751 5
"2188" "C" 0.04 -0.2475 0.46375 0 1 4000 1 5 0.768409665060492 5 1000 21573 5
"2189" "C" 0.04 -0.86625 0.4225 0 1 4000 1 5 0.861565832184908 5 1000 22321 5
"2190" "C" 0.04 -0.33 0.67 1 1 4000 1 5 0.400477566597125 5 1000 21684 5
"2191" "C" 0.004 -0.86625 0.175 1 1 4000 1 5 1.74296930505862 5 1000 21060 5
"2192" "C" 0.004 -0.825 1 0 1 4000 1 5 0 5 1000 21049 5
"2193" "C" 0.04 -0.94875 0.9175 0 1 4000 1 5 0.0861026990534116 5 1000 22445 5
"2194" "C" 0.04 -0.33 0.21625 1 1 4000 1 5 1.53132013317015 5 1000 21662 5
"2195" "C" 0.04 -0.33 0.01 0 1 4000 1 5 4.60517018598809 5 1000 21651 5
"2196" "C" 0.04 -0.70125 0.67 0 1 4000 1 5 0.400477566597125 5 1000 22133 5
"2197" "C" 0.004 -0.5775 0.7525 1 1 4000 1 5 0.284354282359106 5 1000 20738 5
"2198" "C" 0.04 -0.7425 0.7525 1 1 4000 1 5 0.284354282359106 5 1000 22188 5
"2199" "C" 0.04 -0.7425 0.54625 0 1 4000 1 5 0.604678532572337 5 1000 22177 5
"2200" "C" 0.004 -0.94875 0.505 1 1 4000 1 5 0.683196849706777 5 1000 21176 5
"2201" "C" 0.004 -0.99 0.87625 0 1 4000 1 5 0.132103840633337 5 1000 21243 5
"2202" "C" 0.004 -0.825 0.79375 1 1 4000 1 5 0.230986728775236 5 1000 21040 5
"2203" "C" 0.04 -0.9075 0.5875 1 1 4000 1 5 0.531879032963823 5 1000 22380 5
"2204" "C" 0.04 -0.5775 0.54625 1 1 4000 1 5 0.604678532572337 5 1000 21978 5
"2205" "C" 0.04 -0.94875 0.13375 0 1 4000 1 5 2.01178289320602 5 1000 22407 5
"2206" "C" 0.004 -0.53625 0.13375 0 1 4000 1 5 2.01178289320602 5 1000 20657 5
"2207" "C" 0.004 -0.9075 0.9175 1 1 4000 1 5 0.0861026990534116 5 1000 21146 5
"2208" "C" 0.04 -0.37125 0.13375 0 1 4000 1 5 2.01178289320602 5 1000 21707 5
"2209" "C" 0.004 -0.4125 0.4225 1 1 4000 1 5 0.861565832184908 5 1000 20522 5
"2210" "C" 0.004 -0.5775 0.79375 1 1 4000 1 5 0.230986728775236 5 1000 20740 5
"2211" "C" 0.04 -0.78375 0.9175 0 1 4000 1 5 0.0861026990534116 5 1000 22245 5
"2212" "C" 0.04 -0.94875 0.95875 1 1 4000 1 5 0.042124926300671 5 1000 22448 5
"2213" "C" 0.04 -0.7425 0.0925 0 1 4000 1 5 2.38054663446376 5 1000 22155 5
"2214" "C" 0.04 -0.04125 0.835 0 1 4000 1 5 0.180323554131281 5 1000 21341 5
"2215" "C" 0.04 -0.45375 0.62875 1 1 4000 1 5 0.464021557568188 5 1000 21832 5
"2216" "C" 0.004 -0.28875 0.79375 0 1 4000 1 5 0.230986728775236 5 1000 20389 5
"2217" "C" 0.004 -0.53625 0.5875 0 1 4000 1 5 0.531879032963823 5 1000 20679 5
"2218" "C" 0.004 0 0.5875 1 1 4000 1 5 0.531879032963823 5 1000 20030 5
"2219" "C" 0.04 -0.04125 0.4225 0 1 4000 1 5 0.861565832184908 5 1000 21321 5
"2220" "C" 0.004 -0.0825 0.4225 1 1 4000 1 5 0.861565832184908 5 1000 20122 5
"2221" "C" 0.04 -0.825 0.29875 1 1 4000 1 5 1.20814817573642 5 1000 22266 5
"2222" "C" 0.004 -0.5775 0.67 1 1 4000 1 5 0.400477566597125 5 1000 20734 5
"2223" "C" 0.04 -0.5775 0.505 1 1 4000 1 5 0.683196849706777 5 1000 21976 5
"2224" "C" 0.004 -0.28875 0.05125 0 1 4000 1 5 2.97103966096362 5 1000 20353 5
"2225" "C" 0.004 -0.9075 0.21625 0 1 4000 1 5 1.53132013317015 5 1000 21111 5
"2226" "C" 0.04 0 0.87625 0 1 4000 1 5 0.132103840633337 5 1000 21293 5
"2227" "C" 0.04 -0.37125 0.21625 1 1 4000 1 5 1.53132013317015 5 1000 21712 5
"2228" "C" 0.004 -0.20625 1 0 1 4000 1 5 0 5 1000 20299 5
"2229" "C" 0.04 -0.61875 0.38125 1 1 4000 1 5 0.964299951060516 5 1000 22020 5
"2230" "C" 0.04 -0.5775 0.13375 0 1 4000 1 5 2.01178289320602 5 1000 21957 5
"2231" "C" 0.04 -0.12375 0.2575 0 1 4000 1 5 1.35673555887835 5 1000 21413 5
"2232" "C" 0.04 -0.94875 0.71125 0 1 4000 1 5 0.340731293541596 5 1000 22435 5
"2233" "C" 0.04 -0.86625 0.21625 1 1 4000 1 5 1.53132013317015 5 1000 22312 5
"2234" "C" 0.004 -0.165 0.38125 1 1 4000 1 5 0.964299951060516 5 1000 20220 5
"2235" "C" 0.04 -0.53625 0.38125 1 1 4000 1 5 0.964299951060516 5 1000 21920 5
"2236" "C" 0.04 -0.495 0.29875 1 1 4000 1 5 1.20814817573642 5 1000 21866 5
"2237" "C" 0.004 -0.37125 0.9175 0 1 4000 1 5 0.0861026990534116 5 1000 20495 5
"2238" "C" 0.04 -0.825 0.2575 1 1 4000 1 5 1.35673555887835 5 1000 22264 5
"2239" "C" 0.04 -0.45375 0.4225 1 1 4000 1 5 0.861565832184908 5 1000 21822 5
"2240" "C" 0.004 -0.165 0.2575 0 1 4000 1 5 1.35673555887835 5 1000 20213 5
"2241" "C" 0.004 -0.33 0.2575 1 1 4000 1 5 1.35673555887835 5 1000 20414 5
"2242" "C" 0.004 -0.45375 0.9175 1 1 4000 1 5 0.0861026990534116 5 1000 20596 5
"2243" "C" 0.004 -0.9075 0.38125 0 1 4000 1 5 0.964299951060516 5 1000 21119 5
"2244" "C" 0.04 -0.495 0.62875 1 1 4000 1 5 0.464021557568188 5 1000 21882 5
"2245" "C" 0.04 0 0.38125 1 1 4000 1 5 0.964299951060516 5 1000 21270 5
"2246" "C" 0.04 -0.78375 0.79375 1 1 4000 1 5 0.230986728775236 5 1000 22240 5
"2247" "C" 0.004 -0.86625 0.835 0 1 4000 1 5 0.180323554131281 5 1000 21091 5
"2248" "C" 0.04 -0.45375 0.79375 1 1 4000 1 5 0.230986728775236 5 1000 21840 5
"2249" "C" 0.004 -0.37125 0.05125 0 1 4000 1 5 2.97103966096362 5 1000 20453 5
"2250" "C" 0.004 -0.5775 0.4225 1 1 4000 1 5 0.861565832184908 5 1000 20722 5
"2251" "C" 0.04 -0.28875 0.79375 0 1 4000 1 5 0.230986728775236 5 1000 21639 5
"2252" "C" 0.04 -0.28875 0.67 0 1 4000 1 5 0.400477566597125 5 1000 21633 5
"2253" "C" 0.04 -0.7425 0.05125 0 1 4000 1 5 2.97103966096362 5 1000 22153 5
"2254" "C" 0.004 -0.9075 0.87625 1 1 4000 1 5 0.132103840633337 5 1000 21144 5
"2255" "C" 0.04 -0.20625 0.46375 1 1 4000 1 5 0.768409665060492 5 1000 21524 5
"2256" "C" 0.004 -0.70125 0.71125 1 1 4000 1 5 0.340731293541596 5 1000 20886 5
"2257" "C" 0.04 -0.53625 0.0925 1 1 4000 1 5 2.38054663446376 5 1000 21906 5
"2258" "C" 0.004 -0.33 0.79375 1 1 4000 1 5 0.230986728775236 5 1000 20440 5
"2259" "C" 0.04 -0.20625 0.505 1 1 4000 1 5 0.683196849706777 5 1000 21526 5
"2260" "C" 0.004 -0.165 0.5875 0 1 4000 1 5 0.531879032963823 5 1000 20229 5
"2261" "C" 0.004 -0.70125 0.9175 1 1 4000 1 5 0.0861026990534116 5 1000 20896 5
"2262" "C" 0.04 -0.2475 0.5875 0 1 4000 1 5 0.531879032963823 5 1000 21579 5
"2263" "C" 0.004 -0.70125 0.67 0 1 4000 1 5 0.400477566597125 5 1000 20883 5
"2264" "C" 0.04 -0.61875 0.87625 1 1 4000 1 5 0.132103840633337 5 1000 22044 5
"2265" "C" 0.04 -0.33 0.9175 1 1 4000 1 5 0.0861026990534116 5 1000 21696 5
"2266" "C" 0.04 -0.12375 0.13375 0 1 4000 1 5 2.01178289320602 5 1000 21407 5
"2267" "C" 0.004 -0.61875 0.5875 0 1 4000 1 5 0.531879032963823 5 1000 20779 5
"2268" "C" 0.04 -0.45375 0.175 0 1 4000 1 5 1.74296930505862 5 1000 21809 5
"2269" "C" 0.04 -0.28875 0.4225 0 1 4000 1 5 0.861565832184908 5 1000 21621 5
"2270" "C" 0.04 -0.70125 0.05125 0 1 4000 1 5 2.97103966096362 5 1000 22103 5
"2271" "C" 0.004 -0.12375 0.505 1 1 4000 1 5 0.683196849706777 5 1000 20176 5
"2272" "C" 0.004 -0.2475 0.2575 1 1 4000 1 5 1.35673555887835 5 1000 20314 5
"2273" "C" 0.004 -0.86625 0.9175 1 1 4000 1 5 0.0861026990534116 5 1000 21096 5
"2274" "C" 0.004 -0.165 0.62875 1 1 4000 1 5 0.464021557568188 5 1000 20232 5
"2275" "C" 0.004 -0.04125 0.7525 1 1 4000 1 5 0.284354282359106 5 1000 20088 5
"2276" "C" 0.004 -0.04125 0.0925 1 1 4000 1 5 2.38054663446376 5 1000 20056 5
"2277" "C" 0.004 -0.70125 0.95875 0 1 4000 1 5 0.042124926300671 5 1000 20897 5
"2278" "C" 0.004 -0.45375 0.67 1 1 4000 1 5 0.400477566597125 5 1000 20584 5
"2279" "C" 0.04 -0.165 0.175 1 1 4000 1 5 1.74296930505862 5 1000 21460 5
"2280" "C" 0.04 -0.28875 0.79375 1 1 4000 1 5 0.230986728775236 5 1000 21640 5
"2281" "C" 0.04 -0.20625 0.0925 0 1 4000 1 5 2.38054663446376 5 1000 21505 5
"2282" "C" 0.04 -0.33 0.4225 0 1 4000 1 5 0.861565832184908 5 1000 21671 5
"2283" "C" 0.04 -0.2475 0.34 0 1 4000 1 5 1.07880966137193 5 1000 21567 5
"2284" "C" 0.004 -0.04125 0.2575 0 1 4000 1 5 1.35673555887835 5 1000 20063 5
"2285" "C" 0.004 0 0.95875 1 1 4000 1 5 0.042124926300671 5 1000 20048 5
"2286" "C" 0.004 -0.99 0.13375 0 1 4000 1 5 2.01178289320602 5 1000 21207 5
"2287" "C" 0.004 -0.4125 0.87625 1 1 4000 1 5 0.132103840633337 5 1000 20544 5
"2288" "C" 0.004 -0.0825 0.9175 1 1 4000 1 5 0.0861026990534116 5 1000 20146 5
"2289" "C" 0.004 -0.4125 0.5875 0 1 4000 1 5 0.531879032963823 5 1000 20529 5
"2290" "C" 0.04 -0.5775 0.46375 0 1 4000 1 5 0.768409665060492 5 1000 21973 5
"2291" "C" 0.04 -0.86625 0.79375 0 1 4000 1 5 0.230986728775236 5 1000 22339 5
"2292" "C" 0.04 -0.61875 0.29875 0 1 4000 1 5 1.20814817573642 5 1000 22015 5
"2293" "C" 0.04 -0.78375 0.71125 1 1 4000 1 5 0.340731293541596 5 1000 22236 5
"2294" "C" 0.04 -0.86625 0.5875 1 1 4000 1 5 0.531879032963823 5 1000 22330 5
"2295" "C" 0.004 -0.53625 1 0 1 4000 1 5 0 5 1000 20699 5
"2296" "C" 0.004 -0.61875 0.505 0 1 4000 1 5 0.683196849706777 5 1000 20775 5
"2297" "C" 0.004 -0.165 0.34 0 1 4000 1 5 1.07880966137193 5 1000 20217 5
"2298" "C" 0.04 0 0.175 0 1 4000 1 5 1.74296930505862 5 1000 21259 5
"2299" "C" 0.004 -0.165 0.505 1 1 4000 1 5 0.683196849706777 5 1000 20226 5
"2300" "C" 0.004 -0.495 0.46375 0 1 4000 1 5 0.768409665060492 5 1000 20623 5
"2301" "C" 0.04 -0.495 0.87625 1 1 4000 1 5 0.132103840633337 5 1000 21894 5
"2302" "C" 0.004 -0.5775 0.835 0 1 4000 1 5 0.180323554131281 5 1000 20741 5
"2303" "C" 0.004 -0.4125 0.835 0 1 4000 1 5 0.180323554131281 5 1000 20541 5
"2304" "C" 0.004 -0.78375 0.01 1 1 4000 1 5 4.60517018598809 5 1000 20952 5
"2305" "C" 0.004 -0.9075 0.71125 0 1 4000 1 5 0.340731293541596 5 1000 21135 5
"2306" "C" 0.004 -0.495 0.13375 1 1 4000 1 5 2.01178289320602 5 1000 20608 5
"2307" "C" 0.004 -0.0825 0.5875 1 1 4000 1 5 0.531879032963823 5 1000 20130 5
"2308" "C" 0.04 -0.45375 0.54625 0 1 4000 1 5 0.604678532572337 5 1000 21827 5
"2309" "C" 0.004 -0.70125 0.7525 1 1 4000 1 5 0.284354282359106 5 1000 20888 5
"2310" "C" 0.04 -0.99 0.79375 1 1 4000 1 5 0.230986728775236 5 1000 22490 5
"2311" "C" 0.04 -0.99 0.46375 0 1 4000 1 5 0.768409665060492 5 1000 22473 5
"2312" "C" 0.04 -0.86625 0.505 1 1 4000 1 5 0.683196849706777 5 1000 22326 5
"2313" "C" 0.04 -0.825 0.29875 0 1 4000 1 5 1.20814817573642 5 1000 22265 5
"2314" "C" 0.004 -0.94875 0.46375 0 1 4000 1 5 0.768409665060492 5 1000 21173 5
"2315" "C" 0.04 -0.86625 0.67 0 1 4000 1 5 0.400477566597125 5 1000 22333 5
"2316" "C" 0.004 -0.99 0.79375 1 1 4000 1 5 0.230986728775236 5 1000 21240 5
"2317" "C" 0.04 -0.94875 0.95875 0 1 4000 1 5 0.042124926300671 5 1000 22447 5
"2318" "C" 0.004 -0.70125 0.38125 0 1 4000 1 5 0.964299951060516 5 1000 20869 5
"2319" "C" 0.004 -0.33 0.95875 1 1 4000 1 5 0.042124926300671 5 1000 20448 5
"2320" "C" 0.04 -0.825 0.38125 1 1 4000 1 5 0.964299951060516 5 1000 22270 5
"2321" "C" 0.04 -0.0825 0.01 0 1 4000 1 5 4.60517018598809 5 1000 21351 5
"2322" "C" 0.04 -0.165 0.38125 0 1 4000 1 5 0.964299951060516 5 1000 21469 5
"2323" "C" 0.004 -0.99 0.13375 1 1 4000 1 5 2.01178289320602 5 1000 21208 5
"2324" "C" 0.04 -0.12375 0.34 1 1 4000 1 5 1.07880966137193 5 1000 21418 5
"2325" "C" 0.004 -0.5775 0.38125 1 1 4000 1 5 0.964299951060516 5 1000 20720 5
"2326" "C" 0.04 -0.04125 0.0925 1 1 4000 1 5 2.38054663446376 5 1000 21306 5
"2327" "C" 0.004 -0.5775 0.505 0 1 4000 1 5 0.683196849706777 5 1000 20725 5
"2328" "C" 0.04 -0.20625 0.13375 0 1 4000 1 5 2.01178289320602 5 1000 21507 5
"2329" "C" 0.004 -0.66 0.46375 0 1 4000 1 5 0.768409665060492 5 1000 20823 5
"2330" "C" 0.004 -0.78375 0.38125 1 1 4000 1 5 0.964299951060516 5 1000 20970 5
"2331" "C" 0.004 -0.825 0.05125 0 1 4000 1 5 2.97103966096362 5 1000 21003 5
"2332" "C" 0.04 -0.0825 0.54625 1 1 4000 1 5 0.604678532572337 5 1000 21378 5
"2333" "C" 0.004 -0.20625 0.7525 0 1 4000 1 5 0.284354282359106 5 1000 20287 5
"2334" "C" 0.004 -0.70125 0.2575 1 1 4000 1 5 1.35673555887835 5 1000 20864 5
"2335" "C" 0.04 -0.04125 0.38125 1 1 4000 1 5 0.964299951060516 5 1000 21320 5
"2336" "C" 0.004 -0.5775 0.2575 0 1 4000 1 5 1.35673555887835 5 1000 20713 5
"2337" "C" 0.04 0 0.9175 1 1 4000 1 5 0.0861026990534116 5 1000 21296 5
"2338" "C" 0.04 0 0.7525 1 1 4000 1 5 0.284354282359106 5 1000 21288 5
"2339" "C" 0.004 -0.45375 0.67 0 1 4000 1 5 0.400477566597125 5 1000 20583 5
"2340" "C" 0.04 -0.9075 0.67 0 1 4000 1 5 0.400477566597125 5 1000 22383 5
"2341" "C" 0.004 -0.9075 0.71125 1 1 4000 1 5 0.340731293541596 5 1000 21136 5
"2342" "C" 0.004 -0.0825 0.38125 0 1 4000 1 5 0.964299951060516 5 1000 20119 5
"2343" "C" 0.004 -0.04125 0.34 1 1 4000 1 5 1.07880966137193 5 1000 20068 5
"2344" "C" 0.004 -0.70125 0.79375 1 1 4000 1 5 0.230986728775236 5 1000 20890 5
"2345" "C" 0.004 -0.28875 0.2575 1 1 4000 1 5 1.35673555887835 5 1000 20364 5
"2346" "C" 0.004 -0.5775 0.5875 1 1 4000 1 5 0.531879032963823 5 1000 20730 5
"2347" "C" 0.04 -0.2475 0.38125 1 1 4000 1 5 0.964299951060516 5 1000 21570 5
"2348" "C" 0.04 -0.61875 0.79375 0 1 4000 1 5 0.230986728775236 5 1000 22039 5
"2349" "C" 0.04 -0.61875 0.7525 0 1 4000 1 5 0.284354282359106 5 1000 22037 5
"2350" "C" 0.004 -0.7425 0.9175 0 1 4000 1 5 0.0861026990534116 5 1000 20945 5
"2351" "C" 0.004 -0.78375 0.34 1 1 4000 1 5 1.07880966137193 5 1000 20968 5
"2352" "C" 0.004 -0.04125 0.79375 0 1 4000 1 5 0.230986728775236 5 1000 20089 5
"2353" "C" 0.04 -0.20625 0.29875 1 1 4000 1 5 1.20814817573642 5 1000 21516 5
"2354" "C" 0.004 -0.4125 0.505 1 1 4000 1 5 0.683196849706777 5 1000 20526 5
"2355" "C" 0.04 -0.99 0.5875 0 1 4000 1 5 0.531879032963823 5 1000 22479 5
"2356" "C" 0.04 -0.5775 0.13375 1 1 4000 1 5 2.01178289320602 5 1000 21958 5
"2357" "C" 0.004 -0.7425 0.71125 0 1 4000 1 5 0.340731293541596 5 1000 20935 5
"2358" "C" 0.04 -0.66 0.71125 0 1 4000 1 5 0.340731293541596 5 1000 22085 5
"2359" "C" 0.04 -0.53625 1 1 1 4000 1 5 0 5 1000 21950 5
"2360" "C" 0.04 -0.20625 0.95875 0 1 4000 1 5 0.042124926300671 5 1000 21547 5
"2361" "C" 0.04 -0.37125 1 1 1 4000 1 5 0 5 1000 21750 5
"2362" "C" 0.04 -0.5775 0.4225 1 1 4000 1 5 0.861565832184908 5 1000 21972 5
"2363" "C" 0.04 -0.2475 0.05125 1 1 4000 1 5 2.97103966096362 5 1000 21554 5
"2364" "C" 0.004 -0.20625 0.46375 0 1 4000 1 5 0.768409665060492 5 1000 20273 5
"2365" "C" 0.004 -0.165 0.34 1 1 4000 1 5 1.07880966137193 5 1000 20218 5
"2366" "C" 0.04 -0.12375 0.05125 0 1 4000 1 5 2.97103966096362 5 1000 21403 5
"2367" "C" 0.04 -0.20625 0.175 1 1 4000 1 5 1.74296930505862 5 1000 21510 5
"2368" "C" 0.004 0 1 0 1 4000 1 5 0 5 1000 20049 5
"2369" "C" 0.04 -0.66 0.7525 1 1 4000 1 5 0.284354282359106 5 1000 22088 5
"2370" "C" 0.004 -0.37125 0.505 0 1 4000 1 5 0.683196849706777 5 1000 20475 5
"2371" "C" 0.04 -0.04125 0.9175 0 1 4000 1 5 0.0861026990534116 5 1000 21345 5
"2372" "C" 0.04 -0.37125 0.4225 0 1 4000 1 5 0.861565832184908 5 1000 21721 5
"2373" "C" 0.04 -0.66 0.87625 1 1 4000 1 5 0.132103840633337 5 1000 22094 5
"2374" "C" 0.004 -0.7425 0.5875 1 1 4000 1 5 0.531879032963823 5 1000 20930 5
"2375" "C" 0.04 -0.37125 0.175 1 1 4000 1 5 1.74296930505862 5 1000 21710 5
"2376" "C" 0.04 -0.2475 0.175 0 1 4000 1 5 1.74296930505862 5 1000 21559 5
"2377" "C" 0.004 -0.33 0.95875 0 1 4000 1 5 0.042124926300671 5 1000 20447 5
"2378" "C" 0.004 -0.7425 0.13375 1 1 4000 1 5 2.01178289320602 5 1000 20908 5
"2379" "C" 0.004 -0.5775 0.01 0 1 4000 1 5 4.60517018598809 5 1000 20701 5
"2380" "C" 0.004 0 0.79375 0 1 4000 1 5 0.230986728775236 5 1000 20039 5
"2381" "C" 0.004 -0.99 0.9175 1 1 4000 1 5 0.0861026990534116 5 1000 21246 5
"2382" "C" 0.04 -0.78375 0.5875 1 1 4000 1 5 0.531879032963823 5 1000 22230 5
"2383" "C" 0.004 -0.5775 0.21625 0 1 4000 1 5 1.53132013317015 5 1000 20711 5
"2384" "C" 0.04 -0.70125 0.7525 1 1 4000 1 5 0.284354282359106 5 1000 22138 5
"2385" "C" 0.004 -0.37125 0.13375 0 1 4000 1 5 2.01178289320602 5 1000 20457 5
"2386" "C" 0.04 -0.45375 0.01 1 1 4000 1 5 4.60517018598809 5 1000 21802 5
"2387" "C" 0.004 -0.45375 0.34 1 1 4000 1 5 1.07880966137193 5 1000 20568 5
"2388" "C" 0.004 -0.5775 0.87625 0 1 4000 1 5 0.132103840633337 5 1000 20743 5
"2389" "C" 0.004 -0.86625 0.01 0 1 4000 1 5 4.60517018598809 5 1000 21051 5
"2390" "C" 0.04 -0.37125 0.29875 0 1 4000 1 5 1.20814817573642 5 1000 21715 5
"2391" "C" 0.004 -0.66 0.01 1 1 4000 1 5 4.60517018598809 5 1000 20802 5
"2392" "C" 0.004 -0.165 1 0 1 4000 1 5 0 5 1000 20249 5
"2393" "C" 0.04 -0.9075 0.46375 0 1 4000 1 5 0.768409665060492 5 1000 22373 5
"2394" "C" 0.004 -0.86625 0.71125 0 1 4000 1 5 0.340731293541596 5 1000 21085 5
"2395" "C" 0.04 -0.9075 0.175 0 1 4000 1 5 1.74296930505862 5 1000 22359 5
"2396" "C" 0.004 -0.0825 0.95875 0 1 4000 1 5 0.042124926300671 5 1000 20147 5
"2397" "C" 0.004 -0.2475 0.38125 0 1 4000 1 5 0.964299951060516 5 1000 20319 5
"2398" "C" 0.004 -0.825 0.835 1 1 4000 1 5 0.180323554131281 5 1000 21042 5
"2399" "C" 0.04 0 0.29875 0 1 4000 1 5 1.20814817573642 5 1000 21265 5
"2400" "C" 0.04 -0.825 0.95875 1 1 4000 1 5 0.042124926300671 5 1000 22298 5
"2401" "C" 0.004 -0.66 0.46375 1 1 4000 1 5 0.768409665060492 5 1000 20824 5
"2402" "C" 0.004 -0.45375 0.38125 0 1 4000 1 5 0.964299951060516 5 1000 20569 5
"2403" "C" 0.004 -0.53625 0.67 0 1 4000 1 5 0.400477566597125 5 1000 20683 5
"2404" "C" 0.04 -0.70125 0.21625 0 1 4000 1 5 1.53132013317015 5 1000 22111 5
"2405" "C" 0.04 -0.0825 0.87625 1 1 4000 1 5 0.132103840633337 5 1000 21394 5
"2406" "C" 0.004 -0.99 0.2575 0 1 4000 1 5 1.35673555887835 5 1000 21213 5
"2407" "C" 0.004 -0.66 0.87625 0 1 4000 1 5 0.132103840633337 5 1000 20843 5
"2408" "C" 0.004 -0.165 0.7525 1 1 4000 1 5 0.284354282359106 5 1000 20238 5
"2409" "C" 0.004 -0.70125 0.67 1 1 4000 1 5 0.400477566597125 5 1000 20884 5
"2410" "C" 0.004 -0.78375 0.835 0 1 4000 1 5 0.180323554131281 5 1000 20991 5
"2411" "C" 0.04 -0.04125 0.62875 0 1 4000 1 5 0.464021557568188 5 1000 21331 5
"2412" "C" 0.004 -0.53625 0.46375 1 1 4000 1 5 0.768409665060492 5 1000 20674 5
"2413" "C" 0.004 -0.33 0.7525 1 1 4000 1 5 0.284354282359106 5 1000 20438 5
"2414" "C" 0.004 -0.825 0.835 0 1 4000 1 5 0.180323554131281 5 1000 21041 5
"2415" "C" 0.004 -0.99 1 1 1 4000 1 5 0 5 1000 21250 5
"2416" "C" 0.04 -0.4125 0.2575 1 1 4000 1 5 1.35673555887835 5 1000 21764 5
"2417" "C" 0.04 -0.825 0.87625 1 1 4000 1 5 0.132103840633337 5 1000 22294 5
"2418" "C" 0.04 -0.12375 1 0 1 4000 1 5 0 5 1000 21449 5
"2419" "C" 0.04 -0.78375 0.505 1 1 4000 1 5 0.683196849706777 5 1000 22226 5
"2420" "C" 0.04 -0.70125 0.54625 0 1 4000 1 5 0.604678532572337 5 1000 22127 5
"2421" "C" 0.004 -0.94875 0.21625 0 1 4000 1 5 1.53132013317015 5 1000 21161 5
"2422" "C" 0.04 -0.2475 0.7525 0 1 4000 1 5 0.284354282359106 5 1000 21587 5
"2423" "C" 0.004 -0.78375 0.175 1 1 4000 1 5 1.74296930505862 5 1000 20960 5
"2424" "C" 0.004 -0.94875 0.67 1 1 4000 1 5 0.400477566597125 5 1000 21184 5
"2425" "C" 0.004 -0.165 0.01 0 1 4000 1 5 4.60517018598809 5 1000 20201 5
"2426" "C" 0.04 -0.78375 0.5875 0 1 4000 1 5 0.531879032963823 5 1000 22229 5
"2427" "C" 0.04 -0.0825 0.505 1 1 4000 1 5 0.683196849706777 5 1000 21376 5
"2428" "C" 0.004 -0.66 0.79375 1 1 4000 1 5 0.230986728775236 5 1000 20840 5
"2429" "C" 0.04 -0.94875 0.29875 1 1 4000 1 5 1.20814817573642 5 1000 22416 5
"2430" "C" 0.04 -0.7425 0.87625 0 1 4000 1 5 0.132103840633337 5 1000 22193 5
"2431" "C" 0.004 -0.45375 0.79375 0 1 4000 1 5 0.230986728775236 5 1000 20589 5
"2432" "C" 0.04 -0.5775 0.01 0 1 4000 1 5 4.60517018598809 5 1000 21951 5
"2433" "C" 0.004 -0.99 0.87625 1 1 4000 1 5 0.132103840633337 5 1000 21244 5
"2434" "C" 0.04 -0.495 0.0925 0 1 4000 1 5 2.38054663446376 5 1000 21855 5
"2435" "C" 0.04 -0.28875 0.46375 0 1 4000 1 5 0.768409665060492 5 1000 21623 5
"2436" "C" 0.004 -0.86625 0.34 1 1 4000 1 5 1.07880966137193 5 1000 21068 5
"2437" "C" 0.004 -0.61875 0.29875 0 1 4000 1 5 1.20814817573642 5 1000 20765 5
"2438" "C" 0.04 -0.94875 0.46375 1 1 4000 1 5 0.768409665060492 5 1000 22424 5
"2439" "C" 0.004 -0.94875 0.87625 0 1 4000 1 5 0.132103840633337 5 1000 21193 5
"2440" "C" 0.004 -0.165 0.87625 0 1 4000 1 5 0.132103840633337 5 1000 20243 5
"2441" "C" 0.04 -0.0825 0.71125 1 1 4000 1 5 0.340731293541596 5 1000 21386 5
"2442" "C" 0.04 -0.70125 0.87625 1 1 4000 1 5 0.132103840633337 5 1000 22144 5
"2443" "C" 0.04 -0.45375 0.34 1 1 4000 1 5 1.07880966137193 5 1000 21818 5
"2444" "C" 0.004 -0.20625 0.4225 1 1 4000 1 5 0.861565832184908 5 1000 20272 5
"2445" "C" 0.04 -0.99 0.38125 0 1 4000 1 5 0.964299951060516 5 1000 22469 5
"2446" "C" 0.004 -0.99 0.95875 0 1 4000 1 5 0.042124926300671 5 1000 21247 5
"2447" "C" 0.004 -0.7425 0.67 0 1 4000 1 5 0.400477566597125 5 1000 20933 5
"2448" "C" 0.004 -0.28875 0.13375 0 1 4000 1 5 2.01178289320602 5 1000 20357 5
"2449" "C" 0.004 -0.9075 0.95875 1 1 4000 1 5 0.042124926300671 5 1000 21148 5
"2450" "C" 0.004 -0.165 0.21625 0 1 4000 1 5 1.53132013317015 5 1000 20211 5
"2451" "C" 0.004 0 0.34 0 1 4000 1 5 1.07880966137193 5 1000 20017 5
"2452" "C" 0.04 -0.37125 0.2575 1 1 4000 1 5 1.35673555887835 5 1000 21714 5
"2453" "C" 0.04 -0.86625 0.835 0 1 4000 1 5 0.180323554131281 5 1000 22341 5
"2454" "C" 0.004 -0.99 0.0925 1 1 4000 1 5 2.38054663446376 5 1000 21206 5
"2455" "C" 0.004 -0.61875 0.62875 0 1 4000 1 5 0.464021557568188 5 1000 20781 5
"2456" "C" 0.004 -0.86625 0.38125 1 1 4000 1 5 0.964299951060516 5 1000 21070 5
"2457" "C" 0.04 -0.04125 0.175 0 1 4000 1 5 1.74296930505862 5 1000 21309 5
"2458" "C" 0.004 -0.37125 0.38125 0 1 4000 1 5 0.964299951060516 5 1000 20469 5
"2459" "C" 0.004 -0.78375 0.62875 0 1 4000 1 5 0.464021557568188 5 1000 20981 5
"2460" "C" 0.004 -0.12375 0.29875 0 1 4000 1 5 1.20814817573642 5 1000 20165 5
"2461" "C" 0.04 -0.28875 0.54625 0 1 4000 1 5 0.604678532572337 5 1000 21627 5
"2462" "C" 0.04 -0.61875 0.38125 0 1 4000 1 5 0.964299951060516 5 1000 22019 5
"2463" "C" 0.04 -0.61875 0.62875 1 1 4000 1 5 0.464021557568188 5 1000 22032 5
"2464" "C" 0.004 -0.5775 0.505 1 1 4000 1 5 0.683196849706777 5 1000 20726 5
"2465" "C" 0.04 -0.165 0.54625 1 1 4000 1 5 0.604678532572337 5 1000 21478 5
"2466" "C" 0.004 -0.94875 0.79375 0 1 4000 1 5 0.230986728775236 5 1000 21189 5
"2467" "C" 0.04 -0.2475 0.01 1 1 4000 1 5 4.60517018598809 5 1000 21552 5
"2468" "C" 0.04 -0.94875 0.38125 1 1 4000 1 5 0.964299951060516 5 1000 22420 5
"2469" "C" 0.04 -0.0825 0.175 0 1 4000 1 5 1.74296930505862 5 1000 21359 5
"2470" "C" 0.04 -0.9075 0.7525 0 1 4000 1 5 0.284354282359106 5 1000 22387 5
"2471" "C" 0.004 -0.825 0.87625 0 1 4000 1 5 0.132103840633337 5 1000 21043 5
"2472" "C" 0.004 -0.94875 0.0925 0 1 4000 1 5 2.38054663446376 5 1000 21155 5
"2473" "C" 0.004 -0.4125 0.62875 0 1 4000 1 5 0.464021557568188 5 1000 20531 5
"2474" "C" 0.004 -0.7425 0.7525 0 1 4000 1 5 0.284354282359106 5 1000 20937 5
"2475" "C" 0.004 -0.66 0.9175 0 1 4000 1 5 0.0861026990534116 5 1000 20845 5
"2476" "C" 0.004 -0.20625 0.7525 1 1 4000 1 5 0.284354282359106 5 1000 20288 5
"2477" "C" 0.04 -0.04125 0.7525 1 1 4000 1 5 0.284354282359106 5 1000 21338 5
"2478" "C" 0.004 -0.5775 0.835 1 1 4000 1 5 0.180323554131281 5 1000 20742 5
"2479" "C" 0.004 -0.61875 0.54625 0 1 4000 1 5 0.604678532572337 5 1000 20777 5
"2480" "C" 0.04 -0.70125 0.54625 1 1 4000 1 5 0.604678532572337 5 1000 22128 5
"2481" "C" 0.004 -0.37125 0.4225 0 1 4000 1 5 0.861565832184908 5 1000 20471 5
"2482" "C" 0.004 -0.78375 0.01 0 1 4000 1 5 4.60517018598809 5 1000 20951 5
"2483" "C" 0.04 -0.70125 1 1 1 4000 1 5 0 5 1000 22150 5
"2484" "C" 0.004 -0.45375 0.62875 1 1 4000 1 5 0.464021557568188 5 1000 20582 5
"2485" "C" 0.04 -0.78375 0.7525 0 1 4000 1 5 0.284354282359106 5 1000 22237 5
"2486" "C" 0.004 -0.61875 0.46375 0 1 4000 1 5 0.768409665060492 5 1000 20773 5
"2487" "C" 0.004 -0.99 0.71125 1 1 4000 1 5 0.340731293541596 5 1000 21236 5
"2488" "C" 0.04 -0.70125 0.62875 0 1 4000 1 5 0.464021557568188 5 1000 22131 5
"2489" "C" 0.04 -0.20625 0.835 1 1 4000 1 5 0.180323554131281 5 1000 21542 5
"2490" "C" 0.004 -0.9075 0.175 1 1 4000 1 5 1.74296930505862 5 1000 21110 5
"2491" "C" 0.004 -0.495 0.0925 1 1 4000 1 5 2.38054663446376 5 1000 20606 5
"2492" "C" 0.04 -0.825 0.175 0 1 4000 1 5 1.74296930505862 5 1000 22259 5
"2493" "C" 0.04 -0.9075 0.835 1 1 4000 1 5 0.180323554131281 5 1000 22392 5
"2494" "C" 0.04 -0.61875 0.21625 0 1 4000 1 5 1.53132013317015 5 1000 22011 5
"2495" "C" 0.004 -0.04125 0.29875 1 1 4000 1 5 1.20814817573642 5 1000 20066 5
"2496" "C" 0.004 -0.28875 0.4225 0 1 4000 1 5 0.861565832184908 5 1000 20371 5
"2497" "C" 0.04 -0.20625 0.87625 1 1 4000 1 5 0.132103840633337 5 1000 21544 5
"2498" "C" 0.004 -0.12375 0.0925 1 1 4000 1 5 2.38054663446376 5 1000 20156 5
"2499" "C" 0.04 -0.04125 0.01 1 1 4000 1 5 4.60517018598809 5 1000 21302 5
"2500" "C" 0.004 -0.04125 0.54625 1 1 4000 1 5 0.604678532572337 5 1000 20078 5
