"chromosome" "v" "D" "refractory_period_prop_cohort_alive" "sex_expressed" "dominance" "Starting_pop_size" "baseline_mean_lifespan" "f" "refractory_period" "mutation_time" "time_end" "parameter_space_ID" "mutation_events"
"1" "X" 0.06 -0.165 0.95875 0 1 2666.66666666667 1 5 0.042124926300671 5 1000 10493 5
"2" "X" 0.006 -0.5775 1 1 0 2666.66666666667 1 5 0 5 1000 8998 5
"3" "X" 0.006 -0.2475 0.21625 1 0 2666.66666666667 1 5 1.53132013317015 5 1000 8122 5
"4" "X" 0.006 -0.20625 0.835 0 1 2666.66666666667 1 5 0.180323554131281 5 1000 8081 5
"5" "X" 0.006 -0.165 1 0 1 2666.66666666667 1 5 0 5 1000 7997 5
"6" "X" 0.006 -0.12375 1 0 1 2666.66666666667 1 5 0 5 1000 7897 5
"7" "X" 0.06 -0.165 0.29875 0 1 2666.66666666667 1 5 1.20814817573642 5 1000 10429 5
"8" "X" 0.06 -0.61875 0.95875 0 1 2666.66666666667 1 5 0.042124926300671 5 1000 11593 5
"9" "X" 0.06 -0.04125 0.505 1 0.5 2666.66666666667 1 5 0.683196849706777 5 1000 10151 5
"10" "X" 0.006 -0.99 0.05125 1 0.5 2666.66666666667 1 5 2.97103966096362 5 1000 9907 5
"11" "X" 0.06 -0.78375 0.0925 0 1 2666.66666666667 1 5 2.38054663446376 5 1000 11909 5
"12" "X" 0.006 -0.5775 0.505 1 0.5 2666.66666666667 1 5 0.683196849706777 5 1000 8951 5
"13" "X" 0.006 -0.45375 0.5875 1 1 2666.66666666667 1 5 0.531879032963823 5 1000 8660 5
"14" "X" 0.006 -0.165 0.54625 1 1 2666.66666666667 1 5 0.604678532572337 5 1000 7956 5
"15" "X" 0.006 -0.28875 0.95875 0 1 2666.66666666667 1 5 0.042124926300671 5 1000 8293 5
"16" "X" 0.006 -0.33 0.79375 0 1 2666.66666666667 1 5 0.230986728775236 5 1000 8377 5
"17" "X" 0.006 -0.70125 0.34 1 1 2666.66666666667 1 5 1.07880966137193 5 1000 9236 5
"18" "X" 0.06 -0.86625 0.505 1 0.5 2666.66666666667 1 5 0.683196849706777 5 1000 12151 5
"19" "X" 0.006 -0.5775 0.835 1 0.5 2666.66666666667 1 5 0.180323554131281 5 1000 8983 5
"20" "X" 0.06 -0.12375 0.29875 1 0.5 2666.66666666667 1 5 1.20814817573642 5 1000 10331 5
"21" "X" 0.06 -0.70125 0.54625 1 0.5 2666.66666666667 1 5 0.604678532572337 5 1000 11755 5
"22" "X" 0.006 -0.61875 0.505 1 0 2666.66666666667 1 5 0.683196849706777 5 1000 9050 5
"23" "X" 0.006 -0.94875 0.62875 1 0 2666.66666666667 1 5 0.464021557568188 5 1000 9862 5
"24" "X" 0.006 -0.37125 0.21625 1 1 2666.66666666667 1 5 1.53132013317015 5 1000 8424 5
"25" "X" 0.06 -0.28875 0.4225 1 0 2666.66666666667 1 5 0.861565832184908 5 1000 10742 5
"26" "X" 0.06 -0.53625 0.2575 1 0 2666.66666666667 1 5 1.35673555887835 5 1000 11326 5
"27" "X" 0.06 0 0.835 0 1 2666.66666666667 1 5 0.180323554131281 5 1000 10081 5
"28" "X" 0.006 -0.53625 0.46375 1 0.5 2666.66666666667 1 5 0.768409665060492 5 1000 8847 5
"29" "X" 0.006 -0.4125 0.175 0 1 2666.66666666667 1 5 1.74296930505862 5 1000 8517 5
"30" "X" 0.006 -0.495 0.71125 1 1 2666.66666666667 1 5 0.340731293541596 5 1000 8772 5
"31" "X" 0.06 -0.20625 0.67 1 0 2666.66666666667 1 5 0.400477566597125 5 1000 10566 5
"32" "X" 0.006 -0.5775 0.95875 1 0.5 2666.66666666667 1 5 0.042124926300671 5 1000 8995 5
"33" "X" 0.06 -0.86625 1 1 1 2666.66666666667 1 5 0 5 1000 12200 5
"34" "X" 0.06 -0.53625 0.4225 1 0.5 2666.66666666667 1 5 0.861565832184908 5 1000 11343 5
"35" "X" 0.006 -0.94875 0.71125 0 1 2666.66666666667 1 5 0.340731293541596 5 1000 9869 5
"36" "X" 0.06 -0.70125 0.38125 1 1 2666.66666666667 1 5 0.964299951060516 5 1000 11740 5
"37" "X" 0.006 -0.86625 0.79375 1 0.5 2666.66666666667 1 5 0.230986728775236 5 1000 9679 5
"38" "X" 0.06 -0.12375 0.67 1 1 2666.66666666667 1 5 0.400477566597125 5 1000 10368 5
"39" "X" 0.06 -0.78375 0.4225 1 0.5 2666.66666666667 1 5 0.861565832184908 5 1000 11943 5
"40" "X" 0.006 -0.0825 0.29875 1 1 2666.66666666667 1 5 1.20814817573642 5 1000 7732 5
"41" "X" 0.06 -0.99 0.87625 1 1 2666.66666666667 1 5 0.132103840633337 5 1000 12488 5
"42" "X" 0.006 -0.495 1 1 1 2666.66666666667 1 5 0 5 1000 8800 5
"43" "X" 0.006 -0.33 0.4225 1 1 2666.66666666667 1 5 0.861565832184908 5 1000 8344 5
"44" "X" 0.06 -0.4125 0.505 1 0.5 2666.66666666667 1 5 0.683196849706777 5 1000 11051 5
"45" "X" 0.006 -0.4125 0.01 1 1 2666.66666666667 1 5 4.60517018598809 5 1000 8504 5
"46" "X" 0.06 -0.7425 0.835 0 1 2666.66666666667 1 5 0.180323554131281 5 1000 11881 5
"47" "X" 0.06 -0.20625 0.54625 1 0.5 2666.66666666667 1 5 0.604678532572337 5 1000 10555 5
"48" "X" 0.006 -0.9075 0.71125 0 1 2666.66666666667 1 5 0.340731293541596 5 1000 9769 5
"49" "X" 0.06 -0.53625 0.835 0 1 2666.66666666667 1 5 0.180323554131281 5 1000 11381 5
"50" "X" 0.006 -0.2475 0.71125 1 0.5 2666.66666666667 1 5 0.340731293541596 5 1000 8171 5
"51" "X" 0.06 -0.66 0.29875 1 0.5 2666.66666666667 1 5 1.20814817573642 5 1000 11631 5
"52" "X" 0.06 -0.53625 0.505 1 0.5 2666.66666666667 1 5 0.683196849706777 5 1000 11351 5
"53" "X" 0.006 -0.5775 0.87625 1 1 2666.66666666667 1 5 0.132103840633337 5 1000 8988 5
"54" "X" 0.06 -0.0825 0.67 1 0.5 2666.66666666667 1 5 0.400477566597125 5 1000 10267 5
"55" "X" 0.06 -0.495 0.21625 0 1 2666.66666666667 1 5 1.53132013317015 5 1000 11221 5
"56" "X" 0.006 -0.20625 1 0 1 2666.66666666667 1 5 0 5 1000 8097 5
"57" "X" 0.006 -0.0825 0.79375 0 1 2666.66666666667 1 5 0.230986728775236 5 1000 7777 5
"58" "X" 0.06 -0.9075 0.13375 0 1 2666.66666666667 1 5 2.01178289320602 5 1000 12213 5
"59" "X" 0.06 -0.12375 0.54625 1 1 2666.66666666667 1 5 0.604678532572337 5 1000 10356 5
"60" "X" 0.006 -0.495 0.95875 1 0.5 2666.66666666667 1 5 0.042124926300671 5 1000 8795 5
"61" "X" 0.006 -0.04125 0.38125 1 0 2666.66666666667 1 5 0.964299951060516 5 1000 7638 5
"62" "X" 0.06 -0.94875 0.54625 0 1 2666.66666666667 1 5 0.604678532572337 5 1000 12353 5
"63" "X" 0.006 -0.28875 0.505 0 1 2666.66666666667 1 5 0.683196849706777 5 1000 8249 5
"64" "X" 0.006 -0.5775 0.505 1 1 2666.66666666667 1 5 0.683196849706777 5 1000 8952 5
"65" "X" 0.06 -0.45375 0.29875 1 0 2666.66666666667 1 5 1.20814817573642 5 1000 11130 5
"66" "X" 0.006 -0.20625 0.2575 1 0 2666.66666666667 1 5 1.35673555887835 5 1000 8026 5
"67" "X" 0.006 -0.165 0.71125 1 1 2666.66666666667 1 5 0.340731293541596 5 1000 7972 5
"68" "X" 0.06 -0.94875 0.79375 1 0 2666.66666666667 1 5 0.230986728775236 5 1000 12378 5
"69" "X" 0.06 -0.53625 0.4225 1 0 2666.66666666667 1 5 0.861565832184908 5 1000 11342 5
"70" "X" 0.06 -0.61875 0.46375 1 0.5 2666.66666666667 1 5 0.768409665060492 5 1000 11547 5
"71" "X" 0.006 -0.45375 0.21625 1 0 2666.66666666667 1 5 1.53132013317015 5 1000 8622 5
"72" "X" 0.06 -0.0825 1 1 1 2666.66666666667 1 5 0 5 1000 10300 5
"73" "X" 0.06 -0.2475 0.13375 1 0.5 2666.66666666667 1 5 2.01178289320602 5 1000 10615 5
"74" "X" 0.006 -0.165 0.5875 1 0.5 2666.66666666667 1 5 0.531879032963823 5 1000 7959 5
"75" "X" 0.06 -0.70125 0.505 1 0 2666.66666666667 1 5 0.683196849706777 5 1000 11750 5
"76" "X" 0.006 -0.33 0.21625 1 0.5 2666.66666666667 1 5 1.53132013317015 5 1000 8323 5
"77" "X" 0.006 -0.495 0.54625 0 1 2666.66666666667 1 5 0.604678532572337 5 1000 8753 5
"78" "X" 0.006 -0.53625 0.79375 1 0.5 2666.66666666667 1 5 0.230986728775236 5 1000 8879 5
"79" "X" 0.006 -0.2475 1 1 0.5 2666.66666666667 1 5 0 5 1000 8199 5
"80" "X" 0.006 -0.94875 0.29875 0 1 2666.66666666667 1 5 1.20814817573642 5 1000 9829 5
"81" "X" 0.06 -0.99 0.38125 1 0.5 2666.66666666667 1 5 0.964299951060516 5 1000 12439 5
"82" "X" 0.06 -0.20625 0.0925 1 0.5 2666.66666666667 1 5 2.38054663446376 5 1000 10511 5
"83" "X" 0.006 -0.165 0.38125 1 0.5 2666.66666666667 1 5 0.964299951060516 5 1000 7939 5
"84" "X" 0.006 -0.7425 0.0925 1 0 2666.66666666667 1 5 2.38054663446376 5 1000 9310 5
"85" "X" 0.006 -0.28875 0.71125 1 0.5 2666.66666666667 1 5 0.340731293541596 5 1000 8271 5
"86" "X" 0.06 -0.5775 0.4225 1 1 2666.66666666667 1 5 0.861565832184908 5 1000 11444 5
"87" "X" 0.06 -0.66 1 1 1 2666.66666666667 1 5 0 5 1000 11700 5
"88" "X" 0.06 -0.28875 0.71125 1 1 2666.66666666667 1 5 0.340731293541596 5 1000 10772 5
"89" "X" 0.006 -0.4125 0.79375 1 0.5 2666.66666666667 1 5 0.230986728775236 5 1000 8579 5
"90" "X" 0.06 -0.37125 0.67 1 0.5 2666.66666666667 1 5 0.400477566597125 5 1000 10967 5
"91" "X" 0.06 -0.04125 0.9175 1 0.5 2666.66666666667 1 5 0.0861026990534116 5 1000 10191 5
"92" "X" 0.06 -0.9075 0.38125 1 0.5 2666.66666666667 1 5 0.964299951060516 5 1000 12239 5
"93" "X" 0.06 -0.45375 0.79375 1 0.5 2666.66666666667 1 5 0.230986728775236 5 1000 11179 5
"94" "X" 0.006 -0.70125 0.835 1 0 2666.66666666667 1 5 0.180323554131281 5 1000 9282 5
"95" "X" 0.006 -0.7425 0.62875 1 0 2666.66666666667 1 5 0.464021557568188 5 1000 9362 5
"96" "X" 0.06 -0.33 0.95875 1 0 2666.66666666667 1 5 0.042124926300671 5 1000 10894 5
"97" "X" 0.06 -0.825 0.71125 0 1 2666.66666666667 1 5 0.340731293541596 5 1000 12069 5
"98" "X" 0.06 -0.53625 0.175 1 0.5 2666.66666666667 1 5 1.74296930505862 5 1000 11319 5
"99" "X" 0.06 -0.165 0.175 1 0.5 2666.66666666667 1 5 1.74296930505862 5 1000 10419 5
"100" "X" 0.06 -0.0825 0.29875 1 1 2666.66666666667 1 5 1.20814817573642 5 1000 10232 5
"101" "X" 0.06 -0.53625 0.13375 1 1 2666.66666666667 1 5 2.01178289320602 5 1000 11316 5
"102" "X" 0.06 -0.61875 0.62875 1 0 2666.66666666667 1 5 0.464021557568188 5 1000 11562 5
"103" "X" 0.06 -0.4125 0.38125 1 1 2666.66666666667 1 5 0.964299951060516 5 1000 11040 5
"104" "X" 0.006 -0.495 0.34 0 1 2666.66666666667 1 5 1.07880966137193 5 1000 8733 5
"105" "X" 0.06 -0.99 0.4225 1 1 2666.66666666667 1 5 0.861565832184908 5 1000 12444 5
"106" "X" 0.006 -0.66 0.175 1 0 2666.66666666667 1 5 1.74296930505862 5 1000 9118 5
"107" "X" 0.06 -0.20625 0.79375 0 1 2666.66666666667 1 5 0.230986728775236 5 1000 10577 5
"108" "X" 0.06 -0.66 0.54625 1 0 2666.66666666667 1 5 0.604678532572337 5 1000 11654 5
"109" "X" 0.006 -0.04125 0.79375 1 0 2666.66666666667 1 5 0.230986728775236 5 1000 7678 5
"110" "X" 0.06 -0.825 0.5875 1 1 2666.66666666667 1 5 0.531879032963823 5 1000 12060 5
"111" "X" 0.06 -0.5775 0.835 1 1 2666.66666666667 1 5 0.180323554131281 5 1000 11484 5
"112" "X" 0.06 -0.20625 0.79375 1 1 2666.66666666667 1 5 0.230986728775236 5 1000 10580 5
"113" "X" 0.006 -0.825 0.79375 1 1 2666.66666666667 1 5 0.230986728775236 5 1000 9580 5
"114" "X" 0.06 -0.70125 0.46375 0 1 2666.66666666667 1 5 0.768409665060492 5 1000 11745 5
"115" "X" 0.006 -0.66 0.505 0 1 2666.66666666667 1 5 0.683196849706777 5 1000 9149 5
"116" "X" 0.06 -0.165 0.5875 1 0 2666.66666666667 1 5 0.531879032963823 5 1000 10458 5
"117" "X" 0.06 -0.825 0.4225 1 0.5 2666.66666666667 1 5 0.861565832184908 5 1000 12043 5
"118" "X" 0.006 -0.7425 0.34 1 0 2666.66666666667 1 5 1.07880966137193 5 1000 9334 5
"119" "X" 0.06 -0.78375 0.0925 1 1 2666.66666666667 1 5 2.38054663446376 5 1000 11912 5
"120" "X" 0.06 -0.12375 0.01 0 1 2666.66666666667 1 5 4.60517018598809 5 1000 10301 5
"121" "X" 0.06 -0.70125 0.4225 1 0.5 2666.66666666667 1 5 0.861565832184908 5 1000 11743 5
"122" "X" 0.06 -0.4125 0.87625 1 1 2666.66666666667 1 5 0.132103840633337 5 1000 11088 5
"123" "X" 0.006 -0.165 0.62875 1 1 2666.66666666667 1 5 0.464021557568188 5 1000 7964 5
"124" "X" 0.006 -0.33 0.67 1 1 2666.66666666667 1 5 0.400477566597125 5 1000 8368 5
"125" "X" 0.06 -0.825 0.13375 1 0 2666.66666666667 1 5 2.01178289320602 5 1000 12014 5
"126" "X" 0.06 -0.04125 0.175 1 1 2666.66666666667 1 5 1.74296930505862 5 1000 10120 5
"127" "X" 0.006 -0.61875 0.67 0 1 2666.66666666667 1 5 0.400477566597125 5 1000 9065 5
"128" "X" 0.06 -0.78375 0.34 1 1 2666.66666666667 1 5 1.07880966137193 5 1000 11936 5
"129" "X" 0.06 -0.20625 0.9175 1 0.5 2666.66666666667 1 5 0.0861026990534116 5 1000 10591 5
"130" "X" 0.006 -0.7425 0.38125 1 0 2666.66666666667 1 5 0.964299951060516 5 1000 9338 5
"131" "X" 0.06 -0.61875 0.5875 0 1 2666.66666666667 1 5 0.531879032963823 5 1000 11557 5
"132" "X" 0.006 -0.4125 0.0925 1 0 2666.66666666667 1 5 2.38054663446376 5 1000 8510 5
"133" "X" 0.006 -0.78375 0.05125 1 0 2666.66666666667 1 5 2.97103966096362 5 1000 9406 5
"134" "X" 0.006 -0.5775 0.5875 1 1 2666.66666666667 1 5 0.531879032963823 5 1000 8960 5
"135" "X" 0.006 0 0.29875 0 1 2666.66666666667 1 5 1.20814817573642 5 1000 7529 5
"136" "X" 0.006 -0.825 0.67 1 1 2666.66666666667 1 5 0.400477566597125 5 1000 9568 5
"137" "X" 0.006 -0.70125 0.175 1 0 2666.66666666667 1 5 1.74296930505862 5 1000 9218 5
"138" "X" 0.06 -0.20625 0.835 1 1 2666.66666666667 1 5 0.180323554131281 5 1000 10584 5
"139" "X" 0.006 -0.70125 0.71125 1 0 2666.66666666667 1 5 0.340731293541596 5 1000 9270 5
"140" "X" 0.06 -0.61875 0.835 1 1 2666.66666666667 1 5 0.180323554131281 5 1000 11584 5
"141" "X" 0.006 -0.2475 0.9175 1 0 2666.66666666667 1 5 0.0861026990534116 5 1000 8190 5
"142" "X" 0.006 -0.70125 0.38125 1 1 2666.66666666667 1 5 0.964299951060516 5 1000 9240 5
"143" "X" 0.06 -0.9075 0.38125 1 0 2666.66666666667 1 5 0.964299951060516 5 1000 12238 5
"144" "X" 0.06 -0.0825 0.46375 1 0 2666.66666666667 1 5 0.768409665060492 5 1000 10246 5
"145" "X" 0.06 -0.99 1 1 0 2666.66666666667 1 5 0 5 1000 12498 5
"146" "X" 0.06 -0.66 0.05125 0 1 2666.66666666667 1 5 2.97103966096362 5 1000 11605 5
"147" "X" 0.06 -0.99 1 0 1 2666.66666666667 1 5 0 5 1000 12497 5
"148" "X" 0.006 -0.5775 0.01 1 0.5 2666.66666666667 1 5 4.60517018598809 5 1000 8903 5
"149" "X" 0.006 -0.28875 0.29875 0 1 2666.66666666667 1 5 1.20814817573642 5 1000 8229 5
"150" "X" 0.06 -0.45375 0.505 1 0.5 2666.66666666667 1 5 0.683196849706777 5 1000 11151 5
"151" "X" 0.06 -0.20625 0.2575 1 0.5 2666.66666666667 1 5 1.35673555887835 5 1000 10527 5
"152" "X" 0.06 -0.825 0.29875 1 1 2666.66666666667 1 5 1.20814817573642 5 1000 12032 5
"153" "X" 0.06 -0.0825 0.71125 1 0.5 2666.66666666667 1 5 0.340731293541596 5 1000 10271 5
"154" "X" 0.06 -0.0825 0.95875 1 0 2666.66666666667 1 5 0.042124926300671 5 1000 10294 5
"155" "X" 0.006 -0.20625 0.835 1 0.5 2666.66666666667 1 5 0.180323554131281 5 1000 8083 5
"156" "X" 0.06 -0.165 0.01 0 1 2666.66666666667 1 5 4.60517018598809 5 1000 10401 5
"157" "X" 0.006 -0.94875 0.13375 0 1 2666.66666666667 1 5 2.01178289320602 5 1000 9813 5
"158" "X" 0.006 -0.61875 0.4225 1 1 2666.66666666667 1 5 0.861565832184908 5 1000 9044 5
"159" "X" 0.06 -0.61875 0.01 1 0.5 2666.66666666667 1 5 4.60517018598809 5 1000 11503 5
"160" "X" 0.006 -0.61875 0.62875 1 0 2666.66666666667 1 5 0.464021557568188 5 1000 9062 5
"161" "X" 0.006 -0.495 0.34 1 0 2666.66666666667 1 5 1.07880966137193 5 1000 8734 5
"162" "X" 0.06 -0.5775 0.4225 1 0.5 2666.66666666667 1 5 0.861565832184908 5 1000 11443 5
"163" "X" 0.06 -0.0825 0.62875 1 0 2666.66666666667 1 5 0.464021557568188 5 1000 10262 5
"164" "X" 0.006 -0.70125 0.2575 1 0.5 2666.66666666667 1 5 1.35673555887835 5 1000 9227 5
"165" "X" 0.06 -0.94875 0.87625 0 1 2666.66666666667 1 5 0.132103840633337 5 1000 12385 5
"166" "X" 0.06 -0.495 0.54625 1 1 2666.66666666667 1 5 0.604678532572337 5 1000 11256 5
"167" "X" 0.006 -0.45375 0.67 0 1 2666.66666666667 1 5 0.400477566597125 5 1000 8665 5
"168" "X" 0.006 -0.66 0.34 0 1 2666.66666666667 1 5 1.07880966137193 5 1000 9133 5
"169" "X" 0.06 -0.4125 0.62875 1 0 2666.66666666667 1 5 0.464021557568188 5 1000 11062 5
"170" "X" 0.06 -0.53625 0.9175 0 1 2666.66666666667 1 5 0.0861026990534116 5 1000 11389 5
"171" "X" 0.06 -0.99 0.13375 0 1 2666.66666666667 1 5 2.01178289320602 5 1000 12413 5
"172" "X" 0.006 -0.28875 0.79375 1 0 2666.66666666667 1 5 0.230986728775236 5 1000 8278 5
"173" "X" 0.006 -0.61875 0.67 1 0.5 2666.66666666667 1 5 0.400477566597125 5 1000 9067 5
"174" "X" 0.06 -0.0825 0.38125 0 1 2666.66666666667 1 5 0.964299951060516 5 1000 10237 5
"175" "X" 0.06 -0.04125 0.71125 1 0.5 2666.66666666667 1 5 0.340731293541596 5 1000 10171 5
"176" "X" 0.006 -0.0825 0.01 1 0 2666.66666666667 1 5 4.60517018598809 5 1000 7702 5
"177" "X" 0.006 -0.99 0.29875 1 1 2666.66666666667 1 5 1.20814817573642 5 1000 9932 5
"178" "X" 0.06 -0.2475 0.87625 1 1 2666.66666666667 1 5 0.132103840633337 5 1000 10688 5
"179" "X" 0.006 -0.495 0.38125 0 1 2666.66666666667 1 5 0.964299951060516 5 1000 8737 5
"180" "X" 0.06 -0.70125 0.54625 0 1 2666.66666666667 1 5 0.604678532572337 5 1000 11753 5
"181" "X" 0.06 -0.99 0.7525 0 1 2666.66666666667 1 5 0.284354282359106 5 1000 12473 5
"182" "X" 0.006 -0.12375 0.7525 1 0 2666.66666666667 1 5 0.284354282359106 5 1000 7874 5
"183" "X" 0.06 -0.94875 0.4225 0 1 2666.66666666667 1 5 0.861565832184908 5 1000 12341 5
"184" "X" 0.06 -0.33 0.01 1 0.5 2666.66666666667 1 5 4.60517018598809 5 1000 10803 5
"185" "X" 0.06 -0.78375 0.5875 1 0 2666.66666666667 1 5 0.531879032963823 5 1000 11958 5
"186" "X" 0.06 -0.70125 0.29875 1 0.5 2666.66666666667 1 5 1.20814817573642 5 1000 11731 5
"187" "X" 0.006 -0.0825 0.79375 1 1 2666.66666666667 1 5 0.230986728775236 5 1000 7780 5
"188" "X" 0.06 -0.0825 0.4225 1 0.5 2666.66666666667 1 5 0.861565832184908 5 1000 10243 5
"189" "X" 0.006 -0.78375 0.13375 0 1 2666.66666666667 1 5 2.01178289320602 5 1000 9413 5
"190" "X" 0.006 -0.9075 0.175 1 1 2666.66666666667 1 5 1.74296930505862 5 1000 9720 5
"191" "X" 0.06 -0.45375 0.87625 1 1 2666.66666666667 1 5 0.132103840633337 5 1000 11188 5
"192" "X" 0.06 -0.66 0.5875 0 1 2666.66666666667 1 5 0.531879032963823 5 1000 11657 5
"193" "X" 0.06 -0.28875 0.2575 1 0.5 2666.66666666667 1 5 1.35673555887835 5 1000 10727 5
"194" "X" 0.06 -0.4125 0.21625 0 1 2666.66666666667 1 5 1.53132013317015 5 1000 11021 5
"195" "X" 0.006 -0.825 1 1 0 2666.66666666667 1 5 0 5 1000 9598 5
"196" "X" 0.06 -0.20625 0.05125 1 1 2666.66666666667 1 5 2.97103966096362 5 1000 10508 5
"197" "X" 0.06 -0.825 0.5875 1 0.5 2666.66666666667 1 5 0.531879032963823 5 1000 12059 5
"198" "X" 0.006 -0.825 0.71125 0 1 2666.66666666667 1 5 0.340731293541596 5 1000 9569 5
"199" "X" 0.006 -0.9075 0.62875 1 0 2666.66666666667 1 5 0.464021557568188 5 1000 9762 5
"200" "X" 0.06 -0.99 0.01 1 0 2666.66666666667 1 5 4.60517018598809 5 1000 12402 5
"201" "X" 0.06 -0.66 0.835 1 1 2666.66666666667 1 5 0.180323554131281 5 1000 11684 5
"202" "X" 0.06 -0.495 0.0925 0 1 2666.66666666667 1 5 2.38054663446376 5 1000 11209 5
"203" "X" 0.006 -0.165 0.87625 0 1 2666.66666666667 1 5 0.132103840633337 5 1000 7985 5
"204" "X" 0.06 0 0.505 1 0.5 2666.66666666667 1 5 0.683196849706777 5 1000 10051 5
"205" "X" 0.06 0 0.54625 1 1 2666.66666666667 1 5 0.604678532572337 5 1000 10056 5
"206" "X" 0.06 -0.0825 0.79375 1 0 2666.66666666667 1 5 0.230986728775236 5 1000 10278 5
"207" "X" 0.006 -0.78375 0.38125 1 0.5 2666.66666666667 1 5 0.964299951060516 5 1000 9439 5
"208" "X" 0.06 0 1 0 1 2666.66666666667 1 5 0 5 1000 10097 5
"209" "X" 0.006 -0.94875 0.9175 1 0 2666.66666666667 1 5 0.0861026990534116 5 1000 9890 5
"210" "X" 0.006 -0.04125 0.9175 1 0 2666.66666666667 1 5 0.0861026990534116 5 1000 7690 5
"211" "X" 0.006 -0.33 0.62875 1 0 2666.66666666667 1 5 0.464021557568188 5 1000 8362 5
"212" "X" 0.06 -0.61875 0.9175 1 0.5 2666.66666666667 1 5 0.0861026990534116 5 1000 11591 5
"213" "X" 0.06 -0.66 0.13375 1 0.5 2666.66666666667 1 5 2.01178289320602 5 1000 11615 5
"214" "X" 0.06 -0.33 0.5875 0 1 2666.66666666667 1 5 0.531879032963823 5 1000 10857 5
"215" "X" 0.06 -0.12375 0.7525 1 1 2666.66666666667 1 5 0.284354282359106 5 1000 10376 5
"216" "X" 0.006 -0.04125 0.54625 0 1 2666.66666666667 1 5 0.604678532572337 5 1000 7653 5
"217" "X" 0.06 0 0.54625 1 0.5 2666.66666666667 1 5 0.604678532572337 5 1000 10055 5
"218" "X" 0.006 -0.61875 0.29875 1 1 2666.66666666667 1 5 1.20814817573642 5 1000 9032 5
"219" "X" 0.06 -0.94875 0.175 0 1 2666.66666666667 1 5 1.74296930505862 5 1000 12317 5
"220" "X" 0.06 -0.33 0.62875 1 0.5 2666.66666666667 1 5 0.464021557568188 5 1000 10863 5
"221" "X" 0.06 0 0.175 0 1 2666.66666666667 1 5 1.74296930505862 5 1000 10017 5
"222" "X" 0.06 -0.45375 0.79375 0 1 2666.66666666667 1 5 0.230986728775236 5 1000 11177 5
"223" "X" 0.06 0 0.71125 0 1 2666.66666666667 1 5 0.340731293541596 5 1000 10069 5
"224" "X" 0.006 -0.825 0.95875 1 0 2666.66666666667 1 5 0.042124926300671 5 1000 9594 5
"225" "X" 0.006 -0.99 0.835 1 1 2666.66666666667 1 5 0.180323554131281 5 1000 9984 5
"226" "X" 0.006 -0.33 0.79375 1 0 2666.66666666667 1 5 0.230986728775236 5 1000 8378 5
"227" "X" 0.06 -0.04125 0.62875 1 0.5 2666.66666666667 1 5 0.464021557568188 5 1000 10163 5
"228" "X" 0.06 -0.165 0.13375 1 1 2666.66666666667 1 5 2.01178289320602 5 1000 10416 5
"229" "X" 0.006 -0.53625 0.67 1 0.5 2666.66666666667 1 5 0.400477566597125 5 1000 8867 5
"230" "X" 0.06 -0.86625 0.175 1 1 2666.66666666667 1 5 1.74296930505862 5 1000 12120 5
"231" "X" 0.006 -0.495 0.67 1 0 2666.66666666667 1 5 0.400477566597125 5 1000 8766 5
"232" "X" 0.006 -0.04125 0.21625 1 1 2666.66666666667 1 5 1.53132013317015 5 1000 7624 5
"233" "X" 0.06 -0.28875 0.87625 1 0.5 2666.66666666667 1 5 0.132103840633337 5 1000 10787 5
"234" "X" 0.06 -0.04125 0.7525 1 0.5 2666.66666666667 1 5 0.284354282359106 5 1000 10175 5
"235" "X" 0.006 -0.61875 0.54625 0 1 2666.66666666667 1 5 0.604678532572337 5 1000 9053 5
"236" "X" 0.006 -0.495 0.505 1 0.5 2666.66666666667 1 5 0.683196849706777 5 1000 8751 5
"237" "X" 0.006 -0.825 0.2575 0 1 2666.66666666667 1 5 1.35673555887835 5 1000 9525 5
"238" "X" 0.006 -0.5775 0.01 1 0 2666.66666666667 1 5 4.60517018598809 5 1000 8902 5
"239" "X" 0.006 -0.28875 0.01 1 0 2666.66666666667 1 5 4.60517018598809 5 1000 8202 5
"240" "X" 0.006 -0.5775 0.79375 1 1 2666.66666666667 1 5 0.230986728775236 5 1000 8980 5
"241" "X" 0.06 -0.37125 0.175 1 1 2666.66666666667 1 5 1.74296930505862 5 1000 10920 5
"242" "X" 0.006 -0.61875 0.2575 1 1 2666.66666666667 1 5 1.35673555887835 5 1000 9028 5
"243" "X" 0.006 -0.4125 0.7525 1 0 2666.66666666667 1 5 0.284354282359106 5 1000 8574 5
"244" "X" 0.006 -0.165 0.95875 1 1 2666.66666666667 1 5 0.042124926300671 5 1000 7996 5
"245" "X" 0.006 -0.53625 0.2575 1 0.5 2666.66666666667 1 5 1.35673555887835 5 1000 8827 5
"246" "X" 0.06 -0.78375 0.87625 0 1 2666.66666666667 1 5 0.132103840633337 5 1000 11985 5
"247" "X" 0.006 -0.70125 0.7525 1 0.5 2666.66666666667 1 5 0.284354282359106 5 1000 9275 5
"248" "X" 0.006 -0.61875 0.67 1 1 2666.66666666667 1 5 0.400477566597125 5 1000 9068 5
"249" "X" 0.06 0 0.5875 1 0 2666.66666666667 1 5 0.531879032963823 5 1000 10058 5
"250" "X" 0.06 -0.37125 0.835 0 1 2666.66666666667 1 5 0.180323554131281 5 1000 10981 5
"251" "X" 0.06 -0.165 0.5875 1 0.5 2666.66666666667 1 5 0.531879032963823 5 1000 10459 5
"252" "X" 0.06 -0.33 0.34 0 1 2666.66666666667 1 5 1.07880966137193 5 1000 10833 5
"253" "X" 0.06 -0.37125 0.5875 1 0 2666.66666666667 1 5 0.531879032963823 5 1000 10958 5
"254" "X" 0.06 -0.9075 0.29875 1 1 2666.66666666667 1 5 1.20814817573642 5 1000 12232 5
"255" "X" 0.06 -0.0825 0.0925 1 0 2666.66666666667 1 5 2.38054663446376 5 1000 10210 5
"256" "X" 0.06 -0.0825 0.79375 0 1 2666.66666666667 1 5 0.230986728775236 5 1000 10277 5
"257" "X" 0.06 -0.70125 0.71125 0 1 2666.66666666667 1 5 0.340731293541596 5 1000 11769 5
"258" "X" 0.006 -0.28875 0.29875 1 0.5 2666.66666666667 1 5 1.20814817573642 5 1000 8231 5
"259" "X" 0.006 -0.4125 0.38125 0 1 2666.66666666667 1 5 0.964299951060516 5 1000 8537 5
"260" "X" 0.06 -0.66 0.29875 0 1 2666.66666666667 1 5 1.20814817573642 5 1000 11629 5
"261" "X" 0.006 0 0.9175 1 0.5 2666.66666666667 1 5 0.0861026990534116 5 1000 7591 5
"262" "X" 0.06 -0.825 0.54625 1 0 2666.66666666667 1 5 0.604678532572337 5 1000 12054 5
"263" "X" 0.06 -0.7425 1 0 1 2666.66666666667 1 5 0 5 1000 11897 5
"264" "X" 0.06 -0.66 0.21625 1 1 2666.66666666667 1 5 1.53132013317015 5 1000 11624 5
"265" "X" 0.006 -0.70125 0.7525 1 1 2666.66666666667 1 5 0.284354282359106 5 1000 9276 5
"266" "X" 0.006 -0.99 0.54625 1 1 2666.66666666667 1 5 0.604678532572337 5 1000 9956 5
"267" "X" 0.006 -0.5775 0.67 0 1 2666.66666666667 1 5 0.400477566597125 5 1000 8965 5
"268" "X" 0.06 -0.9075 0.34 0 1 2666.66666666667 1 5 1.07880966137193 5 1000 12233 5
"269" "X" 0.06 -0.70125 1 0 1 2666.66666666667 1 5 0 5 1000 11797 5
"270" "X" 0.006 -0.9075 0.175 0 1 2666.66666666667 1 5 1.74296930505862 5 1000 9717 5
"271" "X" 0.006 -0.70125 0.62875 1 0 2666.66666666667 1 5 0.464021557568188 5 1000 9262 5
"272" "X" 0.006 -0.78375 0.62875 0 1 2666.66666666667 1 5 0.464021557568188 5 1000 9461 5
"273" "X" 0.06 -0.12375 0.34 0 1 2666.66666666667 1 5 1.07880966137193 5 1000 10333 5
"274" "X" 0.06 -0.12375 0.71125 1 1 2666.66666666667 1 5 0.340731293541596 5 1000 10372 5
"275" "X" 0.006 -0.70125 0.38125 1 0.5 2666.66666666667 1 5 0.964299951060516 5 1000 9239 5
"276" "X" 0.06 -0.2475 0.62875 1 1 2666.66666666667 1 5 0.464021557568188 5 1000 10664 5
"277" "X" 0.06 -0.20625 0.2575 1 1 2666.66666666667 1 5 1.35673555887835 5 1000 10528 5
"278" "X" 0.006 -0.78375 0.4225 1 0 2666.66666666667 1 5 0.861565832184908 5 1000 9442 5
"279" "X" 0.06 -0.04125 0.29875 1 0 2666.66666666667 1 5 1.20814817573642 5 1000 10130 5
"280" "X" 0.006 -0.28875 0.29875 1 1 2666.66666666667 1 5 1.20814817573642 5 1000 8232 5
"281" "X" 0.06 -0.70125 0.13375 1 1 2666.66666666667 1 5 2.01178289320602 5 1000 11716 5
"282" "X" 0.006 -0.99 0.87625 1 0 2666.66666666667 1 5 0.132103840633337 5 1000 9986 5
"283" "X" 0.06 -0.165 1 0 1 2666.66666666667 1 5 0 5 1000 10497 5
"284" "X" 0.06 -0.9075 0.01 1 1 2666.66666666667 1 5 4.60517018598809 5 1000 12204 5
"285" "X" 0.006 -0.45375 0.71125 1 1 2666.66666666667 1 5 0.340731293541596 5 1000 8672 5
"286" "X" 0.06 -0.165 0.835 1 0.5 2666.66666666667 1 5 0.180323554131281 5 1000 10483 5
"287" "X" 0.006 -0.2475 0.835 1 1 2666.66666666667 1 5 0.180323554131281 5 1000 8184 5
"288" "X" 0.006 -0.37125 0.5875 1 0 2666.66666666667 1 5 0.531879032963823 5 1000 8458 5
"289" "X" 0.006 -0.0825 0.835 1 0.5 2666.66666666667 1 5 0.180323554131281 5 1000 7783 5
"290" "X" 0.06 -0.78375 0.835 0 1 2666.66666666667 1 5 0.180323554131281 5 1000 11981 5
"291" "X" 0.006 -0.53625 0.5875 1 0.5 2666.66666666667 1 5 0.531879032963823 5 1000 8859 5
"292" "X" 0.06 -0.2475 0.175 0 1 2666.66666666667 1 5 1.74296930505862 5 1000 10617 5
"293" "X" 0.06 -0.94875 0.29875 1 0.5 2666.66666666667 1 5 1.20814817573642 5 1000 12331 5
"294" "X" 0.06 -0.0825 0.67 1 1 2666.66666666667 1 5 0.400477566597125 5 1000 10268 5
"295" "X" 0.006 -0.7425 0.54625 1 0 2666.66666666667 1 5 0.604678532572337 5 1000 9354 5
"296" "X" 0.06 -0.0825 0.13375 1 1 2666.66666666667 1 5 2.01178289320602 5 1000 10216 5
"297" "X" 0.06 -0.37125 0.38125 1 0.5 2666.66666666667 1 5 0.964299951060516 5 1000 10939 5
"298" "X" 0.006 -0.165 0.835 1 0.5 2666.66666666667 1 5 0.180323554131281 5 1000 7983 5
"299" "X" 0.006 -0.0825 0.0925 1 0.5 2666.66666666667 1 5 2.38054663446376 5 1000 7711 5
"300" "X" 0.06 -0.53625 0.54625 1 0 2666.66666666667 1 5 0.604678532572337 5 1000 11354 5
"301" "X" 0.006 -0.66 1 1 0 2666.66666666667 1 5 0 5 1000 9198 5
"302" "X" 0.006 -0.0825 0.95875 0 1 2666.66666666667 1 5 0.042124926300671 5 1000 7793 5
"303" "X" 0.006 -0.86625 0.87625 1 0 2666.66666666667 1 5 0.132103840633337 5 1000 9686 5
"304" "X" 0.006 -0.7425 0.7525 1 0.5 2666.66666666667 1 5 0.284354282359106 5 1000 9375 5
"305" "X" 0.06 -0.4125 0.7525 1 0.5 2666.66666666667 1 5 0.284354282359106 5 1000 11075 5
"306" "X" 0.006 0 0.0925 1 1 2666.66666666667 1 5 2.38054663446376 5 1000 7512 5
"307" "X" 0.006 -0.33 0.67 0 1 2666.66666666667 1 5 0.400477566597125 5 1000 8365 5
"308" "X" 0.006 -0.0825 0.34 0 1 2666.66666666667 1 5 1.07880966137193 5 1000 7733 5
"309" "X" 0.006 -0.20625 0.67 1 0 2666.66666666667 1 5 0.400477566597125 5 1000 8066 5
"310" "X" 0.06 -0.7425 0.01 1 0 2666.66666666667 1 5 4.60517018598809 5 1000 11802 5
"311" "X" 0.006 -0.33 0.9175 1 0.5 2666.66666666667 1 5 0.0861026990534116 5 1000 8391 5
"312" "X" 0.06 -0.7425 0.54625 1 0 2666.66666666667 1 5 0.604678532572337 5 1000 11854 5
"313" "X" 0.006 -0.04125 0.29875 1 0.5 2666.66666666667 1 5 1.20814817573642 5 1000 7631 5
"314" "X" 0.006 -0.495 0.175 1 0 2666.66666666667 1 5 1.74296930505862 5 1000 8718 5
"315" "X" 0.006 -0.28875 0.62875 0 1 2666.66666666667 1 5 0.464021557568188 5 1000 8261 5
"316" "X" 0.006 -0.12375 1 1 1 2666.66666666667 1 5 0 5 1000 7900 5
"317" "X" 0.06 -0.45375 0.87625 1 0.5 2666.66666666667 1 5 0.132103840633337 5 1000 11187 5
"318" "X" 0.06 -0.7425 0.38125 1 1 2666.66666666667 1 5 0.964299951060516 5 1000 11840 5
"319" "X" 0.006 -0.99 0.01 1 1 2666.66666666667 1 5 4.60517018598809 5 1000 9904 5
"320" "X" 0.006 -0.33 0.0925 0 1 2666.66666666667 1 5 2.38054663446376 5 1000 8309 5
"321" "X" 0.06 -0.45375 0.95875 1 0 2666.66666666667 1 5 0.042124926300671 5 1000 11194 5
"322" "X" 0.06 -0.94875 0.79375 1 0.5 2666.66666666667 1 5 0.230986728775236 5 1000 12379 5
"323" "X" 0.006 -0.99 0.5875 0 1 2666.66666666667 1 5 0.531879032963823 5 1000 9957 5
"324" "X" 0.006 -0.86625 0.67 1 0 2666.66666666667 1 5 0.400477566597125 5 1000 9666 5
"325" "X" 0.06 -0.61875 0.05125 1 0.5 2666.66666666667 1 5 2.97103966096362 5 1000 11507 5
"326" "X" 0.006 -0.86625 0.46375 1 0 2666.66666666667 1 5 0.768409665060492 5 1000 9646 5
"327" "X" 0.06 -0.04125 0.4225 0 1 2666.66666666667 1 5 0.861565832184908 5 1000 10141 5
"328" "X" 0.06 -0.9075 0.62875 1 0.5 2666.66666666667 1 5 0.464021557568188 5 1000 12263 5
"329" "X" 0.06 -0.2475 0.505 1 0 2666.66666666667 1 5 0.683196849706777 5 1000 10650 5
"330" "X" 0.06 -0.0825 0.9175 1 0.5 2666.66666666667 1 5 0.0861026990534116 5 1000 10291 5
"331" "X" 0.006 -0.99 0.87625 1 0.5 2666.66666666667 1 5 0.132103840633337 5 1000 9987 5
"332" "X" 0.06 -0.86625 0.79375 0 1 2666.66666666667 1 5 0.230986728775236 5 1000 12177 5
"333" "X" 0.06 -0.37125 0.9175 0 1 2666.66666666667 1 5 0.0861026990534116 5 1000 10989 5
"334" "X" 0.006 -0.7425 0.0925 1 1 2666.66666666667 1 5 2.38054663446376 5 1000 9312 5
"335" "X" 0.006 -0.94875 0.2575 0 1 2666.66666666667 1 5 1.35673555887835 5 1000 9825 5
"336" "X" 0.006 -0.28875 0.87625 0 1 2666.66666666667 1 5 0.132103840633337 5 1000 8285 5
"337" "X" 0.006 -0.70125 0.79375 1 0.5 2666.66666666667 1 5 0.230986728775236 5 1000 9279 5
"338" "X" 0.006 -0.53625 0.29875 1 0 2666.66666666667 1 5 1.20814817573642 5 1000 8830 5
"339" "X" 0.06 -0.7425 0.4225 1 1 2666.66666666667 1 5 0.861565832184908 5 1000 11844 5
"340" "X" 0.006 -0.78375 0.2575 1 0.5 2666.66666666667 1 5 1.35673555887835 5 1000 9427 5
"341" "X" 0.06 -0.33 0.71125 1 1 2666.66666666667 1 5 0.340731293541596 5 1000 10872 5
"342" "X" 0.006 0 0.34 1 1 2666.66666666667 1 5 1.07880966137193 5 1000 7536 5
"343" "X" 0.06 -0.2475 0.05125 0 1 2666.66666666667 1 5 2.97103966096362 5 1000 10605 5
"344" "X" 0.06 -0.20625 0.21625 1 0.5 2666.66666666667 1 5 1.53132013317015 5 1000 10523 5
"345" "X" 0.006 -0.04125 0.95875 0 1 2666.66666666667 1 5 0.042124926300671 5 1000 7693 5
"346" "X" 0.06 -0.28875 0.9175 1 1 2666.66666666667 1 5 0.0861026990534116 5 1000 10792 5
"347" "X" 0.006 -0.12375 0.4225 1 0.5 2666.66666666667 1 5 0.861565832184908 5 1000 7843 5
"348" "X" 0.006 -0.66 0.79375 1 0.5 2666.66666666667 1 5 0.230986728775236 5 1000 9179 5
"349" "X" 0.006 -0.2475 0.29875 1 1 2666.66666666667 1 5 1.20814817573642 5 1000 8132 5
"350" "X" 0.006 -0.9075 0.87625 1 0.5 2666.66666666667 1 5 0.132103840633337 5 1000 9787 5
"351" "X" 0.06 -0.53625 0.4225 1 1 2666.66666666667 1 5 0.861565832184908 5 1000 11344 5
"352" "X" 0.006 -0.165 0.13375 0 1 2666.66666666667 1 5 2.01178289320602 5 1000 7913 5
"353" "X" 0.06 -0.78375 0.7525 1 0 2666.66666666667 1 5 0.284354282359106 5 1000 11974 5
"354" "X" 0.06 -0.04125 0.4225 1 1 2666.66666666667 1 5 0.861565832184908 5 1000 10144 5
"355" "X" 0.006 -0.99 0.505 0 1 2666.66666666667 1 5 0.683196849706777 5 1000 9949 5
"356" "X" 0.06 -0.37125 0.21625 1 0.5 2666.66666666667 1 5 1.53132013317015 5 1000 10923 5
"357" "X" 0.06 -0.37125 0.13375 1 1 2666.66666666667 1 5 2.01178289320602 5 1000 10916 5
"358" "X" 0.06 -0.86625 0.4225 0 1 2666.66666666667 1 5 0.861565832184908 5 1000 12141 5
"359" "X" 0.006 -0.78375 0.38125 1 1 2666.66666666667 1 5 0.964299951060516 5 1000 9440 5
"360" "X" 0.06 -0.45375 0.5875 1 0 2666.66666666667 1 5 0.531879032963823 5 1000 11158 5
"361" "X" 0.006 -0.165 0.5875 1 0 2666.66666666667 1 5 0.531879032963823 5 1000 7958 5
"362" "X" 0.06 -0.12375 0.29875 0 1 2666.66666666667 1 5 1.20814817573642 5 1000 10329 5
"363" "X" 0.06 -0.7425 0.2575 1 0 2666.66666666667 1 5 1.35673555887835 5 1000 11826 5
"364" "X" 0.06 -0.495 0.505 1 0 2666.66666666667 1 5 0.683196849706777 5 1000 11250 5
"365" "X" 0.006 -0.28875 0.505 1 0.5 2666.66666666667 1 5 0.683196849706777 5 1000 8251 5
"366" "X" 0.06 -0.37125 0.62875 1 0 2666.66666666667 1 5 0.464021557568188 5 1000 10962 5
"367" "X" 0.006 -0.94875 0.4225 1 1 2666.66666666667 1 5 0.861565832184908 5 1000 9844 5
"368" "X" 0.006 -0.2475 0.62875 1 0.5 2666.66666666667 1 5 0.464021557568188 5 1000 8163 5
"369" "X" 0.006 -0.12375 0.0925 0 1 2666.66666666667 1 5 2.38054663446376 5 1000 7809 5
"370" "X" 0.06 -0.53625 0.29875 1 0.5 2666.66666666667 1 5 1.20814817573642 5 1000 11331 5
"371" "X" 0.006 -0.4125 0.71125 0 1 2666.66666666667 1 5 0.340731293541596 5 1000 8569 5
"372" "X" 0.06 -0.2475 0.29875 1 0.5 2666.66666666667 1 5 1.20814817573642 5 1000 10631 5
"373" "X" 0.006 -0.61875 0.87625 0 1 2666.66666666667 1 5 0.132103840633337 5 1000 9085 5
"374" "X" 0.006 -0.45375 0.79375 1 0.5 2666.66666666667 1 5 0.230986728775236 5 1000 8679 5
"375" "X" 0.006 -0.2475 0.505 1 0.5 2666.66666666667 1 5 0.683196849706777 5 1000 8151 5
"376" "X" 0.06 -0.33 0.38125 1 1 2666.66666666667 1 5 0.964299951060516 5 1000 10840 5
"377" "X" 0.06 -0.86625 0.71125 1 1 2666.66666666667 1 5 0.340731293541596 5 1000 12172 5
"378" "X" 0.006 -0.7425 0.835 1 0.5 2666.66666666667 1 5 0.180323554131281 5 1000 9383 5
"379" "X" 0.06 -0.45375 0.13375 0 1 2666.66666666667 1 5 2.01178289320602 5 1000 11113 5
"380" "X" 0.06 -0.7425 0.9175 1 0 2666.66666666667 1 5 0.0861026990534116 5 1000 11890 5
"381" "X" 0.006 -0.99 0.38125 0 1 2666.66666666667 1 5 0.964299951060516 5 1000 9937 5
"382" "X" 0.006 -0.28875 0.2575 0 1 2666.66666666667 1 5 1.35673555887835 5 1000 8225 5
"383" "X" 0.006 -0.0825 0.67 1 0.5 2666.66666666667 1 5 0.400477566597125 5 1000 7767 5
"384" "X" 0.006 -0.94875 0.67 1 0 2666.66666666667 1 5 0.400477566597125 5 1000 9866 5
"385" "X" 0.006 -0.86625 0.87625 1 1 2666.66666666667 1 5 0.132103840633337 5 1000 9688 5
"386" "X" 0.06 -0.70125 0.2575 0 1 2666.66666666667 1 5 1.35673555887835 5 1000 11725 5
"387" "X" 0.06 -0.94875 0.2575 1 0.5 2666.66666666667 1 5 1.35673555887835 5 1000 12327 5
"388" "X" 0.06 -0.53625 0.13375 1 0.5 2666.66666666667 1 5 2.01178289320602 5 1000 11315 5
"389" "X" 0.06 -0.495 0.62875 0 1 2666.66666666667 1 5 0.464021557568188 5 1000 11261 5
"390" "X" 0.006 -0.0825 0.95875 1 0.5 2666.66666666667 1 5 0.042124926300671 5 1000 7795 5
"391" "X" 0.06 -0.0825 0.175 0 1 2666.66666666667 1 5 1.74296930505862 5 1000 10217 5
"392" "X" 0.006 -0.0825 0.13375 1 0 2666.66666666667 1 5 2.01178289320602 5 1000 7714 5
"393" "X" 0.06 -0.165 0.13375 0 1 2666.66666666667 1 5 2.01178289320602 5 1000 10413 5
"394" "X" 0.06 -0.825 0.05125 0 1 2666.66666666667 1 5 2.97103966096362 5 1000 12005 5
"395" "X" 0.006 -0.37125 0.71125 0 1 2666.66666666667 1 5 0.340731293541596 5 1000 8469 5
"396" "X" 0.06 -0.0825 0.5875 0 1 2666.66666666667 1 5 0.531879032963823 5 1000 10257 5
"397" "X" 0.006 -0.37125 0.34 1 0 2666.66666666667 1 5 1.07880966137193 5 1000 8434 5
"398" "X" 0.06 -0.0825 0.79375 1 1 2666.66666666667 1 5 0.230986728775236 5 1000 10280 5
"399" "X" 0.006 -0.45375 0.5875 1 0 2666.66666666667 1 5 0.531879032963823 5 1000 8658 5
"400" "X" 0.006 -0.2475 0.54625 0 1 2666.66666666667 1 5 0.604678532572337 5 1000 8153 5
"401" "X" 0.06 -0.165 0.13375 1 0 2666.66666666667 1 5 2.01178289320602 5 1000 10414 5
"402" "X" 0.006 -0.04125 0.13375 0 1 2666.66666666667 1 5 2.01178289320602 5 1000 7613 5
"403" "X" 0.006 -0.78375 0.46375 1 1 2666.66666666667 1 5 0.768409665060492 5 1000 9448 5
"404" "X" 0.06 -0.9075 0.34 1 0.5 2666.66666666667 1 5 1.07880966137193 5 1000 12235 5
"405" "X" 0.006 -0.94875 0.4225 1 0.5 2666.66666666667 1 5 0.861565832184908 5 1000 9843 5
"406" "X" 0.06 -0.45375 0.0925 0 1 2666.66666666667 1 5 2.38054663446376 5 1000 11109 5
"407" "X" 0.06 -0.04125 0.01 0 1 2666.66666666667 1 5 4.60517018598809 5 1000 10101 5
"408" "X" 0.006 -0.9075 0.54625 1 1 2666.66666666667 1 5 0.604678532572337 5 1000 9756 5
"409" "X" 0.06 -0.7425 0.4225 1 0.5 2666.66666666667 1 5 0.861565832184908 5 1000 11843 5
"410" "X" 0.06 0 0.21625 1 0.5 2666.66666666667 1 5 1.53132013317015 5 1000 10023 5
"411" "X" 0.06 -0.86625 0.01 0 1 2666.66666666667 1 5 4.60517018598809 5 1000 12101 5
"412" "X" 0.006 -0.86625 0.87625 1 0.5 2666.66666666667 1 5 0.132103840633337 5 1000 9687 5
"413" "X" 0.006 -0.99 0.2575 0 1 2666.66666666667 1 5 1.35673555887835 5 1000 9925 5
"414" "X" 0.06 0 0.87625 1 0 2666.66666666667 1 5 0.132103840633337 5 1000 10086 5
"415" "X" 0.06 -0.53625 0.21625 1 1 2666.66666666667 1 5 1.53132013317015 5 1000 11324 5
"416" "X" 0.06 -0.20625 0.79375 1 0.5 2666.66666666667 1 5 0.230986728775236 5 1000 10579 5
"417" "X" 0.006 -0.70125 0.87625 1 1 2666.66666666667 1 5 0.132103840633337 5 1000 9288 5
"418" "X" 0.06 -0.04125 0.79375 1 0.5 2666.66666666667 1 5 0.230986728775236 5 1000 10179 5
"419" "X" 0.006 -0.70125 0.95875 0 1 2666.66666666667 1 5 0.042124926300671 5 1000 9293 5
"420" "X" 0.06 -0.94875 0.67 1 1 2666.66666666667 1 5 0.400477566597125 5 1000 12368 5
"421" "X" 0.006 -0.61875 0.5875 1 0.5 2666.66666666667 1 5 0.531879032963823 5 1000 9059 5
"422" "X" 0.06 -0.53625 0.175 0 1 2666.66666666667 1 5 1.74296930505862 5 1000 11317 5
"423" "X" 0.06 -0.33 0.13375 1 1 2666.66666666667 1 5 2.01178289320602 5 1000 10816 5
"424" "X" 0.06 -0.28875 0.2575 0 1 2666.66666666667 1 5 1.35673555887835 5 1000 10725 5
"425" "X" 0.006 -0.94875 0.62875 1 1 2666.66666666667 1 5 0.464021557568188 5 1000 9864 5
"426" "X" 0.006 -0.7425 0.21625 1 0 2666.66666666667 1 5 1.53132013317015 5 1000 9322 5
"427" "X" 0.006 -0.165 0.79375 0 1 2666.66666666667 1 5 0.230986728775236 5 1000 7977 5
"428" "X" 0.006 -0.61875 1 1 1 2666.66666666667 1 5 0 5 1000 9100 5
"429" "X" 0.006 -0.53625 0.4225 1 1 2666.66666666667 1 5 0.861565832184908 5 1000 8844 5
"430" "X" 0.06 -0.825 0.54625 1 0.5 2666.66666666667 1 5 0.604678532572337 5 1000 12055 5
"431" "X" 0.006 -0.165 0.05125 1 0.5 2666.66666666667 1 5 2.97103966096362 5 1000 7907 5
"432" "X" 0.06 -0.33 0.01 1 1 2666.66666666667 1 5 4.60517018598809 5 1000 10804 5
"433" "X" 0.06 -0.37125 0.79375 1 0 2666.66666666667 1 5 0.230986728775236 5 1000 10978 5
"434" "X" 0.06 -0.495 0.9175 1 0 2666.66666666667 1 5 0.0861026990534116 5 1000 11290 5
"435" "X" 0.006 0 0.71125 0 1 2666.66666666667 1 5 0.340731293541596 5 1000 7569 5
"436" "X" 0.006 -0.70125 0.95875 1 1 2666.66666666667 1 5 0.042124926300671 5 1000 9296 5
"437" "X" 0.06 -0.5775 0.54625 1 0.5 2666.66666666667 1 5 0.604678532572337 5 1000 11455 5
"438" "X" 0.006 -0.7425 0.5875 1 0.5 2666.66666666667 1 5 0.531879032963823 5 1000 9359 5
"439" "X" 0.06 -0.61875 0.4225 1 0.5 2666.66666666667 1 5 0.861565832184908 5 1000 11543 5
"440" "X" 0.006 -0.12375 0.4225 1 1 2666.66666666667 1 5 0.861565832184908 5 1000 7844 5
"441" "X" 0.006 -0.495 0.21625 0 1 2666.66666666667 1 5 1.53132013317015 5 1000 8721 5
"442" "X" 0.006 -0.4125 0.0925 1 1 2666.66666666667 1 5 2.38054663446376 5 1000 8512 5
"443" "X" 0.006 -0.04125 0.0925 1 0 2666.66666666667 1 5 2.38054663446376 5 1000 7610 5
"444" "X" 0.006 -0.2475 0.7525 0 1 2666.66666666667 1 5 0.284354282359106 5 1000 8173 5
"445" "X" 0.06 -0.28875 0.505 1 0 2666.66666666667 1 5 0.683196849706777 5 1000 10750 5
"446" "X" 0.06 -0.28875 0.71125 0 1 2666.66666666667 1 5 0.340731293541596 5 1000 10769 5
"447" "X" 0.06 -0.70125 0.5875 1 0 2666.66666666667 1 5 0.531879032963823 5 1000 11758 5
"448" "X" 0.06 0 1 1 0 2666.66666666667 1 5 0 5 1000 10098 5
"449" "X" 0.06 -0.86625 0.01 1 0 2666.66666666667 1 5 4.60517018598809 5 1000 12102 5
"450" "X" 0.006 -0.5775 0.0925 1 0.5 2666.66666666667 1 5 2.38054663446376 5 1000 8911 5
"451" "X" 0.006 -0.53625 0.46375 1 0 2666.66666666667 1 5 0.768409665060492 5 1000 8846 5
"452" "X" 0.06 -0.0825 0.505 1 0.5 2666.66666666667 1 5 0.683196849706777 5 1000 10251 5
"453" "X" 0.06 -0.5775 0.7525 1 1 2666.66666666667 1 5 0.284354282359106 5 1000 11476 5
"454" "X" 0.06 -0.28875 0.21625 1 0.5 2666.66666666667 1 5 1.53132013317015 5 1000 10723 5
"455" "X" 0.06 -0.45375 0.38125 1 0 2666.66666666667 1 5 0.964299951060516 5 1000 11138 5
"456" "X" 0.006 -0.61875 0.7525 1 0 2666.66666666667 1 5 0.284354282359106 5 1000 9074 5
"457" "X" 0.06 -0.86625 0.2575 1 0 2666.66666666667 1 5 1.35673555887835 5 1000 12126 5
"458" "X" 0.006 -0.12375 0.05125 1 1 2666.66666666667 1 5 2.97103966096362 5 1000 7808 5
"459" "X" 0.06 0 0.7525 1 0 2666.66666666667 1 5 0.284354282359106 5 1000 10074 5
"460" "X" 0.006 -0.37125 0.505 0 1 2666.66666666667 1 5 0.683196849706777 5 1000 8449 5
"461" "X" 0.006 -0.61875 0.95875 1 0 2666.66666666667 1 5 0.042124926300671 5 1000 9094 5
"462" "X" 0.06 -0.7425 0.0925 1 0 2666.66666666667 1 5 2.38054663446376 5 1000 11810 5
"463" "X" 0.06 -0.12375 0.0925 0 1 2666.66666666667 1 5 2.38054663446376 5 1000 10309 5
"464" "X" 0.06 0 0.87625 1 0.5 2666.66666666667 1 5 0.132103840633337 5 1000 10087 5
"465" "X" 0.006 -0.37125 0.79375 1 0 2666.66666666667 1 5 0.230986728775236 5 1000 8478 5
"466" "X" 0.006 -0.825 0.4225 1 0.5 2666.66666666667 1 5 0.861565832184908 5 1000 9543 5
"467" "X" 0.06 -0.45375 0.29875 1 1 2666.66666666667 1 5 1.20814817573642 5 1000 11132 5
"468" "X" 0.06 -0.45375 0.95875 1 1 2666.66666666667 1 5 0.042124926300671 5 1000 11196 5
"469" "X" 0.06 -0.5775 0.71125 0 1 2666.66666666667 1 5 0.340731293541596 5 1000 11469 5
"470" "X" 0.006 -0.33 0.34 1 0 2666.66666666667 1 5 1.07880966137193 5 1000 8334 5
"471" "X" 0.006 -0.5775 0.05125 1 1 2666.66666666667 1 5 2.97103966096362 5 1000 8908 5
"472" "X" 0.006 -0.70125 0.13375 1 0.5 2666.66666666667 1 5 2.01178289320602 5 1000 9215 5
"473" "X" 0.06 -0.37125 1 0 1 2666.66666666667 1 5 0 5 1000 10997 5
"474" "X" 0.06 -0.2475 0.2575 1 0 2666.66666666667 1 5 1.35673555887835 5 1000 10626 5
"475" "X" 0.006 -0.99 0.7525 1 1 2666.66666666667 1 5 0.284354282359106 5 1000 9976 5
"476" "X" 0.06 -0.99 0.21625 1 0 2666.66666666667 1 5 1.53132013317015 5 1000 12422 5
"477" "X" 0.006 -0.0825 0.21625 1 0.5 2666.66666666667 1 5 1.53132013317015 5 1000 7723 5
"478" "X" 0.006 -0.28875 0.835 1 0 2666.66666666667 1 5 0.180323554131281 5 1000 8282 5
"479" "X" 0.006 -0.61875 0.9175 1 0.5 2666.66666666667 1 5 0.0861026990534116 5 1000 9091 5
"480" "X" 0.06 -0.61875 0.87625 0 1 2666.66666666667 1 5 0.132103840633337 5 1000 11585 5
"481" "X" 0.006 -0.495 0.21625 1 1 2666.66666666667 1 5 1.53132013317015 5 1000 8724 5
"482" "X" 0.006 -0.78375 1 1 1 2666.66666666667 1 5 0 5 1000 9500 5
"483" "X" 0.006 -0.78375 0.67 1 0 2666.66666666667 1 5 0.400477566597125 5 1000 9466 5
"484" "X" 0.006 -0.12375 0.38125 1 1 2666.66666666667 1 5 0.964299951060516 5 1000 7840 5
"485" "X" 0.006 -0.20625 0.5875 1 0 2666.66666666667 1 5 0.531879032963823 5 1000 8058 5
"486" "X" 0.06 -0.12375 0.0925 1 0.5 2666.66666666667 1 5 2.38054663446376 5 1000 10311 5
"487" "X" 0.06 -0.70125 0.05125 1 0 2666.66666666667 1 5 2.97103966096362 5 1000 11706 5
"488" "X" 0.06 -0.4125 0.505 0 1 2666.66666666667 1 5 0.683196849706777 5 1000 11049 5
"489" "X" 0.06 -0.9075 0.01 0 1 2666.66666666667 1 5 4.60517018598809 5 1000 12201 5
"490" "X" 0.06 -0.165 0.38125 1 1 2666.66666666667 1 5 0.964299951060516 5 1000 10440 5
"491" "X" 0.006 -0.61875 0.71125 0 1 2666.66666666667 1 5 0.340731293541596 5 1000 9069 5
"492" "X" 0.06 -0.86625 0.9175 1 1 2666.66666666667 1 5 0.0861026990534116 5 1000 12192 5
"493" "X" 0.06 -0.825 0.21625 1 1 2666.66666666667 1 5 1.53132013317015 5 1000 12024 5
"494" "X" 0.006 0 0.835 0 1 2666.66666666667 1 5 0.180323554131281 5 1000 7581 5
"495" "X" 0.06 -0.66 0.34 0 1 2666.66666666667 1 5 1.07880966137193 5 1000 11633 5
"496" "X" 0.06 -0.78375 0.95875 1 0 2666.66666666667 1 5 0.042124926300671 5 1000 11994 5
"497" "X" 0.06 -0.4125 0.7525 1 1 2666.66666666667 1 5 0.284354282359106 5 1000 11076 5
"498" "X" 0.006 -0.825 0.21625 0 1 2666.66666666667 1 5 1.53132013317015 5 1000 9521 5
"499" "X" 0.006 -0.04125 0.95875 1 0 2666.66666666667 1 5 0.042124926300671 5 1000 7694 5
"500" "X" 0.06 -0.94875 0.38125 0 1 2666.66666666667 1 5 0.964299951060516 5 1000 12337 5
"501" "X" 0.06 0 0.5875 1 0.5 2666.66666666667 1 5 0.531879032963823 5 1000 10059 5
"502" "X" 0.006 -0.495 0.9175 0 1 2666.66666666667 1 5 0.0861026990534116 5 1000 8789 5
"503" "X" 0.006 -0.20625 0.87625 0 1 2666.66666666667 1 5 0.132103840633337 5 1000 8085 5
"504" "X" 0.06 -0.04125 0.54625 0 1 2666.66666666667 1 5 0.604678532572337 5 1000 10153 5
"505" "X" 0.006 -0.53625 0.34 1 0 2666.66666666667 1 5 1.07880966137193 5 1000 8834 5
"506" "X" 0.06 -0.5775 1 1 0 2666.66666666667 1 5 0 5 1000 11498 5
"507" "X" 0.006 -0.7425 0.38125 1 1 2666.66666666667 1 5 0.964299951060516 5 1000 9340 5
"508" "X" 0.006 -0.12375 0.4225 0 1 2666.66666666667 1 5 0.861565832184908 5 1000 7841 5
"509" "X" 0.06 -0.4125 0.2575 1 0.5 2666.66666666667 1 5 1.35673555887835 5 1000 11027 5
"510" "X" 0.06 -0.12375 0.7525 1 0.5 2666.66666666667 1 5 0.284354282359106 5 1000 10375 5
"511" "X" 0.06 -0.37125 1 1 0 2666.66666666667 1 5 0 5 1000 10998 5
"512" "X" 0.006 -0.33 0.7525 1 0.5 2666.66666666667 1 5 0.284354282359106 5 1000 8375 5
"513" "X" 0.006 -0.94875 0.05125 1 0 2666.66666666667 1 5 2.97103966096362 5 1000 9806 5
"514" "X" 0.006 0 0.29875 1 1 2666.66666666667 1 5 1.20814817573642 5 1000 7532 5
"515" "X" 0.06 -0.825 0.7525 0 1 2666.66666666667 1 5 0.284354282359106 5 1000 12073 5
"516" "X" 0.06 -0.37125 0.79375 0 1 2666.66666666667 1 5 0.230986728775236 5 1000 10977 5
"517" "X" 0.06 -0.45375 0.05125 1 1 2666.66666666667 1 5 2.97103966096362 5 1000 11108 5
"518" "X" 0.06 -0.61875 0.95875 1 1 2666.66666666667 1 5 0.042124926300671 5 1000 11596 5
"519" "X" 0.006 -0.66 0.79375 1 1 2666.66666666667 1 5 0.230986728775236 5 1000 9180 5
"520" "X" 0.006 -0.165 0.95875 1 0 2666.66666666667 1 5 0.042124926300671 5 1000 7994 5
"521" "X" 0.006 -0.99 0.38125 1 0.5 2666.66666666667 1 5 0.964299951060516 5 1000 9939 5
"522" "X" 0.06 -0.53625 0.54625 1 0.5 2666.66666666667 1 5 0.604678532572337 5 1000 11355 5
"523" "X" 0.006 -0.37125 0.175 0 1 2666.66666666667 1 5 1.74296930505862 5 1000 8417 5
"524" "X" 0.006 -0.12375 0.21625 1 0.5 2666.66666666667 1 5 1.53132013317015 5 1000 7823 5
"525" "X" 0.006 -0.70125 0.38125 1 0 2666.66666666667 1 5 0.964299951060516 5 1000 9238 5
"526" "X" 0.006 -0.28875 0.175 1 1 2666.66666666667 1 5 1.74296930505862 5 1000 8220 5
"527" "X" 0.006 -0.66 0.95875 1 0 2666.66666666667 1 5 0.042124926300671 5 1000 9194 5
"528" "X" 0.06 -0.78375 0.505 0 1 2666.66666666667 1 5 0.683196849706777 5 1000 11949 5
"529" "X" 0.06 -0.5775 0.38125 1 0 2666.66666666667 1 5 0.964299951060516 5 1000 11438 5
"530" "X" 0.006 -0.78375 0.5875 1 0 2666.66666666667 1 5 0.531879032963823 5 1000 9458 5
"531" "X" 0.006 -0.0825 0.46375 0 1 2666.66666666667 1 5 0.768409665060492 5 1000 7745 5
"532" "X" 0.06 -0.28875 0.01 1 0.5 2666.66666666667 1 5 4.60517018598809 5 1000 10703 5
"533" "X" 0.006 -0.4125 0.95875 1 1 2666.66666666667 1 5 0.042124926300671 5 1000 8596 5
"534" "X" 0.06 -0.66 0.4225 1 1 2666.66666666667 1 5 0.861565832184908 5 1000 11644 5
"535" "X" 0.006 -0.4125 0.505 1 1 2666.66666666667 1 5 0.683196849706777 5 1000 8552 5
"536" "X" 0.006 -0.495 0.87625 0 1 2666.66666666667 1 5 0.132103840633337 5 1000 8785 5
"537" "X" 0.06 -0.86625 0.79375 1 0 2666.66666666667 1 5 0.230986728775236 5 1000 12178 5
"538" "X" 0.006 -0.53625 0.54625 1 0.5 2666.66666666667 1 5 0.604678532572337 5 1000 8855 5
"539" "X" 0.006 -0.0825 0.34 1 0 2666.66666666667 1 5 1.07880966137193 5 1000 7734 5
"540" "X" 0.006 -0.4125 0.2575 1 0.5 2666.66666666667 1 5 1.35673555887835 5 1000 8527 5
"541" "X" 0.006 -0.53625 0.175 1 0 2666.66666666667 1 5 1.74296930505862 5 1000 8818 5
"542" "X" 0.006 -0.12375 0.95875 1 0 2666.66666666667 1 5 0.042124926300671 5 1000 7894 5
"543" "X" 0.006 -0.78375 0.54625 1 1 2666.66666666667 1 5 0.604678532572337 5 1000 9456 5
"544" "X" 0.006 -0.61875 0.38125 1 1 2666.66666666667 1 5 0.964299951060516 5 1000 9040 5
"545" "X" 0.06 -0.33 0.7525 1 0 2666.66666666667 1 5 0.284354282359106 5 1000 10874 5
"546" "X" 0.006 -0.495 0.29875 1 0 2666.66666666667 1 5 1.20814817573642 5 1000 8730 5
"547" "X" 0.006 -0.33 0.9175 0 1 2666.66666666667 1 5 0.0861026990534116 5 1000 8389 5
"548" "X" 0.06 -0.86625 1 1 0 2666.66666666667 1 5 0 5 1000 12198 5
"549" "X" 0.006 -0.99 0.67 1 0 2666.66666666667 1 5 0.400477566597125 5 1000 9966 5
"550" "X" 0.006 -0.4125 0.54625 1 0 2666.66666666667 1 5 0.604678532572337 5 1000 8554 5
"551" "X" 0.006 -0.37125 0.835 0 1 2666.66666666667 1 5 0.180323554131281 5 1000 8481 5
"552" "X" 0.006 -0.37125 0.38125 1 0 2666.66666666667 1 5 0.964299951060516 5 1000 8438 5
"553" "X" 0.006 -0.165 0.54625 0 1 2666.66666666667 1 5 0.604678532572337 5 1000 7953 5
"554" "X" 0.006 -0.0825 0.2575 0 1 2666.66666666667 1 5 1.35673555887835 5 1000 7725 5
"555" "X" 0.006 0 0.87625 1 0 2666.66666666667 1 5 0.132103840633337 5 1000 7586 5
"556" "X" 0.006 -0.4125 0.79375 1 1 2666.66666666667 1 5 0.230986728775236 5 1000 8580 5
"557" "X" 0.006 -0.495 0.29875 0 1 2666.66666666667 1 5 1.20814817573642 5 1000 8729 5
"558" "X" 0.006 -0.78375 0.01 1 0.5 2666.66666666667 1 5 4.60517018598809 5 1000 9403 5
"559" "X" 0.06 -0.33 0.9175 1 0.5 2666.66666666667 1 5 0.0861026990534116 5 1000 10891 5
"560" "X" 0.06 -0.04125 0.34 1 0 2666.66666666667 1 5 1.07880966137193 5 1000 10134 5
"561" "X" 0.006 -0.99 0.67 0 1 2666.66666666667 1 5 0.400477566597125 5 1000 9965 5
"562" "X" 0.006 -0.825 0.87625 1 0 2666.66666666667 1 5 0.132103840633337 5 1000 9586 5
"563" "X" 0.006 -0.45375 0.87625 1 1 2666.66666666667 1 5 0.132103840633337 5 1000 8688 5
"564" "X" 0.06 -0.2475 0.21625 1 0.5 2666.66666666667 1 5 1.53132013317015 5 1000 10623 5
"565" "X" 0.06 -0.99 0.67 1 0.5 2666.66666666667 1 5 0.400477566597125 5 1000 12467 5
"566" "X" 0.06 -0.04125 0.01 1 1 2666.66666666667 1 5 4.60517018598809 5 1000 10104 5
"567" "X" 0.006 -0.33 0.79375 1 0.5 2666.66666666667 1 5 0.230986728775236 5 1000 8379 5
"568" "X" 0.06 -0.33 0.67 1 0.5 2666.66666666667 1 5 0.400477566597125 5 1000 10867 5
"569" "X" 0.006 -0.61875 0.13375 1 0.5 2666.66666666667 1 5 2.01178289320602 5 1000 9015 5
"570" "X" 0.06 -0.28875 0.71125 1 0 2666.66666666667 1 5 0.340731293541596 5 1000 10770 5
"571" "X" 0.06 -0.7425 0.79375 1 0.5 2666.66666666667 1 5 0.230986728775236 5 1000 11879 5
"572" "X" 0.06 -0.495 0.13375 1 1 2666.66666666667 1 5 2.01178289320602 5 1000 11216 5
"573" "X" 0.06 -0.04125 0.87625 1 0 2666.66666666667 1 5 0.132103840633337 5 1000 10186 5
"574" "X" 0.006 -0.53625 0.38125 1 0.5 2666.66666666667 1 5 0.964299951060516 5 1000 8839 5
"575" "X" 0.06 -0.86625 0.13375 1 1 2666.66666666667 1 5 2.01178289320602 5 1000 12116 5
"576" "X" 0.006 -0.5775 0.62875 1 1 2666.66666666667 1 5 0.464021557568188 5 1000 8964 5
"577" "X" 0.006 -0.165 0.175 1 0 2666.66666666667 1 5 1.74296930505862 5 1000 7918 5
"578" "X" 0.006 -0.99 0.4225 1 1 2666.66666666667 1 5 0.861565832184908 5 1000 9944 5
"579" "X" 0.06 -0.66 0.7525 1 1 2666.66666666667 1 5 0.284354282359106 5 1000 11676 5
"580" "X" 0.006 -0.86625 0.2575 0 1 2666.66666666667 1 5 1.35673555887835 5 1000 9625 5
"581" "X" 0.006 -0.66 0.21625 1 0.5 2666.66666666667 1 5 1.53132013317015 5 1000 9123 5
"582" "X" 0.006 -0.9075 0.4225 1 0 2666.66666666667 1 5 0.861565832184908 5 1000 9742 5
"583" "X" 0.006 -0.20625 0.67 1 0.5 2666.66666666667 1 5 0.400477566597125 5 1000 8067 5
"584" "X" 0.06 -0.20625 0.05125 1 0 2666.66666666667 1 5 2.97103966096362 5 1000 10506 5
"585" "X" 0.06 -0.04125 0.4225 1 0 2666.66666666667 1 5 0.861565832184908 5 1000 10142 5
"586" "X" 0.06 -0.78375 0.29875 1 1 2666.66666666667 1 5 1.20814817573642 5 1000 11932 5
"587" "X" 0.006 -0.66 1 0 1 2666.66666666667 1 5 0 5 1000 9197 5
"588" "X" 0.006 0 0.175 0 1 2666.66666666667 1 5 1.74296930505862 5 1000 7517 5
"589" "X" 0.06 -0.2475 0.175 1 0 2666.66666666667 1 5 1.74296930505862 5 1000 10618 5
"590" "X" 0.06 -0.28875 0.05125 1 0 2666.66666666667 1 5 2.97103966096362 5 1000 10706 5
"591" "X" 0.006 -0.94875 0.835 1 0 2666.66666666667 1 5 0.180323554131281 5 1000 9882 5
"592" "X" 0.006 -0.86625 0.01 1 1 2666.66666666667 1 5 4.60517018598809 5 1000 9604 5
"593" "X" 0.006 -0.37125 0.9175 1 0.5 2666.66666666667 1 5 0.0861026990534116 5 1000 8491 5
"594" "X" 0.006 -0.66 0.62875 1 1 2666.66666666667 1 5 0.464021557568188 5 1000 9164 5
"595" "X" 0.06 -0.86625 0.79375 1 0.5 2666.66666666667 1 5 0.230986728775236 5 1000 12179 5
"596" "X" 0.06 -0.7425 0.7525 1 0.5 2666.66666666667 1 5 0.284354282359106 5 1000 11875 5
"597" "X" 0.006 -0.0825 0.9175 1 0.5 2666.66666666667 1 5 0.0861026990534116 5 1000 7791 5
"598" "X" 0.06 -0.66 0.95875 1 1 2666.66666666667 1 5 0.042124926300671 5 1000 11696 5
"599" "X" 0.006 -0.66 0.34 1 0.5 2666.66666666667 1 5 1.07880966137193 5 1000 9135 5
"600" "X" 0.06 -0.7425 0.79375 1 0 2666.66666666667 1 5 0.230986728775236 5 1000 11878 5
"601" "X" 0.06 -0.04125 0.05125 0 1 2666.66666666667 1 5 2.97103966096362 5 1000 10105 5
"602" "X" 0.06 -0.9075 0.2575 1 1 2666.66666666667 1 5 1.35673555887835 5 1000 12228 5
"603" "X" 0.06 -0.53625 0.2575 0 1 2666.66666666667 1 5 1.35673555887835 5 1000 11325 5
"604" "X" 0.006 -0.825 1 0 1 2666.66666666667 1 5 0 5 1000 9597 5
"605" "X" 0.006 -0.0825 0.2575 1 0.5 2666.66666666667 1 5 1.35673555887835 5 1000 7727 5
"606" "X" 0.006 -0.04125 0.54625 1 0.5 2666.66666666667 1 5 0.604678532572337 5 1000 7655 5
"607" "X" 0.06 -0.37125 0.71125 1 0.5 2666.66666666667 1 5 0.340731293541596 5 1000 10971 5
"608" "X" 0.06 -0.0825 0.175 1 0 2666.66666666667 1 5 1.74296930505862 5 1000 10218 5
"609" "X" 0.006 -0.0825 0.79375 1 0 2666.66666666667 1 5 0.230986728775236 5 1000 7778 5
"610" "X" 0.06 -0.53625 0.175 1 1 2666.66666666667 1 5 1.74296930505862 5 1000 11320 5
"611" "X" 0.06 -0.20625 0.46375 0 1 2666.66666666667 1 5 0.768409665060492 5 1000 10545 5
"612" "X" 0.006 -0.86625 0.7525 1 0.5 2666.66666666667 1 5 0.284354282359106 5 1000 9675 5
"613" "X" 0.06 -0.495 0.21625 1 0.5 2666.66666666667 1 5 1.53132013317015 5 1000 11223 5
"614" "X" 0.06 -0.61875 0.835 1 0.5 2666.66666666667 1 5 0.180323554131281 5 1000 11583 5
"615" "X" 0.06 -0.45375 0.01 1 0 2666.66666666667 1 5 4.60517018598809 5 1000 11102 5
"616" "X" 0.006 -0.66 0.67 0 1 2666.66666666667 1 5 0.400477566597125 5 1000 9165 5
"617" "X" 0.06 -0.70125 0.0925 0 1 2666.66666666667 1 5 2.38054663446376 5 1000 11709 5
"618" "X" 0.006 -0.45375 1 1 1 2666.66666666667 1 5 0 5 1000 8700 5
"619" "X" 0.06 -0.9075 0.4225 1 1 2666.66666666667 1 5 0.861565832184908 5 1000 12244 5
"620" "X" 0.006 0 0.0925 1 0.5 2666.66666666667 1 5 2.38054663446376 5 1000 7511 5
"621" "X" 0.06 -0.53625 0.95875 1 0 2666.66666666667 1 5 0.042124926300671 5 1000 11394 5
"622" "X" 0.006 0 0.38125 1 1 2666.66666666667 1 5 0.964299951060516 5 1000 7540 5
"623" "X" 0.006 -0.61875 1 1 0 2666.66666666667 1 5 0 5 1000 9098 5
"624" "X" 0.006 -0.37125 0.46375 1 0 2666.66666666667 1 5 0.768409665060492 5 1000 8446 5
"625" "X" 0.06 -0.7425 0.2575 1 0.5 2666.66666666667 1 5 1.35673555887835 5 1000 11827 5
"626" "X" 0.06 -0.86625 0.38125 1 0.5 2666.66666666667 1 5 0.964299951060516 5 1000 12139 5
"627" "X" 0.06 -0.94875 0.7525 1 0.5 2666.66666666667 1 5 0.284354282359106 5 1000 12375 5
"628" "X" 0.006 -0.70125 0.01 1 0.5 2666.66666666667 1 5 4.60517018598809 5 1000 9203 5
"629" "X" 0.06 -0.53625 0.79375 1 0 2666.66666666667 1 5 0.230986728775236 5 1000 11378 5
"630" "X" 0.06 -0.86625 0.4225 1 0 2666.66666666667 1 5 0.861565832184908 5 1000 12142 5
"631" "X" 0.06 -0.0825 1 1 0.5 2666.66666666667 1 5 0 5 1000 10299 5
"632" "X" 0.006 -0.37125 0.2575 1 0 2666.66666666667 1 5 1.35673555887835 5 1000 8426 5
"633" "X" 0.006 -0.165 0.0925 0 1 2666.66666666667 1 5 2.38054663446376 5 1000 7909 5
"634" "X" 0.06 -0.9075 0.0925 1 0 2666.66666666667 1 5 2.38054663446376 5 1000 12210 5
"635" "X" 0.06 -0.66 0.71125 1 0 2666.66666666667 1 5 0.340731293541596 5 1000 11670 5
"636" "X" 0.06 -0.78375 0.7525 1 0.5 2666.66666666667 1 5 0.284354282359106 5 1000 11975 5
"637" "X" 0.06 -0.94875 0.71125 1 0.5 2666.66666666667 1 5 0.340731293541596 5 1000 12371 5
"638" "X" 0.06 -0.495 0.0925 1 0.5 2666.66666666667 1 5 2.38054663446376 5 1000 11211 5
"639" "X" 0.06 -0.825 0.835 0 1 2666.66666666667 1 5 0.180323554131281 5 1000 12081 5
"640" "X" 0.006 -0.94875 0.5875 1 0 2666.66666666667 1 5 0.531879032963823 5 1000 9858 5
"641" "X" 0.006 -0.37125 0.95875 1 0.5 2666.66666666667 1 5 0.042124926300671 5 1000 8495 5
"642" "X" 0.006 0 0.4225 1 0 2666.66666666667 1 5 0.861565832184908 5 1000 7542 5
"643" "X" 0.006 -0.99 0.9175 0 1 2666.66666666667 1 5 0.0861026990534116 5 1000 9989 5
"644" "X" 0.06 -0.99 0.54625 1 0.5 2666.66666666667 1 5 0.604678532572337 5 1000 12455 5
"645" "X" 0.006 -0.2475 0.835 0 1 2666.66666666667 1 5 0.180323554131281 5 1000 8181 5
"646" "X" 0.06 -0.495 0.9175 1 0.5 2666.66666666667 1 5 0.0861026990534116 5 1000 11291 5
"647" "X" 0.006 -0.70125 0.2575 1 1 2666.66666666667 1 5 1.35673555887835 5 1000 9228 5
"648" "X" 0.06 -0.20625 0.34 1 1 2666.66666666667 1 5 1.07880966137193 5 1000 10536 5
"649" "X" 0.06 -0.70125 0.7525 1 1 2666.66666666667 1 5 0.284354282359106 5 1000 11776 5
"650" "X" 0.06 -0.495 0.2575 1 1 2666.66666666667 1 5 1.35673555887835 5 1000 11228 5
"651" "X" 0.06 -0.78375 0.13375 1 1 2666.66666666667 1 5 2.01178289320602 5 1000 11916 5
"652" "X" 0.06 -0.99 0.95875 1 0.5 2666.66666666667 1 5 0.042124926300671 5 1000 12495 5
"653" "X" 0.006 -0.20625 1 1 1 2666.66666666667 1 5 0 5 1000 8100 5
"654" "X" 0.06 -0.61875 0.54625 1 0 2666.66666666667 1 5 0.604678532572337 5 1000 11554 5
"655" "X" 0.006 -0.45375 0.4225 0 1 2666.66666666667 1 5 0.861565832184908 5 1000 8641 5
"656" "X" 0.06 -0.33 0.95875 1 1 2666.66666666667 1 5 0.042124926300671 5 1000 10896 5
"657" "X" 0.06 -0.0825 0.505 1 1 2666.66666666667 1 5 0.683196849706777 5 1000 10252 5
"658" "X" 0.006 -0.99 0.5875 1 0 2666.66666666667 1 5 0.531879032963823 5 1000 9958 5
"659" "X" 0.06 -0.9075 0.95875 1 0.5 2666.66666666667 1 5 0.042124926300671 5 1000 12295 5
"660" "X" 0.06 0 0.05125 1 0 2666.66666666667 1 5 2.97103966096362 5 1000 10006 5
"661" "X" 0.006 -0.70125 0.01 1 0 2666.66666666667 1 5 4.60517018598809 5 1000 9202 5
"662" "X" 0.006 -0.9075 0.79375 1 1 2666.66666666667 1 5 0.230986728775236 5 1000 9780 5
"663" "X" 0.06 -0.53625 0.34 0 1 2666.66666666667 1 5 1.07880966137193 5 1000 11333 5
"664" "X" 0.06 -0.4125 0.505 1 0 2666.66666666667 1 5 0.683196849706777 5 1000 11050 5
"665" "X" 0.006 -0.4125 0.34 1 0.5 2666.66666666667 1 5 1.07880966137193 5 1000 8535 5
"666" "X" 0.006 -0.7425 0.505 1 0.5 2666.66666666667 1 5 0.683196849706777 5 1000 9351 5
"667" "X" 0.06 -0.4125 0.9175 1 1 2666.66666666667 1 5 0.0861026990534116 5 1000 11092 5
"668" "X" 0.06 -0.7425 0.01 1 1 2666.66666666667 1 5 4.60517018598809 5 1000 11804 5
"669" "X" 0.006 -0.28875 0.13375 0 1 2666.66666666667 1 5 2.01178289320602 5 1000 8213 5
"670" "X" 0.06 -0.495 0.9175 1 1 2666.66666666667 1 5 0.0861026990534116 5 1000 11292 5
"671" "X" 0.06 -0.37125 0.79375 1 0.5 2666.66666666667 1 5 0.230986728775236 5 1000 10979 5
"672" "X" 0.06 -0.7425 0.67 1 1 2666.66666666667 1 5 0.400477566597125 5 1000 11868 5
"673" "X" 0.06 -0.20625 0.4225 1 0.5 2666.66666666667 1 5 0.861565832184908 5 1000 10543 5
"674" "X" 0.006 -0.78375 0.505 0 1 2666.66666666667 1 5 0.683196849706777 5 1000 9449 5
"675" "X" 0.06 -0.53625 0.38125 0 1 2666.66666666667 1 5 0.964299951060516 5 1000 11337 5
"676" "X" 0.006 -0.825 1 1 0.5 2666.66666666667 1 5 0 5 1000 9599 5
"677" "X" 0.06 -0.28875 0.9175 0 1 2666.66666666667 1 5 0.0861026990534116 5 1000 10789 5
"678" "X" 0.06 -0.825 0.9175 0 1 2666.66666666667 1 5 0.0861026990534116 5 1000 12089 5
"679" "X" 0.06 -0.33 0.29875 0 1 2666.66666666667 1 5 1.20814817573642 5 1000 10829 5
"680" "X" 0.006 -0.165 0.46375 1 0.5 2666.66666666667 1 5 0.768409665060492 5 1000 7947 5
"681" "X" 0.06 0 0.34 1 0.5 2666.66666666667 1 5 1.07880966137193 5 1000 10035 5
"682" "X" 0.06 -0.78375 0.505 1 0 2666.66666666667 1 5 0.683196849706777 5 1000 11950 5
"683" "X" 0.06 -0.0825 0.54625 1 0 2666.66666666667 1 5 0.604678532572337 5 1000 10254 5
"684" "X" 0.06 -0.5775 0.95875 1 1 2666.66666666667 1 5 0.042124926300671 5 1000 11496 5
"685" "X" 0.006 -0.9075 1 0 1 2666.66666666667 1 5 0 5 1000 9797 5
"686" "X" 0.006 -0.53625 0.835 1 0 2666.66666666667 1 5 0.180323554131281 5 1000 8882 5
"687" "X" 0.006 -0.20625 0.175 0 1 2666.66666666667 1 5 1.74296930505862 5 1000 8017 5
"688" "X" 0.06 -0.28875 0.95875 1 0.5 2666.66666666667 1 5 0.042124926300671 5 1000 10795 5
"689" "X" 0.06 -0.12375 0.01 1 1 2666.66666666667 1 5 4.60517018598809 5 1000 10304 5
"690" "X" 0.006 -0.61875 0.2575 1 0 2666.66666666667 1 5 1.35673555887835 5 1000 9026 5
"691" "X" 0.06 -0.5775 0.87625 0 1 2666.66666666667 1 5 0.132103840633337 5 1000 11485 5
"692" "X" 0.06 -0.495 0.38125 0 1 2666.66666666667 1 5 0.964299951060516 5 1000 11237 5
"693" "X" 0.006 -0.78375 0.7525 0 1 2666.66666666667 1 5 0.284354282359106 5 1000 9473 5
"694" "X" 0.06 -0.94875 0.29875 1 1 2666.66666666667 1 5 1.20814817573642 5 1000 12332 5
"695" "X" 0.06 -0.825 0.95875 0 1 2666.66666666667 1 5 0.042124926300671 5 1000 12093 5
"696" "X" 0.006 0 0.13375 1 0 2666.66666666667 1 5 2.01178289320602 5 1000 7514 5
"697" "X" 0.006 -0.04125 0.5875 1 0.5 2666.66666666667 1 5 0.531879032963823 5 1000 7659 5
"698" "X" 0.006 -0.99 0.54625 0 1 2666.66666666667 1 5 0.604678532572337 5 1000 9953 5
"699" "X" 0.06 0 0.34 1 1 2666.66666666667 1 5 1.07880966137193 5 1000 10036 5
"700" "X" 0.06 -0.5775 0.71125 1 0.5 2666.66666666667 1 5 0.340731293541596 5 1000 11471 5
"701" "X" 0.06 -0.495 0.505 0 1 2666.66666666667 1 5 0.683196849706777 5 1000 11249 5
"702" "X" 0.006 -0.66 0.05125 1 1 2666.66666666667 1 5 2.97103966096362 5 1000 9108 5
"703" "X" 0.006 -0.33 0.21625 1 1 2666.66666666667 1 5 1.53132013317015 5 1000 8324 5
"704" "X" 0.06 -0.28875 0.38125 1 0 2666.66666666667 1 5 0.964299951060516 5 1000 10738 5
"705" "X" 0.006 -0.2475 0.7525 1 0.5 2666.66666666667 1 5 0.284354282359106 5 1000 8175 5
"706" "X" 0.06 -0.0825 0.13375 1 0.5 2666.66666666667 1 5 2.01178289320602 5 1000 10215 5
"707" "X" 0.06 -0.99 0.13375 1 0.5 2666.66666666667 1 5 2.01178289320602 5 1000 12415 5
"708" "X" 0.006 -0.28875 0.87625 1 0.5 2666.66666666667 1 5 0.132103840633337 5 1000 8287 5
"709" "X" 0.006 -0.45375 0.505 1 0.5 2666.66666666667 1 5 0.683196849706777 5 1000 8651 5
"710" "X" 0.06 -0.825 0.0925 1 0.5 2666.66666666667 1 5 2.38054663446376 5 1000 12011 5
"711" "X" 0.06 -0.7425 0.71125 1 0.5 2666.66666666667 1 5 0.340731293541596 5 1000 11871 5
"712" "X" 0.006 -0.28875 0.0925 1 0.5 2666.66666666667 1 5 2.38054663446376 5 1000 8211 5
"713" "X" 0.06 -0.99 0.505 1 0 2666.66666666667 1 5 0.683196849706777 5 1000 12450 5
"714" "X" 0.006 -0.4125 0.21625 1 0 2666.66666666667 1 5 1.53132013317015 5 1000 8522 5
"715" "X" 0.006 -0.495 0.29875 1 0.5 2666.66666666667 1 5 1.20814817573642 5 1000 8731 5
"716" "X" 0.06 -0.94875 0.01 1 0 2666.66666666667 1 5 4.60517018598809 5 1000 12302 5
"717" "X" 0.06 -0.78375 0.79375 1 1 2666.66666666667 1 5 0.230986728775236 5 1000 11980 5
"718" "X" 0.006 -0.61875 0.13375 1 0 2666.66666666667 1 5 2.01178289320602 5 1000 9014 5
"719" "X" 0.06 -0.04125 0.67 0 1 2666.66666666667 1 5 0.400477566597125 5 1000 10165 5
"720" "X" 0.06 -0.53625 0.835 1 1 2666.66666666667 1 5 0.180323554131281 5 1000 11384 5
"721" "X" 0.006 -0.78375 0.835 1 0 2666.66666666667 1 5 0.180323554131281 5 1000 9482 5
"722" "X" 0.06 -0.9075 0.67 1 1 2666.66666666667 1 5 0.400477566597125 5 1000 12268 5
"723" "X" 0.006 -0.12375 0.7525 1 0.5 2666.66666666667 1 5 0.284354282359106 5 1000 7875 5
"724" "X" 0.006 -0.12375 0.29875 1 1 2666.66666666667 1 5 1.20814817573642 5 1000 7832 5
"725" "X" 0.006 -0.9075 0.34 1 1 2666.66666666667 1 5 1.07880966137193 5 1000 9736 5
"726" "X" 0.006 -0.61875 0.87625 1 0 2666.66666666667 1 5 0.132103840633337 5 1000 9086 5
"727" "X" 0.06 -0.5775 1 1 1 2666.66666666667 1 5 0 5 1000 11500 5
"728" "X" 0.06 -0.53625 0.71125 0 1 2666.66666666667 1 5 0.340731293541596 5 1000 11369 5
"729" "X" 0.06 -0.12375 0.175 1 0 2666.66666666667 1 5 1.74296930505862 5 1000 10318 5
"730" "X" 0.006 -0.99 0.9175 1 0 2666.66666666667 1 5 0.0861026990534116 5 1000 9990 5
"731" "X" 0.006 -0.86625 0.46375 1 0.5 2666.66666666667 1 5 0.768409665060492 5 1000 9647 5
"732" "X" 0.06 -0.9075 0.9175 1 0 2666.66666666667 1 5 0.0861026990534116 5 1000 12290 5
"733" "X" 0.06 -0.86625 0.05125 1 0 2666.66666666667 1 5 2.97103966096362 5 1000 12106 5
"734" "X" 0.06 -0.12375 0.505 1 1 2666.66666666667 1 5 0.683196849706777 5 1000 10352 5
"735" "X" 0.06 -0.165 0.5875 0 1 2666.66666666667 1 5 0.531879032963823 5 1000 10457 5
"736" "X" 0.06 -0.66 0.38125 1 0 2666.66666666667 1 5 0.964299951060516 5 1000 11638 5
"737" "X" 0.06 -0.165 0.29875 1 1 2666.66666666667 1 5 1.20814817573642 5 1000 10432 5
"738" "X" 0.06 -0.61875 0.21625 1 0.5 2666.66666666667 1 5 1.53132013317015 5 1000 11523 5
"739" "X" 0.006 -0.45375 0.9175 1 0.5 2666.66666666667 1 5 0.0861026990534116 5 1000 8691 5
"740" "X" 0.06 -0.165 0.835 0 1 2666.66666666667 1 5 0.180323554131281 5 1000 10481 5
"741" "X" 0.06 -0.2475 0.79375 1 1 2666.66666666667 1 5 0.230986728775236 5 1000 10680 5
"742" "X" 0.006 -0.28875 0.835 0 1 2666.66666666667 1 5 0.180323554131281 5 1000 8281 5
"743" "X" 0.006 -0.37125 0.13375 1 0.5 2666.66666666667 1 5 2.01178289320602 5 1000 8415 5
"744" "X" 0.006 -0.04125 0.71125 0 1 2666.66666666667 1 5 0.340731293541596 5 1000 7669 5
"745" "X" 0.06 -0.825 0.5875 1 0 2666.66666666667 1 5 0.531879032963823 5 1000 12058 5
"746" "X" 0.06 -0.495 0.01 1 1 2666.66666666667 1 5 4.60517018598809 5 1000 11204 5
"747" "X" 0.006 -0.12375 0.67 1 1 2666.66666666667 1 5 0.400477566597125 5 1000 7868 5
"748" "X" 0.006 -0.4125 0.62875 1 1 2666.66666666667 1 5 0.464021557568188 5 1000 8564 5
"749" "X" 0.06 -0.45375 0.54625 1 1 2666.66666666667 1 5 0.604678532572337 5 1000 11156 5
"750" "X" 0.006 -0.9075 0.21625 1 0 2666.66666666667 1 5 1.53132013317015 5 1000 9722 5
"751" "X" 0.006 -0.99 0.01 1 0 2666.66666666667 1 5 4.60517018598809 5 1000 9902 5
"752" "X" 0.006 -0.12375 0.05125 1 0.5 2666.66666666667 1 5 2.97103966096362 5 1000 7807 5
"753" "X" 0.006 -0.2475 0.9175 1 0.5 2666.66666666667 1 5 0.0861026990534116 5 1000 8191 5
"754" "X" 0.006 -0.45375 0.835 1 0 2666.66666666667 1 5 0.180323554131281 5 1000 8682 5
"755" "X" 0.006 -0.0825 0.505 1 0.5 2666.66666666667 1 5 0.683196849706777 5 1000 7751 5
"756" "X" 0.06 -0.94875 0.54625 1 0 2666.66666666667 1 5 0.604678532572337 5 1000 12354 5
"757" "X" 0.006 -0.5775 0.175 1 0 2666.66666666667 1 5 1.74296930505862 5 1000 8918 5
"758" "X" 0.06 -0.5775 0.175 1 0 2666.66666666667 1 5 1.74296930505862 5 1000 11418 5
"759" "X" 0.006 -0.37125 0.7525 1 0 2666.66666666667 1 5 0.284354282359106 5 1000 8474 5
"760" "X" 0.006 -0.04125 0.0925 1 1 2666.66666666667 1 5 2.38054663446376 5 1000 7612 5
"761" "X" 0.06 -0.45375 0.67 1 0.5 2666.66666666667 1 5 0.400477566597125 5 1000 11167 5
"762" "X" 0.06 -0.78375 0.01 1 0.5 2666.66666666667 1 5 4.60517018598809 5 1000 11903 5
"763" "X" 0.006 -0.66 0.54625 1 0 2666.66666666667 1 5 0.604678532572337 5 1000 9154 5
"764" "X" 0.06 -0.0825 0.835 1 1 2666.66666666667 1 5 0.180323554131281 5 1000 10284 5
"765" "X" 0.006 -0.28875 0.13375 1 0.5 2666.66666666667 1 5 2.01178289320602 5 1000 8215 5
"766" "X" 0.06 -0.495 0.34 1 0.5 2666.66666666667 1 5 1.07880966137193 5 1000 11235 5
"767" "X" 0.006 -0.165 0.9175 1 0 2666.66666666667 1 5 0.0861026990534116 5 1000 7990 5
"768" "X" 0.06 -0.04125 0.7525 1 1 2666.66666666667 1 5 0.284354282359106 5 1000 10176 5
"769" "X" 0.06 -0.9075 0.54625 0 1 2666.66666666667 1 5 0.604678532572337 5 1000 12253 5
"770" "X" 0.006 -0.5775 0.62875 1 0.5 2666.66666666667 1 5 0.464021557568188 5 1000 8963 5
"771" "X" 0.006 -0.94875 0.29875 1 0 2666.66666666667 1 5 1.20814817573642 5 1000 9830 5
"772" "X" 0.06 -0.20625 0.175 0 1 2666.66666666667 1 5 1.74296930505862 5 1000 10517 5
"773" "X" 0.006 -0.12375 0.62875 1 0.5 2666.66666666667 1 5 0.464021557568188 5 1000 7863 5
"774" "X" 0.006 0 1 1 0.5 2666.66666666667 1 5 0 5 1000 7599 5
"775" "X" 0.06 -0.66 0.13375 1 1 2666.66666666667 1 5 2.01178289320602 5 1000 11616 5
"776" "X" 0.006 -0.04125 0.505 1 1 2666.66666666667 1 5 0.683196849706777 5 1000 7652 5
"777" "X" 0.006 -0.86625 0.38125 0 1 2666.66666666667 1 5 0.964299951060516 5 1000 9637 5
"778" "X" 0.006 -0.78375 0.13375 1 0.5 2666.66666666667 1 5 2.01178289320602 5 1000 9415 5
"779" "X" 0.06 -0.99 0.9175 0 1 2666.66666666667 1 5 0.0861026990534116 5 1000 12489 5
"780" "X" 0.006 -0.495 0.7525 0 1 2666.66666666667 1 5 0.284354282359106 5 1000 8773 5
"781" "X" 0.006 -0.37125 0.0925 1 0 2666.66666666667 1 5 2.38054663446376 5 1000 8410 5
"782" "X" 0.06 -0.12375 0.34 1 1 2666.66666666667 1 5 1.07880966137193 5 1000 10336 5
"783" "X" 0.06 -0.61875 0.5875 1 1 2666.66666666667 1 5 0.531879032963823 5 1000 11560 5
"784" "X" 0.06 -0.04125 0.46375 1 0 2666.66666666667 1 5 0.768409665060492 5 1000 10146 5
"785" "X" 0.06 -0.20625 0.505 1 0 2666.66666666667 1 5 0.683196849706777 5 1000 10550 5
"786" "X" 0.06 -0.825 0.95875 1 0 2666.66666666667 1 5 0.042124926300671 5 1000 12094 5
"787" "X" 0.06 -0.0825 0.175 1 0.5 2666.66666666667 1 5 1.74296930505862 5 1000 10219 5
"788" "X" 0.006 0 0.835 1 1 2666.66666666667 1 5 0.180323554131281 5 1000 7584 5
"789" "X" 0.006 -0.165 0.2575 0 1 2666.66666666667 1 5 1.35673555887835 5 1000 7925 5
"790" "X" 0.06 -0.78375 0.54625 0 1 2666.66666666667 1 5 0.604678532572337 5 1000 11953 5
"791" "X" 0.06 -0.4125 0.05125 1 0 2666.66666666667 1 5 2.97103966096362 5 1000 11006 5
"792" "X" 0.06 -0.99 0.9175 1 0 2666.66666666667 1 5 0.0861026990534116 5 1000 12490 5
"793" "X" 0.06 -0.5775 0.4225 1 0 2666.66666666667 1 5 0.861565832184908 5 1000 11442 5
"794" "X" 0.006 -0.45375 0.62875 1 0.5 2666.66666666667 1 5 0.464021557568188 5 1000 8663 5
"795" "X" 0.06 -0.825 0.4225 0 1 2666.66666666667 1 5 0.861565832184908 5 1000 12041 5
"796" "X" 0.006 -0.37125 0.38125 1 1 2666.66666666667 1 5 0.964299951060516 5 1000 8440 5
"797" "X" 0.06 -0.94875 0.87625 1 0 2666.66666666667 1 5 0.132103840633337 5 1000 12386 5
"798" "X" 0.006 -0.0825 0.05125 1 0 2666.66666666667 1 5 2.97103966096362 5 1000 7706 5
"799" "X" 0.006 -0.66 0.835 1 0.5 2666.66666666667 1 5 0.180323554131281 5 1000 9183 5
"800" "X" 0.06 -0.165 0.54625 0 1 2666.66666666667 1 5 0.604678532572337 5 1000 10453 5
"801" "X" 0.006 -0.165 0.29875 0 1 2666.66666666667 1 5 1.20814817573642 5 1000 7929 5
"802" "X" 0.06 -0.2475 0.13375 1 0 2666.66666666667 1 5 2.01178289320602 5 1000 10614 5
"803" "X" 0.006 -0.4125 0.13375 1 0 2666.66666666667 1 5 2.01178289320602 5 1000 8514 5
"804" "X" 0.006 -0.33 0.71125 1 0 2666.66666666667 1 5 0.340731293541596 5 1000 8370 5
"805" "X" 0.06 -0.165 0.175 1 1 2666.66666666667 1 5 1.74296930505862 5 1000 10420 5
"806" "X" 0.06 -0.70125 0.62875 0 1 2666.66666666667 1 5 0.464021557568188 5 1000 11761 5
"807" "X" 0.06 -0.33 0.5875 1 0.5 2666.66666666667 1 5 0.531879032963823 5 1000 10859 5
"808" "X" 0.006 -0.2475 0.13375 0 1 2666.66666666667 1 5 2.01178289320602 5 1000 8113 5
"809" "X" 0.006 -0.94875 1 1 0.5 2666.66666666667 1 5 0 5 1000 9899 5
"810" "X" 0.06 -0.70125 0.01 1 0.5 2666.66666666667 1 5 4.60517018598809 5 1000 11703 5
"811" "X" 0.06 -0.37125 0.7525 1 1 2666.66666666667 1 5 0.284354282359106 5 1000 10976 5
"812" "X" 0.06 -0.66 0.21625 0 1 2666.66666666667 1 5 1.53132013317015 5 1000 11621 5
"813" "X" 0.06 -0.7425 0.0925 0 1 2666.66666666667 1 5 2.38054663446376 5 1000 11809 5
"814" "X" 0.06 -0.5775 0.29875 1 0 2666.66666666667 1 5 1.20814817573642 5 1000 11430 5
"815" "X" 0.006 -0.04125 0.29875 0 1 2666.66666666667 1 5 1.20814817573642 5 1000 7629 5
"816" "X" 0.06 -0.825 0.95875 1 0.5 2666.66666666667 1 5 0.042124926300671 5 1000 12095 5
"817" "X" 0.006 -0.7425 1 1 1 2666.66666666667 1 5 0 5 1000 9400 5
"818" "X" 0.006 0 0.21625 1 0 2666.66666666667 1 5 1.53132013317015 5 1000 7522 5
"819" "X" 0.06 -0.86625 0.67 1 0.5 2666.66666666667 1 5 0.400477566597125 5 1000 12167 5
"820" "X" 0.06 -0.61875 0.71125 0 1 2666.66666666667 1 5 0.340731293541596 5 1000 11569 5
"821" "X" 0.006 -0.9075 0.79375 0 1 2666.66666666667 1 5 0.230986728775236 5 1000 9777 5
"822" "X" 0.06 -0.9075 0.4225 1 0.5 2666.66666666667 1 5 0.861565832184908 5 1000 12243 5
"823" "X" 0.06 -0.37125 0.87625 0 1 2666.66666666667 1 5 0.132103840633337 5 1000 10985 5
"824" "X" 0.06 -0.66 0.9175 0 1 2666.66666666667 1 5 0.0861026990534116 5 1000 11689 5
"825" "X" 0.06 0 0.34 1 0 2666.66666666667 1 5 1.07880966137193 5 1000 10034 5
"826" "X" 0.006 -0.165 0.54625 1 0.5 2666.66666666667 1 5 0.604678532572337 5 1000 7955 5
"827" "X" 0.006 -0.61875 0.79375 1 1 2666.66666666667 1 5 0.230986728775236 5 1000 9080 5
"828" "X" 0.006 -0.66 0.95875 0 1 2666.66666666667 1 5 0.042124926300671 5 1000 9193 5
"829" "X" 0.006 -0.20625 0.13375 1 1 2666.66666666667 1 5 2.01178289320602 5 1000 8016 5
"830" "X" 0.006 -0.825 0.2575 1 0.5 2666.66666666667 1 5 1.35673555887835 5 1000 9527 5
"831" "X" 0.006 -0.94875 0.835 1 0.5 2666.66666666667 1 5 0.180323554131281 5 1000 9883 5
"832" "X" 0.006 -0.9075 0.46375 0 1 2666.66666666667 1 5 0.768409665060492 5 1000 9745 5
"833" "X" 0.006 -0.5775 0.05125 0 1 2666.66666666667 1 5 2.97103966096362 5 1000 8905 5
"834" "X" 0.006 -0.9075 1 1 0.5 2666.66666666667 1 5 0 5 1000 9799 5
"835" "X" 0.006 -0.825 0.34 1 1 2666.66666666667 1 5 1.07880966137193 5 1000 9536 5
"836" "X" 0.006 -0.20625 0.175 1 0.5 2666.66666666667 1 5 1.74296930505862 5 1000 8019 5
"837" "X" 0.06 -0.61875 0.29875 0 1 2666.66666666667 1 5 1.20814817573642 5 1000 11529 5
"838" "X" 0.06 -0.4125 0.5875 0 1 2666.66666666667 1 5 0.531879032963823 5 1000 11057 5
"839" "X" 0.06 -0.94875 0.21625 1 0.5 2666.66666666667 1 5 1.53132013317015 5 1000 12323 5
"840" "X" 0.06 -0.28875 0.9175 1 0.5 2666.66666666667 1 5 0.0861026990534116 5 1000 10791 5
"841" "X" 0.06 0 0.505 1 1 2666.66666666667 1 5 0.683196849706777 5 1000 10052 5
"842" "X" 0.006 -0.61875 0.835 0 1 2666.66666666667 1 5 0.180323554131281 5 1000 9081 5
"843" "X" 0.006 -0.5775 0.67 1 1 2666.66666666667 1 5 0.400477566597125 5 1000 8968 5
"844" "X" 0.006 -0.0825 0.2575 1 0 2666.66666666667 1 5 1.35673555887835 5 1000 7726 5
"845" "X" 0.006 -0.0825 0.95875 1 0 2666.66666666667 1 5 0.042124926300671 5 1000 7794 5
"846" "X" 0.06 -0.5775 0.67 1 0 2666.66666666667 1 5 0.400477566597125 5 1000 11466 5
"847" "X" 0.006 -0.20625 0.46375 1 0 2666.66666666667 1 5 0.768409665060492 5 1000 8046 5
"848" "X" 0.06 -0.7425 0.87625 1 1 2666.66666666667 1 5 0.132103840633337 5 1000 11888 5
"849" "X" 0.006 -0.61875 0.29875 1 0.5 2666.66666666667 1 5 1.20814817573642 5 1000 9031 5
"850" "X" 0.006 -0.20625 0.34 0 1 2666.66666666667 1 5 1.07880966137193 5 1000 8033 5
"851" "X" 0.006 -0.33 0.7525 0 1 2666.66666666667 1 5 0.284354282359106 5 1000 8373 5
"852" "X" 0.006 -0.12375 0.46375 1 0.5 2666.66666666667 1 5 0.768409665060492 5 1000 7847 5
"853" "X" 0.006 -0.78375 0.46375 1 0 2666.66666666667 1 5 0.768409665060492 5 1000 9446 5
"854" "X" 0.06 -0.5775 0.67 1 1 2666.66666666667 1 5 0.400477566597125 5 1000 11468 5
"855" "X" 0.06 -0.7425 0.29875 1 1 2666.66666666667 1 5 1.20814817573642 5 1000 11832 5
"856" "X" 0.06 -0.825 0.87625 1 1 2666.66666666667 1 5 0.132103840633337 5 1000 12088 5
"857" "X" 0.06 -0.70125 0.0925 1 0.5 2666.66666666667 1 5 2.38054663446376 5 1000 11711 5
"858" "X" 0.06 -0.825 0.505 1 0.5 2666.66666666667 1 5 0.683196849706777 5 1000 12051 5
"859" "X" 0.06 -0.33 0.13375 0 1 2666.66666666667 1 5 2.01178289320602 5 1000 10813 5
"860" "X" 0.006 -0.825 0.01 1 0.5 2666.66666666667 1 5 4.60517018598809 5 1000 9503 5
"861" "X" 0.06 -0.53625 0.505 0 1 2666.66666666667 1 5 0.683196849706777 5 1000 11349 5
"862" "X" 0.006 -0.2475 0.2575 1 1 2666.66666666667 1 5 1.35673555887835 5 1000 8128 5
"863" "X" 0.06 -0.04125 0.34 1 1 2666.66666666667 1 5 1.07880966137193 5 1000 10136 5
"864" "X" 0.006 -0.61875 0.4225 0 1 2666.66666666667 1 5 0.861565832184908 5 1000 9041 5
"865" "X" 0.06 -0.0825 0.71125 1 1 2666.66666666667 1 5 0.340731293541596 5 1000 10272 5
"866" "X" 0.006 -0.33 0.95875 0 1 2666.66666666667 1 5 0.042124926300671 5 1000 8393 5
"867" "X" 0.006 0 0.01 0 1 2666.66666666667 1 5 4.60517018598809 5 1000 7501 5
"868" "X" 0.06 -0.53625 0.62875 1 0.5 2666.66666666667 1 5 0.464021557568188 5 1000 11363 5
"869" "X" 0.006 -0.33 0.13375 1 0.5 2666.66666666667 1 5 2.01178289320602 5 1000 8315 5
"870" "X" 0.006 -0.825 0.835 1 0 2666.66666666667 1 5 0.180323554131281 5 1000 9582 5
"871" "X" 0.006 -0.78375 0.34 1 0.5 2666.66666666667 1 5 1.07880966137193 5 1000 9435 5
"872" "X" 0.06 -0.9075 0.4225 1 0 2666.66666666667 1 5 0.861565832184908 5 1000 12242 5
"873" "X" 0.006 -0.66 0.67 1 0 2666.66666666667 1 5 0.400477566597125 5 1000 9166 5
"874" "X" 0.06 -0.66 0.505 0 1 2666.66666666667 1 5 0.683196849706777 5 1000 11649 5
"875" "X" 0.06 -0.37125 0.0925 1 1 2666.66666666667 1 5 2.38054663446376 5 1000 10912 5
"876" "X" 0.006 -0.12375 0.175 1 0.5 2666.66666666667 1 5 1.74296930505862 5 1000 7819 5
"877" "X" 0.006 -0.61875 0.01 1 1 2666.66666666667 1 5 4.60517018598809 5 1000 9004 5
"878" "X" 0.06 -0.86625 0.2575 1 0.5 2666.66666666667 1 5 1.35673555887835 5 1000 12127 5
"879" "X" 0.006 -0.33 0.505 1 1 2666.66666666667 1 5 0.683196849706777 5 1000 8352 5
"880" "X" 0.006 -0.12375 0.87625 1 0 2666.66666666667 1 5 0.132103840633337 5 1000 7886 5
"881" "X" 0.006 -0.825 0.9175 1 0 2666.66666666667 1 5 0.0861026990534116 5 1000 9590 5
"882" "X" 0.006 0 0.01 1 1 2666.66666666667 1 5 4.60517018598809 5 1000 7504 5
"883" "X" 0.006 -0.33 0.34 0 1 2666.66666666667 1 5 1.07880966137193 5 1000 8333 5
"884" "X" 0.006 -0.20625 0.835 1 1 2666.66666666667 1 5 0.180323554131281 5 1000 8084 5
"885" "X" 0.006 -0.37125 0.4225 1 1 2666.66666666667 1 5 0.861565832184908 5 1000 8444 5
"886" "X" 0.006 -0.495 0.5875 1 0 2666.66666666667 1 5 0.531879032963823 5 1000 8758 5
"887" "X" 0.006 -0.70125 0.79375 1 1 2666.66666666667 1 5 0.230986728775236 5 1000 9280 5
"888" "X" 0.06 -0.4125 0.46375 0 1 2666.66666666667 1 5 0.768409665060492 5 1000 11045 5
"889" "X" 0.006 -0.70125 1 1 0 2666.66666666667 1 5 0 5 1000 9298 5
"890" "X" 0.006 -0.53625 0.87625 1 0.5 2666.66666666667 1 5 0.132103840633337 5 1000 8887 5
"891" "X" 0.06 -0.86625 0.835 1 0 2666.66666666667 1 5 0.180323554131281 5 1000 12182 5
"892" "X" 0.006 -0.94875 0.05125 1 1 2666.66666666667 1 5 2.97103966096362 5 1000 9808 5
"893" "X" 0.006 -0.86625 0.54625 0 1 2666.66666666667 1 5 0.604678532572337 5 1000 9653 5
"894" "X" 0.006 -0.495 0.2575 1 0.5 2666.66666666667 1 5 1.35673555887835 5 1000 8727 5
"895" "X" 0.06 -0.2475 0.62875 1 0.5 2666.66666666667 1 5 0.464021557568188 5 1000 10663 5
"896" "X" 0.06 -0.7425 0.7525 1 0 2666.66666666667 1 5 0.284354282359106 5 1000 11874 5
"897" "X" 0.006 -0.61875 0.95875 1 1 2666.66666666667 1 5 0.042124926300671 5 1000 9096 5
"898" "X" 0.006 -0.86625 0.5875 0 1 2666.66666666667 1 5 0.531879032963823 5 1000 9657 5
"899" "X" 0.06 -0.86625 0.46375 0 1 2666.66666666667 1 5 0.768409665060492 5 1000 12145 5
"900" "X" 0.06 -0.0825 0.2575 1 1 2666.66666666667 1 5 1.35673555887835 5 1000 10228 5
"901" "X" 0.006 -0.78375 0.29875 1 0 2666.66666666667 1 5 1.20814817573642 5 1000 9430 5
"902" "X" 0.006 0 0.62875 0 1 2666.66666666667 1 5 0.464021557568188 5 1000 7561 5
"903" "X" 0.06 -0.94875 0.38125 1 1 2666.66666666667 1 5 0.964299951060516 5 1000 12340 5
"904" "X" 0.06 -0.5775 1 0 1 2666.66666666667 1 5 0 5 1000 11497 5
"905" "X" 0.006 -0.7425 0.5875 0 1 2666.66666666667 1 5 0.531879032963823 5 1000 9357 5
"906" "X" 0.06 -0.61875 0.87625 1 0 2666.66666666667 1 5 0.132103840633337 5 1000 11586 5
"907" "X" 0.006 -0.9075 0.835 1 0 2666.66666666667 1 5 0.180323554131281 5 1000 9782 5
"908" "X" 0.006 -0.94875 0.175 1 1 2666.66666666667 1 5 1.74296930505862 5 1000 9820 5
"909" "X" 0.06 -0.99 0.95875 1 1 2666.66666666667 1 5 0.042124926300671 5 1000 12496 5
"910" "X" 0.006 -0.4125 0.46375 0 1 2666.66666666667 1 5 0.768409665060492 5 1000 8545 5
"911" "X" 0.006 -0.7425 0.4225 1 1 2666.66666666667 1 5 0.861565832184908 5 1000 9344 5
"912" "X" 0.06 -0.70125 0.21625 1 0.5 2666.66666666667 1 5 1.53132013317015 5 1000 11723 5
"913" "X" 0.006 -0.04125 0.46375 1 0 2666.66666666667 1 5 0.768409665060492 5 1000 7646 5
"914" "X" 0.006 -0.78375 0.05125 0 1 2666.66666666667 1 5 2.97103966096362 5 1000 9405 5
"915" "X" 0.06 -0.2475 0.38125 1 1 2666.66666666667 1 5 0.964299951060516 5 1000 10640 5
"916" "X" 0.006 -0.04125 0.01 1 0.5 2666.66666666667 1 5 4.60517018598809 5 1000 7603 5
"917" "X" 0.006 -0.2475 0.54625 1 0 2666.66666666667 1 5 0.604678532572337 5 1000 8154 5
"918" "X" 0.006 -0.37125 0.05125 0 1 2666.66666666667 1 5 2.97103966096362 5 1000 8405 5
"919" "X" 0.006 -0.53625 0.9175 1 0 2666.66666666667 1 5 0.0861026990534116 5 1000 8890 5
"920" "X" 0.06 -0.86625 0.9175 0 1 2666.66666666667 1 5 0.0861026990534116 5 1000 12189 5
"921" "X" 0.006 -0.04125 0.34 1 0.5 2666.66666666667 1 5 1.07880966137193 5 1000 7635 5
"922" "X" 0.006 -0.28875 0.9175 1 0.5 2666.66666666667 1 5 0.0861026990534116 5 1000 8291 5
"923" "X" 0.006 -0.86625 0.62875 1 1 2666.66666666667 1 5 0.464021557568188 5 1000 9664 5
"924" "X" 0.006 -0.45375 0.71125 0 1 2666.66666666667 1 5 0.340731293541596 5 1000 8669 5
"925" "X" 0.06 -0.28875 0.7525 1 0.5 2666.66666666667 1 5 0.284354282359106 5 1000 10775 5
"926" "X" 0.006 -0.94875 0.5875 1 0.5 2666.66666666667 1 5 0.531879032963823 5 1000 9859 5
"927" "X" 0.006 -0.12375 0.9175 0 1 2666.66666666667 1 5 0.0861026990534116 5 1000 7889 5
"928" "X" 0.006 -0.37125 0.67 0 1 2666.66666666667 1 5 0.400477566597125 5 1000 8465 5
"929" "X" 0.06 -0.66 0.54625 0 1 2666.66666666667 1 5 0.604678532572337 5 1000 11653 5
"930" "X" 0.006 -0.825 0.7525 1 0.5 2666.66666666667 1 5 0.284354282359106 5 1000 9575 5
"931" "X" 0.006 -0.61875 0.9175 1 0 2666.66666666667 1 5 0.0861026990534116 5 1000 9090 5
"932" "X" 0.06 -0.165 0.2575 1 1 2666.66666666667 1 5 1.35673555887835 5 1000 10428 5
"933" "X" 0.006 -0.7425 0.67 1 0 2666.66666666667 1 5 0.400477566597125 5 1000 9366 5
"934" "X" 0.006 -0.04125 0.05125 1 1 2666.66666666667 1 5 2.97103966096362 5 1000 7608 5
"935" "X" 0.06 -0.61875 0.9175 0 1 2666.66666666667 1 5 0.0861026990534116 5 1000 11589 5
"936" "X" 0.06 -0.7425 0.21625 0 1 2666.66666666667 1 5 1.53132013317015 5 1000 11821 5
"937" "X" 0.006 -0.12375 0.34 1 0 2666.66666666667 1 5 1.07880966137193 5 1000 7834 5
"938" "X" 0.06 -0.66 0.4225 0 1 2666.66666666667 1 5 0.861565832184908 5 1000 11641 5
"939" "X" 0.06 -0.825 0.7525 1 0 2666.66666666667 1 5 0.284354282359106 5 1000 12074 5
"940" "X" 0.006 -0.04125 0.5875 1 0 2666.66666666667 1 5 0.531879032963823 5 1000 7658 5
"941" "X" 0.006 -0.4125 0.7525 0 1 2666.66666666667 1 5 0.284354282359106 5 1000 8573 5
"942" "X" 0.06 -0.7425 0.29875 1 0 2666.66666666667 1 5 1.20814817573642 5 1000 11830 5
"943" "X" 0.006 -0.94875 0.95875 1 0.5 2666.66666666667 1 5 0.042124926300671 5 1000 9895 5
"944" "X" 0.006 -0.99 0.4225 1 0 2666.66666666667 1 5 0.861565832184908 5 1000 9942 5
"945" "X" 0.006 -0.0825 0.62875 0 1 2666.66666666667 1 5 0.464021557568188 5 1000 7761 5
"946" "X" 0.006 0 0.87625 1 1 2666.66666666667 1 5 0.132103840633337 5 1000 7588 5
"947" "X" 0.006 -0.9075 0.2575 1 0.5 2666.66666666667 1 5 1.35673555887835 5 1000 9727 5
"948" "X" 0.06 -0.165 0.79375 1 1 2666.66666666667 1 5 0.230986728775236 5 1000 10480 5
"949" "X" 0.006 -0.12375 0.175 1 1 2666.66666666667 1 5 1.74296930505862 5 1000 7820 5
"950" "X" 0.006 -0.2475 0.0925 1 0 2666.66666666667 1 5 2.38054663446376 5 1000 8110 5
"951" "X" 0.06 -0.94875 0.79375 0 1 2666.66666666667 1 5 0.230986728775236 5 1000 12377 5
"952" "X" 0.06 -0.99 0.95875 0 1 2666.66666666667 1 5 0.042124926300671 5 1000 12493 5
"953" "X" 0.006 -0.495 0.87625 1 1 2666.66666666667 1 5 0.132103840633337 5 1000 8788 5
"954" "X" 0.006 -0.165 1 1 0 2666.66666666667 1 5 0 5 1000 7998 5
"955" "X" 0.06 -0.0825 0.05125 1 0 2666.66666666667 1 5 2.97103966096362 5 1000 10206 5
"956" "X" 0.06 -0.20625 0.4225 0 1 2666.66666666667 1 5 0.861565832184908 5 1000 10541 5
"957" "X" 0.006 0 0.79375 1 1 2666.66666666667 1 5 0.230986728775236 5 1000 7580 5
"958" "X" 0.06 -0.7425 0.79375 1 1 2666.66666666667 1 5 0.230986728775236 5 1000 11880 5
"959" "X" 0.06 -0.12375 0.2575 1 1 2666.66666666667 1 5 1.35673555887835 5 1000 10328 5
"960" "X" 0.006 -0.495 0.175 1 0.5 2666.66666666667 1 5 1.74296930505862 5 1000 8719 5
"961" "X" 0.006 -0.53625 0.34 0 1 2666.66666666667 1 5 1.07880966137193 5 1000 8833 5
"962" "X" 0.06 -0.99 0.67 1 1 2666.66666666667 1 5 0.400477566597125 5 1000 12468 5
"963" "X" 0.06 -0.99 0.9175 1 1 2666.66666666667 1 5 0.0861026990534116 5 1000 12492 5
"964" "X" 0.006 -0.53625 0.67 1 1 2666.66666666667 1 5 0.400477566597125 5 1000 8868 5
"965" "X" 0.006 -0.86625 1 1 0 2666.66666666667 1 5 0 5 1000 9698 5
"966" "X" 0.006 -0.66 0.9175 1 0.5 2666.66666666667 1 5 0.0861026990534116 5 1000 9191 5
"967" "X" 0.006 -0.165 0.01 1 1 2666.66666666667 1 5 4.60517018598809 5 1000 7904 5
"968" "X" 0.006 -0.78375 0.175 1 0.5 2666.66666666667 1 5 1.74296930505862 5 1000 9419 5
"969" "X" 0.006 -0.0825 0.0925 1 1 2666.66666666667 1 5 2.38054663446376 5 1000 7712 5
"970" "X" 0.06 -0.9075 1 1 0.5 2666.66666666667 1 5 0 5 1000 12299 5
"971" "X" 0.06 -0.70125 0.34 1 1 2666.66666666667 1 5 1.07880966137193 5 1000 11736 5
"972" "X" 0.006 -0.0825 0.835 1 1 2666.66666666667 1 5 0.180323554131281 5 1000 7784 5
"973" "X" 0.06 -0.33 0.62875 1 0 2666.66666666667 1 5 0.464021557568188 5 1000 10862 5
"974" "X" 0.006 -0.61875 0.21625 0 1 2666.66666666667 1 5 1.53132013317015 5 1000 9021 5
"975" "X" 0.06 -0.33 0.4225 1 1 2666.66666666667 1 5 0.861565832184908 5 1000 10844 5
"976" "X" 0.006 -0.45375 0.54625 1 1 2666.66666666667 1 5 0.604678532572337 5 1000 8656 5
"977" "X" 0.006 -0.9075 0.05125 1 0 2666.66666666667 1 5 2.97103966096362 5 1000 9706 5
"978" "X" 0.006 -0.37125 0.05125 1 0 2666.66666666667 1 5 2.97103966096362 5 1000 8406 5
"979" "X" 0.006 -0.20625 0.34 1 1 2666.66666666667 1 5 1.07880966137193 5 1000 8036 5
"980" "X" 0.006 -0.78375 0.2575 0 1 2666.66666666667 1 5 1.35673555887835 5 1000 9425 5
"981" "X" 0.06 -0.0825 0.95875 0 1 2666.66666666667 1 5 0.042124926300671 5 1000 10293 5
"982" "X" 0.06 -0.165 0.01 1 0 2666.66666666667 1 5 4.60517018598809 5 1000 10402 5
"983" "X" 0.006 -0.495 0.9175 1 1 2666.66666666667 1 5 0.0861026990534116 5 1000 8792 5
"984" "X" 0.006 -0.99 0.79375 1 0.5 2666.66666666667 1 5 0.230986728775236 5 1000 9979 5
"985" "X" 0.06 -0.45375 0.67 1 0 2666.66666666667 1 5 0.400477566597125 5 1000 11166 5
"986" "X" 0.006 -0.53625 0.01 1 0.5 2666.66666666667 1 5 4.60517018598809 5 1000 8803 5
"987" "X" 0.06 -0.94875 0.7525 1 0 2666.66666666667 1 5 0.284354282359106 5 1000 12374 5
"988" "X" 0.006 -0.33 0.13375 0 1 2666.66666666667 1 5 2.01178289320602 5 1000 8313 5
"989" "X" 0.06 0 0.21625 0 1 2666.66666666667 1 5 1.53132013317015 5 1000 10021 5
"990" "X" 0.006 -0.825 0.0925 1 0.5 2666.66666666667 1 5 2.38054663446376 5 1000 9511 5
"991" "X" 0.06 -0.86625 0.21625 1 0.5 2666.66666666667 1 5 1.53132013317015 5 1000 12123 5
"992" "X" 0.006 -0.04125 0.87625 1 0.5 2666.66666666667 1 5 0.132103840633337 5 1000 7687 5
"993" "X" 0.06 -0.94875 0.05125 1 1 2666.66666666667 1 5 2.97103966096362 5 1000 12308 5
"994" "X" 0.06 -0.37125 0.62875 1 1 2666.66666666667 1 5 0.464021557568188 5 1000 10964 5
"995" "X" 0.06 -0.4125 0.9175 0 1 2666.66666666667 1 5 0.0861026990534116 5 1000 11089 5
"996" "X" 0.06 -0.66 0.95875 1 0.5 2666.66666666667 1 5 0.042124926300671 5 1000 11695 5
"997" "X" 0.06 -0.86625 0.34 1 0 2666.66666666667 1 5 1.07880966137193 5 1000 12134 5
"998" "X" 0.006 -0.53625 0.62875 1 0 2666.66666666667 1 5 0.464021557568188 5 1000 8862 5
"999" "X" 0.06 -0.4125 0.71125 1 0.5 2666.66666666667 1 5 0.340731293541596 5 1000 11071 5
"1000" "X" 0.006 -0.28875 0.62875 1 0 2666.66666666667 1 5 0.464021557568188 5 1000 8262 5
"1001" "X" 0.06 -0.99 0.67 0 1 2666.66666666667 1 5 0.400477566597125 5 1000 12465 5
"1002" "X" 0.06 -0.20625 0.54625 0 1 2666.66666666667 1 5 0.604678532572337 5 1000 10553 5
"1003" "X" 0.06 -0.9075 0.54625 1 0.5 2666.66666666667 1 5 0.604678532572337 5 1000 12255 5
"1004" "X" 0.006 -0.0825 0.9175 1 0 2666.66666666667 1 5 0.0861026990534116 5 1000 7790 5
"1005" "X" 0.06 -0.78375 0.67 1 1 2666.66666666667 1 5 0.400477566597125 5 1000 11968 5
"1006" "X" 0.06 -0.28875 0.79375 0 1 2666.66666666667 1 5 0.230986728775236 5 1000 10777 5
"1007" "X" 0.006 -0.78375 0.0925 1 0 2666.66666666667 1 5 2.38054663446376 5 1000 9410 5
"1008" "X" 0.006 -0.66 0.5875 0 1 2666.66666666667 1 5 0.531879032963823 5 1000 9157 5
"1009" "X" 0.006 -0.33 0.62875 0 1 2666.66666666667 1 5 0.464021557568188 5 1000 8361 5
"1010" "X" 0.06 -0.12375 0.38125 1 0 2666.66666666667 1 5 0.964299951060516 5 1000 10338 5
"1011" "X" 0.06 -0.825 0.505 0 1 2666.66666666667 1 5 0.683196849706777 5 1000 12049 5
"1012" "X" 0.006 -0.495 0.0925 1 0 2666.66666666667 1 5 2.38054663446376 5 1000 8710 5
"1013" "X" 0.06 -0.45375 0.2575 1 1 2666.66666666667 1 5 1.35673555887835 5 1000 11128 5
"1014" "X" 0.06 -0.04125 0.29875 1 1 2666.66666666667 1 5 1.20814817573642 5 1000 10132 5
"1015" "X" 0.06 -0.2475 0.34 0 1 2666.66666666667 1 5 1.07880966137193 5 1000 10633 5
"1016" "X" 0.006 -0.2475 0.71125 1 1 2666.66666666667 1 5 0.340731293541596 5 1000 8172 5
"1017" "X" 0.06 -0.33 0.54625 1 0.5 2666.66666666667 1 5 0.604678532572337 5 1000 10855 5
"1018" "X" 0.006 0 0.5875 1 1 2666.66666666667 1 5 0.531879032963823 5 1000 7560 5
"1019" "X" 0.06 -0.04125 0.87625 0 1 2666.66666666667 1 5 0.132103840633337 5 1000 10185 5
"1020" "X" 0.06 -0.37125 0.71125 1 0 2666.66666666667 1 5 0.340731293541596 5 1000 10970 5
"1021" "X" 0.06 -0.70125 0.46375 1 0.5 2666.66666666667 1 5 0.768409665060492 5 1000 11747 5
"1022" "X" 0.006 -0.2475 0.505 1 0 2666.66666666667 1 5 0.683196849706777 5 1000 8150 5
"1023" "X" 0.06 -0.5775 0.7525 0 1 2666.66666666667 1 5 0.284354282359106 5 1000 11473 5
"1024" "X" 0.06 -0.28875 0.0925 1 0 2666.66666666667 1 5 2.38054663446376 5 1000 10710 5
"1025" "X" 0.006 -0.78375 0.79375 0 1 2666.66666666667 1 5 0.230986728775236 5 1000 9477 5
"1026" "X" 0.006 -0.66 0.9175 1 1 2666.66666666667 1 5 0.0861026990534116 5 1000 9192 5
"1027" "X" 0.06 -0.5775 0.175 1 1 2666.66666666667 1 5 1.74296930505862 5 1000 11420 5
"1028" "X" 0.006 -0.04125 0.38125 0 1 2666.66666666667 1 5 0.964299951060516 5 1000 7637 5
"1029" "X" 0.06 -0.53625 0.95875 0 1 2666.66666666667 1 5 0.042124926300671 5 1000 11393 5
"1030" "X" 0.006 -0.28875 0.38125 0 1 2666.66666666667 1 5 0.964299951060516 5 1000 8237 5
"1031" "X" 0.006 -0.53625 0.71125 1 0 2666.66666666667 1 5 0.340731293541596 5 1000 8870 5
"1032" "X" 0.006 0 0.9175 1 1 2666.66666666667 1 5 0.0861026990534116 5 1000 7592 5
"1033" "X" 0.006 -0.5775 0.2575 1 0 2666.66666666667 1 5 1.35673555887835 5 1000 8926 5
"1034" "X" 0.06 -0.4125 1 1 0 2666.66666666667 1 5 0 5 1000 11098 5
"1035" "X" 0.006 -0.53625 0.62875 1 1 2666.66666666667 1 5 0.464021557568188 5 1000 8864 5
"1036" "X" 0.06 -0.33 0.01 1 0 2666.66666666667 1 5 4.60517018598809 5 1000 10802 5
"1037" "X" 0.006 -0.7425 0.95875 1 0 2666.66666666667 1 5 0.042124926300671 5 1000 9394 5
"1038" "X" 0.06 -0.12375 0.2575 0 1 2666.66666666667 1 5 1.35673555887835 5 1000 10325 5
"1039" "X" 0.06 -0.825 0.05125 1 1 2666.66666666667 1 5 2.97103966096362 5 1000 12008 5
"1040" "X" 0.006 -0.825 0.67 1 0.5 2666.66666666667 1 5 0.400477566597125 5 1000 9567 5
"1041" "X" 0.06 -0.825 0.79375 1 0 2666.66666666667 1 5 0.230986728775236 5 1000 12078 5
"1042" "X" 0.06 -0.12375 0.79375 1 1 2666.66666666667 1 5 0.230986728775236 5 1000 10380 5
"1043" "X" 0.006 0 0.71125 1 1 2666.66666666667 1 5 0.340731293541596 5 1000 7572 5
"1044" "X" 0.006 -0.0825 0.95875 1 1 2666.66666666667 1 5 0.042124926300671 5 1000 7796 5
"1045" "X" 0.06 -0.7425 0.4225 1 0 2666.66666666667 1 5 0.861565832184908 5 1000 11842 5
"1046" "X" 0.06 -0.165 0.71125 1 0 2666.66666666667 1 5 0.340731293541596 5 1000 10470 5
"1047" "X" 0.006 -0.33 0.46375 0 1 2666.66666666667 1 5 0.768409665060492 5 1000 8345 5
"1048" "X" 0.006 -0.9075 0.0925 1 1 2666.66666666667 1 5 2.38054663446376 5 1000 9712 5
"1049" "X" 0.06 -0.4125 0.34 1 0 2666.66666666667 1 5 1.07880966137193 5 1000 11034 5
"1050" "X" 0.06 -0.94875 0.05125 0 1 2666.66666666667 1 5 2.97103966096362 5 1000 12305 5
"1051" "X" 0.06 -0.99 0.34 1 0 2666.66666666667 1 5 1.07880966137193 5 1000 12434 5
"1052" "X" 0.06 -0.70125 0.4225 0 1 2666.66666666667 1 5 0.861565832184908 5 1000 11741 5
"1053" "X" 0.06 -0.53625 0.13375 1 0 2666.66666666667 1 5 2.01178289320602 5 1000 11314 5
"1054" "X" 0.06 -0.9075 0.38125 0 1 2666.66666666667 1 5 0.964299951060516 5 1000 12237 5
"1055" "X" 0.06 -0.37125 0.54625 0 1 2666.66666666667 1 5 0.604678532572337 5 1000 10953 5
"1056" "X" 0.006 -0.5775 0.13375 1 0 2666.66666666667 1 5 2.01178289320602 5 1000 8914 5
"1057" "X" 0.06 -0.37125 0.2575 1 1 2666.66666666667 1 5 1.35673555887835 5 1000 10928 5
"1058" "X" 0.006 -0.78375 0.505 1 0 2666.66666666667 1 5 0.683196849706777 5 1000 9450 5
"1059" "X" 0.006 -0.53625 0.01 1 0 2666.66666666667 1 5 4.60517018598809 5 1000 8802 5
"1060" "X" 0.06 -0.33 0.46375 1 1 2666.66666666667 1 5 0.768409665060492 5 1000 10848 5
"1061" "X" 0.006 -0.495 0.62875 1 0.5 2666.66666666667 1 5 0.464021557568188 5 1000 8763 5
"1062" "X" 0.06 -0.78375 0.34 1 0 2666.66666666667 1 5 1.07880966137193 5 1000 11934 5
"1063" "X" 0.06 -0.66 0.835 1 0.5 2666.66666666667 1 5 0.180323554131281 5 1000 11683 5
"1064" "X" 0.06 0 0.95875 0 1 2666.66666666667 1 5 0.042124926300671 5 1000 10093 5
"1065" "X" 0.006 -0.5775 0.4225 1 0 2666.66666666667 1 5 0.861565832184908 5 1000 8942 5
"1066" "X" 0.006 -0.495 0.34 1 1 2666.66666666667 1 5 1.07880966137193 5 1000 8736 5
"1067" "X" 0.06 -0.4125 0.38125 0 1 2666.66666666667 1 5 0.964299951060516 5 1000 11037 5
"1068" "X" 0.06 -0.5775 0.505 0 1 2666.66666666667 1 5 0.683196849706777 5 1000 11449 5
"1069" "X" 0.06 -0.825 0.46375 1 0.5 2666.66666666667 1 5 0.768409665060492 5 1000 12047 5
"1070" "X" 0.06 -0.70125 0.71125 1 0.5 2666.66666666667 1 5 0.340731293541596 5 1000 11771 5
"1071" "X" 0.006 -0.45375 0.175 1 0.5 2666.66666666667 1 5 1.74296930505862 5 1000 8619 5
"1072" "X" 0.006 0 0.7525 1 0 2666.66666666667 1 5 0.284354282359106 5 1000 7574 5
"1073" "X" 0.06 -0.165 0.05125 0 1 2666.66666666667 1 5 2.97103966096362 5 1000 10405 5
"1074" "X" 0.06 -0.33 0.835 0 1 2666.66666666667 1 5 0.180323554131281 5 1000 10881 5
"1075" "X" 0.06 -0.86625 1 0 1 2666.66666666667 1 5 0 5 1000 12197 5
"1076" "X" 0.06 -0.53625 0.01 1 0 2666.66666666667 1 5 4.60517018598809 5 1000 11302 5
"1077" "X" 0.06 -0.20625 0.0925 1 1 2666.66666666667 1 5 2.38054663446376 5 1000 10512 5
"1078" "X" 0.06 -0.495 0.79375 1 0.5 2666.66666666667 1 5 0.230986728775236 5 1000 11279 5
"1079" "X" 0.06 -0.70125 0.13375 1 0 2666.66666666667 1 5 2.01178289320602 5 1000 11714 5
"1080" "X" 0.006 -0.5775 0.01 0 1 2666.66666666667 1 5 4.60517018598809 5 1000 8901 5
"1081" "X" 0.06 -0.66 0.835 1 0 2666.66666666667 1 5 0.180323554131281 5 1000 11682 5
"1082" "X" 0.006 -0.4125 0.13375 1 0.5 2666.66666666667 1 5 2.01178289320602 5 1000 8515 5
"1083" "X" 0.006 -0.45375 0.7525 1 1 2666.66666666667 1 5 0.284354282359106 5 1000 8676 5
"1084" "X" 0.06 -0.45375 1 1 1 2666.66666666667 1 5 0 5 1000 11200 5
"1085" "X" 0.06 -0.12375 0.0925 1 0 2666.66666666667 1 5 2.38054663446376 5 1000 10310 5
"1086" "X" 0.06 -0.70125 0.7525 1 0.5 2666.66666666667 1 5 0.284354282359106 5 1000 11775 5
"1087" "X" 0.006 -0.04125 0.62875 1 0 2666.66666666667 1 5 0.464021557568188 5 1000 7662 5
"1088" "X" 0.006 -0.37125 0.13375 1 0 2666.66666666667 1 5 2.01178289320602 5 1000 8414 5
"1089" "X" 0.006 -0.04125 0.9175 0 1 2666.66666666667 1 5 0.0861026990534116 5 1000 7689 5
"1090" "X" 0.006 0 0.5875 1 0 2666.66666666667 1 5 0.531879032963823 5 1000 7558 5
"1091" "X" 0.06 -0.12375 0.13375 1 1 2666.66666666667 1 5 2.01178289320602 5 1000 10316 5
"1092" "X" 0.06 -0.37125 0.38125 1 0 2666.66666666667 1 5 0.964299951060516 5 1000 10938 5
"1093" "X" 0.006 -0.28875 0.505 1 0 2666.66666666667 1 5 0.683196849706777 5 1000 8250 5
"1094" "X" 0.006 -0.33 0.05125 0 1 2666.66666666667 1 5 2.97103966096362 5 1000 8305 5
"1095" "X" 0.06 -0.20625 0.5875 1 1 2666.66666666667 1 5 0.531879032963823 5 1000 10560 5
"1096" "X" 0.06 -0.45375 0.505 0 1 2666.66666666667 1 5 0.683196849706777 5 1000 11149 5
"1097" "X" 0.006 -0.7425 0.34 0 1 2666.66666666667 1 5 1.07880966137193 5 1000 9333 5
"1098" "X" 0.06 -0.165 0.4225 0 1 2666.66666666667 1 5 0.861565832184908 5 1000 10441 5
"1099" "X" 0.06 -0.28875 0.175 1 0.5 2666.66666666667 1 5 1.74296930505862 5 1000 10719 5
"1100" "X" 0.006 -0.495 0.21625 1 0 2666.66666666667 1 5 1.53132013317015 5 1000 8722 5
"1101" "X" 0.006 -0.78375 0.95875 1 0.5 2666.66666666667 1 5 0.042124926300671 5 1000 9495 5
"1102" "X" 0.006 -0.20625 0.21625 0 1 2666.66666666667 1 5 1.53132013317015 5 1000 8021 5
"1103" "X" 0.006 -0.37125 0.5875 0 1 2666.66666666667 1 5 0.531879032963823 5 1000 8457 5
"1104" "X" 0.06 -0.70125 0.67 1 0 2666.66666666667 1 5 0.400477566597125 5 1000 11766 5
"1105" "X" 0.006 -0.20625 0.01 0 1 2666.66666666667 1 5 4.60517018598809 5 1000 8001 5
"1106" "X" 0.006 -0.53625 0.05125 1 0.5 2666.66666666667 1 5 2.97103966096362 5 1000 8807 5
"1107" "X" 0.06 -0.5775 0.9175 1 0.5 2666.66666666667 1 5 0.0861026990534116 5 1000 11491 5
"1108" "X" 0.006 -0.28875 0.13375 1 1 2666.66666666667 1 5 2.01178289320602 5 1000 8216 5
"1109" "X" 0.06 -0.94875 0.505 1 0.5 2666.66666666667 1 5 0.683196849706777 5 1000 12351 5
"1110" "X" 0.006 -0.825 0.0925 1 1 2666.66666666667 1 5 2.38054663446376 5 1000 9512 5
"1111" "X" 0.06 -0.20625 0.62875 0 1 2666.66666666667 1 5 0.464021557568188 5 1000 10561 5
"1112" "X" 0.06 -0.165 0.21625 0 1 2666.66666666667 1 5 1.53132013317015 5 1000 10421 5
"1113" "X" 0.006 -0.66 0.2575 1 0 2666.66666666667 1 5 1.35673555887835 5 1000 9126 5
"1114" "X" 0.006 -0.78375 0.9175 1 1 2666.66666666667 1 5 0.0861026990534116 5 1000 9492 5
"1115" "X" 0.06 -0.2475 0.01 0 1 2666.66666666667 1 5 4.60517018598809 5 1000 10601 5
"1116" "X" 0.06 0 0.87625 1 1 2666.66666666667 1 5 0.132103840633337 5 1000 10088 5
"1117" "X" 0.06 -0.45375 0.4225 1 0 2666.66666666667 1 5 0.861565832184908 5 1000 11142 5
"1118" "X" 0.06 -0.70125 0.9175 1 0.5 2666.66666666667 1 5 0.0861026990534116 5 1000 11791 5
"1119" "X" 0.006 -0.53625 1 1 0.5 2666.66666666667 1 5 0 5 1000 8899 5
"1120" "X" 0.06 -0.5775 0.5875 1 1 2666.66666666667 1 5 0.531879032963823 5 1000 11460 5
"1121" "X" 0.06 -0.45375 0.46375 1 0.5 2666.66666666667 1 5 0.768409665060492 5 1000 11147 5
"1122" "X" 0.06 -0.20625 0.38125 0 1 2666.66666666667 1 5 0.964299951060516 5 1000 10537 5
"1123" "X" 0.06 -0.45375 0.0925 1 0 2666.66666666667 1 5 2.38054663446376 5 1000 11110 5
"1124" "X" 0.006 -0.04125 0.5875 1 1 2666.66666666667 1 5 0.531879032963823 5 1000 7660 5
"1125" "X" 0.006 -0.20625 0.7525 1 0.5 2666.66666666667 1 5 0.284354282359106 5 1000 8075 5
"1126" "X" 0.06 -0.12375 0.46375 1 0.5 2666.66666666667 1 5 0.768409665060492 5 1000 10347 5
"1127" "X" 0.06 -0.86625 0.38125 1 0 2666.66666666667 1 5 0.964299951060516 5 1000 12138 5
"1128" "X" 0.06 -0.4125 0.0925 1 0.5 2666.66666666667 1 5 2.38054663446376 5 1000 11011 5
"1129" "X" 0.006 -0.9075 0.95875 0 1 2666.66666666667 1 5 0.042124926300671 5 1000 9793 5
"1130" "X" 0.06 -0.7425 0.71125 0 1 2666.66666666667 1 5 0.340731293541596 5 1000 11869 5
"1131" "X" 0.06 -0.70125 0.87625 1 1 2666.66666666667 1 5 0.132103840633337 5 1000 11788 5
"1132" "X" 0.006 -0.53625 0.71125 1 0.5 2666.66666666667 1 5 0.340731293541596 5 1000 8871 5
"1133" "X" 0.06 -0.04125 0.34 0 1 2666.66666666667 1 5 1.07880966137193 5 1000 10133 5
"1134" "X" 0.006 -0.9075 0.0925 1 0.5 2666.66666666667 1 5 2.38054663446376 5 1000 9711 5
"1135" "X" 0.06 -0.94875 0.95875 1 1 2666.66666666667 1 5 0.042124926300671 5 1000 12396 5
"1136" "X" 0.006 -0.7425 0.87625 1 0.5 2666.66666666667 1 5 0.132103840633337 5 1000 9387 5
"1137" "X" 0.06 -0.61875 0.79375 0 1 2666.66666666667 1 5 0.230986728775236 5 1000 11577 5
"1138" "X" 0.06 -0.28875 0.4225 1 1 2666.66666666667 1 5 0.861565832184908 5 1000 10744 5
"1139" "X" 0.06 -0.78375 0.71125 1 0 2666.66666666667 1 5 0.340731293541596 5 1000 11970 5
"1140" "X" 0.006 -0.86625 0.9175 1 1 2666.66666666667 1 5 0.0861026990534116 5 1000 9692 5
"1141" "X" 0.06 -0.28875 0.4225 0 1 2666.66666666667 1 5 0.861565832184908 5 1000 10741 5
"1142" "X" 0.06 0 0.01 1 1 2666.66666666667 1 5 4.60517018598809 5 1000 10004 5
"1143" "X" 0.006 -0.495 0.79375 1 0 2666.66666666667 1 5 0.230986728775236 5 1000 8778 5
"1144" "X" 0.06 -0.9075 0.87625 0 1 2666.66666666667 1 5 0.132103840633337 5 1000 12285 5
"1145" "X" 0.006 -0.45375 1 0 1 2666.66666666667 1 5 0 5 1000 8697 5
"1146" "X" 0.006 -0.33 0.4225 0 1 2666.66666666667 1 5 0.861565832184908 5 1000 8341 5
"1147" "X" 0.06 -0.825 0.38125 1 0.5 2666.66666666667 1 5 0.964299951060516 5 1000 12039 5
"1148" "X" 0.006 -0.66 0.21625 1 1 2666.66666666667 1 5 1.53132013317015 5 1000 9124 5
"1149" "X" 0.06 -0.5775 0.01 1 0 2666.66666666667 1 5 4.60517018598809 5 1000 11402 5
"1150" "X" 0.06 -0.28875 0.38125 1 1 2666.66666666667 1 5 0.964299951060516 5 1000 10740 5
"1151" "X" 0.06 -0.20625 0.21625 0 1 2666.66666666667 1 5 1.53132013317015 5 1000 10521 5
"1152" "X" 0.06 -0.78375 1 0 1 2666.66666666667 1 5 0 5 1000 11997 5
"1153" "X" 0.06 -0.12375 0.175 1 1 2666.66666666667 1 5 1.74296930505862 5 1000 10320 5
"1154" "X" 0.06 -0.78375 0.87625 1 0.5 2666.66666666667 1 5 0.132103840633337 5 1000 11987 5
"1155" "X" 0.006 -0.94875 0.62875 1 0.5 2666.66666666667 1 5 0.464021557568188 5 1000 9863 5
"1156" "X" 0.06 -0.12375 0.95875 0 1 2666.66666666667 1 5 0.042124926300671 5 1000 10393 5
"1157" "X" 0.006 -0.825 0.34 0 1 2666.66666666667 1 5 1.07880966137193 5 1000 9533 5
"1158" "X" 0.06 -0.70125 0.2575 1 0.5 2666.66666666667 1 5 1.35673555887835 5 1000 11727 5
"1159" "X" 0.06 -0.61875 0.46375 1 0 2666.66666666667 1 5 0.768409665060492 5 1000 11546 5
"1160" "X" 0.006 -0.165 0.01 1 0.5 2666.66666666667 1 5 4.60517018598809 5 1000 7903 5
"1161" "X" 0.06 -0.61875 0.87625 1 0.5 2666.66666666667 1 5 0.132103840633337 5 1000 11587 5
"1162" "X" 0.006 -0.5775 0.9175 1 1 2666.66666666667 1 5 0.0861026990534116 5 1000 8992 5
"1163" "X" 0.006 -0.78375 0.46375 0 1 2666.66666666667 1 5 0.768409665060492 5 1000 9445 5
"1164" "X" 0.006 -0.45375 0.67 1 1 2666.66666666667 1 5 0.400477566597125 5 1000 8668 5
"1165" "X" 0.006 -0.86625 0.505 1 0.5 2666.66666666667 1 5 0.683196849706777 5 1000 9651 5
"1166" "X" 0.006 -0.66 0.4225 1 1 2666.66666666667 1 5 0.861565832184908 5 1000 9144 5
"1167" "X" 0.06 -0.37125 0.505 1 0 2666.66666666667 1 5 0.683196849706777 5 1000 10950 5
"1168" "X" 0.006 -0.0825 1 0 1 2666.66666666667 1 5 0 5 1000 7797 5
"1169" "X" 0.006 -0.5775 0.79375 0 1 2666.66666666667 1 5 0.230986728775236 5 1000 8977 5
"1170" "X" 0.06 -0.0825 0.54625 1 1 2666.66666666667 1 5 0.604678532572337 5 1000 10256 5
"1171" "X" 0.06 -0.20625 0.46375 1 0 2666.66666666667 1 5 0.768409665060492 5 1000 10546 5
"1172" "X" 0.06 -0.70125 0.79375 1 1 2666.66666666667 1 5 0.230986728775236 5 1000 11780 5
"1173" "X" 0.06 -0.37125 0.95875 1 0 2666.66666666667 1 5 0.042124926300671 5 1000 10994 5
"1174" "X" 0.06 -0.04125 0.71125 0 1 2666.66666666667 1 5 0.340731293541596 5 1000 10169 5
"1175" "X" 0.06 0 0.46375 1 1 2666.66666666667 1 5 0.768409665060492 5 1000 10048 5
"1176" "X" 0.006 -0.94875 0.2575 1 0 2666.66666666667 1 5 1.35673555887835 5 1000 9826 5
"1177" "X" 0.006 -0.5775 0.71125 1 0.5 2666.66666666667 1 5 0.340731293541596 5 1000 8971 5
"1178" "X" 0.06 -0.495 0.2575 1 0.5 2666.66666666667 1 5 1.35673555887835 5 1000 11227 5
"1179" "X" 0.006 -0.37125 0.2575 1 1 2666.66666666667 1 5 1.35673555887835 5 1000 8428 5
"1180" "X" 0.06 -0.165 0.46375 1 0.5 2666.66666666667 1 5 0.768409665060492 5 1000 10447 5
"1181" "X" 0.006 -0.45375 0.01 1 1 2666.66666666667 1 5 4.60517018598809 5 1000 8604 5
"1182" "X" 0.006 -0.0825 0.05125 0 1 2666.66666666667 1 5 2.97103966096362 5 1000 7705 5
"1183" "X" 0.06 -0.7425 0.38125 1 0 2666.66666666667 1 5 0.964299951060516 5 1000 11838 5
"1184" "X" 0.006 -0.04125 0.05125 1 0.5 2666.66666666667 1 5 2.97103966096362 5 1000 7607 5
"1185" "X" 0.06 -0.7425 0.13375 1 0.5 2666.66666666667 1 5 2.01178289320602 5 1000 11815 5
"1186" "X" 0.006 -0.20625 0.54625 1 0.5 2666.66666666667 1 5 0.604678532572337 5 1000 8055 5
"1187" "X" 0.06 -0.66 0.46375 1 0.5 2666.66666666667 1 5 0.768409665060492 5 1000 11647 5
"1188" "X" 0.006 -0.86625 0.62875 1 0.5 2666.66666666667 1 5 0.464021557568188 5 1000 9663 5
"1189" "X" 0.06 -0.86625 0.7525 1 1 2666.66666666667 1 5 0.284354282359106 5 1000 12176 5
"1190" "X" 0.006 -0.33 0.46375 1 0 2666.66666666667 1 5 0.768409665060492 5 1000 8346 5
"1191" "X" 0.006 -0.70125 0.87625 1 0 2666.66666666667 1 5 0.132103840633337 5 1000 9286 5
"1192" "X" 0.06 -0.45375 0.21625 0 1 2666.66666666667 1 5 1.53132013317015 5 1000 11121 5
"1193" "X" 0.06 -0.99 0.21625 1 1 2666.66666666667 1 5 1.53132013317015 5 1000 12424 5
"1194" "X" 0.006 -0.2475 0.34 1 1 2666.66666666667 1 5 1.07880966137193 5 1000 8136 5
"1195" "X" 0.06 -0.0825 0.0925 0 1 2666.66666666667 1 5 2.38054663446376 5 1000 10209 5
"1196" "X" 0.06 -0.45375 0.54625 1 0 2666.66666666667 1 5 0.604678532572337 5 1000 11154 5
"1197" "X" 0.06 -0.825 0.0925 1 1 2666.66666666667 1 5 2.38054663446376 5 1000 12012 5
"1198" "X" 0.06 -0.7425 0.505 0 1 2666.66666666667 1 5 0.683196849706777 5 1000 11849 5
"1199" "X" 0.006 -0.12375 0.13375 1 1 2666.66666666667 1 5 2.01178289320602 5 1000 7816 5
"1200" "X" 0.006 -0.99 0.34 1 1 2666.66666666667 1 5 1.07880966137193 5 1000 9936 5
"1201" "X" 0.06 -0.45375 0.13375 1 1 2666.66666666667 1 5 2.01178289320602 5 1000 11116 5
"1202" "X" 0.06 -0.45375 0.175 1 0 2666.66666666667 1 5 1.74296930505862 5 1000 11118 5
"1203" "X" 0.06 0 0.01 1 0.5 2666.66666666667 1 5 4.60517018598809 5 1000 10003 5
"1204" "X" 0.006 -0.825 0.5875 1 0.5 2666.66666666667 1 5 0.531879032963823 5 1000 9559 5
"1205" "X" 0.06 -0.825 0.79375 1 0.5 2666.66666666667 1 5 0.230986728775236 5 1000 12079 5
"1206" "X" 0.006 -0.165 0.62875 1 0.5 2666.66666666667 1 5 0.464021557568188 5 1000 7963 5
"1207" "X" 0.006 -0.28875 0.175 1 0.5 2666.66666666667 1 5 1.74296930505862 5 1000 8219 5
"1208" "X" 0.006 -0.78375 0.21625 1 0.5 2666.66666666667 1 5 1.53132013317015 5 1000 9423 5
"1209" "X" 0.06 -0.66 0.01 1 1 2666.66666666667 1 5 4.60517018598809 5 1000 11604 5
"1210" "X" 0.06 -0.86625 0.01 1 0.5 2666.66666666667 1 5 4.60517018598809 5 1000 12103 5
"1211" "X" 0.006 -0.12375 0.38125 1 0.5 2666.66666666667 1 5 0.964299951060516 5 1000 7839 5
"1212" "X" 0.006 -0.04125 0.95875 1 0.5 2666.66666666667 1 5 0.042124926300671 5 1000 7695 5
"1213" "X" 0.006 -0.37125 0.0925 1 1 2666.66666666667 1 5 2.38054663446376 5 1000 8412 5
"1214" "X" 0.006 -0.495 0.38125 1 0 2666.66666666667 1 5 0.964299951060516 5 1000 8738 5
"1215" "X" 0.006 -0.9075 0.38125 0 1 2666.66666666667 1 5 0.964299951060516 5 1000 9737 5
"1216" "X" 0.06 -0.78375 0.01 1 1 2666.66666666667 1 5 4.60517018598809 5 1000 11904 5
"1217" "X" 0.006 -0.94875 0.0925 1 0.5 2666.66666666667 1 5 2.38054663446376 5 1000 9811 5
"1218" "X" 0.06 -0.66 0.67 0 1 2666.66666666667 1 5 0.400477566597125 5 1000 11665 5
"1219" "X" 0.006 -0.0825 0.38125 1 0 2666.66666666667 1 5 0.964299951060516 5 1000 7738 5
"1220" "X" 0.006 -0.7425 0.29875 0 1 2666.66666666667 1 5 1.20814817573642 5 1000 9329 5
"1221" "X" 0.006 -0.70125 0.175 0 1 2666.66666666667 1 5 1.74296930505862 5 1000 9217 5
"1222" "X" 0.006 -0.2475 0.54625 1 1 2666.66666666667 1 5 0.604678532572337 5 1000 8156 5
"1223" "X" 0.06 -0.53625 0.835 1 0.5 2666.66666666667 1 5 0.180323554131281 5 1000 11383 5
"1224" "X" 0.06 -0.825 0.13375 1 0.5 2666.66666666667 1 5 2.01178289320602 5 1000 12015 5
"1225" "X" 0.006 -0.2475 0.87625 1 0 2666.66666666667 1 5 0.132103840633337 5 1000 8186 5
"1226" "X" 0.06 -0.0825 0.67 1 0 2666.66666666667 1 5 0.400477566597125 5 1000 10266 5
"1227" "X" 0.006 -0.04125 0.21625 1 0.5 2666.66666666667 1 5 1.53132013317015 5 1000 7623 5
"1228" "X" 0.06 -0.53625 0.87625 1 0.5 2666.66666666667 1 5 0.132103840633337 5 1000 11387 5
"1229" "X" 0.06 0 0.67 0 1 2666.66666666667 1 5 0.400477566597125 5 1000 10065 5
"1230" "X" 0.006 -0.70125 0.87625 1 0.5 2666.66666666667 1 5 0.132103840633337 5 1000 9287 5
"1231" "X" 0.06 -0.0825 0.54625 0 1 2666.66666666667 1 5 0.604678532572337 5 1000 10253 5
"1232" "X" 0.06 -0.86625 0.87625 0 1 2666.66666666667 1 5 0.132103840633337 5 1000 12185 5
"1233" "X" 0.06 -0.53625 0.4225 0 1 2666.66666666667 1 5 0.861565832184908 5 1000 11341 5
"1234" "X" 0.06 -0.5775 0.29875 0 1 2666.66666666667 1 5 1.20814817573642 5 1000 11429 5
"1235" "X" 0.006 -0.7425 0.71125 0 1 2666.66666666667 1 5 0.340731293541596 5 1000 9369 5
"1236" "X" 0.06 -0.495 0.2575 1 0 2666.66666666667 1 5 1.35673555887835 5 1000 11226 5
"1237" "X" 0.06 -0.20625 0.7525 0 1 2666.66666666667 1 5 0.284354282359106 5 1000 10573 5
"1238" "X" 0.06 -0.53625 0.34 1 0 2666.66666666667 1 5 1.07880966137193 5 1000 11334 5
"1239" "X" 0.006 0 0.7525 1 0.5 2666.66666666667 1 5 0.284354282359106 5 1000 7575 5
"1240" "X" 0.06 -0.61875 0.29875 1 0 2666.66666666667 1 5 1.20814817573642 5 1000 11530 5
"1241" "X" 0.006 -0.7425 0.2575 1 0 2666.66666666667 1 5 1.35673555887835 5 1000 9326 5
"1242" "X" 0.06 -0.61875 0.7525 1 0.5 2666.66666666667 1 5 0.284354282359106 5 1000 11575 5
"1243" "X" 0.006 -0.94875 0.21625 1 0.5 2666.66666666667 1 5 1.53132013317015 5 1000 9823 5
"1244" "X" 0.06 -0.12375 0.01 1 0 2666.66666666667 1 5 4.60517018598809 5 1000 10302 5
"1245" "X" 0.06 -0.0825 0.7525 1 1 2666.66666666667 1 5 0.284354282359106 5 1000 10276 5
"1246" "X" 0.006 -0.94875 0.21625 0 1 2666.66666666667 1 5 1.53132013317015 5 1000 9821 5
"1247" "X" 0.006 -0.37125 0.29875 1 1 2666.66666666667 1 5 1.20814817573642 5 1000 8432 5
"1248" "X" 0.06 -0.0825 0.9175 1 1 2666.66666666667 1 5 0.0861026990534116 5 1000 10292 5
"1249" "X" 0.06 -0.0825 0.2575 1 0.5 2666.66666666667 1 5 1.35673555887835 5 1000 10227 5
"1250" "X" 0.006 -0.2475 0.21625 1 1 2666.66666666667 1 5 1.53132013317015 5 1000 8124 5
"1251" "X" 0.006 -0.2475 0.67 1 0 2666.66666666667 1 5 0.400477566597125 5 1000 8166 5
"1252" "X" 0.06 -0.37125 0.0925 0 1 2666.66666666667 1 5 2.38054663446376 5 1000 10909 5
"1253" "X" 0.06 -0.825 0.95875 1 1 2666.66666666667 1 5 0.042124926300671 5 1000 12096 5
"1254" "X" 0.006 -0.45375 0.4225 1 0.5 2666.66666666667 1 5 0.861565832184908 5 1000 8643 5
"1255" "X" 0.006 0 0.21625 1 0.5 2666.66666666667 1 5 1.53132013317015 5 1000 7523 5
"1256" "X" 0.06 -0.12375 0.54625 0 1 2666.66666666667 1 5 0.604678532572337 5 1000 10353 5
"1257" "X" 0.006 -0.66 0.175 0 1 2666.66666666667 1 5 1.74296930505862 5 1000 9117 5
"1258" "X" 0.006 -0.94875 0.0925 1 1 2666.66666666667 1 5 2.38054663446376 5 1000 9812 5
"1259" "X" 0.006 -0.99 0.67 1 0.5 2666.66666666667 1 5 0.400477566597125 5 1000 9967 5
"1260" "X" 0.006 -0.7425 0.87625 0 1 2666.66666666667 1 5 0.132103840633337 5 1000 9385 5
"1261" "X" 0.006 -0.12375 0.9175 1 1 2666.66666666667 1 5 0.0861026990534116 5 1000 7892 5
"1262" "X" 0.06 -0.45375 0.13375 1 0 2666.66666666667 1 5 2.01178289320602 5 1000 11114 5
"1263" "X" 0.06 -0.53625 0.54625 0 1 2666.66666666667 1 5 0.604678532572337 5 1000 11353 5
"1264" "X" 0.06 -0.94875 0.9175 0 1 2666.66666666667 1 5 0.0861026990534116 5 1000 12389 5
"1265" "X" 0.06 -0.99 0.175 1 1 2666.66666666667 1 5 1.74296930505862 5 1000 12420 5
"1266" "X" 0.06 -0.9075 0.5875 0 1 2666.66666666667 1 5 0.531879032963823 5 1000 12257 5
"1267" "X" 0.006 -0.28875 0.21625 1 1 2666.66666666667 1 5 1.53132013317015 5 1000 8224 5
"1268" "X" 0.006 -0.165 0.21625 1 1 2666.66666666667 1 5 1.53132013317015 5 1000 7924 5
"1269" "X" 0.006 -0.2475 0.05125 1 1 2666.66666666667 1 5 2.97103966096362 5 1000 8108 5
"1270" "X" 0.006 -0.70125 0.95875 1 0 2666.66666666667 1 5 0.042124926300671 5 1000 9294 5
"1271" "X" 0.06 -0.66 0.67 1 0.5 2666.66666666667 1 5 0.400477566597125 5 1000 11667 5
"1272" "X" 0.006 -0.12375 0.01 1 1 2666.66666666667 1 5 4.60517018598809 5 1000 7804 5
"1273" "X" 0.06 -0.9075 0.54625 1 0 2666.66666666667 1 5 0.604678532572337 5 1000 12254 5
"1274" "X" 0.006 -0.70125 0.21625 1 0 2666.66666666667 1 5 1.53132013317015 5 1000 9222 5
"1275" "X" 0.06 -0.12375 0.4225 1 0.5 2666.66666666667 1 5 0.861565832184908 5 1000 10343 5
"1276" "X" 0.06 0 0.5875 1 1 2666.66666666667 1 5 0.531879032963823 5 1000 10060 5
"1277" "X" 0.06 -0.7425 0.38125 1 0.5 2666.66666666667 1 5 0.964299951060516 5 1000 11839 5
"1278" "X" 0.006 0 0.175 1 0 2666.66666666667 1 5 1.74296930505862 5 1000 7518 5
"1279" "X" 0.06 -0.2475 1 1 0.5 2666.66666666667 1 5 0 5 1000 10699 5
"1280" "X" 0.06 -0.04125 0.835 1 0 2666.66666666667 1 5 0.180323554131281 5 1000 10182 5
"1281" "X" 0.006 -0.94875 0.29875 1 0.5 2666.66666666667 1 5 1.20814817573642 5 1000 9831 5
"1282" "X" 0.006 -0.94875 0.05125 0 1 2666.66666666667 1 5 2.97103966096362 5 1000 9805 5
"1283" "X" 0.06 -0.165 0.4225 1 0 2666.66666666667 1 5 0.861565832184908 5 1000 10442 5
"1284" "X" 0.006 -0.9075 0.79375 1 0 2666.66666666667 1 5 0.230986728775236 5 1000 9778 5
"1285" "X" 0.06 -0.9075 0.62875 1 1 2666.66666666667 1 5 0.464021557568188 5 1000 12264 5
"1286" "X" 0.06 -0.04125 0.0925 0 1 2666.66666666667 1 5 2.38054663446376 5 1000 10109 5
"1287" "X" 0.06 -0.4125 0.87625 1 0 2666.66666666667 1 5 0.132103840633337 5 1000 11086 5
"1288" "X" 0.006 -0.66 0.29875 0 1 2666.66666666667 1 5 1.20814817573642 5 1000 9129 5
"1289" "X" 0.006 -0.86625 0.13375 1 1 2666.66666666667 1 5 2.01178289320602 5 1000 9616 5
"1290" "X" 0.006 -0.66 0.7525 0 1 2666.66666666667 1 5 0.284354282359106 5 1000 9173 5
"1291" "X" 0.06 -0.4125 0.67 1 0.5 2666.66666666667 1 5 0.400477566597125 5 1000 11067 5
"1292" "X" 0.06 -0.70125 0.5875 1 0.5 2666.66666666667 1 5 0.531879032963823 5 1000 11759 5
"1293" "X" 0.006 -0.2475 0.87625 0 1 2666.66666666667 1 5 0.132103840633337 5 1000 8185 5
"1294" "X" 0.06 -0.45375 0.4225 0 1 2666.66666666667 1 5 0.861565832184908 5 1000 11141 5
"1295" "X" 0.06 0 0.46375 1 0.5 2666.66666666667 1 5 0.768409665060492 5 1000 10047 5
"1296" "X" 0.06 -0.2475 0.67 0 1 2666.66666666667 1 5 0.400477566597125 5 1000 10665 5
"1297" "X" 0.06 -0.61875 0.2575 1 0.5 2666.66666666667 1 5 1.35673555887835 5 1000 11527 5
"1298" "X" 0.06 -0.7425 0.835 1 1 2666.66666666667 1 5 0.180323554131281 5 1000 11884 5
"1299" "X" 0.006 -0.2475 0.21625 1 0.5 2666.66666666667 1 5 1.53132013317015 5 1000 8123 5
"1300" "X" 0.06 -0.86625 0.4225 1 1 2666.66666666667 1 5 0.861565832184908 5 1000 12144 5
"1301" "X" 0.006 -0.66 0.46375 0 1 2666.66666666667 1 5 0.768409665060492 5 1000 9145 5
"1302" "X" 0.006 -0.9075 0.95875 1 0.5 2666.66666666667 1 5 0.042124926300671 5 1000 9795 5
"1303" "X" 0.06 -0.61875 0.9175 1 1 2666.66666666667 1 5 0.0861026990534116 5 1000 11592 5
"1304" "X" 0.006 -0.825 0.21625 1 0 2666.66666666667 1 5 1.53132013317015 5 1000 9522 5
"1305" "X" 0.006 -0.61875 0.34 1 1 2666.66666666667 1 5 1.07880966137193 5 1000 9036 5
"1306" "X" 0.06 -0.04125 0.29875 0 1 2666.66666666667 1 5 1.20814817573642 5 1000 10129 5
"1307" "X" 0.006 -0.04125 0.4225 0 1 2666.66666666667 1 5 0.861565832184908 5 1000 7641 5
"1308" "X" 0.06 -0.78375 0.7525 0 1 2666.66666666667 1 5 0.284354282359106 5 1000 11973 5
"1309" "X" 0.006 -0.7425 0.835 0 1 2666.66666666667 1 5 0.180323554131281 5 1000 9381 5
"1310" "X" 0.06 -0.45375 0.38125 0 1 2666.66666666667 1 5 0.964299951060516 5 1000 11137 5
"1311" "X" 0.06 -0.5775 0.54625 1 1 2666.66666666667 1 5 0.604678532572337 5 1000 11456 5
"1312" "X" 0.006 -0.0825 0.2575 1 1 2666.66666666667 1 5 1.35673555887835 5 1000 7728 5
"1313" "X" 0.06 -0.7425 0.21625 1 0.5 2666.66666666667 1 5 1.53132013317015 5 1000 11823 5
"1314" "X" 0.006 -0.2475 0.38125 1 1 2666.66666666667 1 5 0.964299951060516 5 1000 8140 5
"1315" "X" 0.06 -0.12375 0.87625 1 0.5 2666.66666666667 1 5 0.132103840633337 5 1000 10387 5
"1316" "X" 0.006 -0.2475 0.67 1 1 2666.66666666667 1 5 0.400477566597125 5 1000 8168 5
"1317" "X" 0.006 -0.37125 0.87625 1 0 2666.66666666667 1 5 0.132103840633337 5 1000 8486 5
"1318" "X" 0.06 -0.99 0.54625 0 1 2666.66666666667 1 5 0.604678532572337 5 1000 12453 5
"1319" "X" 0.006 -0.28875 0.5875 1 1 2666.66666666667 1 5 0.531879032963823 5 1000 8260 5
"1320" "X" 0.06 -0.70125 0.29875 0 1 2666.66666666667 1 5 1.20814817573642 5 1000 11729 5
"1321" "X" 0.006 -0.45375 0.9175 0 1 2666.66666666667 1 5 0.0861026990534116 5 1000 8689 5
"1322" "X" 0.06 -0.86625 0.67 0 1 2666.66666666667 1 5 0.400477566597125 5 1000 12165 5
"1323" "X" 0.06 -0.61875 0.505 1 1 2666.66666666667 1 5 0.683196849706777 5 1000 11552 5
"1324" "X" 0.006 -0.28875 0.54625 1 0 2666.66666666667 1 5 0.604678532572337 5 1000 8254 5
"1325" "X" 0.006 -0.20625 0.175 1 1 2666.66666666667 1 5 1.74296930505862 5 1000 8020 5
"1326" "X" 0.006 -0.53625 0.0925 1 0.5 2666.66666666667 1 5 2.38054663446376 5 1000 8811 5
"1327" "X" 0.06 -0.28875 0.13375 1 0 2666.66666666667 1 5 2.01178289320602 5 1000 10714 5
"1328" "X" 0.06 -0.94875 0.05125 1 0.5 2666.66666666667 1 5 2.97103966096362 5 1000 12307 5
"1329" "X" 0.06 -0.45375 0.54625 1 0.5 2666.66666666667 1 5 0.604678532572337 5 1000 11155 5
"1330" "X" 0.006 -0.12375 0.2575 1 0.5 2666.66666666667 1 5 1.35673555887835 5 1000 7827 5
"1331" "X" 0.06 -0.5775 0.21625 1 0.5 2666.66666666667 1 5 1.53132013317015 5 1000 11423 5
"1332" "X" 0.06 -0.78375 0.5875 1 0.5 2666.66666666667 1 5 0.531879032963823 5 1000 11959 5
"1333" "X" 0.06 -0.04125 0.21625 0 1 2666.66666666667 1 5 1.53132013317015 5 1000 10121 5
"1334" "X" 0.06 -0.2475 0.67 1 1 2666.66666666667 1 5 0.400477566597125 5 1000 10668 5
"1335" "X" 0.06 -0.94875 0.5875 1 1 2666.66666666667 1 5 0.531879032963823 5 1000 12360 5
"1336" "X" 0.06 -0.165 0.05125 1 1 2666.66666666667 1 5 2.97103966096362 5 1000 10408 5
"1337" "X" 0.06 -0.04125 0.2575 1 1 2666.66666666667 1 5 1.35673555887835 5 1000 10128 5
"1338" "X" 0.06 -0.12375 0.505 0 1 2666.66666666667 1 5 0.683196849706777 5 1000 10349 5
"1339" "X" 0.006 -0.20625 0.46375 0 1 2666.66666666667 1 5 0.768409665060492 5 1000 8045 5
"1340" "X" 0.006 -0.7425 0.175 1 1 2666.66666666667 1 5 1.74296930505862 5 1000 9320 5
"1341" "X" 0.06 -0.2475 0.21625 1 1 2666.66666666667 1 5 1.53132013317015 5 1000 10624 5
"1342" "X" 0.006 -0.78375 0.835 1 1 2666.66666666667 1 5 0.180323554131281 5 1000 9484 5
"1343" "X" 0.06 -0.4125 0.54625 1 0.5 2666.66666666667 1 5 0.604678532572337 5 1000 11055 5
"1344" "X" 0.06 -0.5775 0.29875 1 0.5 2666.66666666667 1 5 1.20814817573642 5 1000 11431 5
"1345" "X" 0.06 -0.99 0.62875 1 1 2666.66666666667 1 5 0.464021557568188 5 1000 12464 5
"1346" "X" 0.006 -0.04125 0.46375 1 1 2666.66666666667 1 5 0.768409665060492 5 1000 7648 5
"1347" "X" 0.006 -0.66 0.2575 1 1 2666.66666666667 1 5 1.35673555887835 5 1000 9128 5
"1348" "X" 0.06 -0.7425 0.835 1 0 2666.66666666667 1 5 0.180323554131281 5 1000 11882 5
"1349" "X" 0.006 -0.70125 0.67 0 1 2666.66666666667 1 5 0.400477566597125 5 1000 9265 5
"1350" "X" 0.006 -0.53625 0.7525 1 0.5 2666.66666666667 1 5 0.284354282359106 5 1000 8875 5
"1351" "X" 0.006 -0.12375 0.505 1 1 2666.66666666667 1 5 0.683196849706777 5 1000 7852 5
"1352" "X" 0.06 0 0.9175 1 0 2666.66666666667 1 5 0.0861026990534116 5 1000 10090 5
"1353" "X" 0.06 -0.37125 0.0925 1 0.5 2666.66666666667 1 5 2.38054663446376 5 1000 10911 5
"1354" "X" 0.06 -0.86625 0.7525 0 1 2666.66666666667 1 5 0.284354282359106 5 1000 12173 5
"1355" "X" 0.06 -0.20625 0.71125 1 1 2666.66666666667 1 5 0.340731293541596 5 1000 10572 5
"1356" "X" 0.06 -0.825 0.54625 1 1 2666.66666666667 1 5 0.604678532572337 5 1000 12056 5
"1357" "X" 0.06 -0.495 0.05125 1 0.5 2666.66666666667 1 5 2.97103966096362 5 1000 11207 5
"1358" "X" 0.06 -0.2475 0.95875 1 0.5 2666.66666666667 1 5 0.042124926300671 5 1000 10695 5
"1359" "X" 0.006 0 1 1 1 2666.66666666667 1 5 0 5 1000 7600 5
"1360" "X" 0.06 -0.45375 0.2575 1 0 2666.66666666667 1 5 1.35673555887835 5 1000 11126 5
"1361" "X" 0.006 -0.495 0.2575 1 1 2666.66666666667 1 5 1.35673555887835 5 1000 8728 5
"1362" "X" 0.06 -0.20625 0.62875 1 1 2666.66666666667 1 5 0.464021557568188 5 1000 10564 5
"1363" "X" 0.06 -0.20625 0.13375 0 1 2666.66666666667 1 5 2.01178289320602 5 1000 10513 5
"1364" "X" 0.006 -0.165 0.4225 1 1 2666.66666666667 1 5 0.861565832184908 5 1000 7944 5
"1365" "X" 0.06 -0.45375 0.62875 1 1 2666.66666666667 1 5 0.464021557568188 5 1000 11164 5
"1366" "X" 0.006 -0.78375 0.2575 1 0 2666.66666666667 1 5 1.35673555887835 5 1000 9426 5
"1367" "X" 0.006 -0.2475 0.67 0 1 2666.66666666667 1 5 0.400477566597125 5 1000 8165 5
"1368" "X" 0.06 -0.4125 0.7525 1 0 2666.66666666667 1 5 0.284354282359106 5 1000 11074 5
"1369" "X" 0.006 -0.45375 0.46375 1 1 2666.66666666667 1 5 0.768409665060492 5 1000 8648 5
"1370" "X" 0.006 -0.37125 1 1 0.5 2666.66666666667 1 5 0 5 1000 8499 5
"1371" "X" 0.06 -0.53625 0.5875 1 1 2666.66666666667 1 5 0.531879032963823 5 1000 11360 5
"1372" "X" 0.06 -0.04125 0.54625 1 1 2666.66666666667 1 5 0.604678532572337 5 1000 10156 5
"1373" "X" 0.006 0 0.46375 1 0 2666.66666666667 1 5 0.768409665060492 5 1000 7546 5
"1374" "X" 0.006 -0.4125 0.54625 1 1 2666.66666666667 1 5 0.604678532572337 5 1000 8556 5
"1375" "X" 0.006 -0.37125 0.95875 1 1 2666.66666666667 1 5 0.042124926300671 5 1000 8496 5
"1376" "X" 0.06 -0.9075 0.505 0 1 2666.66666666667 1 5 0.683196849706777 5 1000 12249 5
"1377" "X" 0.06 -0.825 0.21625 1 0 2666.66666666667 1 5 1.53132013317015 5 1000 12022 5
"1378" "X" 0.06 -0.45375 0.62875 0 1 2666.66666666667 1 5 0.464021557568188 5 1000 11161 5
"1379" "X" 0.06 -0.165 0.505 1 0 2666.66666666667 1 5 0.683196849706777 5 1000 10450 5
"1380" "X" 0.06 -0.04125 0.0925 1 0.5 2666.66666666667 1 5 2.38054663446376 5 1000 10111 5
"1381" "X" 0.006 -0.37125 0.67 1 1 2666.66666666667 1 5 0.400477566597125 5 1000 8468 5
"1382" "X" 0.06 -0.33 0.175 0 1 2666.66666666667 1 5 1.74296930505862 5 1000 10817 5
"1383" "X" 0.006 -0.9075 0.505 0 1 2666.66666666667 1 5 0.683196849706777 5 1000 9749 5
"1384" "X" 0.006 -0.2475 0.13375 1 1 2666.66666666667 1 5 2.01178289320602 5 1000 8116 5
"1385" "X" 0.06 -0.7425 0.21625 1 0 2666.66666666667 1 5 1.53132013317015 5 1000 11822 5
"1386" "X" 0.06 -0.7425 0.62875 1 1 2666.66666666667 1 5 0.464021557568188 5 1000 11864 5
"1387" "X" 0.006 -0.53625 0.505 0 1 2666.66666666667 1 5 0.683196849706777 5 1000 8849 5
"1388" "X" 0.06 -0.45375 0.9175 1 1 2666.66666666667 1 5 0.0861026990534116 5 1000 11192 5
"1389" "X" 0.006 -0.825 0.62875 1 0.5 2666.66666666667 1 5 0.464021557568188 5 1000 9563 5
"1390" "X" 0.06 -0.45375 0.71125 1 1 2666.66666666667 1 5 0.340731293541596 5 1000 11172 5
"1391" "X" 0.06 -0.78375 0.54625 1 0.5 2666.66666666667 1 5 0.604678532572337 5 1000 11955 5
"1392" "X" 0.006 -0.53625 0.2575 0 1 2666.66666666667 1 5 1.35673555887835 5 1000 8825 5
"1393" "X" 0.06 -0.61875 0.175 1 1 2666.66666666667 1 5 1.74296930505862 5 1000 11520 5
"1394" "X" 0.006 -0.12375 0.67 1 0 2666.66666666667 1 5 0.400477566597125 5 1000 7866 5
"1395" "X" 0.006 -0.45375 0.62875 1 0 2666.66666666667 1 5 0.464021557568188 5 1000 8662 5
"1396" "X" 0.06 -0.9075 0.05125 0 1 2666.66666666667 1 5 2.97103966096362 5 1000 12205 5
"1397" "X" 0.06 -0.99 0.79375 1 0 2666.66666666667 1 5 0.230986728775236 5 1000 12478 5
"1398" "X" 0.06 -0.28875 0.0925 0 1 2666.66666666667 1 5 2.38054663446376 5 1000 10709 5
"1399" "X" 0.06 0 0.01 1 0 2666.66666666667 1 5 4.60517018598809 5 1000 10002 5
"1400" "X" 0.006 -0.9075 0.505 1 1 2666.66666666667 1 5 0.683196849706777 5 1000 9752 5
"1401" "X" 0.06 -0.86625 0.62875 0 1 2666.66666666667 1 5 0.464021557568188 5 1000 12161 5
"1402" "X" 0.006 -0.20625 0.9175 0 1 2666.66666666667 1 5 0.0861026990534116 5 1000 8089 5
"1403" "X" 0.06 0 0.21625 1 1 2666.66666666667 1 5 1.53132013317015 5 1000 10024 5
"1404" "X" 0.006 -0.33 0.5875 1 1 2666.66666666667 1 5 0.531879032963823 5 1000 8360 5
"1405" "X" 0.06 -0.5775 0.79375 0 1 2666.66666666667 1 5 0.230986728775236 5 1000 11477 5
"1406" "X" 0.006 -0.5775 0.71125 1 0 2666.66666666667 1 5 0.340731293541596 5 1000 8970 5
"1407" "X" 0.06 -0.94875 0.835 0 1 2666.66666666667 1 5 0.180323554131281 5 1000 12381 5
"1408" "X" 0.006 -0.495 0.05125 1 0.5 2666.66666666667 1 5 2.97103966096362 5 1000 8707 5
"1409" "X" 0.006 -0.04125 0.13375 1 1 2666.66666666667 1 5 2.01178289320602 5 1000 7616 5
"1410" "X" 0.006 -0.99 0.34 1 0.5 2666.66666666667 1 5 1.07880966137193 5 1000 9935 5
"1411" "X" 0.06 -0.70125 0.34 1 0 2666.66666666667 1 5 1.07880966137193 5 1000 11734 5
"1412" "X" 0.06 -0.33 0.38125 0 1 2666.66666666667 1 5 0.964299951060516 5 1000 10837 5
"1413" "X" 0.06 -0.33 0.79375 0 1 2666.66666666667 1 5 0.230986728775236 5 1000 10877 5
"1414" "X" 0.006 -0.2475 0.9175 0 1 2666.66666666667 1 5 0.0861026990534116 5 1000 8189 5
"1415" "X" 0.06 -0.825 0.62875 0 1 2666.66666666667 1 5 0.464021557568188 5 1000 12061 5
"1416" "X" 0.006 -0.825 0.13375 1 1 2666.66666666667 1 5 2.01178289320602 5 1000 9516 5
"1417" "X" 0.06 -0.28875 0.95875 1 1 2666.66666666667 1 5 0.042124926300671 5 1000 10796 5
"1418" "X" 0.006 -0.825 0.46375 0 1 2666.66666666667 1 5 0.768409665060492 5 1000 9545 5
"1419" "X" 0.06 -0.7425 1 1 0 2666.66666666667 1 5 0 5 1000 11898 5
"1420" "X" 0.006 -0.165 0.79375 1 1 2666.66666666667 1 5 0.230986728775236 5 1000 7980 5
"1421" "X" 0.006 -0.28875 0.05125 1 0 2666.66666666667 1 5 2.97103966096362 5 1000 8206 5
"1422" "X" 0.006 -0.7425 0.2575 1 1 2666.66666666667 1 5 1.35673555887835 5 1000 9328 5
"1423" "X" 0.06 -0.7425 0.71125 1 1 2666.66666666667 1 5 0.340731293541596 5 1000 11872 5
"1424" "X" 0.006 -0.45375 0.13375 1 0 2666.66666666667 1 5 2.01178289320602 5 1000 8614 5
"1425" "X" 0.006 -0.5775 0.21625 1 1 2666.66666666667 1 5 1.53132013317015 5 1000 8924 5
"1426" "X" 0.06 -0.66 0.46375 1 0 2666.66666666667 1 5 0.768409665060492 5 1000 11646 5
"1427" "X" 0.06 -0.99 0.4225 1 0 2666.66666666667 1 5 0.861565832184908 5 1000 12442 5
"1428" "X" 0.006 -0.53625 0.01 1 1 2666.66666666667 1 5 4.60517018598809 5 1000 8804 5
"1429" "X" 0.006 -0.165 0.2575 1 0.5 2666.66666666667 1 5 1.35673555887835 5 1000 7927 5
"1430" "X" 0.06 -0.37125 0.54625 1 0.5 2666.66666666667 1 5 0.604678532572337 5 1000 10955 5
"1431" "X" 0.006 -0.70125 0.01 1 1 2666.66666666667 1 5 4.60517018598809 5 1000 9204 5
"1432" "X" 0.06 -0.4125 0.54625 1 0 2666.66666666667 1 5 0.604678532572337 5 1000 11054 5
"1433" "X" 0.006 0 0.95875 1 1 2666.66666666667 1 5 0.042124926300671 5 1000 7596 5
"1434" "X" 0.006 -0.825 0.05125 1 0 2666.66666666667 1 5 2.97103966096362 5 1000 9506 5
"1435" "X" 0.06 -0.12375 0.0925 1 1 2666.66666666667 1 5 2.38054663446376 5 1000 10312 5
"1436" "X" 0.06 -0.4125 0.71125 0 1 2666.66666666667 1 5 0.340731293541596 5 1000 11069 5
"1437" "X" 0.006 -0.12375 0.21625 1 1 2666.66666666667 1 5 1.53132013317015 5 1000 7824 5
"1438" "X" 0.006 -0.495 0.175 1 1 2666.66666666667 1 5 1.74296930505862 5 1000 8720 5
"1439" "X" 0.006 -0.61875 0.175 1 1 2666.66666666667 1 5 1.74296930505862 5 1000 9020 5
"1440" "X" 0.06 -0.0825 0.34 1 1 2666.66666666667 1 5 1.07880966137193 5 1000 10236 5
"1441" "X" 0.06 -0.66 0.79375 1 0 2666.66666666667 1 5 0.230986728775236 5 1000 11678 5
"1442" "X" 0.06 -0.2475 0.13375 0 1 2666.66666666667 1 5 2.01178289320602 5 1000 10613 5
"1443" "X" 0.006 -0.495 0.05125 0 1 2666.66666666667 1 5 2.97103966096362 5 1000 8705 5
"1444" "X" 0.006 -0.165 0.87625 1 1 2666.66666666667 1 5 0.132103840633337 5 1000 7988 5
"1445" "X" 0.06 -0.33 0.01 0 1 2666.66666666667 1 5 4.60517018598809 5 1000 10801 5
"1446" "X" 0.06 -0.4125 0.0925 1 0 2666.66666666667 1 5 2.38054663446376 5 1000 11010 5
"1447" "X" 0.06 -0.28875 0.79375 1 0.5 2666.66666666667 1 5 0.230986728775236 5 1000 10779 5
"1448" "X" 0.06 -0.33 0.21625 0 1 2666.66666666667 1 5 1.53132013317015 5 1000 10821 5
"1449" "X" 0.006 -0.45375 0.21625 1 0.5 2666.66666666667 1 5 1.53132013317015 5 1000 8623 5
"1450" "X" 0.006 -0.4125 0.835 0 1 2666.66666666667 1 5 0.180323554131281 5 1000 8581 5
"1451" "X" 0.006 -0.0825 0.13375 1 1 2666.66666666667 1 5 2.01178289320602 5 1000 7716 5
"1452" "X" 0.006 -0.7425 0.67 1 1 2666.66666666667 1 5 0.400477566597125 5 1000 9368 5
"1453" "X" 0.06 0 0.7525 1 1 2666.66666666667 1 5 0.284354282359106 5 1000 10076 5
"1454" "X" 0.06 -0.495 0.71125 1 0.5 2666.66666666667 1 5 0.340731293541596 5 1000 11271 5
"1455" "X" 0.006 -0.12375 0.71125 0 1 2666.66666666667 1 5 0.340731293541596 5 1000 7869 5
"1456" "X" 0.006 -0.7425 0.7525 1 0 2666.66666666667 1 5 0.284354282359106 5 1000 9374 5
"1457" "X" 0.06 -0.20625 0.79375 1 0 2666.66666666667 1 5 0.230986728775236 5 1000 10578 5
"1458" "X" 0.006 -0.70125 0.46375 1 0 2666.66666666667 1 5 0.768409665060492 5 1000 9246 5
"1459" "X" 0.06 0 0.505 1 0 2666.66666666667 1 5 0.683196849706777 5 1000 10050 5
"1460" "X" 0.006 -0.5775 0.95875 0 1 2666.66666666667 1 5 0.042124926300671 5 1000 8993 5
"1461" "X" 0.006 -0.495 0.13375 1 0 2666.66666666667 1 5 2.01178289320602 5 1000 8714 5
"1462" "X" 0.006 -0.66 0.71125 1 0.5 2666.66666666667 1 5 0.340731293541596 5 1000 9171 5
"1463" "X" 0.06 -0.12375 0.54625 1 0.5 2666.66666666667 1 5 0.604678532572337 5 1000 10355 5
"1464" "X" 0.006 -0.66 0.38125 1 0 2666.66666666667 1 5 0.964299951060516 5 1000 9138 5
"1465" "X" 0.06 -0.20625 1 1 1 2666.66666666667 1 5 0 5 1000 10600 5
"1466" "X" 0.006 -0.0825 0.505 1 0 2666.66666666667 1 5 0.683196849706777 5 1000 7750 5
"1467" "X" 0.06 -0.165 0.38125 1 0 2666.66666666667 1 5 0.964299951060516 5 1000 10438 5
"1468" "X" 0.06 -0.4125 0.62875 1 0.5 2666.66666666667 1 5 0.464021557568188 5 1000 11063 5
"1469" "X" 0.06 -0.825 0.29875 0 1 2666.66666666667 1 5 1.20814817573642 5 1000 12029 5
"1470" "X" 0.006 -0.94875 0.79375 1 0.5 2666.66666666667 1 5 0.230986728775236 5 1000 9879 5
"1471" "X" 0.06 -0.94875 0.95875 1 0.5 2666.66666666667 1 5 0.042124926300671 5 1000 12395 5
"1472" "X" 0.06 -0.20625 0.01 1 0 2666.66666666667 1 5 4.60517018598809 5 1000 10502 5
"1473" "X" 0.06 -0.37125 0.21625 1 1 2666.66666666667 1 5 1.53132013317015 5 1000 10924 5
"1474" "X" 0.06 -0.165 0.9175 0 1 2666.66666666667 1 5 0.0861026990534116 5 1000 10489 5
"1475" "X" 0.06 -0.9075 1 1 1 2666.66666666667 1 5 0 5 1000 12300 5
"1476" "X" 0.06 -0.70125 0.87625 1 0 2666.66666666667 1 5 0.132103840633337 5 1000 11786 5
"1477" "X" 0.06 -0.7425 0.175 1 0 2666.66666666667 1 5 1.74296930505862 5 1000 11818 5
"1478" "X" 0.06 -0.28875 0.175 1 0 2666.66666666667 1 5 1.74296930505862 5 1000 10718 5
"1479" "X" 0.006 -0.4125 0.175 1 0 2666.66666666667 1 5 1.74296930505862 5 1000 8518 5
"1480" "X" 0.06 -0.33 0.38125 1 0 2666.66666666667 1 5 0.964299951060516 5 1000 10838 5
"1481" "X" 0.06 -0.165 0.175 1 0 2666.66666666667 1 5 1.74296930505862 5 1000 10418 5
"1482" "X" 0.006 -0.37125 0.62875 1 1 2666.66666666667 1 5 0.464021557568188 5 1000 8464 5
"1483" "X" 0.06 -0.33 0.505 1 0.5 2666.66666666667 1 5 0.683196849706777 5 1000 10851 5
"1484" "X" 0.006 -0.86625 0.835 1 0.5 2666.66666666667 1 5 0.180323554131281 5 1000 9683 5
"1485" "X" 0.06 -0.04125 0.2575 0 1 2666.66666666667 1 5 1.35673555887835 5 1000 10125 5
"1486" "X" 0.006 -0.70125 0.67 1 0 2666.66666666667 1 5 0.400477566597125 5 1000 9266 5
"1487" "X" 0.06 -0.825 0.34 0 1 2666.66666666667 1 5 1.07880966137193 5 1000 12033 5
"1488" "X" 0.06 -0.33 0.835 1 1 2666.66666666667 1 5 0.180323554131281 5 1000 10884 5
"1489" "X" 0.06 -0.5775 0.05125 0 1 2666.66666666667 1 5 2.97103966096362 5 1000 11405 5
"1490" "X" 0.006 -0.04125 0.13375 1 0 2666.66666666667 1 5 2.01178289320602 5 1000 7614 5
"1491" "X" 0.06 -0.28875 0.62875 1 0.5 2666.66666666667 1 5 0.464021557568188 5 1000 10763 5
"1492" "X" 0.006 -0.9075 0.29875 1 0.5 2666.66666666667 1 5 1.20814817573642 5 1000 9731 5
"1493" "X" 0.006 -0.20625 0.54625 1 1 2666.66666666667 1 5 0.604678532572337 5 1000 8056 5
"1494" "X" 0.006 0 0.71125 1 0 2666.66666666667 1 5 0.340731293541596 5 1000 7570 5
"1495" "X" 0.006 -0.94875 0.9175 1 1 2666.66666666667 1 5 0.0861026990534116 5 1000 9892 5
"1496" "X" 0.06 -0.12375 0.5875 1 0 2666.66666666667 1 5 0.531879032963823 5 1000 10358 5
"1497" "X" 0.06 -0.2475 0.87625 0 1 2666.66666666667 1 5 0.132103840633337 5 1000 10685 5
"1498" "X" 0.006 -0.165 0.62875 0 1 2666.66666666667 1 5 0.464021557568188 5 1000 7961 5
"1499" "X" 0.06 -0.495 0.5875 0 1 2666.66666666667 1 5 0.531879032963823 5 1000 11257 5
"1500" "X" 0.006 -0.5775 0.21625 1 0 2666.66666666667 1 5 1.53132013317015 5 1000 8922 5
"1501" "X" 0.06 -0.66 0.62875 1 0.5 2666.66666666667 1 5 0.464021557568188 5 1000 11663 5
"1502" "X" 0.06 0 0.95875 1 1 2666.66666666667 1 5 0.042124926300671 5 1000 10096 5
"1503" "X" 0.006 -0.165 0.34 1 0.5 2666.66666666667 1 5 1.07880966137193 5 1000 7935 5
"1504" "X" 0.06 -0.5775 0.13375 0 1 2666.66666666667 1 5 2.01178289320602 5 1000 11413 5
"1505" "X" 0.06 -0.2475 1 1 0 2666.66666666667 1 5 0 5 1000 10698 5
"1506" "X" 0.006 -0.28875 1 1 0.5 2666.66666666667 1 5 0 5 1000 8299 5
"1507" "X" 0.006 -0.28875 0.87625 1 0 2666.66666666667 1 5 0.132103840633337 5 1000 8286 5
"1508" "X" 0.006 -0.2475 0.71125 0 1 2666.66666666667 1 5 0.340731293541596 5 1000 8169 5
"1509" "X" 0.006 -0.78375 0.505 1 1 2666.66666666667 1 5 0.683196849706777 5 1000 9452 5
"1510" "X" 0.006 -0.20625 0.5875 1 1 2666.66666666667 1 5 0.531879032963823 5 1000 8060 5
"1511" "X" 0.06 -0.5775 0.46375 1 1 2666.66666666667 1 5 0.768409665060492 5 1000 11448 5
"1512" "X" 0.006 -0.5775 0.29875 1 1 2666.66666666667 1 5 1.20814817573642 5 1000 8932 5
"1513" "X" 0.006 -0.495 0.95875 0 1 2666.66666666667 1 5 0.042124926300671 5 1000 8793 5
"1514" "X" 0.006 0 0.13375 1 0.5 2666.66666666667 1 5 2.01178289320602 5 1000 7515 5
"1515" "X" 0.006 -0.33 0.38125 1 1 2666.66666666667 1 5 0.964299951060516 5 1000 8340 5
"1516" "X" 0.006 -0.7425 0.54625 1 0.5 2666.66666666667 1 5 0.604678532572337 5 1000 9355 5
"1517" "X" 0.006 -0.4125 0.835 1 0.5 2666.66666666667 1 5 0.180323554131281 5 1000 8583 5
"1518" "X" 0.006 -0.94875 0.0925 0 1 2666.66666666667 1 5 2.38054663446376 5 1000 9809 5
"1519" "X" 0.006 -0.53625 0.175 1 1 2666.66666666667 1 5 1.74296930505862 5 1000 8820 5
"1520" "X" 0.06 -0.70125 0.13375 1 0.5 2666.66666666667 1 5 2.01178289320602 5 1000 11715 5
"1521" "X" 0.006 -0.12375 0.05125 0 1 2666.66666666667 1 5 2.97103966096362 5 1000 7805 5
"1522" "X" 0.006 -0.12375 0.175 1 0 2666.66666666667 1 5 1.74296930505862 5 1000 7818 5
"1523" "X" 0.06 -0.20625 0.175 1 0.5 2666.66666666667 1 5 1.74296930505862 5 1000 10519 5
"1524" "X" 0.006 -0.4125 0.62875 1 0.5 2666.66666666667 1 5 0.464021557568188 5 1000 8563 5
"1525" "X" 0.06 -0.99 0.38125 1 0 2666.66666666667 1 5 0.964299951060516 5 1000 12438 5
"1526" "X" 0.06 -0.94875 0.29875 1 0 2666.66666666667 1 5 1.20814817573642 5 1000 12330 5
"1527" "X" 0.006 -0.5775 0.9175 0 1 2666.66666666667 1 5 0.0861026990534116 5 1000 8989 5
"1528" "X" 0.006 -0.04125 0.175 1 0.5 2666.66666666667 1 5 1.74296930505862 5 1000 7619 5
"1529" "X" 0.006 -0.5775 0.5875 1 0 2666.66666666667 1 5 0.531879032963823 5 1000 8958 5
"1530" "X" 0.06 -0.37125 0.46375 1 1 2666.66666666667 1 5 0.768409665060492 5 1000 10948 5
"1531" "X" 0.006 -0.37125 0.01 0 1 2666.66666666667 1 5 4.60517018598809 5 1000 8401 5
"1532" "X" 0.006 -0.9075 0.835 1 0.5 2666.66666666667 1 5 0.180323554131281 5 1000 9783 5
"1533" "X" 0.06 -0.94875 0.71125 1 0 2666.66666666667 1 5 0.340731293541596 5 1000 12370 5
"1534" "X" 0.006 -0.495 0.67 1 0.5 2666.66666666667 1 5 0.400477566597125 5 1000 8767 5
"1535" "X" 0.006 -0.86625 0.95875 1 0 2666.66666666667 1 5 0.042124926300671 5 1000 9694 5
"1536" "X" 0.06 -0.165 0.505 1 0.5 2666.66666666667 1 5 0.683196849706777 5 1000 10451 5
"1537" "X" 0.06 -0.0825 0.87625 1 0.5 2666.66666666667 1 5 0.132103840633337 5 1000 10287 5
"1538" "X" 0.06 -0.28875 0.505 1 1 2666.66666666667 1 5 0.683196849706777 5 1000 10752 5
"1539" "X" 0.06 -0.66 0.7525 1 0 2666.66666666667 1 5 0.284354282359106 5 1000 11674 5
"1540" "X" 0.006 -0.99 0.46375 1 1 2666.66666666667 1 5 0.768409665060492 5 1000 9948 5
"1541" "X" 0.06 -0.33 0.71125 0 1 2666.66666666667 1 5 0.340731293541596 5 1000 10869 5
"1542" "X" 0.06 -0.825 1 1 0.5 2666.66666666667 1 5 0 5 1000 12099 5
"1543" "X" 0.06 -0.45375 0.79375 1 0 2666.66666666667 1 5 0.230986728775236 5 1000 11178 5
"1544" "X" 0.006 -0.7425 0.9175 1 0.5 2666.66666666667 1 5 0.0861026990534116 5 1000 9391 5
"1545" "X" 0.06 -0.9075 0.505 1 0.5 2666.66666666667 1 5 0.683196849706777 5 1000 12251 5
"1546" "X" 0.006 -0.28875 0.62875 1 1 2666.66666666667 1 5 0.464021557568188 5 1000 8264 5
"1547" "X" 0.06 -0.04125 1 1 1 2666.66666666667 1 5 0 5 1000 10200 5
"1548" "X" 0.06 -0.61875 0.05125 1 1 2666.66666666667 1 5 2.97103966096362 5 1000 11508 5
"1549" "X" 0.06 -0.86625 0.5875 0 1 2666.66666666667 1 5 0.531879032963823 5 1000 12157 5
"1550" "X" 0.006 -0.53625 0.87625 1 1 2666.66666666667 1 5 0.132103840633337 5 1000 8888 5
"1551" "X" 0.006 -0.165 0.95875 1 0.5 2666.66666666667 1 5 0.042124926300671 5 1000 7995 5
"1552" "X" 0.06 -0.825 0.21625 1 0.5 2666.66666666667 1 5 1.53132013317015 5 1000 12023 5
"1553" "X" 0.06 -0.61875 0.4225 1 0 2666.66666666667 1 5 0.861565832184908 5 1000 11542 5
"1554" "X" 0.06 -0.165 0.4225 1 1 2666.66666666667 1 5 0.861565832184908 5 1000 10444 5
"1555" "X" 0.006 -0.9075 0.4225 1 0.5 2666.66666666667 1 5 0.861565832184908 5 1000 9743 5
"1556" "X" 0.006 -0.9075 0.9175 1 0 2666.66666666667 1 5 0.0861026990534116 5 1000 9790 5
"1557" "X" 0.006 -0.9075 0.71125 1 1 2666.66666666667 1 5 0.340731293541596 5 1000 9772 5
"1558" "X" 0.006 -0.5775 0.29875 0 1 2666.66666666667 1 5 1.20814817573642 5 1000 8929 5
"1559" "X" 0.006 -0.4125 0.4225 1 0.5 2666.66666666667 1 5 0.861565832184908 5 1000 8543 5
"1560" "X" 0.06 -0.53625 0.0925 1 0 2666.66666666667 1 5 2.38054663446376 5 1000 11310 5
"1561" "X" 0.006 -0.94875 0.46375 1 1 2666.66666666667 1 5 0.768409665060492 5 1000 9848 5
"1562" "X" 0.006 -0.28875 1 1 0 2666.66666666667 1 5 0 5 1000 8298 5
"1563" "X" 0.06 -0.7425 0.95875 1 1 2666.66666666667 1 5 0.042124926300671 5 1000 11896 5
"1564" "X" 0.006 -0.45375 0.2575 1 1 2666.66666666667 1 5 1.35673555887835 5 1000 8628 5
"1565" "X" 0.06 -0.99 0.87625 0 1 2666.66666666667 1 5 0.132103840633337 5 1000 12485 5
"1566" "X" 0.006 -0.825 0.46375 1 1 2666.66666666667 1 5 0.768409665060492 5 1000 9548 5
"1567" "X" 0.06 -0.20625 0.67 1 0.5 2666.66666666667 1 5 0.400477566597125 5 1000 10567 5
"1568" "X" 0.06 -0.04125 0.46375 1 1 2666.66666666667 1 5 0.768409665060492 5 1000 10148 5
"1569" "X" 0.06 -0.04125 0.38125 1 0.5 2666.66666666667 1 5 0.964299951060516 5 1000 10139 5
"1570" "X" 0.006 -0.12375 0.38125 0 1 2666.66666666667 1 5 0.964299951060516 5 1000 7837 5
"1571" "X" 0.006 -0.86625 0.67 0 1 2666.66666666667 1 5 0.400477566597125 5 1000 9665 5
"1572" "X" 0.006 -0.0825 0.0925 1 0 2666.66666666667 1 5 2.38054663446376 5 1000 7710 5
"1573" "X" 0.006 -0.4125 0.62875 1 0 2666.66666666667 1 5 0.464021557568188 5 1000 8562 5
"1574" "X" 0.006 -0.04125 0.5875 0 1 2666.66666666667 1 5 0.531879032963823 5 1000 7657 5
"1575" "X" 0.006 -0.2475 0.05125 1 0 2666.66666666667 1 5 2.97103966096362 5 1000 8106 5
"1576" "X" 0.06 -0.9075 0.62875 0 1 2666.66666666667 1 5 0.464021557568188 5 1000 12261 5
"1577" "X" 0.006 -0.7425 0.2575 1 0.5 2666.66666666667 1 5 1.35673555887835 5 1000 9327 5
"1578" "X" 0.006 -0.5775 0.79375 1 0 2666.66666666667 1 5 0.230986728775236 5 1000 8978 5
"1579" "X" 0.006 -0.78375 0.4225 1 1 2666.66666666667 1 5 0.861565832184908 5 1000 9444 5
"1580" "X" 0.06 -0.70125 0.67 1 1 2666.66666666667 1 5 0.400477566597125 5 1000 11768 5
"1581" "X" 0.006 -0.78375 0.13375 1 1 2666.66666666667 1 5 2.01178289320602 5 1000 9416 5
"1582" "X" 0.06 -0.495 0.87625 1 0 2666.66666666667 1 5 0.132103840633337 5 1000 11286 5
"1583" "X" 0.006 -0.37125 0.0925 0 1 2666.66666666667 1 5 2.38054663446376 5 1000 8409 5
"1584" "X" 0.06 -0.70125 0.01 0 1 2666.66666666667 1 5 4.60517018598809 5 1000 11701 5
"1585" "X" 0.06 -0.61875 0.71125 1 0 2666.66666666667 1 5 0.340731293541596 5 1000 11570 5
"1586" "X" 0.006 -0.53625 0.95875 1 0 2666.66666666667 1 5 0.042124926300671 5 1000 8894 5
"1587" "X" 0.006 -0.70125 0.87625 0 1 2666.66666666667 1 5 0.132103840633337 5 1000 9285 5
"1588" "X" 0.006 -0.94875 0.95875 1 1 2666.66666666667 1 5 0.042124926300671 5 1000 9896 5
"1589" "X" 0.06 0 0.95875 1 0.5 2666.66666666667 1 5 0.042124926300671 5 1000 10095 5
"1590" "X" 0.06 -0.86625 0.46375 1 0 2666.66666666667 1 5 0.768409665060492 5 1000 12146 5
"1591" "X" 0.006 -0.165 0.46375 1 0 2666.66666666667 1 5 0.768409665060492 5 1000 7946 5
"1592" "X" 0.06 -0.0825 0.21625 1 0 2666.66666666667 1 5 1.53132013317015 5 1000 10222 5
"1593" "X" 0.06 -0.78375 0.835 1 0.5 2666.66666666667 1 5 0.180323554131281 5 1000 11983 5
"1594" "X" 0.006 -0.5775 1 0 1 2666.66666666667 1 5 0 5 1000 8997 5
"1595" "X" 0.006 -0.33 0.79375 1 1 2666.66666666667 1 5 0.230986728775236 5 1000 8380 5
"1596" "X" 0.006 -0.28875 0.54625 1 0.5 2666.66666666667 1 5 0.604678532572337 5 1000 8255 5
"1597" "X" 0.06 -0.66 0.9175 1 0.5 2666.66666666667 1 5 0.0861026990534116 5 1000 11691 5
"1598" "X" 0.006 -0.53625 0.67 0 1 2666.66666666667 1 5 0.400477566597125 5 1000 8865 5
"1599" "X" 0.006 -0.12375 0.13375 1 0 2666.66666666667 1 5 2.01178289320602 5 1000 7814 5
"1600" "X" 0.006 -0.33 0.175 0 1 2666.66666666667 1 5 1.74296930505862 5 1000 8317 5
"1601" "X" 0.06 -0.165 0.34 1 1 2666.66666666667 1 5 1.07880966137193 5 1000 10436 5
"1602" "X" 0.06 -0.66 0.62875 0 1 2666.66666666667 1 5 0.464021557568188 5 1000 11661 5
"1603" "X" 0.006 -0.495 0.79375 0 1 2666.66666666667 1 5 0.230986728775236 5 1000 8777 5
"1604" "X" 0.06 -0.78375 0.05125 1 0 2666.66666666667 1 5 2.97103966096362 5 1000 11906 5
"1605" "X" 0.006 -0.5775 0.71125 1 1 2666.66666666667 1 5 0.340731293541596 5 1000 8972 5
"1606" "X" 0.06 -0.28875 0.67 1 1 2666.66666666667 1 5 0.400477566597125 5 1000 10768 5
"1607" "X" 0.006 -0.86625 0.79375 1 0 2666.66666666667 1 5 0.230986728775236 5 1000 9678 5
"1608" "X" 0.006 -0.37125 0.79375 1 0.5 2666.66666666667 1 5 0.230986728775236 5 1000 8479 5
"1609" "X" 0.006 -0.9075 0.835 0 1 2666.66666666667 1 5 0.180323554131281 5 1000 9781 5
"1610" "X" 0.006 -0.9075 0.9175 0 1 2666.66666666667 1 5 0.0861026990534116 5 1000 9789 5
"1611" "X" 0.06 -0.2475 0.79375 0 1 2666.66666666667 1 5 0.230986728775236 5 1000 10677 5
"1612" "X" 0.006 -0.78375 0.46375 1 0.5 2666.66666666667 1 5 0.768409665060492 5 1000 9447 5
"1613" "X" 0.06 -0.5775 0.79375 1 1 2666.66666666667 1 5 0.230986728775236 5 1000 11480 5
"1614" "X" 0.006 -0.99 0.79375 1 1 2666.66666666667 1 5 0.230986728775236 5 1000 9980 5
"1615" "X" 0.006 -0.9075 0.9175 1 0.5 2666.66666666667 1 5 0.0861026990534116 5 1000 9791 5
"1616" "X" 0.06 -0.04125 0.835 0 1 2666.66666666667 1 5 0.180323554131281 5 1000 10181 5
"1617" "X" 0.006 -0.66 0.38125 1 1 2666.66666666667 1 5 0.964299951060516 5 1000 9140 5
"1618" "X" 0.06 0 0.79375 1 0.5 2666.66666666667 1 5 0.230986728775236 5 1000 10079 5
"1619" "X" 0.006 -0.04125 0.34 1 0 2666.66666666667 1 5 1.07880966137193 5 1000 7634 5
"1620" "X" 0.06 -0.4125 0.13375 1 0.5 2666.66666666667 1 5 2.01178289320602 5 1000 11015 5
"1621" "X" 0.006 -0.04125 0.4225 1 0 2666.66666666667 1 5 0.861565832184908 5 1000 7642 5
"1622" "X" 0.06 0 0.0925 1 0.5 2666.66666666667 1 5 2.38054663446376 5 1000 10011 5
"1623" "X" 0.006 -0.37125 0.34 0 1 2666.66666666667 1 5 1.07880966137193 5 1000 8433 5
"1624" "X" 0.006 -0.37125 0.0925 1 0.5 2666.66666666667 1 5 2.38054663446376 5 1000 8411 5
"1625" "X" 0.006 -0.94875 1 1 1 2666.66666666667 1 5 0 5 1000 9900 5
"1626" "X" 0.06 -0.33 0.87625 1 0.5 2666.66666666667 1 5 0.132103840633337 5 1000 10887 5
"1627" "X" 0.06 -0.28875 0.34 1 0.5 2666.66666666667 1 5 1.07880966137193 5 1000 10735 5
"1628" "X" 0.006 -0.45375 0.05125 1 0.5 2666.66666666667 1 5 2.97103966096362 5 1000 8607 5
"1629" "X" 0.006 0 0.13375 1 1 2666.66666666667 1 5 2.01178289320602 5 1000 7516 5
"1630" "X" 0.006 -0.04125 0.13375 1 0.5 2666.66666666667 1 5 2.01178289320602 5 1000 7615 5
"1631" "X" 0.06 -0.12375 0.29875 1 1 2666.66666666667 1 5 1.20814817573642 5 1000 10332 5
"1632" "X" 0.006 -0.9075 0.87625 0 1 2666.66666666667 1 5 0.132103840633337 5 1000 9785 5
"1633" "X" 0.06 -0.825 0.34 1 1 2666.66666666667 1 5 1.07880966137193 5 1000 12036 5
"1634" "X" 0.006 -0.20625 0.4225 1 0 2666.66666666667 1 5 0.861565832184908 5 1000 8042 5
"1635" "X" 0.006 -0.99 0.175 1 1 2666.66666666667 1 5 1.74296930505862 5 1000 9920 5
"1636" "X" 0.06 -0.12375 0.4225 1 1 2666.66666666667 1 5 0.861565832184908 5 1000 10344 5
"1637" "X" 0.006 -0.7425 0.2575 0 1 2666.66666666667 1 5 1.35673555887835 5 1000 9325 5
"1638" "X" 0.06 -0.7425 0.38125 0 1 2666.66666666667 1 5 0.964299951060516 5 1000 11837 5
"1639" "X" 0.006 -0.66 0.87625 1 1 2666.66666666667 1 5 0.132103840633337 5 1000 9188 5
"1640" "X" 0.06 -0.20625 0.13375 1 0.5 2666.66666666667 1 5 2.01178289320602 5 1000 10515 5
"1641" "X" 0.006 -0.70125 0.13375 1 1 2666.66666666667 1 5 2.01178289320602 5 1000 9216 5
"1642" "X" 0.06 -0.825 0.2575 1 0 2666.66666666667 1 5 1.35673555887835 5 1000 12026 5
"1643" "X" 0.006 -0.825 1 1 1 2666.66666666667 1 5 0 5 1000 9600 5
"1644" "X" 0.06 -0.5775 0.54625 1 0 2666.66666666667 1 5 0.604678532572337 5 1000 11454 5
"1645" "X" 0.006 0 1 1 0 2666.66666666667 1 5 0 5 1000 7598 5
"1646" "X" 0.06 -0.94875 0.34 0 1 2666.66666666667 1 5 1.07880966137193 5 1000 12333 5
"1647" "X" 0.06 -0.12375 0.62875 1 0.5 2666.66666666667 1 5 0.464021557568188 5 1000 10363 5
"1648" "X" 0.006 -0.20625 0.835 1 0 2666.66666666667 1 5 0.180323554131281 5 1000 8082 5
"1649" "X" 0.06 -0.04125 0.5875 1 1 2666.66666666667 1 5 0.531879032963823 5 1000 10160 5
"1650" "X" 0.06 -0.99 0.54625 1 1 2666.66666666667 1 5 0.604678532572337 5 1000 12456 5
"1651" "X" 0.006 -0.86625 0.71125 0 1 2666.66666666667 1 5 0.340731293541596 5 1000 9669 5
"1652" "X" 0.06 -0.12375 0.505 1 0.5 2666.66666666667 1 5 0.683196849706777 5 1000 10351 5
"1653" "X" 0.006 0 0.2575 1 0.5 2666.66666666667 1 5 1.35673555887835 5 1000 7527 5
"1654" "X" 0.06 -0.86625 0.01 1 1 2666.66666666667 1 5 4.60517018598809 5 1000 12104 5
"1655" "X" 0.06 -0.04125 0.62875 0 1 2666.66666666667 1 5 0.464021557568188 5 1000 10161 5
"1656" "X" 0.06 -0.5775 0.13375 1 0.5 2666.66666666667 1 5 2.01178289320602 5 1000 11415 5
"1657" "X" 0.06 -0.86625 0.9175 1 0 2666.66666666667 1 5 0.0861026990534116 5 1000 12190 5
"1658" "X" 0.006 -0.45375 0.7525 1 0 2666.66666666667 1 5 0.284354282359106 5 1000 8674 5
"1659" "X" 0.006 -0.78375 1 1 0.5 2666.66666666667 1 5 0 5 1000 9499 5
"1660" "X" 0.006 -0.5775 0.21625 0 1 2666.66666666667 1 5 1.53132013317015 5 1000 8921 5
"1661" "X" 0.06 -0.2475 0.38125 1 0 2666.66666666667 1 5 0.964299951060516 5 1000 10638 5
"1662" "X" 0.006 -0.7425 0.7525 0 1 2666.66666666667 1 5 0.284354282359106 5 1000 9373 5
"1663" "X" 0.006 -0.825 0.01 1 0 2666.66666666667 1 5 4.60517018598809 5 1000 9502 5
"1664" "X" 0.006 -0.53625 0.2575 1 0 2666.66666666667 1 5 1.35673555887835 5 1000 8826 5
"1665" "X" 0.006 -0.45375 0.175 0 1 2666.66666666667 1 5 1.74296930505862 5 1000 8617 5
"1666" "X" 0.06 -0.9075 0.7525 1 0.5 2666.66666666667 1 5 0.284354282359106 5 1000 12275 5
"1667" "X" 0.006 -0.66 0.05125 0 1 2666.66666666667 1 5 2.97103966096362 5 1000 9105 5
"1668" "X" 0.06 -0.53625 0.71125 1 0 2666.66666666667 1 5 0.340731293541596 5 1000 11370 5
"1669" "X" 0.006 -0.12375 0.54625 1 1 2666.66666666667 1 5 0.604678532572337 5 1000 7856 5
"1670" "X" 0.006 -0.5775 0.0925 0 1 2666.66666666667 1 5 2.38054663446376 5 1000 8909 5
"1671" "X" 0.006 -0.5775 1 1 1 2666.66666666667 1 5 0 5 1000 9000 5
"1672" "X" 0.006 -0.20625 0.54625 1 0 2666.66666666667 1 5 0.604678532572337 5 1000 8054 5
"1673" "X" 0.06 -0.2475 0.2575 1 0.5 2666.66666666667 1 5 1.35673555887835 5 1000 10627 5
"1674" "X" 0.006 -0.94875 0.38125 1 0 2666.66666666667 1 5 0.964299951060516 5 1000 9838 5
"1675" "X" 0.006 -0.53625 0.46375 0 1 2666.66666666667 1 5 0.768409665060492 5 1000 8845 5
"1676" "X" 0.006 0 0.5875 1 0.5 2666.66666666667 1 5 0.531879032963823 5 1000 7559 5
"1677" "X" 0.006 -0.99 0.0925 0 1 2666.66666666667 1 5 2.38054663446376 5 1000 9909 5
"1678" "X" 0.006 -0.5775 0.87625 0 1 2666.66666666667 1 5 0.132103840633337 5 1000 8985 5
"1679" "X" 0.06 -0.4125 0.29875 1 0 2666.66666666667 1 5 1.20814817573642 5 1000 11030 5
"1680" "X" 0.06 -0.5775 0.21625 1 1 2666.66666666667 1 5 1.53132013317015 5 1000 11424 5
"1681" "X" 0.06 -0.20625 0.01 1 0.5 2666.66666666667 1 5 4.60517018598809 5 1000 10503 5
"1682" "X" 0.006 -0.4125 0.54625 0 1 2666.66666666667 1 5 0.604678532572337 5 1000 8553 5
"1683" "X" 0.006 -0.5775 0.505 0 1 2666.66666666667 1 5 0.683196849706777 5 1000 8949 5
"1684" "X" 0.06 -0.99 0.835 1 1 2666.66666666667 1 5 0.180323554131281 5 1000 12484 5
"1685" "X" 0.06 -0.66 0.5875 1 1 2666.66666666667 1 5 0.531879032963823 5 1000 11660 5
"1686" "X" 0.06 -0.53625 0.0925 1 1 2666.66666666667 1 5 2.38054663446376 5 1000 11312 5
"1687" "X" 0.06 -0.70125 0.87625 1 0.5 2666.66666666667 1 5 0.132103840633337 5 1000 11787 5
"1688" "X" 0.06 -0.66 0.05125 1 1 2666.66666666667 1 5 2.97103966096362 5 1000 11608 5
"1689" "X" 0.06 -0.33 0.505 0 1 2666.66666666667 1 5 0.683196849706777 5 1000 10849 5
"1690" "X" 0.06 -0.12375 0.05125 0 1 2666.66666666667 1 5 2.97103966096362 5 1000 10305 5
"1691" "X" 0.06 -0.0825 0.9175 1 0 2666.66666666667 1 5 0.0861026990534116 5 1000 10290 5
"1692" "X" 0.006 -0.165 0.46375 1 1 2666.66666666667 1 5 0.768409665060492 5 1000 7948 5
"1693" "X" 0.06 -0.4125 0.13375 1 1 2666.66666666667 1 5 2.01178289320602 5 1000 11016 5
"1694" "X" 0.006 -0.28875 0.505 1 1 2666.66666666667 1 5 0.683196849706777 5 1000 8252 5
"1695" "X" 0.006 -0.33 0.05125 1 0 2666.66666666667 1 5 2.97103966096362 5 1000 8306 5
"1696" "X" 0.006 -0.45375 0.0925 1 0 2666.66666666667 1 5 2.38054663446376 5 1000 8610 5
"1697" "X" 0.06 -0.5775 0.2575 1 1 2666.66666666667 1 5 1.35673555887835 5 1000 11428 5
"1698" "X" 0.006 -0.78375 1 0 1 2666.66666666667 1 5 0 5 1000 9497 5
"1699" "X" 0.006 -0.7425 0.9175 0 1 2666.66666666667 1 5 0.0861026990534116 5 1000 9389 5
"1700" "X" 0.006 -0.7425 0.175 0 1 2666.66666666667 1 5 1.74296930505862 5 1000 9317 5
"1701" "X" 0.06 -0.9075 0.05125 1 1 2666.66666666667 1 5 2.97103966096362 5 1000 12208 5
"1702" "X" 0.006 -0.53625 0.13375 1 1 2666.66666666667 1 5 2.01178289320602 5 1000 8816 5
"1703" "X" 0.06 -0.53625 0.0925 1 0.5 2666.66666666667 1 5 2.38054663446376 5 1000 11311 5
"1704" "X" 0.06 -0.70125 1 1 1 2666.66666666667 1 5 0 5 1000 11800 5
"1705" "X" 0.06 -0.495 0.9175 0 1 2666.66666666667 1 5 0.0861026990534116 5 1000 11289 5
"1706" "X" 0.006 -0.825 0.7525 0 1 2666.66666666667 1 5 0.284354282359106 5 1000 9573 5
"1707" "X" 0.06 -0.99 0.54625 1 0 2666.66666666667 1 5 0.604678532572337 5 1000 12454 5
"1708" "X" 0.06 -0.78375 0.4225 0 1 2666.66666666667 1 5 0.861565832184908 5 1000 11941 5
"1709" "X" 0.06 -0.2475 0.4225 0 1 2666.66666666667 1 5 0.861565832184908 5 1000 10641 5
"1710" "X" 0.06 -0.99 0.71125 1 0 2666.66666666667 1 5 0.340731293541596 5 1000 12470 5
"1711" "X" 0.006 -0.94875 0.67 1 1 2666.66666666667 1 5 0.400477566597125 5 1000 9868 5
"1712" "X" 0.06 -0.53625 0.5875 0 1 2666.66666666667 1 5 0.531879032963823 5 1000 11357 5
"1713" "X" 0.006 -0.165 0.5875 1 1 2666.66666666667 1 5 0.531879032963823 5 1000 7960 5
"1714" "X" 0.006 -0.61875 0.5875 0 1 2666.66666666667 1 5 0.531879032963823 5 1000 9057 5
"1715" "X" 0.06 -0.20625 0.4225 1 0 2666.66666666667 1 5 0.861565832184908 5 1000 10542 5
"1716" "X" 0.06 -0.66 0.2575 1 1 2666.66666666667 1 5 1.35673555887835 5 1000 11628 5
"1717" "X" 0.06 -0.61875 0.62875 1 0.5 2666.66666666667 1 5 0.464021557568188 5 1000 11563 5
"1718" "X" 0.006 -0.495 0.0925 0 1 2666.66666666667 1 5 2.38054663446376 5 1000 8709 5
"1719" "X" 0.006 -0.2475 0.2575 1 0 2666.66666666667 1 5 1.35673555887835 5 1000 8126 5
"1720" "X" 0.06 -0.20625 0.9175 1 0 2666.66666666667 1 5 0.0861026990534116 5 1000 10590 5
"1721" "X" 0.006 -0.20625 0.34 1 0 2666.66666666667 1 5 1.07880966137193 5 1000 8034 5
"1722" "X" 0.006 -0.2475 0.34 1 0.5 2666.66666666667 1 5 1.07880966137193 5 1000 8135 5
"1723" "X" 0.006 -0.9075 0.38125 1 1 2666.66666666667 1 5 0.964299951060516 5 1000 9740 5
"1724" "X" 0.06 -0.61875 0.79375 1 1 2666.66666666667 1 5 0.230986728775236 5 1000 11580 5
"1725" "X" 0.06 -0.61875 0.46375 0 1 2666.66666666667 1 5 0.768409665060492 5 1000 11545 5
"1726" "X" 0.06 -0.53625 0.05125 1 0 2666.66666666667 1 5 2.97103966096362 5 1000 11306 5
"1727" "X" 0.06 -0.4125 1 1 1 2666.66666666667 1 5 0 5 1000 11100 5
"1728" "X" 0.006 -0.165 0.0925 1 0 2666.66666666667 1 5 2.38054663446376 5 1000 7910 5
"1729" "X" 0.006 -0.94875 0.505 1 0.5 2666.66666666667 1 5 0.683196849706777 5 1000 9851 5
"1730" "X" 0.006 -0.12375 1 1 0.5 2666.66666666667 1 5 0 5 1000 7899 5
"1731" "X" 0.006 -0.495 0.4225 1 0.5 2666.66666666667 1 5 0.861565832184908 5 1000 8743 5
"1732" "X" 0.006 -0.94875 0.34 1 1 2666.66666666667 1 5 1.07880966137193 5 1000 9836 5
"1733" "X" 0.06 -0.94875 0.505 0 1 2666.66666666667 1 5 0.683196849706777 5 1000 12349 5
"1734" "X" 0.06 -0.37125 0.29875 1 1 2666.66666666667 1 5 1.20814817573642 5 1000 10932 5
"1735" "X" 0.006 -0.94875 0.7525 0 1 2666.66666666667 1 5 0.284354282359106 5 1000 9873 5
"1736" "X" 0.006 -0.61875 0.2575 1 0.5 2666.66666666667 1 5 1.35673555887835 5 1000 9027 5
"1737" "X" 0.06 -0.78375 0.79375 1 0 2666.66666666667 1 5 0.230986728775236 5 1000 11978 5
"1738" "X" 0.006 -0.4125 0.13375 0 1 2666.66666666667 1 5 2.01178289320602 5 1000 8513 5
"1739" "X" 0.06 -0.99 0.0925 1 1 2666.66666666667 1 5 2.38054663446376 5 1000 12412 5
"1740" "X" 0.06 -0.94875 0.38125 1 0.5 2666.66666666667 1 5 0.964299951060516 5 1000 12339 5
"1741" "X" 0.006 -0.12375 0.0925 1 0 2666.66666666667 1 5 2.38054663446376 5 1000 7810 5
"1742" "X" 0.06 -0.9075 0.38125 1 1 2666.66666666667 1 5 0.964299951060516 5 1000 12240 5
"1743" "X" 0.06 -0.9075 0.5875 1 1 2666.66666666667 1 5 0.531879032963823 5 1000 12260 5
"1744" "X" 0.06 -0.45375 0.67 1 1 2666.66666666667 1 5 0.400477566597125 5 1000 11168 5
"1745" "X" 0.006 -0.04125 0.505 1 0 2666.66666666667 1 5 0.683196849706777 5 1000 7650 5
"1746" "X" 0.06 -0.495 0.13375 1 0 2666.66666666667 1 5 2.01178289320602 5 1000 11214 5
"1747" "X" 0.06 -0.28875 0.79375 1 0 2666.66666666667 1 5 0.230986728775236 5 1000 10778 5
"1748" "X" 0.006 -0.99 0.38125 1 0 2666.66666666667 1 5 0.964299951060516 5 1000 9938 5
"1749" "X" 0.06 -0.495 0.38125 1 0 2666.66666666667 1 5 0.964299951060516 5 1000 11238 5
"1750" "X" 0.006 -0.94875 0.71125 1 0 2666.66666666667 1 5 0.340731293541596 5 1000 9870 5
"1751" "X" 0.06 -0.33 0.5875 1 0 2666.66666666667 1 5 0.531879032963823 5 1000 10858 5
"1752" "X" 0.006 -0.53625 0.79375 0 1 2666.66666666667 1 5 0.230986728775236 5 1000 8877 5
"1753" "X" 0.06 -0.94875 0.175 1 1 2666.66666666667 1 5 1.74296930505862 5 1000 12320 5
"1754" "X" 0.006 -0.20625 0.38125 1 0.5 2666.66666666667 1 5 0.964299951060516 5 1000 8039 5
"1755" "X" 0.06 -0.04125 1 1 0 2666.66666666667 1 5 0 5 1000 10198 5
"1756" "X" 0.006 -0.4125 0.175 1 1 2666.66666666667 1 5 1.74296930505862 5 1000 8520 5
"1757" "X" 0.006 -0.61875 0.01 1 0 2666.66666666667 1 5 4.60517018598809 5 1000 9002 5
"1758" "X" 0.006 -0.12375 0.01 0 1 2666.66666666667 1 5 4.60517018598809 5 1000 7801 5
"1759" "X" 0.06 -0.5775 0.95875 1 0 2666.66666666667 1 5 0.042124926300671 5 1000 11494 5
"1760" "X" 0.006 -0.28875 0.95875 1 0 2666.66666666667 1 5 0.042124926300671 5 1000 8294 5
"1761" "X" 0.06 -0.33 0.13375 1 0.5 2666.66666666667 1 5 2.01178289320602 5 1000 10815 5
"1762" "X" 0.06 -0.94875 0.67 1 0.5 2666.66666666667 1 5 0.400477566597125 5 1000 12367 5
"1763" "X" 0.006 -0.495 1 0 1 2666.66666666667 1 5 0 5 1000 8797 5
"1764" "X" 0.06 -0.20625 0.9175 1 1 2666.66666666667 1 5 0.0861026990534116 5 1000 10592 5
"1765" "X" 0.06 -0.33 0.29875 1 0.5 2666.66666666667 1 5 1.20814817573642 5 1000 10831 5
"1766" "X" 0.006 -0.70125 0.62875 1 1 2666.66666666667 1 5 0.464021557568188 5 1000 9264 5
"1767" "X" 0.006 -0.9075 0.87625 1 1 2666.66666666667 1 5 0.132103840633337 5 1000 9788 5
"1768" "X" 0.006 -0.66 0.01 0 1 2666.66666666667 1 5 4.60517018598809 5 1000 9101 5
"1769" "X" 0.006 -0.825 0.505 1 0 2666.66666666667 1 5 0.683196849706777 5 1000 9550 5
"1770" "X" 0.06 -0.37125 0.2575 1 0.5 2666.66666666667 1 5 1.35673555887835 5 1000 10927 5
"1771" "X" 0.06 -0.825 0.46375 1 1 2666.66666666667 1 5 0.768409665060492 5 1000 12048 5
"1772" "X" 0.06 -0.70125 0.21625 1 1 2666.66666666667 1 5 1.53132013317015 5 1000 11724 5
"1773" "X" 0.006 -0.45375 0.835 0 1 2666.66666666667 1 5 0.180323554131281 5 1000 8681 5
"1774" "X" 0.006 -0.2475 0.505 0 1 2666.66666666667 1 5 0.683196849706777 5 1000 8149 5
"1775" "X" 0.006 0 0.54625 1 0 2666.66666666667 1 5 0.604678532572337 5 1000 7554 5
"1776" "X" 0.006 -0.94875 0.01 0 1 2666.66666666667 1 5 4.60517018598809 5 1000 9801 5
"1777" "X" 0.06 -0.94875 0.0925 1 0 2666.66666666667 1 5 2.38054663446376 5 1000 12310 5
"1778" "X" 0.06 -0.495 0.29875 1 0 2666.66666666667 1 5 1.20814817573642 5 1000 11230 5
"1779" "X" 0.006 -0.33 0.34 1 0.5 2666.66666666667 1 5 1.07880966137193 5 1000 8335 5
"1780" "X" 0.06 -0.9075 0.0925 0 1 2666.66666666667 1 5 2.38054663446376 5 1000 12209 5
"1781" "X" 0.06 -0.70125 0.175 1 0 2666.66666666667 1 5 1.74296930505862 5 1000 11718 5
"1782" "X" 0.006 -0.20625 0.79375 1 0.5 2666.66666666667 1 5 0.230986728775236 5 1000 8079 5
"1783" "X" 0.006 -0.495 1 1 0.5 2666.66666666667 1 5 0 5 1000 8799 5
"1784" "X" 0.006 -0.165 0.87625 1 0.5 2666.66666666667 1 5 0.132103840633337 5 1000 7987 5
"1785" "X" 0.006 -0.825 0.5875 1 0 2666.66666666667 1 5 0.531879032963823 5 1000 9558 5
"1786" "X" 0.06 -0.37125 0.835 1 1 2666.66666666667 1 5 0.180323554131281 5 1000 10984 5
"1787" "X" 0.06 -0.28875 0.01 1 1 2666.66666666667 1 5 4.60517018598809 5 1000 10704 5
"1788" "X" 0.006 -0.53625 0.01 0 1 2666.66666666667 1 5 4.60517018598809 5 1000 8801 5
"1789" "X" 0.06 -0.99 0.7525 1 0 2666.66666666667 1 5 0.284354282359106 5 1000 12474 5
"1790" "X" 0.006 -0.28875 0.01 1 1 2666.66666666667 1 5 4.60517018598809 5 1000 8204 5
"1791" "X" 0.006 -0.78375 0.21625 1 1 2666.66666666667 1 5 1.53132013317015 5 1000 9424 5
"1792" "X" 0.06 -0.94875 0.0925 1 1 2666.66666666667 1 5 2.38054663446376 5 1000 12312 5
"1793" "X" 0.06 0 0.7525 0 1 2666.66666666667 1 5 0.284354282359106 5 1000 10073 5
"1794" "X" 0.06 -0.12375 0.71125 0 1 2666.66666666667 1 5 0.340731293541596 5 1000 10369 5
"1795" "X" 0.006 -0.78375 0.0925 0 1 2666.66666666667 1 5 2.38054663446376 5 1000 9409 5
"1796" "X" 0.06 -0.7425 1 1 1 2666.66666666667 1 5 0 5 1000 11900 5
"1797" "X" 0.006 -0.4125 0.0925 0 1 2666.66666666667 1 5 2.38054663446376 5 1000 8509 5
"1798" "X" 0.06 -0.7425 0.13375 1 1 2666.66666666667 1 5 2.01178289320602 5 1000 11816 5
"1799" "X" 0.06 -0.04125 0.4225 1 0.5 2666.66666666667 1 5 0.861565832184908 5 1000 10143 5
"1800" "X" 0.06 -0.2475 0.0925 0 1 2666.66666666667 1 5 2.38054663446376 5 1000 10609 5
"1801" "X" 0.006 -0.45375 0.87625 0 1 2666.66666666667 1 5 0.132103840633337 5 1000 8685 5
"1802" "X" 0.06 -0.2475 0.46375 1 1 2666.66666666667 1 5 0.768409665060492 5 1000 10648 5
"1803" "X" 0.006 -0.28875 0.67 1 0.5 2666.66666666667 1 5 0.400477566597125 5 1000 8267 5
"1804" "X" 0.006 -0.165 0.13375 1 0 2666.66666666667 1 5 2.01178289320602 5 1000 7914 5
"1805" "X" 0.006 -0.86625 0.4225 1 1 2666.66666666667 1 5 0.861565832184908 5 1000 9644 5
"1806" "X" 0.06 -0.7425 0.5875 0 1 2666.66666666667 1 5 0.531879032963823 5 1000 11857 5
"1807" "X" 0.06 -0.78375 0.87625 1 1 2666.66666666667 1 5 0.132103840633337 5 1000 11988 5
"1808" "X" 0.006 -0.86625 0.05125 1 0 2666.66666666667 1 5 2.97103966096362 5 1000 9606 5
"1809" "X" 0.06 -0.165 0.2575 1 0 2666.66666666667 1 5 1.35673555887835 5 1000 10426 5
"1810" "X" 0.006 -0.70125 0.9175 1 1 2666.66666666667 1 5 0.0861026990534116 5 1000 9292 5
"1811" "X" 0.06 -0.0825 0.835 1 0 2666.66666666667 1 5 0.180323554131281 5 1000 10282 5
"1812" "X" 0.006 -0.94875 0.01 1 0.5 2666.66666666667 1 5 4.60517018598809 5 1000 9803 5
"1813" "X" 0.006 -0.5775 0.87625 1 0 2666.66666666667 1 5 0.132103840633337 5 1000 8986 5
"1814" "X" 0.06 -0.33 0.54625 0 1 2666.66666666667 1 5 0.604678532572337 5 1000 10853 5
"1815" "X" 0.06 -0.495 0.46375 1 1 2666.66666666667 1 5 0.768409665060492 5 1000 11248 5
"1816" "X" 0.006 -0.165 0.7525 1 1 2666.66666666667 1 5 0.284354282359106 5 1000 7976 5
"1817" "X" 0.06 -0.70125 0.9175 1 0 2666.66666666667 1 5 0.0861026990534116 5 1000 11790 5
"1818" "X" 0.06 -0.4125 0.835 1 0 2666.66666666667 1 5 0.180323554131281 5 1000 11082 5
"1819" "X" 0.06 -0.12375 0.67 0 1 2666.66666666667 1 5 0.400477566597125 5 1000 10365 5
"1820" "X" 0.006 -0.20625 0.95875 1 1 2666.66666666667 1 5 0.042124926300671 5 1000 8096 5
"1821" "X" 0.06 -0.28875 0.13375 0 1 2666.66666666667 1 5 2.01178289320602 5 1000 10713 5
"1822" "X" 0.006 -0.45375 0.95875 1 0 2666.66666666667 1 5 0.042124926300671 5 1000 8694 5
"1823" "X" 0.006 -0.20625 0.67 0 1 2666.66666666667 1 5 0.400477566597125 5 1000 8065 5
"1824" "X" 0.06 -0.4125 0.5875 1 1 2666.66666666667 1 5 0.531879032963823 5 1000 11060 5
"1825" "X" 0.006 0 0.05125 0 1 2666.66666666667 1 5 2.97103966096362 5 1000 7505 5
"1826" "X" 0.006 -0.86625 0.29875 1 0.5 2666.66666666667 1 5 1.20814817573642 5 1000 9631 5
"1827" "X" 0.006 -0.37125 1 1 1 2666.66666666667 1 5 0 5 1000 8500 5
"1828" "X" 0.006 -0.33 0.175 1 0 2666.66666666667 1 5 1.74296930505862 5 1000 8318 5
"1829" "X" 0.06 -0.99 0.67 1 0 2666.66666666667 1 5 0.400477566597125 5 1000 12466 5
"1830" "X" 0.06 -0.825 0.835 1 0 2666.66666666667 1 5 0.180323554131281 5 1000 12082 5
"1831" "X" 0.06 -0.04125 0.38125 1 0 2666.66666666667 1 5 0.964299951060516 5 1000 10138 5
"1832" "X" 0.006 -0.61875 0.29875 0 1 2666.66666666667 1 5 1.20814817573642 5 1000 9029 5
"1833" "X" 0.006 -0.37125 0.5875 1 0.5 2666.66666666667 1 5 0.531879032963823 5 1000 8459 5
"1834" "X" 0.06 0 0.54625 0 1 2666.66666666667 1 5 0.604678532572337 5 1000 10053 5
"1835" "X" 0.06 -0.66 0.05125 1 0.5 2666.66666666667 1 5 2.97103966096362 5 1000 11607 5
"1836" "X" 0.006 -0.45375 0.01 0 1 2666.66666666667 1 5 4.60517018598809 5 1000 8601 5
"1837" "X" 0.06 -0.825 0.01 1 1 2666.66666666667 1 5 4.60517018598809 5 1000 12004 5
"1838" "X" 0.06 -0.0825 0.7525 1 0.5 2666.66666666667 1 5 0.284354282359106 5 1000 10275 5
"1839" "X" 0.006 -0.33 0.01 0 1 2666.66666666667 1 5 4.60517018598809 5 1000 8301 5
"1840" "X" 0.06 -0.61875 0.67 1 0 2666.66666666667 1 5 0.400477566597125 5 1000 11566 5
"1841" "X" 0.006 -0.99 0.835 0 1 2666.66666666667 1 5 0.180323554131281 5 1000 9981 5
"1842" "X" 0.06 -0.53625 0.87625 1 1 2666.66666666667 1 5 0.132103840633337 5 1000 11388 5
"1843" "X" 0.006 -0.53625 0.9175 1 1 2666.66666666667 1 5 0.0861026990534116 5 1000 8892 5
"1844" "X" 0.006 -0.37125 0.62875 1 0.5 2666.66666666667 1 5 0.464021557568188 5 1000 8463 5
"1845" "X" 0.06 -0.165 0.79375 0 1 2666.66666666667 1 5 0.230986728775236 5 1000 10477 5
"1846" "X" 0.006 -0.0825 1 1 1 2666.66666666667 1 5 0 5 1000 7800 5
"1847" "X" 0.006 -0.04125 0.87625 0 1 2666.66666666667 1 5 0.132103840633337 5 1000 7685 5
"1848" "X" 0.006 -0.12375 0.505 1 0 2666.66666666667 1 5 0.683196849706777 5 1000 7850 5
"1849" "X" 0.06 -0.20625 0.54625 1 0 2666.66666666667 1 5 0.604678532572337 5 1000 10554 5
"1850" "X" 0.006 -0.94875 0.95875 0 1 2666.66666666667 1 5 0.042124926300671 5 1000 9893 5
"1851" "X" 0.006 -0.70125 0.0925 1 1 2666.66666666667 1 5 2.38054663446376 5 1000 9212 5
"1852" "X" 0.06 -0.495 0.5875 1 1 2666.66666666667 1 5 0.531879032963823 5 1000 11260 5
"1853" "X" 0.06 -0.70125 0.5875 1 1 2666.66666666667 1 5 0.531879032963823 5 1000 11760 5
"1854" "X" 0.06 -0.28875 0.5875 1 0.5 2666.66666666667 1 5 0.531879032963823 5 1000 10759 5
"1855" "X" 0.06 -0.825 0.0925 0 1 2666.66666666667 1 5 2.38054663446376 5 1000 12009 5
"1856" "X" 0.006 -0.495 0.38125 1 0.5 2666.66666666667 1 5 0.964299951060516 5 1000 8739 5
"1857" "X" 0.006 0 0.54625 1 1 2666.66666666667 1 5 0.604678532572337 5 1000 7556 5
"1858" "X" 0.006 -0.04125 0.79375 1 0.5 2666.66666666667 1 5 0.230986728775236 5 1000 7679 5
"1859" "X" 0.006 -0.86625 0.0925 1 1 2666.66666666667 1 5 2.38054663446376 5 1000 9612 5
"1860" "X" 0.06 0 0.13375 1 1 2666.66666666667 1 5 2.01178289320602 5 1000 10016 5
"1861" "X" 0.06 -0.0825 0.5875 1 0 2666.66666666667 1 5 0.531879032963823 5 1000 10258 5
"1862" "X" 0.06 -0.86625 0.67 1 0 2666.66666666667 1 5 0.400477566597125 5 1000 12166 5
"1863" "X" 0.06 0 0.79375 0 1 2666.66666666667 1 5 0.230986728775236 5 1000 10077 5
"1864" "X" 0.006 -0.70125 0.4225 1 1 2666.66666666667 1 5 0.861565832184908 5 1000 9244 5
"1865" "X" 0.006 0 0.21625 1 1 2666.66666666667 1 5 1.53132013317015 5 1000 7524 5
"1866" "X" 0.06 -0.5775 0.835 1 0.5 2666.66666666667 1 5 0.180323554131281 5 1000 11483 5
"1867" "X" 0.006 -0.37125 0.4225 1 0 2666.66666666667 1 5 0.861565832184908 5 1000 8442 5
"1868" "X" 0.06 -0.20625 0.13375 1 0 2666.66666666667 1 5 2.01178289320602 5 1000 10514 5
"1869" "X" 0.006 -0.61875 0.7525 1 0.5 2666.66666666667 1 5 0.284354282359106 5 1000 9075 5
"1870" "X" 0.006 -0.45375 0.34 1 0 2666.66666666667 1 5 1.07880966137193 5 1000 8634 5
"1871" "X" 0.06 -0.495 1 1 0 2666.66666666667 1 5 0 5 1000 11298 5
"1872" "X" 0.06 -0.9075 0.01 1 0 2666.66666666667 1 5 4.60517018598809 5 1000 12202 5
"1873" "X" 0.006 -0.20625 0.01 1 1 2666.66666666667 1 5 4.60517018598809 5 1000 8004 5
"1874" "X" 0.006 -0.20625 0.62875 1 0 2666.66666666667 1 5 0.464021557568188 5 1000 8062 5
"1875" "X" 0.006 -0.9075 0.21625 0 1 2666.66666666667 1 5 1.53132013317015 5 1000 9721 5
"1876" "X" 0.06 -0.78375 0.13375 1 0 2666.66666666667 1 5 2.01178289320602 5 1000 11914 5
"1877" "X" 0.06 -0.45375 0.7525 0 1 2666.66666666667 1 5 0.284354282359106 5 1000 11173 5
"1878" "X" 0.06 -0.28875 0.95875 1 0 2666.66666666667 1 5 0.042124926300671 5 1000 10794 5
"1879" "X" 0.006 -0.9075 0.29875 1 1 2666.66666666667 1 5 1.20814817573642 5 1000 9732 5
"1880" "X" 0.06 -0.165 0.0925 1 0.5 2666.66666666667 1 5 2.38054663446376 5 1000 10411 5
"1881" "X" 0.06 -0.53625 0.505 1 1 2666.66666666667 1 5 0.683196849706777 5 1000 11352 5
"1882" "X" 0.06 -0.165 0.05125 1 0 2666.66666666667 1 5 2.97103966096362 5 1000 10406 5
"1883" "X" 0.06 -0.37125 0.0925 1 0 2666.66666666667 1 5 2.38054663446376 5 1000 10910 5
"1884" "X" 0.06 -0.495 0.87625 1 0.5 2666.66666666667 1 5 0.132103840633337 5 1000 11287 5
"1885" "X" 0.006 -0.9075 0.05125 1 1 2666.66666666667 1 5 2.97103966096362 5 1000 9708 5
"1886" "X" 0.06 -0.04125 0.0925 1 1 2666.66666666667 1 5 2.38054663446376 5 1000 10112 5
"1887" "X" 0.006 -0.04125 0.95875 1 1 2666.66666666667 1 5 0.042124926300671 5 1000 7696 5
"1888" "X" 0.006 -0.2475 0.835 1 0.5 2666.66666666667 1 5 0.180323554131281 5 1000 8183 5
"1889" "X" 0.06 -0.165 0.21625 1 0 2666.66666666667 1 5 1.53132013317015 5 1000 10422 5
"1890" "X" 0.006 -0.0825 0.5875 1 0 2666.66666666667 1 5 0.531879032963823 5 1000 7758 5
"1891" "X" 0.06 0 0.05125 1 1 2666.66666666667 1 5 2.97103966096362 5 1000 10008 5
"1892" "X" 0.006 -0.4125 0.46375 1 1 2666.66666666667 1 5 0.768409665060492 5 1000 8548 5
"1893" "X" 0.006 -0.70125 0.54625 1 1 2666.66666666667 1 5 0.604678532572337 5 1000 9256 5
"1894" "X" 0.06 -0.28875 0.7525 0 1 2666.66666666667 1 5 0.284354282359106 5 1000 10773 5
"1895" "X" 0.06 -0.7425 0.34 0 1 2666.66666666667 1 5 1.07880966137193 5 1000 11833 5
"1896" "X" 0.06 -0.99 0.835 0 1 2666.66666666667 1 5 0.180323554131281 5 1000 12481 5
"1897" "X" 0.06 -0.12375 1 0 1 2666.66666666667 1 5 0 5 1000 10397 5
"1898" "X" 0.06 -0.04125 0.505 1 1 2666.66666666667 1 5 0.683196849706777 5 1000 10152 5
"1899" "X" 0.06 -0.495 0.0925 1 1 2666.66666666667 1 5 2.38054663446376 5 1000 11212 5
"1900" "X" 0.006 -0.33 0.67 1 0 2666.66666666667 1 5 0.400477566597125 5 1000 8366 5
"1901" "X" 0.06 -0.94875 0.13375 1 0.5 2666.66666666667 1 5 2.01178289320602 5 1000 12315 5
"1902" "X" 0.006 0 0.21625 0 1 2666.66666666667 1 5 1.53132013317015 5 1000 7521 5
"1903" "X" 0.06 -0.99 0.87625 1 0 2666.66666666667 1 5 0.132103840633337 5 1000 12486 5
"1904" "X" 0.006 -0.61875 0.54625 1 0 2666.66666666667 1 5 0.604678532572337 5 1000 9054 5
"1905" "X" 0.06 -0.53625 1 1 1 2666.66666666667 1 5 0 5 1000 11400 5
"1906" "X" 0.006 -0.70125 0.21625 0 1 2666.66666666667 1 5 1.53132013317015 5 1000 9221 5
"1907" "X" 0.006 -0.825 0.7525 1 1 2666.66666666667 1 5 0.284354282359106 5 1000 9576 5
"1908" "X" 0.06 -0.78375 0.05125 1 0.5 2666.66666666667 1 5 2.97103966096362 5 1000 11907 5
"1909" "X" 0.06 -0.2475 0.79375 1 0.5 2666.66666666667 1 5 0.230986728775236 5 1000 10679 5
"1910" "X" 0.06 -0.5775 0.05125 1 0.5 2666.66666666667 1 5 2.97103966096362 5 1000 11407 5
"1911" "X" 0.006 -0.28875 0.46375 0 1 2666.66666666667 1 5 0.768409665060492 5 1000 8245 5
"1912" "X" 0.06 -0.66 0.62875 1 1 2666.66666666667 1 5 0.464021557568188 5 1000 11664 5
"1913" "X" 0.006 -0.20625 0.62875 0 1 2666.66666666667 1 5 0.464021557568188 5 1000 8061 5
"1914" "X" 0.006 -0.2475 0.175 1 0 2666.66666666667 1 5 1.74296930505862 5 1000 8118 5
"1915" "X" 0.006 -0.45375 0.175 1 1 2666.66666666667 1 5 1.74296930505862 5 1000 8620 5
"1916" "X" 0.006 -0.66 0.13375 1 0 2666.66666666667 1 5 2.01178289320602 5 1000 9114 5
"1917" "X" 0.06 -0.61875 0.67 0 1 2666.66666666667 1 5 0.400477566597125 5 1000 11565 5
"1918" "X" 0.006 -0.0825 0.21625 0 1 2666.66666666667 1 5 1.53132013317015 5 1000 7721 5
"1919" "X" 0.06 -0.825 0.34 1 0.5 2666.66666666667 1 5 1.07880966137193 5 1000 12035 5
"1920" "X" 0.006 -0.495 0.05125 1 0 2666.66666666667 1 5 2.97103966096362 5 1000 8706 5
"1921" "X" 0.06 -0.37125 0.05125 0 1 2666.66666666667 1 5 2.97103966096362 5 1000 10905 5
"1922" "X" 0.006 -0.4125 0.67 1 0.5 2666.66666666667 1 5 0.400477566597125 5 1000 8567 5
"1923" "X" 0.06 -0.9075 0.5875 1 0 2666.66666666667 1 5 0.531879032963823 5 1000 12258 5
"1924" "X" 0.06 -0.86625 0.835 1 0.5 2666.66666666667 1 5 0.180323554131281 5 1000 12183 5
"1925" "X" 0.06 -0.5775 0.87625 1 0 2666.66666666667 1 5 0.132103840633337 5 1000 11486 5
"1926" "X" 0.006 -0.66 0.46375 1 0.5 2666.66666666667 1 5 0.768409665060492 5 1000 9147 5
"1927" "X" 0.06 -0.66 0.87625 1 0 2666.66666666667 1 5 0.132103840633337 5 1000 11686 5
"1928" "X" 0.06 -0.78375 0.21625 1 0.5 2666.66666666667 1 5 1.53132013317015 5 1000 11923 5
"1929" "X" 0.06 -0.78375 0.29875 0 1 2666.66666666667 1 5 1.20814817573642 5 1000 11929 5
"1930" "X" 0.06 -0.94875 0.34 1 1 2666.66666666667 1 5 1.07880966137193 5 1000 12336 5
"1931" "X" 0.06 -0.66 0.34 1 1 2666.66666666667 1 5 1.07880966137193 5 1000 11636 5
"1932" "X" 0.06 -0.04125 0.9175 1 1 2666.66666666667 1 5 0.0861026990534116 5 1000 10192 5
"1933" "X" 0.06 -0.70125 0.95875 1 0 2666.66666666667 1 5 0.042124926300671 5 1000 11794 5
"1934" "X" 0.006 -0.94875 0.38125 0 1 2666.66666666667 1 5 0.964299951060516 5 1000 9837 5
"1935" "X" 0.06 0 0.62875 1 0 2666.66666666667 1 5 0.464021557568188 5 1000 10062 5
"1936" "X" 0.006 -0.2475 0.79375 1 0 2666.66666666667 1 5 0.230986728775236 5 1000 8178 5
"1937" "X" 0.006 -0.99 0.9175 1 0.5 2666.66666666667 1 5 0.0861026990534116 5 1000 9991 5
"1938" "X" 0.006 -0.28875 1 0 1 2666.66666666667 1 5 0 5 1000 8297 5
"1939" "X" 0.006 -0.45375 0.95875 0 1 2666.66666666667 1 5 0.042124926300671 5 1000 8693 5
"1940" "X" 0.006 -0.33 0.835 0 1 2666.66666666667 1 5 0.180323554131281 5 1000 8381 5
"1941" "X" 0.06 0 0.79375 1 1 2666.66666666667 1 5 0.230986728775236 5 1000 10080 5
"1942" "X" 0.006 -0.61875 0.0925 1 1 2666.66666666667 1 5 2.38054663446376 5 1000 9012 5
"1943" "X" 0.06 -0.5775 0.835 1 0 2666.66666666667 1 5 0.180323554131281 5 1000 11482 5
"1944" "X" 0.06 -0.0825 0.79375 1 0.5 2666.66666666667 1 5 0.230986728775236 5 1000 10279 5
"1945" "X" 0.06 -0.4125 0.67 0 1 2666.66666666667 1 5 0.400477566597125 5 1000 11065 5
"1946" "X" 0.06 -0.61875 0.67 1 1 2666.66666666667 1 5 0.400477566597125 5 1000 11568 5
"1947" "X" 0.06 -0.61875 0.0925 1 0.5 2666.66666666667 1 5 2.38054663446376 5 1000 11511 5
"1948" "X" 0.006 -0.495 0.505 1 0 2666.66666666667 1 5 0.683196849706777 5 1000 8750 5
"1949" "X" 0.06 -0.2475 0.0925 1 1 2666.66666666667 1 5 2.38054663446376 5 1000 10612 5
"1950" "X" 0.006 -0.7425 0.7525 1 1 2666.66666666667 1 5 0.284354282359106 5 1000 9376 5
"1951" "X" 0.06 -0.20625 0.67 0 1 2666.66666666667 1 5 0.400477566597125 5 1000 10565 5
"1952" "X" 0.006 -0.70125 0.62875 0 1 2666.66666666667 1 5 0.464021557568188 5 1000 9261 5
"1953" "X" 0.006 -0.4125 0.71125 1 0.5 2666.66666666667 1 5 0.340731293541596 5 1000 8571 5
"1954" "X" 0.06 -0.70125 0.05125 1 1 2666.66666666667 1 5 2.97103966096362 5 1000 11708 5
"1955" "X" 0.006 -0.53625 0.175 0 1 2666.66666666667 1 5 1.74296930505862 5 1000 8817 5
"1956" "X" 0.06 -0.45375 0.9175 1 0.5 2666.66666666667 1 5 0.0861026990534116 5 1000 11191 5
"1957" "X" 0.006 -0.20625 0.505 0 1 2666.66666666667 1 5 0.683196849706777 5 1000 8049 5
"1958" "X" 0.06 -0.825 0.62875 1 1 2666.66666666667 1 5 0.464021557568188 5 1000 12064 5
"1959" "X" 0.006 -0.2475 0.01 1 0 2666.66666666667 1 5 4.60517018598809 5 1000 8102 5
"1960" "X" 0.06 -0.78375 0.79375 1 0.5 2666.66666666667 1 5 0.230986728775236 5 1000 11979 5
"1961" "X" 0.006 -0.5775 0.87625 1 0.5 2666.66666666667 1 5 0.132103840633337 5 1000 8987 5
"1962" "X" 0.006 -0.53625 0.835 0 1 2666.66666666667 1 5 0.180323554131281 5 1000 8881 5
"1963" "X" 0.06 -0.825 0.2575 1 1 2666.66666666667 1 5 1.35673555887835 5 1000 12028 5
"1964" "X" 0.06 -0.94875 0.67 1 0 2666.66666666667 1 5 0.400477566597125 5 1000 12366 5
"1965" "X" 0.06 -0.53625 0.34 1 1 2666.66666666667 1 5 1.07880966137193 5 1000 11336 5
"1966" "X" 0.06 -0.20625 0.38125 1 0.5 2666.66666666667 1 5 0.964299951060516 5 1000 10539 5
"1967" "X" 0.06 -0.7425 0.46375 1 0.5 2666.66666666667 1 5 0.768409665060492 5 1000 11847 5
"1968" "X" 0.006 -0.86625 0.46375 1 1 2666.66666666667 1 5 0.768409665060492 5 1000 9648 5
"1969" "X" 0.006 -0.78375 0.0925 1 1 2666.66666666667 1 5 2.38054663446376 5 1000 9412 5
"1970" "X" 0.06 -0.53625 0.67 1 0 2666.66666666667 1 5 0.400477566597125 5 1000 11366 5
"1971" "X" 0.006 -0.45375 0.38125 1 1 2666.66666666667 1 5 0.964299951060516 5 1000 8640 5
"1972" "X" 0.006 -0.45375 0.29875 1 0 2666.66666666667 1 5 1.20814817573642 5 1000 8630 5
"1973" "X" 0.06 -0.12375 0.21625 1 1 2666.66666666667 1 5 1.53132013317015 5 1000 10324 5
"1974" "X" 0.006 -0.2475 0.4225 1 0 2666.66666666667 1 5 0.861565832184908 5 1000 8142 5
"1975" "X" 0.006 -0.61875 0.7525 1 1 2666.66666666667 1 5 0.284354282359106 5 1000 9076 5
"1976" "X" 0.006 -0.2475 0.87625 1 0.5 2666.66666666667 1 5 0.132103840633337 5 1000 8187 5
"1977" "X" 0.06 -0.495 0.87625 1 1 2666.66666666667 1 5 0.132103840633337 5 1000 11288 5
"1978" "X" 0.006 -0.04125 0.835 1 0 2666.66666666667 1 5 0.180323554131281 5 1000 7682 5
"1979" "X" 0.06 -0.5775 0.01 1 0.5 2666.66666666667 1 5 4.60517018598809 5 1000 11403 5
"1980" "X" 0.06 -0.4125 0.95875 1 1 2666.66666666667 1 5 0.042124926300671 5 1000 11096 5
"1981" "X" 0.06 -0.94875 0.13375 1 1 2666.66666666667 1 5 2.01178289320602 5 1000 12316 5
"1982" "X" 0.006 -0.45375 0.7525 0 1 2666.66666666667 1 5 0.284354282359106 5 1000 8673 5
"1983" "X" 0.006 -0.495 1 1 0 2666.66666666667 1 5 0 5 1000 8798 5
"1984" "X" 0.006 -0.495 0.87625 1 0.5 2666.66666666667 1 5 0.132103840633337 5 1000 8787 5
"1985" "X" 0.06 -0.53625 0.71125 1 0.5 2666.66666666667 1 5 0.340731293541596 5 1000 11371 5
"1986" "X" 0.006 -0.0825 0.5875 1 1 2666.66666666667 1 5 0.531879032963823 5 1000 7760 5
"1987" "X" 0.06 -0.825 0.79375 1 1 2666.66666666667 1 5 0.230986728775236 5 1000 12080 5
"1988" "X" 0.06 -0.20625 0.505 1 0.5 2666.66666666667 1 5 0.683196849706777 5 1000 10551 5
"1989" "X" 0.06 -0.04125 0.21625 1 1 2666.66666666667 1 5 1.53132013317015 5 1000 10124 5
"1990" "X" 0.06 -0.70125 0.2575 1 1 2666.66666666667 1 5 1.35673555887835 5 1000 11728 5
"1991" "X" 0.06 -0.20625 0.95875 1 1 2666.66666666667 1 5 0.042124926300671 5 1000 10596 5
"1992" "X" 0.006 -0.86625 0.9175 1 0 2666.66666666667 1 5 0.0861026990534116 5 1000 9690 5
"1993" "X" 0.06 0 0.54625 1 0 2666.66666666667 1 5 0.604678532572337 5 1000 10054 5
"1994" "X" 0.06 -0.9075 0.21625 1 1 2666.66666666667 1 5 1.53132013317015 5 1000 12224 5
"1995" "X" 0.006 -0.20625 0.21625 1 0.5 2666.66666666667 1 5 1.53132013317015 5 1000 8023 5
"1996" "X" 0.006 -0.61875 0.21625 1 1 2666.66666666667 1 5 1.53132013317015 5 1000 9024 5
"1997" "X" 0.06 -0.9075 0.87625 1 0 2666.66666666667 1 5 0.132103840633337 5 1000 12286 5
"1998" "X" 0.006 0 0.7525 1 1 2666.66666666667 1 5 0.284354282359106 5 1000 7576 5
"1999" "X" 0.006 -0.9075 0.7525 1 0 2666.66666666667 1 5 0.284354282359106 5 1000 9774 5
"2000" "X" 0.006 0 0.05125 1 0 2666.66666666667 1 5 2.97103966096362 5 1000 7506 5
"2001" "X" 0.006 -0.495 0.13375 1 0.5 2666.66666666667 1 5 2.01178289320602 5 1000 8715 5
"2002" "X" 0.06 -0.86625 0.505 0 1 2666.66666666667 1 5 0.683196849706777 5 1000 12149 5
"2003" "X" 0.06 -0.495 0.46375 1 0 2666.66666666667 1 5 0.768409665060492 5 1000 11246 5
"2004" "X" 0.006 -0.70125 1 1 1 2666.66666666667 1 5 0 5 1000 9300 5
"2005" "X" 0.06 -0.825 0.87625 1 0 2666.66666666667 1 5 0.132103840633337 5 1000 12086 5
"2006" "X" 0.006 -0.2475 0.34 1 0 2666.66666666667 1 5 1.07880966137193 5 1000 8134 5
"2007" "X" 0.006 -0.99 0.34 0 1 2666.66666666667 1 5 1.07880966137193 5 1000 9933 5
"2008" "X" 0.006 -0.61875 0.05125 1 0 2666.66666666667 1 5 2.97103966096362 5 1000 9006 5
"2009" "X" 0.06 -0.4125 0.34 1 0.5 2666.66666666667 1 5 1.07880966137193 5 1000 11035 5
"2010" "X" 0.006 -0.86625 0.79375 1 1 2666.66666666667 1 5 0.230986728775236 5 1000 9680 5
"2011" "X" 0.006 -0.66 0.71125 1 0 2666.66666666667 1 5 0.340731293541596 5 1000 9170 5
"2012" "X" 0.06 -0.99 0.34 0 1 2666.66666666667 1 5 1.07880966137193 5 1000 12433 5
"2013" "X" 0.006 -0.45375 0.62875 0 1 2666.66666666667 1 5 0.464021557568188 5 1000 8661 5
"2014" "X" 0.006 -0.5775 0.29875 1 0.5 2666.66666666667 1 5 1.20814817573642 5 1000 8931 5
"2015" "X" 0.06 -0.37125 0.4225 1 0.5 2666.66666666667 1 5 0.861565832184908 5 1000 10943 5
"2016" "X" 0.006 -0.12375 0.38125 1 0 2666.66666666667 1 5 0.964299951060516 5 1000 7838 5
"2017" "X" 0.06 -0.86625 0.7525 1 0 2666.66666666667 1 5 0.284354282359106 5 1000 12174 5
"2018" "X" 0.006 -0.37125 0.175 1 1 2666.66666666667 1 5 1.74296930505862 5 1000 8420 5
"2019" "X" 0.06 -0.2475 0.505 1 0.5 2666.66666666667 1 5 0.683196849706777 5 1000 10651 5
"2020" "X" 0.06 -0.2475 0.46375 0 1 2666.66666666667 1 5 0.768409665060492 5 1000 10645 5
"2021" "X" 0.006 -0.53625 0.7525 1 0 2666.66666666667 1 5 0.284354282359106 5 1000 8874 5
"2022" "X" 0.06 -0.28875 0.38125 1 0.5 2666.66666666667 1 5 0.964299951060516 5 1000 10739 5
"2023" "X" 0.006 0 0.87625 0 1 2666.66666666667 1 5 0.132103840633337 5 1000 7585 5
"2024" "X" 0.06 -0.66 0.38125 1 1 2666.66666666667 1 5 0.964299951060516 5 1000 11640 5
"2025" "X" 0.06 -0.99 0.13375 1 1 2666.66666666667 1 5 2.01178289320602 5 1000 12416 5
"2026" "X" 0.006 -0.04125 0.67 1 0.5 2666.66666666667 1 5 0.400477566597125 5 1000 7667 5
"2027" "X" 0.006 -0.86625 0.21625 1 0 2666.66666666667 1 5 1.53132013317015 5 1000 9622 5
"2028" "X" 0.06 -0.94875 0.5875 1 0.5 2666.66666666667 1 5 0.531879032963823 5 1000 12359 5
"2029" "X" 0.06 -0.825 0.2575 0 1 2666.66666666667 1 5 1.35673555887835 5 1000 12025 5
"2030" "X" 0.006 -0.12375 0.4225 1 0 2666.66666666667 1 5 0.861565832184908 5 1000 7842 5
"2031" "X" 0.06 -0.94875 0.38125 1 0 2666.66666666667 1 5 0.964299951060516 5 1000 12338 5
"2032" "X" 0.006 -0.04125 0.505 0 1 2666.66666666667 1 5 0.683196849706777 5 1000 7649 5
"2033" "X" 0.06 -0.66 0.46375 1 1 2666.66666666667 1 5 0.768409665060492 5 1000 11648 5
"2034" "X" 0.006 -0.86625 0.5875 1 1 2666.66666666667 1 5 0.531879032963823 5 1000 9660 5
"2035" "X" 0.006 -0.70125 0.0925 1 0.5 2666.66666666667 1 5 2.38054663446376 5 1000 9211 5
"2036" "X" 0.006 -0.495 0.0925 1 0.5 2666.66666666667 1 5 2.38054663446376 5 1000 8711 5
"2037" "X" 0.06 -0.86625 0.29875 1 0.5 2666.66666666667 1 5 1.20814817573642 5 1000 12131 5
"2038" "X" 0.06 -0.37125 0.34 1 1 2666.66666666667 1 5 1.07880966137193 5 1000 10936 5
"2039" "X" 0.006 -0.53625 0.4225 1 0 2666.66666666667 1 5 0.861565832184908 5 1000 8842 5
"2040" "X" 0.006 -0.825 0.62875 0 1 2666.66666666667 1 5 0.464021557568188 5 1000 9561 5
"2041" "X" 0.006 -0.86625 1 1 1 2666.66666666667 1 5 0 5 1000 9700 5
"2042" "X" 0.06 -0.9075 0.13375 1 1 2666.66666666667 1 5 2.01178289320602 5 1000 12216 5
"2043" "X" 0.006 -0.495 0.0925 1 1 2666.66666666667 1 5 2.38054663446376 5 1000 8712 5
"2044" "X" 0.006 -0.495 0.4225 1 0 2666.66666666667 1 5 0.861565832184908 5 1000 8742 5
"2045" "X" 0.06 -0.61875 0.38125 1 0 2666.66666666667 1 5 0.964299951060516 5 1000 11538 5
"2046" "X" 0.006 -0.94875 0.71125 1 0.5 2666.66666666667 1 5 0.340731293541596 5 1000 9871 5
"2047" "X" 0.006 -0.0825 0.62875 1 1 2666.66666666667 1 5 0.464021557568188 5 1000 7764 5
"2048" "X" 0.06 -0.20625 0.62875 1 0.5 2666.66666666667 1 5 0.464021557568188 5 1000 10563 5
"2049" "X" 0.06 -0.86625 0.54625 0 1 2666.66666666667 1 5 0.604678532572337 5 1000 12153 5
"2050" "X" 0.006 -0.99 0.87625 1 1 2666.66666666667 1 5 0.132103840633337 5 1000 9988 5
"2051" "X" 0.06 -0.28875 0.62875 0 1 2666.66666666667 1 5 0.464021557568188 5 1000 10761 5
"2052" "X" 0.006 -0.4125 0.9175 1 0.5 2666.66666666667 1 5 0.0861026990534116 5 1000 8591 5
"2053" "X" 0.06 -0.70125 0.79375 1 0 2666.66666666667 1 5 0.230986728775236 5 1000 11778 5
"2054" "X" 0.06 -0.37125 0.505 1 1 2666.66666666667 1 5 0.683196849706777 5 1000 10952 5
"2055" "X" 0.06 -0.78375 0.01 1 0 2666.66666666667 1 5 4.60517018598809 5 1000 11902 5
"2056" "X" 0.06 -0.5775 0.13375 1 0 2666.66666666667 1 5 2.01178289320602 5 1000 11414 5
"2057" "X" 0.006 -0.495 0.67 0 1 2666.66666666667 1 5 0.400477566597125 5 1000 8765 5
"2058" "X" 0.06 -0.94875 0.62875 0 1 2666.66666666667 1 5 0.464021557568188 5 1000 12361 5
"2059" "X" 0.06 -0.28875 1 1 0.5 2666.66666666667 1 5 0 5 1000 10799 5
"2060" "X" 0.06 -0.33 0.71125 1 0.5 2666.66666666667 1 5 0.340731293541596 5 1000 10871 5
"2061" "X" 0.06 -0.28875 0.0925 1 0.5 2666.66666666667 1 5 2.38054663446376 5 1000 10711 5
"2062" "X" 0.006 -0.33 0.71125 1 0.5 2666.66666666667 1 5 0.340731293541596 5 1000 8371 5
"2063" "X" 0.006 -0.04125 0.2575 0 1 2666.66666666667 1 5 1.35673555887835 5 1000 7625 5
"2064" "X" 0.006 -0.33 0.5875 1 0 2666.66666666667 1 5 0.531879032963823 5 1000 8358 5
"2065" "X" 0.006 -0.70125 0.46375 1 0.5 2666.66666666667 1 5 0.768409665060492 5 1000 9247 5
"2066" "X" 0.06 -0.53625 0.9175 1 0 2666.66666666667 1 5 0.0861026990534116 5 1000 11390 5
"2067" "X" 0.06 -0.70125 0.05125 0 1 2666.66666666667 1 5 2.97103966096362 5 1000 11705 5
"2068" "X" 0.06 -0.66 0.79375 0 1 2666.66666666667 1 5 0.230986728775236 5 1000 11677 5
"2069" "X" 0.06 -0.825 0.34 1 0 2666.66666666667 1 5 1.07880966137193 5 1000 12034 5
"2070" "X" 0.006 -0.0825 0.67 1 1 2666.66666666667 1 5 0.400477566597125 5 1000 7768 5
"2071" "X" 0.06 -0.61875 0.54625 1 1 2666.66666666667 1 5 0.604678532572337 5 1000 11556 5
"2072" "X" 0.006 -0.12375 0.46375 1 0 2666.66666666667 1 5 0.768409665060492 5 1000 7846 5
"2073" "X" 0.06 -0.5775 0.2575 1 0 2666.66666666667 1 5 1.35673555887835 5 1000 11426 5
"2074" "X" 0.006 -0.86625 0.835 1 0 2666.66666666667 1 5 0.180323554131281 5 1000 9682 5
"2075" "X" 0.006 -0.7425 0.4225 1 0 2666.66666666667 1 5 0.861565832184908 5 1000 9342 5
"2076" "X" 0.06 -0.53625 0.9175 1 0.5 2666.66666666667 1 5 0.0861026990534116 5 1000 11391 5
"2077" "X" 0.006 0 0.38125 1 0 2666.66666666667 1 5 0.964299951060516 5 1000 7538 5
"2078" "X" 0.006 -0.2475 0.34 0 1 2666.66666666667 1 5 1.07880966137193 5 1000 8133 5
"2079" "X" 0.06 -0.99 0.2575 1 0 2666.66666666667 1 5 1.35673555887835 5 1000 12426 5
"2080" "X" 0.06 -0.86625 0.835 1 1 2666.66666666667 1 5 0.180323554131281 5 1000 12184 5
"2081" "X" 0.006 -0.2475 0.95875 1 1 2666.66666666667 1 5 0.042124926300671 5 1000 8196 5
"2082" "X" 0.06 -0.495 0.67 1 0 2666.66666666667 1 5 0.400477566597125 5 1000 11266 5
"2083" "X" 0.006 -0.53625 0.7525 1 1 2666.66666666667 1 5 0.284354282359106 5 1000 8876 5
"2084" "X" 0.006 -0.66 0.13375 1 0.5 2666.66666666667 1 5 2.01178289320602 5 1000 9115 5
"2085" "X" 0.06 -0.45375 0.505 1 1 2666.66666666667 1 5 0.683196849706777 5 1000 11152 5
"2086" "X" 0.06 -0.53625 0.71125 1 1 2666.66666666667 1 5 0.340731293541596 5 1000 11372 5
"2087" "X" 0.06 0 0.4225 1 0 2666.66666666667 1 5 0.861565832184908 5 1000 10042 5
"2088" "X" 0.06 -0.12375 0.7525 1 0 2666.66666666667 1 5 0.284354282359106 5 1000 10374 5
"2089" "X" 0.006 -0.33 0.34 1 1 2666.66666666667 1 5 1.07880966137193 5 1000 8336 5
"2090" "X" 0.006 -0.4125 0.01 1 0.5 2666.66666666667 1 5 4.60517018598809 5 1000 8503 5
"2091" "X" 0.006 -0.78375 0.87625 1 0.5 2666.66666666667 1 5 0.132103840633337 5 1000 9487 5
"2092" "X" 0.006 -0.495 0.79375 1 0.5 2666.66666666667 1 5 0.230986728775236 5 1000 8779 5
"2093" "X" 0.006 -0.37125 0.67 1 0.5 2666.66666666667 1 5 0.400477566597125 5 1000 8467 5
"2094" "X" 0.006 -0.45375 0.2575 1 0 2666.66666666667 1 5 1.35673555887835 5 1000 8626 5
"2095" "X" 0.006 -0.825 0.62875 1 0 2666.66666666667 1 5 0.464021557568188 5 1000 9562 5
"2096" "X" 0.006 -0.66 0.62875 0 1 2666.66666666667 1 5 0.464021557568188 5 1000 9161 5
"2097" "X" 0.006 -0.70125 0.13375 1 0 2666.66666666667 1 5 2.01178289320602 5 1000 9214 5
"2098" "X" 0.006 -0.5775 0.9175 1 0 2666.66666666667 1 5 0.0861026990534116 5 1000 8990 5
"2099" "X" 0.06 -0.86625 0.21625 1 1 2666.66666666667 1 5 1.53132013317015 5 1000 12124 5
"2100" "X" 0.006 -0.9075 0.34 1 0.5 2666.66666666667 1 5 1.07880966137193 5 1000 9735 5
"2101" "X" 0.06 -0.61875 0.7525 1 0 2666.66666666667 1 5 0.284354282359106 5 1000 11574 5
"2102" "X" 0.006 -0.825 0.87625 1 1 2666.66666666667 1 5 0.132103840633337 5 1000 9588 5
"2103" "X" 0.006 -0.12375 0.13375 1 0.5 2666.66666666667 1 5 2.01178289320602 5 1000 7815 5
"2104" "X" 0.006 -0.99 0.505 1 1 2666.66666666667 1 5 0.683196849706777 5 1000 9952 5
"2105" "X" 0.006 -0.0825 0.71125 1 1 2666.66666666667 1 5 0.340731293541596 5 1000 7772 5
"2106" "X" 0.006 -0.28875 0.7525 1 1 2666.66666666667 1 5 0.284354282359106 5 1000 8276 5
"2107" "X" 0.006 -0.33 0.62875 1 1 2666.66666666667 1 5 0.464021557568188 5 1000 8364 5
"2108" "X" 0.006 -0.2475 0.4225 1 1 2666.66666666667 1 5 0.861565832184908 5 1000 8144 5
"2109" "X" 0.006 -0.495 0.71125 1 0 2666.66666666667 1 5 0.340731293541596 5 1000 8770 5
"2110" "X" 0.006 -0.7425 0.46375 1 1 2666.66666666667 1 5 0.768409665060492 5 1000 9348 5
"2111" "X" 0.006 -0.12375 0.79375 1 1 2666.66666666667 1 5 0.230986728775236 5 1000 7880 5
"2112" "X" 0.06 -0.2475 0.0925 1 0.5 2666.66666666667 1 5 2.38054663446376 5 1000 10611 5
"2113" "X" 0.006 -0.70125 0.7525 1 0 2666.66666666667 1 5 0.284354282359106 5 1000 9274 5
"2114" "X" 0.006 -0.70125 0.835 0 1 2666.66666666667 1 5 0.180323554131281 5 1000 9281 5
"2115" "X" 0.006 -0.94875 0.13375 1 0.5 2666.66666666667 1 5 2.01178289320602 5 1000 9815 5
"2116" "X" 0.06 -0.20625 0.87625 1 0.5 2666.66666666667 1 5 0.132103840633337 5 1000 10587 5
"2117" "X" 0.06 -0.12375 0.21625 1 0 2666.66666666667 1 5 1.53132013317015 5 1000 10322 5
"2118" "X" 0.006 -0.33 0.7525 1 0 2666.66666666667 1 5 0.284354282359106 5 1000 8374 5
"2119" "X" 0.006 -0.825 0.38125 0 1 2666.66666666667 1 5 0.964299951060516 5 1000 9537 5
"2120" "X" 0.06 -0.4125 0.835 1 0.5 2666.66666666667 1 5 0.180323554131281 5 1000 11083 5
"2121" "X" 0.006 -0.5775 0.67 1 0.5 2666.66666666667 1 5 0.400477566597125 5 1000 8967 5
"2122" "X" 0.006 0 0.87625 1 0.5 2666.66666666667 1 5 0.132103840633337 5 1000 7587 5
"2123" "X" 0.06 -0.37125 0.38125 0 1 2666.66666666667 1 5 0.964299951060516 5 1000 10937 5
"2124" "X" 0.006 -0.165 0.62875 1 0 2666.66666666667 1 5 0.464021557568188 5 1000 7962 5
"2125" "X" 0.006 -0.0825 0.9175 1 1 2666.66666666667 1 5 0.0861026990534116 5 1000 7792 5
"2126" "X" 0.006 -0.165 0.2575 1 0 2666.66666666667 1 5 1.35673555887835 5 1000 7926 5
"2127" "X" 0.006 -0.45375 0.13375 1 1 2666.66666666667 1 5 2.01178289320602 5 1000 8616 5
"2128" "X" 0.06 -0.20625 0.5875 1 0 2666.66666666667 1 5 0.531879032963823 5 1000 10558 5
"2129" "X" 0.006 -0.5775 0.2575 1 1 2666.66666666667 1 5 1.35673555887835 5 1000 8928 5
"2130" "X" 0.06 -0.9075 0.7525 1 1 2666.66666666667 1 5 0.284354282359106 5 1000 12276 5
"2131" "X" 0.06 0 0.4225 1 1 2666.66666666667 1 5 0.861565832184908 5 1000 10044 5
"2132" "X" 0.006 -0.28875 0.67 0 1 2666.66666666667 1 5 0.400477566597125 5 1000 8265 5
"2133" "X" 0.06 -0.99 0.62875 1 0 2666.66666666667 1 5 0.464021557568188 5 1000 12462 5
"2134" "X" 0.006 -0.20625 0.46375 1 1 2666.66666666667 1 5 0.768409665060492 5 1000 8048 5
"2135" "X" 0.006 -0.37125 0.835 1 0.5 2666.66666666667 1 5 0.180323554131281 5 1000 8483 5
"2136" "X" 0.006 -0.5775 0.01 1 1 2666.66666666667 1 5 4.60517018598809 5 1000 8904 5
"2137" "X" 0.006 -0.20625 1 1 0 2666.66666666667 1 5 0 5 1000 8098 5
"2138" "X" 0.06 -0.86625 0.0925 1 0.5 2666.66666666667 1 5 2.38054663446376 5 1000 12111 5
"2139" "X" 0.06 -0.825 0.05125 1 0.5 2666.66666666667 1 5 2.97103966096362 5 1000 12007 5
"2140" "X" 0.006 -0.4125 0.4225 1 0 2666.66666666667 1 5 0.861565832184908 5 1000 8542 5
"2141" "X" 0.06 -0.28875 0.2575 1 1 2666.66666666667 1 5 1.35673555887835 5 1000 10728 5
"2142" "X" 0.06 -0.66 0.01 1 0 2666.66666666667 1 5 4.60517018598809 5 1000 11602 5
"2143" "X" 0.006 -0.495 0.9175 1 0.5 2666.66666666667 1 5 0.0861026990534116 5 1000 8791 5
"2144" "X" 0.006 -0.2475 0.2575 0 1 2666.66666666667 1 5 1.35673555887835 5 1000 8125 5
"2145" "X" 0.006 -0.825 0.0925 1 0 2666.66666666667 1 5 2.38054663446376 5 1000 9510 5
"2146" "X" 0.06 0 0.13375 1 0 2666.66666666667 1 5 2.01178289320602 5 1000 10014 5
"2147" "X" 0.06 -0.5775 0.38125 1 1 2666.66666666667 1 5 0.964299951060516 5 1000 11440 5
"2148" "X" 0.06 -0.20625 0.54625 1 1 2666.66666666667 1 5 0.604678532572337 5 1000 10556 5
"2149" "X" 0.06 -0.99 0.13375 1 0 2666.66666666667 1 5 2.01178289320602 5 1000 12414 5
"2150" "X" 0.006 -0.2475 0.38125 1 0 2666.66666666667 1 5 0.964299951060516 5 1000 8138 5
"2151" "X" 0.06 -0.165 0.4225 1 0.5 2666.66666666667 1 5 0.861565832184908 5 1000 10443 5
"2152" "X" 0.006 -0.45375 0.9175 1 0 2666.66666666667 1 5 0.0861026990534116 5 1000 8690 5
"2153" "X" 0.006 -0.45375 0.4225 1 0 2666.66666666667 1 5 0.861565832184908 5 1000 8642 5
"2154" "X" 0.006 -0.165 0.175 0 1 2666.66666666667 1 5 1.74296930505862 5 1000 7917 5
"2155" "X" 0.006 -0.9075 0.34 0 1 2666.66666666667 1 5 1.07880966137193 5 1000 9733 5
"2156" "X" 0.06 -0.99 0.29875 1 0 2666.66666666667 1 5 1.20814817573642 5 1000 12430 5
"2157" "X" 0.06 -0.99 0.0925 1 0 2666.66666666667 1 5 2.38054663446376 5 1000 12410 5
"2158" "X" 0.06 -0.4125 0.0925 1 1 2666.66666666667 1 5 2.38054663446376 5 1000 11012 5
"2159" "X" 0.006 -0.495 0.4225 0 1 2666.66666666667 1 5 0.861565832184908 5 1000 8741 5
"2160" "X" 0.006 -0.66 0.87625 1 0.5 2666.66666666667 1 5 0.132103840633337 5 1000 9187 5
"2161" "X" 0.06 -0.165 0.21625 1 0.5 2666.66666666667 1 5 1.53132013317015 5 1000 10423 5
"2162" "X" 0.006 -0.66 0.05125 1 0.5 2666.66666666667 1 5 2.97103966096362 5 1000 9107 5
"2163" "X" 0.006 -0.12375 0.5875 0 1 2666.66666666667 1 5 0.531879032963823 5 1000 7857 5
"2164" "X" 0.06 -0.78375 0.505 1 0.5 2666.66666666667 1 5 0.683196849706777 5 1000 11951 5
"2165" "X" 0.006 -0.9075 0.4225 0 1 2666.66666666667 1 5 0.861565832184908 5 1000 9741 5
"2166" "X" 0.006 -0.53625 0.87625 1 0 2666.66666666667 1 5 0.132103840633337 5 1000 8886 5
"2167" "X" 0.006 -0.37125 0.62875 0 1 2666.66666666667 1 5 0.464021557568188 5 1000 8461 5
"2168" "X" 0.006 -0.825 0.54625 0 1 2666.66666666667 1 5 0.604678532572337 5 1000 9553 5
"2169" "X" 0.06 -0.33 0.79375 1 0.5 2666.66666666667 1 5 0.230986728775236 5 1000 10879 5
"2170" "X" 0.006 -0.78375 0.21625 0 1 2666.66666666667 1 5 1.53132013317015 5 1000 9421 5
"2171" "X" 0.006 -0.86625 0.7525 0 1 2666.66666666667 1 5 0.284354282359106 5 1000 9673 5
"2172" "X" 0.006 -0.0825 0.7525 1 0 2666.66666666667 1 5 0.284354282359106 5 1000 7774 5
"2173" "X" 0.006 -0.0825 0.71125 1 0 2666.66666666667 1 5 0.340731293541596 5 1000 7770 5
"2174" "X" 0.06 -0.825 0.62875 1 0 2666.66666666667 1 5 0.464021557568188 5 1000 12062 5
"2175" "X" 0.06 -0.495 0.4225 1 0 2666.66666666667 1 5 0.861565832184908 5 1000 11242 5
"2176" "X" 0.06 -0.7425 0.29875 1 0.5 2666.66666666667 1 5 1.20814817573642 5 1000 11831 5
"2177" "X" 0.006 -0.165 0.95875 0 1 2666.66666666667 1 5 0.042124926300671 5 1000 7993 5
"2178" "X" 0.006 -0.04125 0.71125 1 1 2666.66666666667 1 5 0.340731293541596 5 1000 7672 5
"2179" "X" 0.06 -0.495 0.2575 0 1 2666.66666666667 1 5 1.35673555887835 5 1000 11225 5
"2180" "X" 0.006 -0.53625 0.13375 1 0.5 2666.66666666667 1 5 2.01178289320602 5 1000 8815 5
"2181" "X" 0.06 -0.94875 0.34 1 0.5 2666.66666666667 1 5 1.07880966137193 5 1000 12335 5
"2182" "X" 0.06 -0.78375 0.46375 1 0 2666.66666666667 1 5 0.768409665060492 5 1000 11946 5
"2183" "X" 0.006 -0.70125 0.71125 0 1 2666.66666666667 1 5 0.340731293541596 5 1000 9269 5
"2184" "X" 0.06 -0.99 0.38125 0 1 2666.66666666667 1 5 0.964299951060516 5 1000 12437 5
"2185" "X" 0.06 -0.37125 0.01 0 1 2666.66666666667 1 5 4.60517018598809 5 1000 10901 5
"2186" "X" 0.06 -0.61875 0.38125 1 0.5 2666.66666666667 1 5 0.964299951060516 5 1000 11539 5
"2187" "X" 0.006 -0.61875 0.67 1 0 2666.66666666667 1 5 0.400477566597125 5 1000 9066 5
"2188" "X" 0.06 -0.0825 0.01 1 1 2666.66666666667 1 5 4.60517018598809 5 1000 10204 5
"2189" "X" 0.006 -0.12375 0.7525 1 1 2666.66666666667 1 5 0.284354282359106 5 1000 7876 5
"2190" "X" 0.06 -0.28875 0.29875 1 0.5 2666.66666666667 1 5 1.20814817573642 5 1000 10731 5
"2191" "X" 0.06 -0.7425 0.34 1 0 2666.66666666667 1 5 1.07880966137193 5 1000 11834 5
"2192" "X" 0.006 -0.0825 0.71125 0 1 2666.66666666667 1 5 0.340731293541596 5 1000 7769 5
"2193" "X" 0.06 -0.5775 0.0925 0 1 2666.66666666667 1 5 2.38054663446376 5 1000 11409 5
"2194" "X" 0.06 -0.66 0.01 1 0.5 2666.66666666667 1 5 4.60517018598809 5 1000 11603 5
"2195" "X" 0.06 0 0.05125 0 1 2666.66666666667 1 5 2.97103966096362 5 1000 10005 5
"2196" "X" 0.006 -0.12375 0.67 1 0.5 2666.66666666667 1 5 0.400477566597125 5 1000 7867 5
"2197" "X" 0.06 -0.70125 0.62875 1 0 2666.66666666667 1 5 0.464021557568188 5 1000 11762 5
"2198" "X" 0.06 -0.12375 0.87625 1 1 2666.66666666667 1 5 0.132103840633337 5 1000 10388 5
"2199" "X" 0.06 -0.45375 0.505 1 0 2666.66666666667 1 5 0.683196849706777 5 1000 11150 5
"2200" "X" 0.06 -0.45375 0.175 1 1 2666.66666666667 1 5 1.74296930505862 5 1000 11120 5
"2201" "X" 0.06 -0.2475 0.34 1 0.5 2666.66666666667 1 5 1.07880966137193 5 1000 10635 5
"2202" "X" 0.006 -0.9075 0.95875 1 0 2666.66666666667 1 5 0.042124926300671 5 1000 9794 5
"2203" "X" 0.006 -0.20625 0.62875 1 1 2666.66666666667 1 5 0.464021557568188 5 1000 8064 5
"2204" "X" 0.006 -0.33 0.46375 1 1 2666.66666666667 1 5 0.768409665060492 5 1000 8348 5
"2205" "X" 0.06 -0.2475 0.4225 1 0.5 2666.66666666667 1 5 0.861565832184908 5 1000 10643 5
"2206" "X" 0.006 -0.86625 0.71125 1 0 2666.66666666667 1 5 0.340731293541596 5 1000 9670 5
"2207" "X" 0.006 -0.4125 0.505 1 0 2666.66666666667 1 5 0.683196849706777 5 1000 8550 5
"2208" "X" 0.006 -0.78375 0.79375 1 0 2666.66666666667 1 5 0.230986728775236 5 1000 9478 5
"2209" "X" 0.06 -0.61875 0.21625 0 1 2666.66666666667 1 5 1.53132013317015 5 1000 11521 5
"2210" "X" 0.06 -0.86625 0.29875 1 0 2666.66666666667 1 5 1.20814817573642 5 1000 12130 5
"2211" "X" 0.006 -0.53625 0.54625 1 1 2666.66666666667 1 5 0.604678532572337 5 1000 8856 5
"2212" "X" 0.06 -0.2475 0.9175 1 0.5 2666.66666666667 1 5 0.0861026990534116 5 1000 10691 5
"2213" "X" 0.06 -0.33 0.175 1 0.5 2666.66666666667 1 5 1.74296930505862 5 1000 10819 5
"2214" "X" 0.06 -0.78375 0.54625 1 1 2666.66666666667 1 5 0.604678532572337 5 1000 11956 5
"2215" "X" 0.006 -0.5775 0.2575 1 0.5 2666.66666666667 1 5 1.35673555887835 5 1000 8927 5
"2216" "X" 0.006 -0.04125 0.62875 1 1 2666.66666666667 1 5 0.464021557568188 5 1000 7664 5
"2217" "X" 0.006 -0.5775 0.95875 1 1 2666.66666666667 1 5 0.042124926300671 5 1000 8996 5
"2218" "X" 0.006 -0.495 0.05125 1 1 2666.66666666667 1 5 2.97103966096362 5 1000 8708 5
"2219" "X" 0.006 -0.495 0.835 1 0 2666.66666666667 1 5 0.180323554131281 5 1000 8782 5
"2220" "X" 0.006 -0.9075 0.5875 1 0.5 2666.66666666667 1 5 0.531879032963823 5 1000 9759 5
"2221" "X" 0.006 -0.20625 0.01 1 0 2666.66666666667 1 5 4.60517018598809 5 1000 8002 5
"2222" "X" 0.06 -0.9075 0.46375 1 0.5 2666.66666666667 1 5 0.768409665060492 5 1000 12247 5
"2223" "X" 0.006 -0.94875 0.01 1 0 2666.66666666667 1 5 4.60517018598809 5 1000 9802 5
"2224" "X" 0.006 -0.4125 0.9175 1 0 2666.66666666667 1 5 0.0861026990534116 5 1000 8590 5
"2225" "X" 0.06 -0.61875 0.54625 1 0.5 2666.66666666667 1 5 0.604678532572337 5 1000 11555 5
"2226" "X" 0.06 -0.9075 0.29875 1 0 2666.66666666667 1 5 1.20814817573642 5 1000 12230 5
"2227" "X" 0.006 -0.70125 0.46375 0 1 2666.66666666667 1 5 0.768409665060492 5 1000 9245 5
"2228" "X" 0.06 -0.94875 0.54625 1 0.5 2666.66666666667 1 5 0.604678532572337 5 1000 12355 5
"2229" "X" 0.006 -0.5775 0.21625 1 0.5 2666.66666666667 1 5 1.53132013317015 5 1000 8923 5
"2230" "X" 0.006 -0.70125 0.9175 0 1 2666.66666666667 1 5 0.0861026990534116 5 1000 9289 5
"2231" "X" 0.06 -0.165 1 1 1 2666.66666666667 1 5 0 5 1000 10500 5
"2232" "X" 0.006 -0.5775 0.38125 1 1 2666.66666666667 1 5 0.964299951060516 5 1000 8940 5
"2233" "X" 0.06 -0.2475 0.4225 1 0 2666.66666666667 1 5 0.861565832184908 5 1000 10642 5
"2234" "X" 0.006 0 0.9175 1 0 2666.66666666667 1 5 0.0861026990534116 5 1000 7590 5
"2235" "X" 0.006 -0.78375 0.71125 0 1 2666.66666666667 1 5 0.340731293541596 5 1000 9469 5
"2236" "X" 0.06 -0.9075 0.9175 1 1 2666.66666666667 1 5 0.0861026990534116 5 1000 12292 5
"2237" "X" 0.06 -0.53625 0.62875 1 0 2666.66666666667 1 5 0.464021557568188 5 1000 11362 5
"2238" "X" 0.06 -0.20625 0.29875 0 1 2666.66666666667 1 5 1.20814817573642 5 1000 10529 5
"2239" "X" 0.06 -0.66 0.46375 0 1 2666.66666666667 1 5 0.768409665060492 5 1000 11645 5
"2240" "X" 0.06 -0.4125 0.2575 1 0 2666.66666666667 1 5 1.35673555887835 5 1000 11026 5
"2241" "X" 0.06 -0.94875 0.0925 1 0.5 2666.66666666667 1 5 2.38054663446376 5 1000 12311 5
"2242" "X" 0.06 -0.165 0.7525 0 1 2666.66666666667 1 5 0.284354282359106 5 1000 10473 5
"2243" "X" 0.06 -0.33 0.0925 1 0.5 2666.66666666667 1 5 2.38054663446376 5 1000 10811 5
"2244" "X" 0.006 -0.28875 0.2575 1 1 2666.66666666667 1 5 1.35673555887835 5 1000 8228 5
"2245" "X" 0.006 -0.66 0.9175 1 0 2666.66666666667 1 5 0.0861026990534116 5 1000 9190 5
"2246" "X" 0.06 -0.04125 0.62875 1 1 2666.66666666667 1 5 0.464021557568188 5 1000 10164 5
"2247" "X" 0.06 -0.20625 0.835 0 1 2666.66666666667 1 5 0.180323554131281 5 1000 10581 5
"2248" "X" 0.006 -0.78375 0.21625 1 0 2666.66666666667 1 5 1.53132013317015 5 1000 9422 5
"2249" "X" 0.06 -0.45375 0.5875 1 1 2666.66666666667 1 5 0.531879032963823 5 1000 11160 5
"2250" "X" 0.006 -0.2475 0.95875 1 0.5 2666.66666666667 1 5 0.042124926300671 5 1000 8195 5
"2251" "X" 0.06 -0.0825 0.2575 0 1 2666.66666666667 1 5 1.35673555887835 5 1000 10225 5
"2252" "X" 0.006 -0.33 0.87625 1 1 2666.66666666667 1 5 0.132103840633337 5 1000 8388 5
"2253" "X" 0.006 -0.66 0.2575 0 1 2666.66666666667 1 5 1.35673555887835 5 1000 9125 5
"2254" "X" 0.006 -0.28875 0.4225 1 0 2666.66666666667 1 5 0.861565832184908 5 1000 8242 5
"2255" "X" 0.06 -0.7425 0.21625 1 1 2666.66666666667 1 5 1.53132013317015 5 1000 11824 5
"2256" "X" 0.06 -0.5775 0.46375 1 0 2666.66666666667 1 5 0.768409665060492 5 1000 11446 5
"2257" "X" 0.06 -0.33 0.79375 1 1 2666.66666666667 1 5 0.230986728775236 5 1000 10880 5
"2258" "X" 0.06 -0.66 0.2575 1 0.5 2666.66666666667 1 5 1.35673555887835 5 1000 11627 5
"2259" "X" 0.06 -0.9075 0.46375 0 1 2666.66666666667 1 5 0.768409665060492 5 1000 12245 5
"2260" "X" 0.006 -0.61875 0.79375 1 0.5 2666.66666666667 1 5 0.230986728775236 5 1000 9079 5
"2261" "X" 0.06 -0.86625 0.505 1 0 2666.66666666667 1 5 0.683196849706777 5 1000 12150 5
"2262" "X" 0.06 -0.37125 0.29875 1 0 2666.66666666667 1 5 1.20814817573642 5 1000 10930 5
"2263" "X" 0.006 -0.9075 0.2575 1 1 2666.66666666667 1 5 1.35673555887835 5 1000 9728 5
"2264" "X" 0.006 -0.99 1 1 1 2666.66666666667 1 5 0 5 1000 10000 5
"2265" "X" 0.06 -0.37125 0.5875 1 1 2666.66666666667 1 5 0.531879032963823 5 1000 10960 5
"2266" "X" 0.006 -0.9075 0.175 1 0 2666.66666666667 1 5 1.74296930505862 5 1000 9718 5
"2267" "X" 0.006 -0.2475 0.46375 0 1 2666.66666666667 1 5 0.768409665060492 5 1000 8145 5
"2268" "X" 0.06 -0.7425 0.5875 1 1 2666.66666666667 1 5 0.531879032963823 5 1000 11860 5
"2269" "X" 0.006 -0.165 0.4225 0 1 2666.66666666667 1 5 0.861565832184908 5 1000 7941 5
"2270" "X" 0.006 -0.45375 0.71125 1 0.5 2666.66666666667 1 5 0.340731293541596 5 1000 8671 5
"2271" "X" 0.006 -0.45375 1 1 0 2666.66666666667 1 5 0 5 1000 8698 5
"2272" "X" 0.006 -0.4125 0.67 1 1 2666.66666666667 1 5 0.400477566597125 5 1000 8568 5
"2273" "X" 0.006 -0.99 0.46375 1 0.5 2666.66666666667 1 5 0.768409665060492 5 1000 9947 5
"2274" "X" 0.06 -0.66 0.505 1 1 2666.66666666667 1 5 0.683196849706777 5 1000 11652 5
"2275" "X" 0.006 0 0.505 1 1 2666.66666666667 1 5 0.683196849706777 5 1000 7552 5
"2276" "X" 0.006 -0.5775 0.34 0 1 2666.66666666667 1 5 1.07880966137193 5 1000 8933 5
"2277" "X" 0.006 -0.61875 0.13375 1 1 2666.66666666667 1 5 2.01178289320602 5 1000 9016 5
"2278" "X" 0.006 0 0.46375 1 0.5 2666.66666666667 1 5 0.768409665060492 5 1000 7547 5
"2279" "X" 0.006 -0.28875 0.38125 1 1 2666.66666666667 1 5 0.964299951060516 5 1000 8240 5
"2280" "X" 0.006 -0.165 0.0925 1 0.5 2666.66666666667 1 5 2.38054663446376 5 1000 7911 5
"2281" "X" 0.06 -0.28875 0.62875 1 1 2666.66666666667 1 5 0.464021557568188 5 1000 10764 5
"2282" "X" 0.006 -0.53625 0.5875 0 1 2666.66666666667 1 5 0.531879032963823 5 1000 8857 5
"2283" "X" 0.006 -0.2475 0.05125 0 1 2666.66666666667 1 5 2.97103966096362 5 1000 8105 5
"2284" "X" 0.06 -0.61875 0.505 0 1 2666.66666666667 1 5 0.683196849706777 5 1000 11549 5
"2285" "X" 0.06 -0.4125 0.38125 1 0.5 2666.66666666667 1 5 0.964299951060516 5 1000 11039 5
"2286" "X" 0.06 -0.825 0.9175 1 0 2666.66666666667 1 5 0.0861026990534116 5 1000 12090 5
"2287" "X" 0.06 -0.99 0.4225 0 1 2666.66666666667 1 5 0.861565832184908 5 1000 12441 5
"2288" "X" 0.06 -0.28875 0.0925 1 1 2666.66666666667 1 5 2.38054663446376 5 1000 10712 5
"2289" "X" 0.06 -0.70125 0.29875 1 1 2666.66666666667 1 5 1.20814817573642 5 1000 11732 5
"2290" "X" 0.06 -0.2475 0.62875 0 1 2666.66666666667 1 5 0.464021557568188 5 1000 10661 5
"2291" "X" 0.06 -0.04125 0.01 1 0 2666.66666666667 1 5 4.60517018598809 5 1000 10102 5
"2292" "X" 0.006 -0.33 0.05125 1 1 2666.66666666667 1 5 2.97103966096362 5 1000 8308 5
"2293" "X" 0.006 -0.28875 0.9175 1 0 2666.66666666667 1 5 0.0861026990534116 5 1000 8290 5
"2294" "X" 0.06 -0.12375 0.9175 1 0.5 2666.66666666667 1 5 0.0861026990534116 5 1000 10391 5
"2295" "X" 0.06 -0.99 0.2575 1 0.5 2666.66666666667 1 5 1.35673555887835 5 1000 12427 5
"2296" "X" 0.06 -0.37125 0.05125 1 1 2666.66666666667 1 5 2.97103966096362 5 1000 10908 5
"2297" "X" 0.06 -0.825 0.4225 1 1 2666.66666666667 1 5 0.861565832184908 5 1000 12044 5
"2298" "X" 0.06 -0.5775 0.9175 1 1 2666.66666666667 1 5 0.0861026990534116 5 1000 11492 5
"2299" "X" 0.006 -0.37125 0.05125 1 0.5 2666.66666666667 1 5 2.97103966096362 5 1000 8407 5
"2300" "X" 0.006 -0.0825 0.54625 0 1 2666.66666666667 1 5 0.604678532572337 5 1000 7753 5
"2301" "X" 0.06 -0.4125 0.0925 0 1 2666.66666666667 1 5 2.38054663446376 5 1000 11009 5
"2302" "X" 0.06 -0.53625 0.01 1 0.5 2666.66666666667 1 5 4.60517018598809 5 1000 11303 5
"2303" "X" 0.006 -0.20625 0.505 1 1 2666.66666666667 1 5 0.683196849706777 5 1000 8052 5
"2304" "X" 0.006 -0.70125 0.505 0 1 2666.66666666667 1 5 0.683196849706777 5 1000 9249 5
"2305" "X" 0.06 -0.4125 0.2575 1 1 2666.66666666667 1 5 1.35673555887835 5 1000 11028 5
"2306" "X" 0.006 -0.4125 0.2575 1 1 2666.66666666667 1 5 1.35673555887835 5 1000 8528 5
"2307" "X" 0.06 -0.70125 0.34 1 0.5 2666.66666666667 1 5 1.07880966137193 5 1000 11735 5
"2308" "X" 0.06 -0.78375 0.175 0 1 2666.66666666667 1 5 1.74296930505862 5 1000 11917 5
"2309" "X" 0.06 -0.66 0.01 0 1 2666.66666666667 1 5 4.60517018598809 5 1000 11601 5
"2310" "X" 0.06 -0.99 0.505 1 0.5 2666.66666666667 1 5 0.683196849706777 5 1000 12451 5
"2311" "X" 0.06 0 0.67 1 0.5 2666.66666666667 1 5 0.400477566597125 5 1000 10067 5
"2312" "X" 0.006 -0.0825 0.79375 1 0.5 2666.66666666667 1 5 0.230986728775236 5 1000 7779 5
"2313" "X" 0.006 -0.825 0.71125 1 0.5 2666.66666666667 1 5 0.340731293541596 5 1000 9571 5
"2314" "X" 0.06 -0.53625 0.05125 0 1 2666.66666666667 1 5 2.97103966096362 5 1000 11305 5
"2315" "X" 0.06 -0.70125 0.67 0 1 2666.66666666667 1 5 0.400477566597125 5 1000 11765 5
"2316" "X" 0.06 -0.7425 1 1 0.5 2666.66666666667 1 5 0 5 1000 11899 5
"2317" "X" 0.06 -0.495 1 1 0.5 2666.66666666667 1 5 0 5 1000 11299 5
"2318" "X" 0.06 -0.61875 0.38125 0 1 2666.66666666667 1 5 0.964299951060516 5 1000 11537 5
"2319" "X" 0.006 -0.61875 0.9175 0 1 2666.66666666667 1 5 0.0861026990534116 5 1000 9089 5
"2320" "X" 0.006 -0.7425 0.71125 1 1 2666.66666666667 1 5 0.340731293541596 5 1000 9372 5
"2321" "X" 0.006 -0.33 0.38125 0 1 2666.66666666667 1 5 0.964299951060516 5 1000 8337 5
"2322" "X" 0.006 -0.4125 0.38125 1 0 2666.66666666667 1 5 0.964299951060516 5 1000 8538 5
"2323" "X" 0.06 -0.53625 0.79375 1 1 2666.66666666667 1 5 0.230986728775236 5 1000 11380 5
"2324" "X" 0.006 -0.53625 0.505 1 0.5 2666.66666666667 1 5 0.683196849706777 5 1000 8851 5
"2325" "X" 0.06 -0.2475 0.95875 1 1 2666.66666666667 1 5 0.042124926300671 5 1000 10696 5
"2326" "X" 0.06 -0.825 0.21625 0 1 2666.66666666667 1 5 1.53132013317015 5 1000 12021 5
"2327" "X" 0.006 -0.37125 0.835 1 1 2666.66666666667 1 5 0.180323554131281 5 1000 8484 5
"2328" "X" 0.06 -0.94875 0.5875 0 1 2666.66666666667 1 5 0.531879032963823 5 1000 12357 5
"2329" "X" 0.06 -0.04125 0.13375 1 1 2666.66666666667 1 5 2.01178289320602 5 1000 10116 5
"2330" "X" 0.06 -0.78375 0.835 1 0 2666.66666666667 1 5 0.180323554131281 5 1000 11982 5
"2331" "X" 0.06 -0.20625 0.5875 1 0.5 2666.66666666667 1 5 0.531879032963823 5 1000 10559 5
"2332" "X" 0.006 -0.70125 0.38125 0 1 2666.66666666667 1 5 0.964299951060516 5 1000 9237 5
"2333" "X" 0.006 -0.0825 0.01 1 1 2666.66666666667 1 5 4.60517018598809 5 1000 7704 5
"2334" "X" 0.06 -0.94875 0.0925 0 1 2666.66666666667 1 5 2.38054663446376 5 1000 12309 5
"2335" "X" 0.006 -0.2475 0.4225 1 0.5 2666.66666666667 1 5 0.861565832184908 5 1000 8143 5
"2336" "X" 0.06 -0.2475 0.46375 1 0 2666.66666666667 1 5 0.768409665060492 5 1000 10646 5
"2337" "X" 0.006 -0.45375 0.835 1 1 2666.66666666667 1 5 0.180323554131281 5 1000 8684 5
"2338" "X" 0.006 -0.99 0.29875 0 1 2666.66666666667 1 5 1.20814817573642 5 1000 9929 5
"2339" "X" 0.06 -0.28875 0.835 1 0 2666.66666666667 1 5 0.180323554131281 5 1000 10782 5
"2340" "X" 0.06 -0.04125 0.5875 1 0 2666.66666666667 1 5 0.531879032963823 5 1000 10158 5
"2341" "X" 0.06 -0.86625 0.175 0 1 2666.66666666667 1 5 1.74296930505862 5 1000 12117 5
"2342" "X" 0.006 0 1 0 1 2666.66666666667 1 5 0 5 1000 7597 5
"2343" "X" 0.06 -0.0825 0.2575 1 0 2666.66666666667 1 5 1.35673555887835 5 1000 10226 5
"2344" "X" 0.06 -0.20625 0.29875 1 0.5 2666.66666666667 1 5 1.20814817573642 5 1000 10531 5
"2345" "X" 0.006 0 0.67 1 0.5 2666.66666666667 1 5 0.400477566597125 5 1000 7567 5
"2346" "X" 0.06 0 0.4225 1 0.5 2666.66666666667 1 5 0.861565832184908 5 1000 10043 5
"2347" "X" 0.006 -0.66 0.46375 1 1 2666.66666666667 1 5 0.768409665060492 5 1000 9148 5
"2348" "X" 0.006 -0.53625 0.05125 0 1 2666.66666666667 1 5 2.97103966096362 5 1000 8805 5
"2349" "X" 0.006 -0.495 0.46375 1 0 2666.66666666667 1 5 0.768409665060492 5 1000 8746 5
"2350" "X" 0.06 -0.12375 0.505 1 0 2666.66666666667 1 5 0.683196849706777 5 1000 10350 5
"2351" "X" 0.06 -0.495 0.4225 1 1 2666.66666666667 1 5 0.861565832184908 5 1000 11244 5
"2352" "X" 0.06 -0.53625 0.05125 1 0.5 2666.66666666667 1 5 2.97103966096362 5 1000 11307 5
"2353" "X" 0.06 -0.5775 0.34 0 1 2666.66666666667 1 5 1.07880966137193 5 1000 11433 5
"2354" "X" 0.06 -0.04125 0.175 0 1 2666.66666666667 1 5 1.74296930505862 5 1000 10117 5
"2355" "X" 0.06 -0.66 0.0925 0 1 2666.66666666667 1 5 2.38054663446376 5 1000 11609 5
"2356" "X" 0.006 -0.12375 0.21625 0 1 2666.66666666667 1 5 1.53132013317015 5 1000 7821 5
"2357" "X" 0.006 -0.0825 0.54625 1 0.5 2666.66666666667 1 5 0.604678532572337 5 1000 7755 5
"2358" "X" 0.006 -0.28875 0.4225 1 1 2666.66666666667 1 5 0.861565832184908 5 1000 8244 5
"2359" "X" 0.06 -0.7425 0.2575 0 1 2666.66666666667 1 5 1.35673555887835 5 1000 11825 5
"2360" "X" 0.006 -0.86625 0.4225 0 1 2666.66666666667 1 5 0.861565832184908 5 1000 9641 5
"2361" "X" 0.006 -0.495 0.29875 1 1 2666.66666666667 1 5 1.20814817573642 5 1000 8732 5
"2362" "X" 0.006 -0.94875 0.4225 1 0 2666.66666666667 1 5 0.861565832184908 5 1000 9842 5
"2363" "X" 0.06 -0.165 0.29875 1 0 2666.66666666667 1 5 1.20814817573642 5 1000 10430 5
"2364" "X" 0.06 -0.12375 0.87625 1 0 2666.66666666667 1 5 0.132103840633337 5 1000 10386 5
"2365" "X" 0.06 -0.28875 0.71125 1 0.5 2666.66666666667 1 5 0.340731293541596 5 1000 10771 5
"2366" "X" 0.06 -0.825 0.13375 0 1 2666.66666666667 1 5 2.01178289320602 5 1000 12013 5
"2367" "X" 0.006 -0.2475 0.13375 1 0 2666.66666666667 1 5 2.01178289320602 5 1000 8114 5
"2368" "X" 0.006 -0.4125 0.46375 1 0.5 2666.66666666667 1 5 0.768409665060492 5 1000 8547 5
"2369" "X" 0.06 -0.2475 0.2575 0 1 2666.66666666667 1 5 1.35673555887835 5 1000 10625 5
"2370" "X" 0.06 -0.4125 0.71125 1 1 2666.66666666667 1 5 0.340731293541596 5 1000 11072 5
"2371" "X" 0.006 -0.99 1 1 0.5 2666.66666666667 1 5 0 5 1000 9999 5
"2372" "X" 0.06 -0.45375 0.01 1 0.5 2666.66666666667 1 5 4.60517018598809 5 1000 11103 5
"2373" "X" 0.006 -0.33 0.0925 1 1 2666.66666666667 1 5 2.38054663446376 5 1000 8312 5
"2374" "X" 0.06 -0.86625 0.95875 1 0 2666.66666666667 1 5 0.042124926300671 5 1000 12194 5
"2375" "X" 0.006 -0.5775 0.5875 0 1 2666.66666666667 1 5 0.531879032963823 5 1000 8957 5
"2376" "X" 0.006 -0.0825 0.21625 1 1 2666.66666666667 1 5 1.53132013317015 5 1000 7724 5
"2377" "X" 0.006 -0.70125 0.95875 1 0.5 2666.66666666667 1 5 0.042124926300671 5 1000 9295 5
"2378" "X" 0.06 -0.28875 0.87625 1 0 2666.66666666667 1 5 0.132103840633337 5 1000 10786 5
"2379" "X" 0.006 -0.61875 0.9175 1 1 2666.66666666667 1 5 0.0861026990534116 5 1000 9092 5
"2380" "X" 0.006 -0.12375 0.71125 1 1 2666.66666666667 1 5 0.340731293541596 5 1000 7872 5
"2381" "X" 0.06 -0.78375 0.9175 1 1 2666.66666666667 1 5 0.0861026990534116 5 1000 11992 5
"2382" "X" 0.006 -0.04125 0.4225 1 0.5 2666.66666666667 1 5 0.861565832184908 5 1000 7643 5
"2383" "X" 0.006 -0.99 0.13375 1 0.5 2666.66666666667 1 5 2.01178289320602 5 1000 9915 5
"2384" "X" 0.006 -0.0825 0.7525 1 1 2666.66666666667 1 5 0.284354282359106 5 1000 7776 5
"2385" "X" 0.06 -0.12375 0.46375 1 1 2666.66666666667 1 5 0.768409665060492 5 1000 10348 5
"2386" "X" 0.006 -0.04125 1 0 1 2666.66666666667 1 5 0 5 1000 7697 5
"2387" "X" 0.006 -0.28875 0.87625 1 1 2666.66666666667 1 5 0.132103840633337 5 1000 8288 5
"2388" "X" 0.006 -0.78375 0.2575 1 1 2666.66666666667 1 5 1.35673555887835 5 1000 9428 5
"2389" "X" 0.006 -0.5775 0.05125 1 0 2666.66666666667 1 5 2.97103966096362 5 1000 8906 5
"2390" "X" 0.06 -0.37125 0.46375 1 0 2666.66666666667 1 5 0.768409665060492 5 1000 10946 5
"2391" "X" 0.006 -0.33 0.38125 1 0 2666.66666666667 1 5 0.964299951060516 5 1000 8338 5
"2392" "X" 0.006 -0.12375 0.505 1 0.5 2666.66666666667 1 5 0.683196849706777 5 1000 7851 5
"2393" "X" 0.006 -0.4125 0.87625 1 0.5 2666.66666666667 1 5 0.132103840633337 5 1000 8587 5
"2394" "X" 0.006 -0.20625 0.5875 1 0.5 2666.66666666667 1 5 0.531879032963823 5 1000 8059 5
"2395" "X" 0.06 -0.825 0.67 1 0.5 2666.66666666667 1 5 0.400477566597125 5 1000 12067 5
"2396" "X" 0.06 -0.20625 0.835 1 0.5 2666.66666666667 1 5 0.180323554131281 5 1000 10583 5
"2397" "X" 0.06 -0.825 0.4225 1 0 2666.66666666667 1 5 0.861565832184908 5 1000 12042 5
"2398" "X" 0.006 -0.12375 0.67 0 1 2666.66666666667 1 5 0.400477566597125 5 1000 7865 5
"2399" "X" 0.006 -0.61875 0.29875 1 0 2666.66666666667 1 5 1.20814817573642 5 1000 9030 5
"2400" "X" 0.006 -0.61875 0.175 1 0.5 2666.66666666667 1 5 1.74296930505862 5 1000 9019 5
"2401" "X" 0.006 -0.7425 0.5875 1 0 2666.66666666667 1 5 0.531879032963823 5 1000 9358 5
"2402" "X" 0.06 -0.12375 0.2575 1 0.5 2666.66666666667 1 5 1.35673555887835 5 1000 10327 5
"2403" "X" 0.06 -0.495 0.5875 1 0 2666.66666666667 1 5 0.531879032963823 5 1000 11258 5
"2404" "X" 0.06 -0.5775 0.7525 1 0 2666.66666666667 1 5 0.284354282359106 5 1000 11474 5
"2405" "X" 0.006 -0.0825 0.29875 0 1 2666.66666666667 1 5 1.20814817573642 5 1000 7729 5
"2406" "X" 0.06 -0.825 0.01 1 0 2666.66666666667 1 5 4.60517018598809 5 1000 12002 5
"2407" "X" 0.06 -0.20625 0.21625 1 1 2666.66666666667 1 5 1.53132013317015 5 1000 10524 5
"2408" "X" 0.06 -0.37125 0.29875 0 1 2666.66666666667 1 5 1.20814817573642 5 1000 10929 5
"2409" "X" 0.006 -0.5775 0.95875 1 0 2666.66666666667 1 5 0.042124926300671 5 1000 8994 5
"2410" "X" 0.06 -0.9075 0.79375 1 1 2666.66666666667 1 5 0.230986728775236 5 1000 12280 5
"2411" "X" 0.06 -0.99 0.21625 1 0.5 2666.66666666667 1 5 1.53132013317015 5 1000 12423 5
"2412" "X" 0.006 -0.66 1 1 1 2666.66666666667 1 5 0 5 1000 9200 5
"2413" "X" 0.06 -0.2475 0.54625 1 1 2666.66666666667 1 5 0.604678532572337 5 1000 10656 5
"2414" "X" 0.06 -0.165 0.79375 1 0 2666.66666666667 1 5 0.230986728775236 5 1000 10478 5
"2415" "X" 0.006 -0.53625 0.38125 1 1 2666.66666666667 1 5 0.964299951060516 5 1000 8840 5
"2416" "X" 0.06 -0.33 0.835 1 0.5 2666.66666666667 1 5 0.180323554131281 5 1000 10883 5
"2417" "X" 0.06 -0.9075 0.13375 1 0 2666.66666666667 1 5 2.01178289320602 5 1000 12214 5
"2418" "X" 0.06 -0.4125 0.95875 0 1 2666.66666666667 1 5 0.042124926300671 5 1000 11093 5
"2419" "X" 0.06 -0.7425 0.175 1 0.5 2666.66666666667 1 5 1.74296930505862 5 1000 11819 5
"2420" "X" 0.006 -0.86625 0.175 1 0.5 2666.66666666667 1 5 1.74296930505862 5 1000 9619 5
"2421" "X" 0.06 -0.495 0.0925 1 0 2666.66666666667 1 5 2.38054663446376 5 1000 11210 5
"2422" "X" 0.006 -0.99 0.7525 1 0.5 2666.66666666667 1 5 0.284354282359106 5 1000 9975 5
"2423" "X" 0.006 -0.28875 0.05125 0 1 2666.66666666667 1 5 2.97103966096362 5 1000 8205 5
"2424" "X" 0.006 -0.2475 0.71125 1 0 2666.66666666667 1 5 0.340731293541596 5 1000 8170 5
"2425" "X" 0.006 -0.28875 0.5875 0 1 2666.66666666667 1 5 0.531879032963823 5 1000 8257 5
"2426" "X" 0.006 -0.495 0.54625 1 1 2666.66666666667 1 5 0.604678532572337 5 1000 8756 5
"2427" "X" 0.006 -0.04125 0.67 1 0 2666.66666666667 1 5 0.400477566597125 5 1000 7666 5
"2428" "X" 0.06 -0.28875 0.505 1 0.5 2666.66666666667 1 5 0.683196849706777 5 1000 10751 5
"2429" "X" 0.006 -0.7425 0.9175 1 0 2666.66666666667 1 5 0.0861026990534116 5 1000 9390 5
"2430" "X" 0.06 -0.45375 0.34 1 0 2666.66666666667 1 5 1.07880966137193 5 1000 11134 5
"2431" "X" 0.06 -0.20625 0.7525 1 0 2666.66666666667 1 5 0.284354282359106 5 1000 10574 5
"2432" "X" 0.006 -0.45375 0.505 1 0 2666.66666666667 1 5 0.683196849706777 5 1000 8650 5
"2433" "X" 0.06 -0.28875 0.21625 0 1 2666.66666666667 1 5 1.53132013317015 5 1000 10721 5
"2434" "X" 0.06 -0.53625 0.21625 1 0 2666.66666666667 1 5 1.53132013317015 5 1000 11322 5
"2435" "X" 0.06 -0.495 0.62875 1 0.5 2666.66666666667 1 5 0.464021557568188 5 1000 11263 5
"2436" "X" 0.006 -0.78375 0.54625 1 0.5 2666.66666666667 1 5 0.604678532572337 5 1000 9455 5
"2437" "X" 0.006 0 0.38125 0 1 2666.66666666667 1 5 0.964299951060516 5 1000 7537 5
"2438" "X" 0.006 -0.78375 0.54625 0 1 2666.66666666667 1 5 0.604678532572337 5 1000 9453 5
"2439" "X" 0.006 -0.2475 0.21625 0 1 2666.66666666667 1 5 1.53132013317015 5 1000 8121 5
"2440" "X" 0.006 -0.9075 0.95875 1 1 2666.66666666667 1 5 0.042124926300671 5 1000 9796 5
"2441" "X" 0.06 -0.28875 0.13375 1 0.5 2666.66666666667 1 5 2.01178289320602 5 1000 10715 5
"2442" "X" 0.06 -0.99 0.5875 1 0 2666.66666666667 1 5 0.531879032963823 5 1000 12458 5
"2443" "X" 0.06 -0.86625 0.5875 1 0.5 2666.66666666667 1 5 0.531879032963823 5 1000 12159 5
"2444" "X" 0.06 -0.825 0.79375 0 1 2666.66666666667 1 5 0.230986728775236 5 1000 12077 5
"2445" "X" 0.06 -0.86625 0.87625 1 0.5 2666.66666666667 1 5 0.132103840633337 5 1000 12187 5
"2446" "X" 0.06 -0.45375 0.29875 1 0.5 2666.66666666667 1 5 1.20814817573642 5 1000 11131 5
"2447" "X" 0.06 -0.4125 0.21625 1 1 2666.66666666667 1 5 1.53132013317015 5 1000 11024 5
"2448" "X" 0.06 -0.45375 0.2575 0 1 2666.66666666667 1 5 1.35673555887835 5 1000 11125 5
"2449" "X" 0.06 -0.94875 0.87625 1 1 2666.66666666667 1 5 0.132103840633337 5 1000 12388 5
"2450" "X" 0.06 -0.0825 0.29875 1 0 2666.66666666667 1 5 1.20814817573642 5 1000 10230 5
"2451" "X" 0.006 -0.20625 0.05125 0 1 2666.66666666667 1 5 2.97103966096362 5 1000 8005 5
"2452" "X" 0.006 -0.12375 0.5875 1 0.5 2666.66666666667 1 5 0.531879032963823 5 1000 7859 5
"2453" "X" 0.06 -0.20625 0.62875 1 0 2666.66666666667 1 5 0.464021557568188 5 1000 10562 5
"2454" "X" 0.06 -0.33 0.4225 0 1 2666.66666666667 1 5 0.861565832184908 5 1000 10841 5
"2455" "X" 0.006 -0.70125 0.05125 1 1 2666.66666666667 1 5 2.97103966096362 5 1000 9208 5
"2456" "X" 0.06 -0.78375 0.79375 0 1 2666.66666666667 1 5 0.230986728775236 5 1000 11977 5
"2457" "X" 0.006 -0.20625 0.9175 1 0 2666.66666666667 1 5 0.0861026990534116 5 1000 8090 5
"2458" "X" 0.006 -0.99 0.87625 0 1 2666.66666666667 1 5 0.132103840633337 5 1000 9985 5
"2459" "X" 0.006 -0.20625 0.13375 1 0.5 2666.66666666667 1 5 2.01178289320602 5 1000 8015 5
"2460" "X" 0.006 -0.9075 0.7525 0 1 2666.66666666667 1 5 0.284354282359106 5 1000 9773 5
"2461" "X" 0.006 -0.495 0.62875 1 0 2666.66666666667 1 5 0.464021557568188 5 1000 8762 5
"2462" "X" 0.06 -0.2475 1 1 1 2666.66666666667 1 5 0 5 1000 10700 5
"2463" "X" 0.06 -0.04125 0.5875 1 0.5 2666.66666666667 1 5 0.531879032963823 5 1000 10159 5
"2464" "X" 0.006 -0.165 0.21625 0 1 2666.66666666667 1 5 1.53132013317015 5 1000 7921 5
"2465" "X" 0.06 -0.7425 0.5875 1 0 2666.66666666667 1 5 0.531879032963823 5 1000 11858 5
"2466" "X" 0.06 -0.45375 0.835 1 0.5 2666.66666666667 1 5 0.180323554131281 5 1000 11183 5
"2467" "X" 0.006 0 0.505 0 1 2666.66666666667 1 5 0.683196849706777 5 1000 7549 5
"2468" "X" 0.06 -0.4125 0.54625 1 1 2666.66666666667 1 5 0.604678532572337 5 1000 11056 5
"2469" "X" 0.06 -0.0825 0.62875 0 1 2666.66666666667 1 5 0.464021557568188 5 1000 10261 5
"2470" "X" 0.006 -0.04125 0.54625 1 0 2666.66666666667 1 5 0.604678532572337 5 1000 7654 5
"2471" "X" 0.006 -0.66 0.67 1 0.5 2666.66666666667 1 5 0.400477566597125 5 1000 9167 5
"2472" "X" 0.06 -0.37125 0.7525 1 0 2666.66666666667 1 5 0.284354282359106 5 1000 10974 5
"2473" "X" 0.006 -0.53625 0.05125 1 0 2666.66666666667 1 5 2.97103966096362 5 1000 8806 5
"2474" "X" 0.006 -0.9075 0.7525 1 0.5 2666.66666666667 1 5 0.284354282359106 5 1000 9775 5
"2475" "X" 0.06 -0.70125 0.4225 1 0 2666.66666666667 1 5 0.861565832184908 5 1000 11742 5
"2476" "X" 0.06 -0.495 1 1 1 2666.66666666667 1 5 0 5 1000 11300 5
"2477" "X" 0.06 -0.5775 0.95875 1 0.5 2666.66666666667 1 5 0.042124926300671 5 1000 11495 5
"2478" "X" 0.006 -0.99 0.29875 1 0 2666.66666666667 1 5 1.20814817573642 5 1000 9930 5
"2479" "X" 0.006 -0.04125 0.835 0 1 2666.66666666667 1 5 0.180323554131281 5 1000 7681 5
"2480" "X" 0.006 -0.99 0.7525 1 0 2666.66666666667 1 5 0.284354282359106 5 1000 9974 5
"2481" "X" 0.06 -0.33 0.5875 1 1 2666.66666666667 1 5 0.531879032963823 5 1000 10860 5
"2482" "X" 0.006 -0.86625 0.95875 1 1 2666.66666666667 1 5 0.042124926300671 5 1000 9696 5
"2483" "X" 0.006 -0.53625 0.9175 0 1 2666.66666666667 1 5 0.0861026990534116 5 1000 8889 5
"2484" "X" 0.006 -0.70125 0.4225 0 1 2666.66666666667 1 5 0.861565832184908 5 1000 9241 5
"2485" "X" 0.06 -0.37125 0.2575 1 0 2666.66666666667 1 5 1.35673555887835 5 1000 10926 5
"2486" "X" 0.06 -0.45375 0.4225 1 0.5 2666.66666666667 1 5 0.861565832184908 5 1000 11143 5
"2487" "X" 0.06 -0.99 0.71125 1 0.5 2666.66666666667 1 5 0.340731293541596 5 1000 12471 5
"2488" "X" 0.006 -0.61875 0.505 1 0.5 2666.66666666667 1 5 0.683196849706777 5 1000 9051 5
"2489" "X" 0.006 -0.94875 0.835 1 1 2666.66666666667 1 5 0.180323554131281 5 1000 9884 5
"2490" "X" 0.06 -0.4125 0.67 1 1 2666.66666666667 1 5 0.400477566597125 5 1000 11068 5
"2491" "X" 0.006 -0.04125 0.01 1 1 2666.66666666667 1 5 4.60517018598809 5 1000 7604 5
"2492" "X" 0.06 -0.99 0.0925 0 1 2666.66666666667 1 5 2.38054663446376 5 1000 12409 5
"2493" "X" 0.06 -0.78375 0.34 1 0.5 2666.66666666667 1 5 1.07880966137193 5 1000 11935 5
"2494" "X" 0.006 -0.70125 0.54625 0 1 2666.66666666667 1 5 0.604678532572337 5 1000 9253 5
"2495" "X" 0.06 -0.825 0.7525 1 1 2666.66666666667 1 5 0.284354282359106 5 1000 12076 5
"2496" "X" 0.006 -0.33 0.62875 1 0.5 2666.66666666667 1 5 0.464021557568188 5 1000 8363 5
"2497" "X" 0.006 -0.12375 0.05125 1 0 2666.66666666667 1 5 2.97103966096362 5 1000 7806 5
"2498" "X" 0.06 -0.53625 0.87625 0 1 2666.66666666667 1 5 0.132103840633337 5 1000 11385 5
"2499" "X" 0.06 -0.04125 0.01 1 0.5 2666.66666666667 1 5 4.60517018598809 5 1000 10103 5
"2500" "X" 0.006 -0.70125 0.175 1 1 2666.66666666667 1 5 1.74296930505862 5 1000 9220 5
"2501" "X" 0.006 -0.78375 0.7525 1 1 2666.66666666667 1 5 0.284354282359106 5 1000 9476 5
"2502" "X" 0.06 -0.20625 0.05125 0 1 2666.66666666667 1 5 2.97103966096362 5 1000 10505 5
"2503" "X" 0.06 -0.28875 0.54625 1 0 2666.66666666667 1 5 0.604678532572337 5 1000 10754 5
"2504" "X" 0.006 -0.2475 0.835 1 0 2666.66666666667 1 5 0.180323554131281 5 1000 8182 5
"2505" "X" 0.06 -0.5775 1 1 0.5 2666.66666666667 1 5 0 5 1000 11499 5
"2506" "X" 0.06 -0.4125 0.9175 1 0.5 2666.66666666667 1 5 0.0861026990534116 5 1000 11091 5
"2507" "X" 0.06 -0.99 0.5875 0 1 2666.66666666667 1 5 0.531879032963823 5 1000 12457 5
"2508" "X" 0.006 -0.86625 0.13375 1 0.5 2666.66666666667 1 5 2.01178289320602 5 1000 9615 5
"2509" "X" 0.06 -0.86625 0.5875 1 0 2666.66666666667 1 5 0.531879032963823 5 1000 12158 5
"2510" "X" 0.06 -0.70125 0.9175 0 1 2666.66666666667 1 5 0.0861026990534116 5 1000 11789 5
"2511" "X" 0.06 -0.20625 0.4225 1 1 2666.66666666667 1 5 0.861565832184908 5 1000 10544 5
"2512" "X" 0.06 -0.12375 0.13375 1 0.5 2666.66666666667 1 5 2.01178289320602 5 1000 10315 5
"2513" "X" 0.06 -0.9075 0.175 1 0.5 2666.66666666667 1 5 1.74296930505862 5 1000 12219 5
"2514" "X" 0.06 0 0.2575 1 0 2666.66666666667 1 5 1.35673555887835 5 1000 10026 5
"2515" "X" 0.006 -0.53625 0.0925 1 0 2666.66666666667 1 5 2.38054663446376 5 1000 8810 5
"2516" "X" 0.006 -0.99 0.95875 1 1 2666.66666666667 1 5 0.042124926300671 5 1000 9996 5
"2517" "X" 0.06 -0.45375 0.175 0 1 2666.66666666667 1 5 1.74296930505862 5 1000 11117 5
"2518" "X" 0.006 -0.04125 0.54625 1 1 2666.66666666667 1 5 0.604678532572337 5 1000 7656 5
"2519" "X" 0.006 -0.04125 0.175 1 1 2666.66666666667 1 5 1.74296930505862 5 1000 7620 5
"2520" "X" 0.06 0 0.835 1 0 2666.66666666667 1 5 0.180323554131281 5 1000 10082 5
"2521" "X" 0.06 -0.61875 0.29875 1 1 2666.66666666667 1 5 1.20814817573642 5 1000 11532 5
"2522" "X" 0.006 -0.45375 0.54625 0 1 2666.66666666667 1 5 0.604678532572337 5 1000 8653 5
"2523" "X" 0.06 -0.0825 0.0925 1 0.5 2666.66666666667 1 5 2.38054663446376 5 1000 10211 5
"2524" "X" 0.006 -0.20625 0.79375 1 1 2666.66666666667 1 5 0.230986728775236 5 1000 8080 5
"2525" "X" 0.06 -0.495 0.46375 1 0.5 2666.66666666667 1 5 0.768409665060492 5 1000 11247 5
"2526" "X" 0.06 -0.0825 0.71125 1 0 2666.66666666667 1 5 0.340731293541596 5 1000 10270 5
"2527" "X" 0.006 -0.9075 0.01 0 1 2666.66666666667 1 5 4.60517018598809 5 1000 9701 5
"2528" "X" 0.06 -0.45375 0.9175 0 1 2666.66666666667 1 5 0.0861026990534116 5 1000 11189 5
"2529" "X" 0.06 -0.61875 0.62875 1 1 2666.66666666667 1 5 0.464021557568188 5 1000 11564 5
"2530" "X" 0.006 0 0.67 1 0 2666.66666666667 1 5 0.400477566597125 5 1000 7566 5
"2531" "X" 0.06 -0.2475 0.67 1 0.5 2666.66666666667 1 5 0.400477566597125 5 1000 10667 5
"2532" "X" 0.06 -0.37125 0.95875 0 1 2666.66666666667 1 5 0.042124926300671 5 1000 10993 5
"2533" "X" 0.006 -0.0825 0.29875 1 0 2666.66666666667 1 5 1.20814817573642 5 1000 7730 5
"2534" "X" 0.06 -0.165 0.46375 1 1 2666.66666666667 1 5 0.768409665060492 5 1000 10448 5
"2535" "X" 0.06 -0.495 0.62875 1 1 2666.66666666667 1 5 0.464021557568188 5 1000 11264 5
"2536" "X" 0.006 -0.4125 0.34 0 1 2666.66666666667 1 5 1.07880966137193 5 1000 8533 5
"2537" "X" 0.06 -0.2475 0.175 1 1 2666.66666666667 1 5 1.74296930505862 5 1000 10620 5
"2538" "X" 0.006 -0.37125 0.7525 0 1 2666.66666666667 1 5 0.284354282359106 5 1000 8473 5
"2539" "X" 0.06 -0.4125 0.79375 0 1 2666.66666666667 1 5 0.230986728775236 5 1000 11077 5
"2540" "X" 0.006 -0.28875 0.79375 0 1 2666.66666666667 1 5 0.230986728775236 5 1000 8277 5
"2541" "X" 0.006 -0.61875 0.71125 1 1 2666.66666666667 1 5 0.340731293541596 5 1000 9072 5
"2542" "X" 0.006 -0.33 0.21625 1 0 2666.66666666667 1 5 1.53132013317015 5 1000 8322 5
"2543" "X" 0.06 -0.9075 0.0925 1 1 2666.66666666667 1 5 2.38054663446376 5 1000 12212 5
"2544" "X" 0.006 -0.4125 0.87625 1 1 2666.66666666667 1 5 0.132103840633337 5 1000 8588 5
"2545" "X" 0.006 -0.86625 1 0 1 2666.66666666667 1 5 0 5 1000 9697 5
"2546" "X" 0.006 -0.0825 0.4225 0 1 2666.66666666667 1 5 0.861565832184908 5 1000 7741 5
"2547" "X" 0.006 -0.12375 0.54625 1 0.5 2666.66666666667 1 5 0.604678532572337 5 1000 7855 5
"2548" "X" 0.006 -0.9075 0.67 0 1 2666.66666666667 1 5 0.400477566597125 5 1000 9765 5
"2549" "X" 0.006 -0.28875 0.0925 1 1 2666.66666666667 1 5 2.38054663446376 5 1000 8212 5
"2550" "X" 0.006 -0.2475 0.5875 1 0 2666.66666666667 1 5 0.531879032963823 5 1000 8158 5
"2551" "X" 0.006 -0.165 0.38125 1 1 2666.66666666667 1 5 0.964299951060516 5 1000 7940 5
"2552" "X" 0.006 -0.37125 0.4225 1 0.5 2666.66666666667 1 5 0.861565832184908 5 1000 8443 5
"2553" "X" 0.006 -0.5775 0.0925 1 0 2666.66666666667 1 5 2.38054663446376 5 1000 8910 5
"2554" "X" 0.006 -0.12375 0.87625 1 1 2666.66666666667 1 5 0.132103840633337 5 1000 7888 5
"2555" "X" 0.06 0 0.5875 0 1 2666.66666666667 1 5 0.531879032963823 5 1000 10057 5
"2556" "X" 0.06 -0.99 0.835 1 0 2666.66666666667 1 5 0.180323554131281 5 1000 12482 5
"2557" "X" 0.006 -0.495 0.79375 1 1 2666.66666666667 1 5 0.230986728775236 5 1000 8780 5
"2558" "X" 0.006 -0.99 0.54625 1 0.5 2666.66666666667 1 5 0.604678532572337 5 1000 9955 5
"2559" "X" 0.06 -0.86625 0.175 1 0.5 2666.66666666667 1 5 1.74296930505862 5 1000 12119 5
"2560" "X" 0.06 -0.66 0.835 0 1 2666.66666666667 1 5 0.180323554131281 5 1000 11681 5
"2561" "X" 0.06 -0.61875 0.13375 1 1 2666.66666666667 1 5 2.01178289320602 5 1000 11516 5
"2562" "X" 0.006 -0.12375 0.9175 1 0.5 2666.66666666667 1 5 0.0861026990534116 5 1000 7891 5
"2563" "X" 0.06 -0.2475 0.835 1 0.5 2666.66666666667 1 5 0.180323554131281 5 1000 10683 5
"2564" "X" 0.06 -0.2475 0.05125 1 0.5 2666.66666666667 1 5 2.97103966096362 5 1000 10607 5
"2565" "X" 0.06 -0.37125 0.95875 1 0.5 2666.66666666667 1 5 0.042124926300671 5 1000 10995 5
"2566" "X" 0.006 -0.12375 0.95875 1 0.5 2666.66666666667 1 5 0.042124926300671 5 1000 7895 5
"2567" "X" 0.06 -0.33 0.7525 0 1 2666.66666666667 1 5 0.284354282359106 5 1000 10873 5
"2568" "X" 0.06 -0.20625 0.01 0 1 2666.66666666667 1 5 4.60517018598809 5 1000 10501 5
"2569" "X" 0.06 -0.33 0.29875 1 0 2666.66666666667 1 5 1.20814817573642 5 1000 10830 5
"2570" "X" 0.06 -0.99 0.62875 0 1 2666.66666666667 1 5 0.464021557568188 5 1000 12461 5
"2571" "X" 0.006 -0.45375 0.505 0 1 2666.66666666667 1 5 0.683196849706777 5 1000 8649 5
"2572" "X" 0.06 -0.495 0.34 0 1 2666.66666666667 1 5 1.07880966137193 5 1000 11233 5
"2573" "X" 0.06 -0.165 0.46375 0 1 2666.66666666667 1 5 0.768409665060492 5 1000 10445 5
"2574" "X" 0.006 -0.33 0.4225 1 0 2666.66666666667 1 5 0.861565832184908 5 1000 8342 5
"2575" "X" 0.06 -0.9075 0.71125 1 1 2666.66666666667 1 5 0.340731293541596 5 1000 12272 5
"2576" "X" 0.06 -0.66 0.34 1 0 2666.66666666667 1 5 1.07880966137193 5 1000 11634 5
"2577" "X" 0.06 -0.99 0.34 1 1 2666.66666666667 1 5 1.07880966137193 5 1000 12436 5
"2578" "X" 0.006 0 0.46375 1 1 2666.66666666667 1 5 0.768409665060492 5 1000 7548 5
"2579" "X" 0.06 -0.20625 0.29875 1 0 2666.66666666667 1 5 1.20814817573642 5 1000 10530 5
"2580" "X" 0.006 -0.37125 0.01 1 1 2666.66666666667 1 5 4.60517018598809 5 1000 8404 5
"2581" "X" 0.006 -0.99 0.21625 1 0 2666.66666666667 1 5 1.53132013317015 5 1000 9922 5
"2582" "X" 0.06 -0.53625 0.79375 0 1 2666.66666666667 1 5 0.230986728775236 5 1000 11377 5
"2583" "X" 0.06 -0.37125 0.13375 1 0.5 2666.66666666667 1 5 2.01178289320602 5 1000 10915 5
"2584" "X" 0.006 -0.0825 0.175 1 1 2666.66666666667 1 5 1.74296930505862 5 1000 7720 5
"2585" "X" 0.006 -0.99 0.0925 1 1 2666.66666666667 1 5 2.38054663446376 5 1000 9912 5
"2586" "X" 0.06 -0.33 0.21625 1 1 2666.66666666667 1 5 1.53132013317015 5 1000 10824 5
"2587" "X" 0.006 -0.825 0.87625 1 0.5 2666.66666666667 1 5 0.132103840633337 5 1000 9587 5
"2588" "X" 0.06 -0.37125 0.62875 0 1 2666.66666666667 1 5 0.464021557568188 5 1000 10961 5
"2589" "X" 0.006 -0.99 0.62875 1 0 2666.66666666667 1 5 0.464021557568188 5 1000 9962 5
"2590" "X" 0.006 -0.4125 0.87625 0 1 2666.66666666667 1 5 0.132103840633337 5 1000 8585 5
"2591" "X" 0.006 -0.99 0.62875 1 1 2666.66666666667 1 5 0.464021557568188 5 1000 9964 5
"2592" "X" 0.06 -0.78375 0.175 1 1 2666.66666666667 1 5 1.74296930505862 5 1000 11920 5
"2593" "X" 0.006 -0.70125 0.9175 1 0 2666.66666666667 1 5 0.0861026990534116 5 1000 9290 5
"2594" "X" 0.006 -0.5775 0.7525 1 0 2666.66666666667 1 5 0.284354282359106 5 1000 8974 5
"2595" "X" 0.006 -0.45375 0.38125 0 1 2666.66666666667 1 5 0.964299951060516 5 1000 8637 5
"2596" "X" 0.006 -0.825 0.67 0 1 2666.66666666667 1 5 0.400477566597125 5 1000 9565 5
"2597" "X" 0.06 -0.2475 0.2575 1 1 2666.66666666667 1 5 1.35673555887835 5 1000 10628 5
"2598" "X" 0.006 -0.4125 0.71125 1 0 2666.66666666667 1 5 0.340731293541596 5 1000 8570 5
"2599" "X" 0.006 -0.86625 0.38125 1 0.5 2666.66666666667 1 5 0.964299951060516 5 1000 9639 5
"2600" "X" 0.06 -0.86625 0.29875 0 1 2666.66666666667 1 5 1.20814817573642 5 1000 12129 5
"2601" "X" 0.006 -0.7425 0.835 1 0 2666.66666666667 1 5 0.180323554131281 5 1000 9382 5
"2602" "X" 0.06 -0.45375 0.835 1 0 2666.66666666667 1 5 0.180323554131281 5 1000 11182 5
"2603" "X" 0.006 -0.7425 0.29875 1 0 2666.66666666667 1 5 1.20814817573642 5 1000 9330 5
"2604" "X" 0.06 -0.2475 0.4225 1 1 2666.66666666667 1 5 0.861565832184908 5 1000 10644 5
"2605" "X" 0.06 -0.495 0.21625 1 0 2666.66666666667 1 5 1.53132013317015 5 1000 11222 5
"2606" "X" 0.06 -0.94875 0.79375 1 1 2666.66666666667 1 5 0.230986728775236 5 1000 12380 5
"2607" "X" 0.006 -0.45375 0.34 0 1 2666.66666666667 1 5 1.07880966137193 5 1000 8633 5
"2608" "X" 0.06 0 0.175 1 0.5 2666.66666666667 1 5 1.74296930505862 5 1000 10019 5
"2609" "X" 0.006 -0.61875 0.4225 1 0 2666.66666666667 1 5 0.861565832184908 5 1000 9042 5
"2610" "X" 0.06 -0.825 0.835 1 0.5 2666.66666666667 1 5 0.180323554131281 5 1000 12083 5
"2611" "X" 0.06 -0.61875 0.13375 1 0 2666.66666666667 1 5 2.01178289320602 5 1000 11514 5
"2612" "X" 0.06 -0.86625 0.62875 1 0.5 2666.66666666667 1 5 0.464021557568188 5 1000 12163 5
"2613" "X" 0.06 -0.4125 0.29875 1 1 2666.66666666667 1 5 1.20814817573642 5 1000 11032 5
"2614" "X" 0.006 -0.99 0.29875 1 0.5 2666.66666666667 1 5 1.20814817573642 5 1000 9931 5
"2615" "X" 0.006 -0.86625 0.01 1 0 2666.66666666667 1 5 4.60517018598809 5 1000 9602 5
"2616" "X" 0.06 -0.66 0.175 1 0 2666.66666666667 1 5 1.74296930505862 5 1000 11618 5
"2617" "X" 0.06 -0.04125 0.21625 1 0.5 2666.66666666667 1 5 1.53132013317015 5 1000 10123 5
"2618" "X" 0.006 -0.4125 0.87625 1 0 2666.66666666667 1 5 0.132103840633337 5 1000 8586 5
"2619" "X" 0.006 -0.495 0.87625 1 0 2666.66666666667 1 5 0.132103840633337 5 1000 8786 5
"2620" "X" 0.06 -0.7425 0.13375 0 1 2666.66666666667 1 5 2.01178289320602 5 1000 11813 5
"2621" "X" 0.006 -0.4125 0.34 1 0 2666.66666666667 1 5 1.07880966137193 5 1000 8534 5
"2622" "X" 0.06 -0.28875 0.67 0 1 2666.66666666667 1 5 0.400477566597125 5 1000 10765 5
"2623" "X" 0.06 -0.45375 1 1 0.5 2666.66666666667 1 5 0 5 1000 11199 5
"2624" "X" 0.006 -0.825 0.54625 1 0 2666.66666666667 1 5 0.604678532572337 5 1000 9554 5
"2625" "X" 0.006 -0.20625 0.87625 1 1 2666.66666666667 1 5 0.132103840633337 5 1000 8088 5
"2626" "X" 0.06 -0.20625 1 0 1 2666.66666666667 1 5 0 5 1000 10597 5
"2627" "X" 0.006 -0.37125 0.29875 1 0.5 2666.66666666667 1 5 1.20814817573642 5 1000 8431 5
"2628" "X" 0.06 -0.33 0.67 1 1 2666.66666666667 1 5 0.400477566597125 5 1000 10868 5
"2629" "X" 0.006 -0.66 0.9175 0 1 2666.66666666667 1 5 0.0861026990534116 5 1000 9189 5
"2630" "X" 0.06 -0.37125 0.34 0 1 2666.66666666667 1 5 1.07880966137193 5 1000 10933 5
"2631" "X" 0.06 -0.33 0.9175 0 1 2666.66666666667 1 5 0.0861026990534116 5 1000 10889 5
"2632" "X" 0.06 -0.78375 0.38125 1 0 2666.66666666667 1 5 0.964299951060516 5 1000 11938 5
"2633" "X" 0.06 -0.7425 0.46375 1 0 2666.66666666667 1 5 0.768409665060492 5 1000 11846 5
"2634" "X" 0.006 -0.86625 0.62875 1 0 2666.66666666667 1 5 0.464021557568188 5 1000 9662 5
"2635" "X" 0.06 -0.28875 1 1 1 2666.66666666667 1 5 0 5 1000 10800 5
"2636" "X" 0.06 -0.45375 0.79375 1 1 2666.66666666667 1 5 0.230986728775236 5 1000 11180 5
"2637" "X" 0.006 -0.165 0.505 1 1 2666.66666666667 1 5 0.683196849706777 5 1000 7952 5
"2638" "X" 0.006 -0.28875 0.34 1 0.5 2666.66666666667 1 5 1.07880966137193 5 1000 8235 5
"2639" "X" 0.006 -0.20625 0.54625 0 1 2666.66666666667 1 5 0.604678532572337 5 1000 8053 5
"2640" "X" 0.006 -0.86625 0.2575 1 1 2666.66666666667 1 5 1.35673555887835 5 1000 9628 5
"2641" "X" 0.006 -0.2475 0.46375 1 0.5 2666.66666666667 1 5 0.768409665060492 5 1000 8147 5
"2642" "X" 0.006 -0.9075 0.05125 1 0.5 2666.66666666667 1 5 2.97103966096362 5 1000 9707 5
"2643" "X" 0.006 -0.53625 0.62875 1 0.5 2666.66666666667 1 5 0.464021557568188 5 1000 8863 5
"2644" "X" 0.06 -0.825 0.67 1 1 2666.66666666667 1 5 0.400477566597125 5 1000 12068 5
"2645" "X" 0.006 -0.28875 0.7525 0 1 2666.66666666667 1 5 0.284354282359106 5 1000 8273 5
"2646" "X" 0.006 -0.9075 0.54625 0 1 2666.66666666667 1 5 0.604678532572337 5 1000 9753 5
"2647" "X" 0.06 -0.9075 0.71125 0 1 2666.66666666667 1 5 0.340731293541596 5 1000 12269 5
"2648" "X" 0.06 -0.99 0.2575 0 1 2666.66666666667 1 5 1.35673555887835 5 1000 12425 5
"2649" "X" 0.006 -0.28875 0.4225 1 0.5 2666.66666666667 1 5 0.861565832184908 5 1000 8243 5
"2650" "X" 0.06 -0.66 0.5875 1 0.5 2666.66666666667 1 5 0.531879032963823 5 1000 11659 5
"2651" "X" 0.006 0 0.7525 0 1 2666.66666666667 1 5 0.284354282359106 5 1000 7573 5
"2652" "X" 0.06 -0.2475 0.5875 1 0 2666.66666666667 1 5 0.531879032963823 5 1000 10658 5
"2653" "X" 0.06 -0.7425 0.67 1 0 2666.66666666667 1 5 0.400477566597125 5 1000 11866 5
"2654" "X" 0.06 -0.825 0.0925 1 0 2666.66666666667 1 5 2.38054663446376 5 1000 12010 5
"2655" "X" 0.06 -0.7425 0.46375 0 1 2666.66666666667 1 5 0.768409665060492 5 1000 11845 5
"2656" "X" 0.06 -0.7425 0.01 0 1 2666.66666666667 1 5 4.60517018598809 5 1000 11801 5
"2657" "X" 0.06 -0.165 0.38125 1 0.5 2666.66666666667 1 5 0.964299951060516 5 1000 10439 5
"2658" "X" 0.006 -0.70125 0.5875 1 0.5 2666.66666666667 1 5 0.531879032963823 5 1000 9259 5
"2659" "X" 0.006 -0.5775 0.38125 1 0.5 2666.66666666667 1 5 0.964299951060516 5 1000 8939 5
"2660" "X" 0.006 -0.20625 0.67 1 1 2666.66666666667 1 5 0.400477566597125 5 1000 8068 5
"2661" "X" 0.006 -0.20625 0.7525 1 1 2666.66666666667 1 5 0.284354282359106 5 1000 8076 5
"2662" "X" 0.06 -0.4125 1 0 1 2666.66666666667 1 5 0 5 1000 11097 5
"2663" "X" 0.06 -0.825 0.38125 1 1 2666.66666666667 1 5 0.964299951060516 5 1000 12040 5
"2664" "X" 0.06 -0.66 0.05125 1 0 2666.66666666667 1 5 2.97103966096362 5 1000 11606 5
"2665" "X" 0.06 -0.7425 0.62875 0 1 2666.66666666667 1 5 0.464021557568188 5 1000 11861 5
"2666" "X" 0.006 -0.28875 0.5875 1 0.5 2666.66666666667 1 5 0.531879032963823 5 1000 8259 5
"2667" "X" 0.06 -0.165 0.9175 1 0 2666.66666666667 1 5 0.0861026990534116 5 1000 10490 5
"2668" "X" 0.006 -0.9075 0.05125 0 1 2666.66666666667 1 5 2.97103966096362 5 1000 9705 5
"2669" "X" 0.006 -0.66 0.95875 1 0.5 2666.66666666667 1 5 0.042124926300671 5 1000 9195 5
"2670" "X" 0.06 -0.20625 0.34 1 0 2666.66666666667 1 5 1.07880966137193 5 1000 10534 5
"2671" "X" 0.006 -0.99 0.505 1 0.5 2666.66666666667 1 5 0.683196849706777 5 1000 9951 5
"2672" "X" 0.006 -0.33 0.9175 1 0 2666.66666666667 1 5 0.0861026990534116 5 1000 8390 5
"2673" "X" 0.006 -0.7425 0.21625 1 1 2666.66666666667 1 5 1.53132013317015 5 1000 9324 5
"2674" "X" 0.006 -0.04125 0.21625 0 1 2666.66666666667 1 5 1.53132013317015 5 1000 7621 5
"2675" "X" 0.06 0 0.0925 1 0 2666.66666666667 1 5 2.38054663446376 5 1000 10010 5
"2676" "X" 0.06 -0.37125 0.05125 1 0 2666.66666666667 1 5 2.97103966096362 5 1000 10906 5
"2677" "X" 0.06 -0.165 0.87625 1 0 2666.66666666667 1 5 0.132103840633337 5 1000 10486 5
"2678" "X" 0.06 -0.4125 0.4225 1 1 2666.66666666667 1 5 0.861565832184908 5 1000 11044 5
"2679" "X" 0.06 -0.825 0.46375 1 0 2666.66666666667 1 5 0.768409665060492 5 1000 12046 5
"2680" "X" 0.06 -0.53625 0.01 0 1 2666.66666666667 1 5 4.60517018598809 5 1000 11301 5
"2681" "X" 0.006 -0.70125 1 0 1 2666.66666666667 1 5 0 5 1000 9297 5
"2682" "X" 0.006 -0.825 0.4225 1 1 2666.66666666667 1 5 0.861565832184908 5 1000 9544 5
"2683" "X" 0.006 -0.0825 0.505 1 1 2666.66666666667 1 5 0.683196849706777 5 1000 7752 5
"2684" "X" 0.06 -0.5775 0.79375 1 0 2666.66666666667 1 5 0.230986728775236 5 1000 11478 5
"2685" "X" 0.06 -0.66 0.0925 1 1 2666.66666666667 1 5 2.38054663446376 5 1000 11612 5
"2686" "X" 0.006 0 0.05125 1 1 2666.66666666667 1 5 2.97103966096362 5 1000 7508 5
"2687" "X" 0.06 -0.45375 0.05125 0 1 2666.66666666667 1 5 2.97103966096362 5 1000 11105 5
"2688" "X" 0.06 -0.20625 0.7525 1 1 2666.66666666667 1 5 0.284354282359106 5 1000 10576 5
"2689" "X" 0.006 -0.12375 0.7525 0 1 2666.66666666667 1 5 0.284354282359106 5 1000 7873 5
"2690" "X" 0.06 -0.99 0.7525 1 0.5 2666.66666666667 1 5 0.284354282359106 5 1000 12475 5
"2691" "X" 0.006 -0.53625 0.29875 1 1 2666.66666666667 1 5 1.20814817573642 5 1000 8832 5
"2692" "X" 0.06 -0.12375 0.01 1 0.5 2666.66666666667 1 5 4.60517018598809 5 1000 10303 5
"2693" "X" 0.06 -0.825 0.835 1 1 2666.66666666667 1 5 0.180323554131281 5 1000 12084 5
"2694" "X" 0.06 -0.86625 0.95875 1 1 2666.66666666667 1 5 0.042124926300671 5 1000 12196 5
"2695" "X" 0.06 -0.12375 0.95875 1 0 2666.66666666667 1 5 0.042124926300671 5 1000 10394 5
"2696" "X" 0.06 -0.4125 0.175 1 0 2666.66666666667 1 5 1.74296930505862 5 1000 11018 5
"2697" "X" 0.006 -0.86625 0.4225 1 0.5 2666.66666666667 1 5 0.861565832184908 5 1000 9643 5
"2698" "X" 0.06 -0.495 0.95875 1 0 2666.66666666667 1 5 0.042124926300671 5 1000 11294 5
"2699" "X" 0.006 -0.66 0.0925 1 0.5 2666.66666666667 1 5 2.38054663446376 5 1000 9111 5
"2700" "X" 0.06 -0.94875 0.46375 1 1 2666.66666666667 1 5 0.768409665060492 5 1000 12348 5
"2701" "X" 0.006 -0.94875 0.54625 0 1 2666.66666666667 1 5 0.604678532572337 5 1000 9853 5
"2702" "X" 0.06 -0.04125 0.175 1 0 2666.66666666667 1 5 1.74296930505862 5 1000 10118 5
"2703" "X" 0.06 -0.28875 0.05125 1 0.5 2666.66666666667 1 5 2.97103966096362 5 1000 10707 5
"2704" "X" 0.006 -0.70125 0.5875 0 1 2666.66666666667 1 5 0.531879032963823 5 1000 9257 5
"2705" "X" 0.06 -0.495 0.505 1 0.5 2666.66666666667 1 5 0.683196849706777 5 1000 11251 5
"2706" "X" 0.06 -0.61875 0.13375 1 0.5 2666.66666666667 1 5 2.01178289320602 5 1000 11515 5
"2707" "X" 0.06 -0.12375 0.34 1 0.5 2666.66666666667 1 5 1.07880966137193 5 1000 10335 5
"2708" "X" 0.006 -0.78375 0.9175 0 1 2666.66666666667 1 5 0.0861026990534116 5 1000 9489 5
"2709" "X" 0.006 -0.5775 0.71125 0 1 2666.66666666667 1 5 0.340731293541596 5 1000 8969 5
"2710" "X" 0.006 -0.9075 0.175 1 0.5 2666.66666666667 1 5 1.74296930505862 5 1000 9719 5
"2711" "X" 0.006 -0.61875 0.505 0 1 2666.66666666667 1 5 0.683196849706777 5 1000 9049 5
"2712" "X" 0.06 -0.9075 0.87625 1 1 2666.66666666667 1 5 0.132103840633337 5 1000 12288 5
"2713" "X" 0.006 -0.45375 0.175 1 0 2666.66666666667 1 5 1.74296930505862 5 1000 8618 5
"2714" "X" 0.06 0 0.13375 1 0.5 2666.66666666667 1 5 2.01178289320602 5 1000 10015 5
"2715" "X" 0.006 -0.61875 0.4225 1 0.5 2666.66666666667 1 5 0.861565832184908 5 1000 9043 5
"2716" "X" 0.006 -0.33 0.95875 1 0.5 2666.66666666667 1 5 0.042124926300671 5 1000 8395 5
"2717" "X" 0.006 -0.70125 0.0925 1 0 2666.66666666667 1 5 2.38054663446376 5 1000 9210 5
"2718" "X" 0.06 -0.33 0.2575 0 1 2666.66666666667 1 5 1.35673555887835 5 1000 10825 5
"2719" "X" 0.06 -0.165 0.67 1 1 2666.66666666667 1 5 0.400477566597125 5 1000 10468 5
"2720" "X" 0.06 -0.165 0.87625 1 0.5 2666.66666666667 1 5 0.132103840633337 5 1000 10487 5
"2721" "X" 0.06 -0.70125 0.34 0 1 2666.66666666667 1 5 1.07880966137193 5 1000 11733 5
"2722" "X" 0.006 -0.86625 0.0925 1 0 2666.66666666667 1 5 2.38054663446376 5 1000 9610 5
"2723" "X" 0.006 -0.86625 0.505 1 1 2666.66666666667 1 5 0.683196849706777 5 1000 9652 5
"2724" "X" 0.06 -0.2475 0.29875 0 1 2666.66666666667 1 5 1.20814817573642 5 1000 10629 5
"2725" "X" 0.06 -0.53625 0.2575 1 1 2666.66666666667 1 5 1.35673555887835 5 1000 11328 5
"2726" "X" 0.006 -0.66 0.21625 0 1 2666.66666666667 1 5 1.53132013317015 5 1000 9121 5
"2727" "X" 0.006 -0.66 0.505 1 0.5 2666.66666666667 1 5 0.683196849706777 5 1000 9151 5
"2728" "X" 0.06 -0.495 0.175 0 1 2666.66666666667 1 5 1.74296930505862 5 1000 11217 5
"2729" "X" 0.006 -0.86625 0.05125 0 1 2666.66666666667 1 5 2.97103966096362 5 1000 9605 5
"2730" "X" 0.006 -0.70125 0.21625 1 1 2666.66666666667 1 5 1.53132013317015 5 1000 9224 5
"2731" "X" 0.06 -0.0825 0.95875 1 1 2666.66666666667 1 5 0.042124926300671 5 1000 10296 5
"2732" "X" 0.006 -0.5775 1 1 0.5 2666.66666666667 1 5 0 5 1000 8999 5
"2733" "X" 0.006 -0.37125 0.01 1 0.5 2666.66666666667 1 5 4.60517018598809 5 1000 8403 5
"2734" "X" 0.006 -0.495 0.46375 1 1 2666.66666666667 1 5 0.768409665060492 5 1000 8748 5
"2735" "X" 0.006 -0.4125 1 1 0.5 2666.66666666667 1 5 0 5 1000 8599 5
"2736" "X" 0.006 -0.825 0.71125 1 0 2666.66666666667 1 5 0.340731293541596 5 1000 9570 5
"2737" "X" 0.06 -0.2475 0.01 1 0.5 2666.66666666667 1 5 4.60517018598809 5 1000 10603 5
"2738" "X" 0.006 -0.0825 0.175 1 0.5 2666.66666666667 1 5 1.74296930505862 5 1000 7719 5
"2739" "X" 0.06 -0.28875 0.4225 1 0.5 2666.66666666667 1 5 0.861565832184908 5 1000 10743 5
"2740" "X" 0.006 -0.5775 0.46375 0 1 2666.66666666667 1 5 0.768409665060492 5 1000 8945 5
"2741" "X" 0.06 -0.70125 0.79375 0 1 2666.66666666667 1 5 0.230986728775236 5 1000 11777 5
"2742" "X" 0.006 -0.94875 0.87625 1 1 2666.66666666667 1 5 0.132103840633337 5 1000 9888 5
"2743" "X" 0.06 -0.04125 0.46375 1 0.5 2666.66666666667 1 5 0.768409665060492 5 1000 10147 5
"2744" "X" 0.06 -0.7425 0.62875 1 0 2666.66666666667 1 5 0.464021557568188 5 1000 11862 5
"2745" "X" 0.006 -0.70125 0.13375 0 1 2666.66666666667 1 5 2.01178289320602 5 1000 9213 5
"2746" "X" 0.06 -0.9075 0.95875 1 0 2666.66666666667 1 5 0.042124926300671 5 1000 12294 5
"2747" "X" 0.06 -0.7425 0.95875 0 1 2666.66666666667 1 5 0.042124926300671 5 1000 11893 5
"2748" "X" 0.06 -0.7425 0.05125 1 0.5 2666.66666666667 1 5 2.97103966096362 5 1000 11807 5
"2749" "X" 0.006 -0.0825 0.62875 1 0.5 2666.66666666667 1 5 0.464021557568188 5 1000 7763 5
"2750" "X" 0.06 -0.0825 0.38125 1 0 2666.66666666667 1 5 0.964299951060516 5 1000 10238 5
"2751" "X" 0.06 -0.0825 0.9175 0 1 2666.66666666667 1 5 0.0861026990534116 5 1000 10289 5
"2752" "X" 0.006 -0.70125 0.29875 1 1 2666.66666666667 1 5 1.20814817573642 5 1000 9232 5
"2753" "X" 0.006 -0.0825 0.0925 0 1 2666.66666666667 1 5 2.38054663446376 5 1000 7709 5
"2754" "X" 0.06 -0.9075 0.95875 1 1 2666.66666666667 1 5 0.042124926300671 5 1000 12296 5
"2755" "X" 0.006 -0.78375 0.7525 1 0 2666.66666666667 1 5 0.284354282359106 5 1000 9474 5
"2756" "X" 0.006 -0.70125 0.71125 1 1 2666.66666666667 1 5 0.340731293541596 5 1000 9272 5
"2757" "X" 0.06 -0.70125 0.01 1 0 2666.66666666667 1 5 4.60517018598809 5 1000 11702 5
"2758" "X" 0.006 -0.94875 0.5875 1 1 2666.66666666667 1 5 0.531879032963823 5 1000 9860 5
"2759" "X" 0.006 -0.66 0.29875 1 0 2666.66666666667 1 5 1.20814817573642 5 1000 9130 5
"2760" "X" 0.006 -0.70125 0.79375 0 1 2666.66666666667 1 5 0.230986728775236 5 1000 9277 5
"2761" "X" 0.006 -0.4125 0.05125 1 0.5 2666.66666666667 1 5 2.97103966096362 5 1000 8507 5
"2762" "X" 0.006 -0.20625 0.2575 1 0.5 2666.66666666667 1 5 1.35673555887835 5 1000 8027 5
"2763" "X" 0.06 -0.04125 0.29875 1 0.5 2666.66666666667 1 5 1.20814817573642 5 1000 10131 5
"2764" "X" 0.006 -0.28875 0.38125 1 0 2666.66666666667 1 5 0.964299951060516 5 1000 8238 5
"2765" "X" 0.006 -0.33 0.4225 1 0.5 2666.66666666667 1 5 0.861565832184908 5 1000 8343 5
"2766" "X" 0.06 -0.9075 0.46375 1 1 2666.66666666667 1 5 0.768409665060492 5 1000 12248 5
"2767" "X" 0.06 -0.61875 0.0925 1 0 2666.66666666667 1 5 2.38054663446376 5 1000 11510 5
"2768" "X" 0.06 -0.78375 0.21625 0 1 2666.66666666667 1 5 1.53132013317015 5 1000 11921 5
"2769" "X" 0.006 -0.20625 0.29875 0 1 2666.66666666667 1 5 1.20814817573642 5 1000 8029 5
"2770" "X" 0.006 -0.78375 0.71125 1 0.5 2666.66666666667 1 5 0.340731293541596 5 1000 9471 5
"2771" "X" 0.06 -0.12375 0.13375 1 0 2666.66666666667 1 5 2.01178289320602 5 1000 10314 5
"2772" "X" 0.006 -0.20625 0.0925 1 0 2666.66666666667 1 5 2.38054663446376 5 1000 8010 5
"2773" "X" 0.006 -0.9075 0.29875 0 1 2666.66666666667 1 5 1.20814817573642 5 1000 9729 5
"2774" "X" 0.006 -0.28875 0.54625 1 1 2666.66666666667 1 5 0.604678532572337 5 1000 8256 5
"2775" "X" 0.06 -0.37125 0.505 1 0.5 2666.66666666667 1 5 0.683196849706777 5 1000 10951 5
"2776" "X" 0.06 -0.495 0.46375 0 1 2666.66666666667 1 5 0.768409665060492 5 1000 11245 5
"2777" "X" 0.06 -0.20625 0.38125 1 0 2666.66666666667 1 5 0.964299951060516 5 1000 10538 5
"2778" "X" 0.006 -0.66 0.7525 1 0 2666.66666666667 1 5 0.284354282359106 5 1000 9174 5
"2779" "X" 0.06 -0.94875 0.4225 1 0 2666.66666666667 1 5 0.861565832184908 5 1000 12342 5
"2780" "X" 0.06 -0.12375 0.5875 1 1 2666.66666666667 1 5 0.531879032963823 5 1000 10360 5
"2781" "X" 0.06 -0.94875 1 1 1 2666.66666666667 1 5 0 5 1000 12400 5
"2782" "X" 0.006 -0.94875 0.835 0 1 2666.66666666667 1 5 0.180323554131281 5 1000 9881 5
"2783" "X" 0.006 -0.0825 1 1 0.5 2666.66666666667 1 5 0 5 1000 7799 5
"2784" "X" 0.006 -0.5775 0.67 1 0 2666.66666666667 1 5 0.400477566597125 5 1000 8966 5
"2785" "X" 0.006 -0.7425 0.0925 1 0.5 2666.66666666667 1 5 2.38054663446376 5 1000 9311 5
"2786" "X" 0.06 -0.33 0.05125 1 0.5 2666.66666666667 1 5 2.97103966096362 5 1000 10807 5
"2787" "X" 0.06 -0.70125 0.4225 1 1 2666.66666666667 1 5 0.861565832184908 5 1000 11744 5
"2788" "X" 0.006 -0.495 0.835 1 0.5 2666.66666666667 1 5 0.180323554131281 5 1000 8783 5
"2789" "X" 0.06 -0.66 0.79375 1 0.5 2666.66666666667 1 5 0.230986728775236 5 1000 11679 5
"2790" "X" 0.06 -0.61875 1 0 1 2666.66666666667 1 5 0 5 1000 11597 5
"2791" "X" 0.006 -0.45375 0.835 1 0.5 2666.66666666667 1 5 0.180323554131281 5 1000 8683 5
"2792" "X" 0.06 -0.12375 0.21625 0 1 2666.66666666667 1 5 1.53132013317015 5 1000 10321 5
"2793" "X" 0.06 -0.4125 1 1 0.5 2666.66666666667 1 5 0 5 1000 11099 5
"2794" "X" 0.06 -0.70125 0.7525 1 0 2666.66666666667 1 5 0.284354282359106 5 1000 11774 5
"2795" "X" 0.006 -0.04125 0.67 0 1 2666.66666666667 1 5 0.400477566597125 5 1000 7665 5
"2796" "X" 0.06 -0.495 0.4225 0 1 2666.66666666667 1 5 0.861565832184908 5 1000 11241 5
"2797" "X" 0.06 -0.9075 0.835 1 0 2666.66666666667 1 5 0.180323554131281 5 1000 12282 5
"2798" "X" 0.006 -0.33 0.38125 1 0.5 2666.66666666667 1 5 0.964299951060516 5 1000 8339 5
"2799" "X" 0.006 -0.4125 0.2575 1 0 2666.66666666667 1 5 1.35673555887835 5 1000 8526 5
"2800" "X" 0.06 -0.5775 0.0925 1 1 2666.66666666667 1 5 2.38054663446376 5 1000 11412 5
"2801" "X" 0.06 -0.45375 0.34 1 0.5 2666.66666666667 1 5 1.07880966137193 5 1000 11135 5
"2802" "X" 0.006 -0.7425 0.46375 0 1 2666.66666666667 1 5 0.768409665060492 5 1000 9345 5
"2803" "X" 0.006 -0.33 0.87625 0 1 2666.66666666667 1 5 0.132103840633337 5 1000 8385 5
"2804" "X" 0.06 -0.0825 0.67 0 1 2666.66666666667 1 5 0.400477566597125 5 1000 10265 5
"2805" "X" 0.06 -0.66 0.7525 1 0.5 2666.66666666667 1 5 0.284354282359106 5 1000 11675 5
"2806" "X" 0.006 -0.53625 0.4225 0 1 2666.66666666667 1 5 0.861565832184908 5 1000 8841 5
"2807" "X" 0.006 0 0.2575 0 1 2666.66666666667 1 5 1.35673555887835 5 1000 7525 5
"2808" "X" 0.006 -0.28875 0.9175 0 1 2666.66666666667 1 5 0.0861026990534116 5 1000 8289 5
"2809" "X" 0.006 -0.66 0.54625 0 1 2666.66666666667 1 5 0.604678532572337 5 1000 9153 5
"2810" "X" 0.06 -0.94875 0.67 0 1 2666.66666666667 1 5 0.400477566597125 5 1000 12365 5
"2811" "X" 0.06 -0.78375 0.9175 1 0 2666.66666666667 1 5 0.0861026990534116 5 1000 11990 5
"2812" "X" 0.06 -0.04125 0.0925 1 0 2666.66666666667 1 5 2.38054663446376 5 1000 10110 5
"2813" "X" 0.06 -0.37125 0.2575 0 1 2666.66666666667 1 5 1.35673555887835 5 1000 10925 5
"2814" "X" 0.06 -0.33 1 0 1 2666.66666666667 1 5 0 5 1000 10897 5
"2815" "X" 0.006 -0.825 0.13375 1 0.5 2666.66666666667 1 5 2.01178289320602 5 1000 9515 5
"2816" "X" 0.006 -0.7425 0.05125 1 0 2666.66666666667 1 5 2.97103966096362 5 1000 9306 5
"2817" "X" 0.06 -0.165 0.95875 1 0.5 2666.66666666667 1 5 0.042124926300671 5 1000 10495 5
"2818" "X" 0.06 -0.78375 0.0925 1 0 2666.66666666667 1 5 2.38054663446376 5 1000 11910 5
"2819" "X" 0.06 -0.5775 0.62875 1 0 2666.66666666667 1 5 0.464021557568188 5 1000 11462 5
"2820" "X" 0.006 -0.70125 0.01 0 1 2666.66666666667 1 5 4.60517018598809 5 1000 9201 5
"2821" "X" 0.006 -0.61875 0.5875 1 0 2666.66666666667 1 5 0.531879032963823 5 1000 9058 5
"2822" "X" 0.06 -0.78375 0.67 1 0.5 2666.66666666667 1 5 0.400477566597125 5 1000 11967 5
"2823" "X" 0.006 -0.61875 0.0925 1 0.5 2666.66666666667 1 5 2.38054663446376 5 1000 9011 5
"2824" "X" 0.006 -0.5775 0.46375 1 1 2666.66666666667 1 5 0.768409665060492 5 1000 8948 5
"2825" "X" 0.06 -0.12375 0.5875 0 1 2666.66666666667 1 5 0.531879032963823 5 1000 10357 5
"2826" "X" 0.006 -0.45375 0.13375 1 0.5 2666.66666666667 1 5 2.01178289320602 5 1000 8615 5
"2827" "X" 0.06 -0.45375 0.21625 1 1 2666.66666666667 1 5 1.53132013317015 5 1000 11124 5
"2828" "X" 0.006 -0.04125 0.7525 1 1 2666.66666666667 1 5 0.284354282359106 5 1000 7676 5
"2829" "X" 0.06 0 0.29875 1 0 2666.66666666667 1 5 1.20814817573642 5 1000 10030 5
"2830" "X" 0.006 -0.86625 0.835 1 1 2666.66666666667 1 5 0.180323554131281 5 1000 9684 5
"2831" "X" 0.06 -0.165 0.2575 1 0.5 2666.66666666667 1 5 1.35673555887835 5 1000 10427 5
"2832" "X" 0.06 -0.53625 0.38125 1 0 2666.66666666667 1 5 0.964299951060516 5 1000 11338 5
"2833" "X" 0.006 -0.12375 0.71125 1 0.5 2666.66666666667 1 5 0.340731293541596 5 1000 7871 5
"2834" "X" 0.006 -0.37125 0.9175 1 0 2666.66666666667 1 5 0.0861026990534116 5 1000 8490 5
"2835" "X" 0.006 -0.495 0.71125 0 1 2666.66666666667 1 5 0.340731293541596 5 1000 8769 5
"2836" "X" 0.006 -0.4125 0.05125 0 1 2666.66666666667 1 5 2.97103966096362 5 1000 8505 5
"2837" "X" 0.006 -0.7425 0.21625 1 0.5 2666.66666666667 1 5 1.53132013317015 5 1000 9323 5
"2838" "X" 0.06 -0.66 0.505 1 0.5 2666.66666666667 1 5 0.683196849706777 5 1000 11651 5
"2839" "X" 0.06 -0.28875 0.505 0 1 2666.66666666667 1 5 0.683196849706777 5 1000 10749 5
"2840" "X" 0.006 -0.37125 0.01 1 0 2666.66666666667 1 5 4.60517018598809 5 1000 8402 5
"2841" "X" 0.06 -0.61875 0.34 1 0.5 2666.66666666667 1 5 1.07880966137193 5 1000 11535 5
"2842" "X" 0.006 -0.495 0.46375 0 1 2666.66666666667 1 5 0.768409665060492 5 1000 8745 5
"2843" "X" 0.06 -0.0825 0.38125 1 0.5 2666.66666666667 1 5 0.964299951060516 5 1000 10239 5
"2844" "X" 0.06 -0.2475 0.05125 1 0 2666.66666666667 1 5 2.97103966096362 5 1000 10606 5
"2845" "X" 0.06 -0.45375 0.9175 1 0 2666.66666666667 1 5 0.0861026990534116 5 1000 11190 5
"2846" "X" 0.06 -0.825 0.29875 1 0 2666.66666666667 1 5 1.20814817573642 5 1000 12030 5
"2847" "X" 0.06 -0.66 0.2575 1 0 2666.66666666667 1 5 1.35673555887835 5 1000 11626 5
"2848" "X" 0.06 -0.86625 0.835 0 1 2666.66666666667 1 5 0.180323554131281 5 1000 12181 5
"2849" "X" 0.06 -0.4125 0.34 1 1 2666.66666666667 1 5 1.07880966137193 5 1000 11036 5
"2850" "X" 0.06 -0.20625 0.05125 1 0.5 2666.66666666667 1 5 2.97103966096362 5 1000 10507 5
"2851" "X" 0.06 -0.53625 0.67 0 1 2666.66666666667 1 5 0.400477566597125 5 1000 11365 5
"2852" "X" 0.006 -0.5775 0.175 0 1 2666.66666666667 1 5 1.74296930505862 5 1000 8917 5
"2853" "X" 0.006 -0.2475 0.67 1 0.5 2666.66666666667 1 5 0.400477566597125 5 1000 8167 5
"2854" "X" 0.06 -0.37125 0.46375 0 1 2666.66666666667 1 5 0.768409665060492 5 1000 10945 5
"2855" "X" 0.006 -0.70125 0.505 1 0.5 2666.66666666667 1 5 0.683196849706777 5 1000 9251 5
"2856" "X" 0.06 -0.78375 0.71125 1 1 2666.66666666667 1 5 0.340731293541596 5 1000 11972 5
"2857" "X" 0.06 -0.99 0.0925 1 0.5 2666.66666666667 1 5 2.38054663446376 5 1000 12411 5
"2858" "X" 0.06 -0.86625 0.0925 1 1 2666.66666666667 1 5 2.38054663446376 5 1000 12112 5
"2859" "X" 0.006 -0.04125 0.79375 0 1 2666.66666666667 1 5 0.230986728775236 5 1000 7677 5
"2860" "X" 0.006 -0.7425 0.67 1 0.5 2666.66666666667 1 5 0.400477566597125 5 1000 9367 5
"2861" "X" 0.06 -0.37125 0.05125 1 0.5 2666.66666666667 1 5 2.97103966096362 5 1000 10907 5
"2862" "X" 0.06 -0.78375 0.67 0 1 2666.66666666667 1 5 0.400477566597125 5 1000 11965 5
"2863" "X" 0.06 -0.7425 0.9175 0 1 2666.66666666667 1 5 0.0861026990534116 5 1000 11889 5
"2864" "X" 0.06 -0.37125 0.21625 1 0 2666.66666666667 1 5 1.53132013317015 5 1000 10922 5
"2865" "X" 0.006 -0.33 0.505 1 0.5 2666.66666666667 1 5 0.683196849706777 5 1000 8351 5
"2866" "X" 0.006 -0.70125 0.9175 1 0.5 2666.66666666667 1 5 0.0861026990534116 5 1000 9291 5
"2867" "X" 0.06 -0.99 0.5875 1 0.5 2666.66666666667 1 5 0.531879032963823 5 1000 12459 5
"2868" "X" 0.06 -0.99 0.835 1 0.5 2666.66666666667 1 5 0.180323554131281 5 1000 12483 5
"2869" "X" 0.006 -0.28875 0.01 1 0.5 2666.66666666667 1 5 4.60517018598809 5 1000 8203 5
"2870" "X" 0.006 -0.04125 0.62875 0 1 2666.66666666667 1 5 0.464021557568188 5 1000 7661 5
"2871" "X" 0.006 -0.70125 0.05125 1 0 2666.66666666667 1 5 2.97103966096362 5 1000 9206 5
"2872" "X" 0.06 -0.9075 0.79375 0 1 2666.66666666667 1 5 0.230986728775236 5 1000 12277 5
"2873" "X" 0.06 -0.04125 0.79375 1 0 2666.66666666667 1 5 0.230986728775236 5 1000 10178 5
"2874" "X" 0.006 -0.99 0.62875 1 0.5 2666.66666666667 1 5 0.464021557568188 5 1000 9963 5
"2875" "X" 0.06 -0.99 0.01 1 1 2666.66666666667 1 5 4.60517018598809 5 1000 12404 5
"2876" "X" 0.006 -0.20625 0.175 1 0 2666.66666666667 1 5 1.74296930505862 5 1000 8018 5
"2877" "X" 0.006 -0.7425 0.5875 1 1 2666.66666666667 1 5 0.531879032963823 5 1000 9360 5
"2878" "X" 0.06 0 0.835 1 0.5 2666.66666666667 1 5 0.180323554131281 5 1000 10083 5
"2879" "X" 0.006 -0.0825 0.05125 1 0.5 2666.66666666667 1 5 2.97103966096362 5 1000 7707 5
"2880" "X" 0.006 -0.53625 0.9175 1 0.5 2666.66666666667 1 5 0.0861026990534116 5 1000 8891 5
"2881" "X" 0.006 -0.37125 0.62875 1 0 2666.66666666667 1 5 0.464021557568188 5 1000 8462 5
"2882" "X" 0.06 -0.28875 0.79375 1 1 2666.66666666667 1 5 0.230986728775236 5 1000 10780 5
"2883" "X" 0.006 -0.33 0.29875 1 0 2666.66666666667 1 5 1.20814817573642 5 1000 8330 5
"2884" "X" 0.06 0 0.0925 1 1 2666.66666666667 1 5 2.38054663446376 5 1000 10012 5
"2885" "X" 0.06 -0.12375 0.835 1 0 2666.66666666667 1 5 0.180323554131281 5 1000 10382 5
"2886" "X" 0.006 -0.4125 0.05125 1 1 2666.66666666667 1 5 2.97103966096362 5 1000 8508 5
"2887" "X" 0.06 -0.28875 0.7525 1 1 2666.66666666667 1 5 0.284354282359106 5 1000 10776 5
"2888" "X" 0.006 0 0.62875 1 0.5 2666.66666666667 1 5 0.464021557568188 5 1000 7563 5
"2889" "X" 0.06 -0.9075 0.505 1 0 2666.66666666667 1 5 0.683196849706777 5 1000 12250 5
"2890" "X" 0.06 -0.0825 0.5875 1 1 2666.66666666667 1 5 0.531879032963823 5 1000 10260 5
"2891" "X" 0.006 -0.4125 0.21625 1 1 2666.66666666667 1 5 1.53132013317015 5 1000 8524 5
"2892" "X" 0.006 -0.94875 0.34 1 0 2666.66666666667 1 5 1.07880966137193 5 1000 9834 5
"2893" "X" 0.06 0 0.46375 0 1 2666.66666666667 1 5 0.768409665060492 5 1000 10045 5
"2894" "X" 0.06 -0.0825 1 1 0 2666.66666666667 1 5 0 5 1000 10298 5
"2895" "X" 0.006 -0.61875 0.46375 0 1 2666.66666666667 1 5 0.768409665060492 5 1000 9045 5
"2896" "X" 0.06 -0.99 0.62875 1 0.5 2666.66666666667 1 5 0.464021557568188 5 1000 12463 5
"2897" "X" 0.006 -0.7425 0.46375 1 0 2666.66666666667 1 5 0.768409665060492 5 1000 9346 5
"2898" "X" 0.006 -0.165 0.175 1 1 2666.66666666667 1 5 1.74296930505862 5 1000 7920 5
"2899" "X" 0.06 -0.53625 0.46375 1 1 2666.66666666667 1 5 0.768409665060492 5 1000 11348 5
"2900" "X" 0.006 -0.4125 0.4225 1 1 2666.66666666667 1 5 0.861565832184908 5 1000 8544 5
"2901" "X" 0.006 -0.45375 0.05125 1 0 2666.66666666667 1 5 2.97103966096362 5 1000 8606 5
"2902" "X" 0.06 0 0.0925 0 1 2666.66666666667 1 5 2.38054663446376 5 1000 10009 5
"2903" "X" 0.006 -0.94875 0.46375 1 0 2666.66666666667 1 5 0.768409665060492 5 1000 9846 5
"2904" "X" 0.06 -0.12375 0.175 0 1 2666.66666666667 1 5 1.74296930505862 5 1000 10317 5
"2905" "X" 0.006 -0.12375 0.62875 0 1 2666.66666666667 1 5 0.464021557568188 5 1000 7861 5
"2906" "X" 0.006 -0.45375 0.34 1 1 2666.66666666667 1 5 1.07880966137193 5 1000 8636 5
"2907" "X" 0.006 -0.165 0.05125 1 0 2666.66666666667 1 5 2.97103966096362 5 1000 7906 5
"2908" "X" 0.06 -0.99 0.79375 1 1 2666.66666666667 1 5 0.230986728775236 5 1000 12480 5
"2909" "X" 0.06 -0.495 0.13375 1 0.5 2666.66666666667 1 5 2.01178289320602 5 1000 11215 5
"2910" "X" 0.006 -0.28875 0.34 1 0 2666.66666666667 1 5 1.07880966137193 5 1000 8234 5
"2911" "X" 0.06 -0.86625 0.38125 1 1 2666.66666666667 1 5 0.964299951060516 5 1000 12140 5
"2912" "X" 0.06 -0.0825 0.46375 1 0.5 2666.66666666667 1 5 0.768409665060492 5 1000 10247 5
"2913" "X" 0.006 -0.53625 0.95875 1 0.5 2666.66666666667 1 5 0.042124926300671 5 1000 8895 5
"2914" "X" 0.006 -0.53625 0.71125 1 1 2666.66666666667 1 5 0.340731293541596 5 1000 8872 5
"2915" "X" 0.006 -0.5775 0.29875 1 0 2666.66666666667 1 5 1.20814817573642 5 1000 8930 5
"2916" "X" 0.006 -0.4125 0.9175 0 1 2666.66666666667 1 5 0.0861026990534116 5 1000 8589 5
"2917" "X" 0.006 -0.28875 0.34 1 1 2666.66666666667 1 5 1.07880966137193 5 1000 8236 5
"2918" "X" 0.006 -0.70125 0.835 1 0.5 2666.66666666667 1 5 0.180323554131281 5 1000 9283 5
"2919" "X" 0.06 -0.86625 0.13375 0 1 2666.66666666667 1 5 2.01178289320602 5 1000 12113 5
"2920" "X" 0.06 -0.4125 0.4225 0 1 2666.66666666667 1 5 0.861565832184908 5 1000 11041 5
"2921" "X" 0.06 -0.66 0.29875 1 1 2666.66666666667 1 5 1.20814817573642 5 1000 11632 5
"2922" "X" 0.006 -0.7425 0.95875 0 1 2666.66666666667 1 5 0.042124926300671 5 1000 9393 5
"2923" "X" 0.006 -0.165 0.34 1 0 2666.66666666667 1 5 1.07880966137193 5 1000 7934 5
"2924" "X" 0.006 -0.37125 0.34 1 1 2666.66666666667 1 5 1.07880966137193 5 1000 8436 5
"2925" "X" 0.006 0 0.01 1 0 2666.66666666667 1 5 4.60517018598809 5 1000 7502 5
"2926" "X" 0.006 -0.04125 0.62875 1 0.5 2666.66666666667 1 5 0.464021557568188 5 1000 7663 5
"2927" "X" 0.06 -0.61875 0.505 1 0 2666.66666666667 1 5 0.683196849706777 5 1000 11550 5
"2928" "X" 0.006 0 0.34 1 0.5 2666.66666666667 1 5 1.07880966137193 5 1000 7535 5
"2929" "X" 0.006 -0.28875 0.2575 1 0 2666.66666666667 1 5 1.35673555887835 5 1000 8226 5
"2930" "X" 0.06 -0.9075 0.71125 1 0 2666.66666666667 1 5 0.340731293541596 5 1000 12270 5
"2931" "X" 0.06 0 0.835 1 1 2666.66666666667 1 5 0.180323554131281 5 1000 10084 5
"2932" "X" 0.06 -0.53625 0.7525 1 0.5 2666.66666666667 1 5 0.284354282359106 5 1000 11375 5
"2933" "X" 0.06 -0.45375 0.05125 1 0 2666.66666666667 1 5 2.97103966096362 5 1000 11106 5
"2934" "X" 0.006 -0.86625 0.54625 1 0.5 2666.66666666667 1 5 0.604678532572337 5 1000 9655 5
"2935" "X" 0.06 -0.9075 0.9175 1 0.5 2666.66666666667 1 5 0.0861026990534116 5 1000 12291 5
"2936" "X" 0.006 -0.825 0.9175 1 1 2666.66666666667 1 5 0.0861026990534116 5 1000 9592 5
"2937" "X" 0.06 -0.70125 0.29875 1 0 2666.66666666667 1 5 1.20814817573642 5 1000 11730 5
"2938" "X" 0.006 -0.37125 0.835 1 0 2666.66666666667 1 5 0.180323554131281 5 1000 8482 5
"2939" "X" 0.006 0 0.13375 0 1 2666.66666666667 1 5 2.01178289320602 5 1000 7513 5
"2940" "X" 0.006 -0.33 0.5875 1 0.5 2666.66666666667 1 5 0.531879032963823 5 1000 8359 5
"2941" "X" 0.06 -0.37125 0.175 1 0.5 2666.66666666667 1 5 1.74296930505862 5 1000 10919 5
"2942" "X" 0.006 -0.70125 0.835 1 1 2666.66666666667 1 5 0.180323554131281 5 1000 9284 5
"2943" "X" 0.006 -0.7425 0.71125 1 0 2666.66666666667 1 5 0.340731293541596 5 1000 9370 5
"2944" "X" 0.06 -0.28875 0.34 1 1 2666.66666666667 1 5 1.07880966137193 5 1000 10736 5
"2945" "X" 0.06 -0.4125 0.54625 0 1 2666.66666666667 1 5 0.604678532572337 5 1000 11053 5
"2946" "X" 0.06 -0.61875 1 1 0 2666.66666666667 1 5 0 5 1000 11598 5
"2947" "X" 0.06 -0.61875 0.835 0 1 2666.66666666667 1 5 0.180323554131281 5 1000 11581 5
"2948" "X" 0.006 -0.825 0.175 0 1 2666.66666666667 1 5 1.74296930505862 5 1000 9517 5
"2949" "X" 0.06 -0.28875 1 0 1 2666.66666666667 1 5 0 5 1000 10797 5
"2950" "X" 0.006 -0.2475 0.95875 0 1 2666.66666666667 1 5 0.042124926300671 5 1000 8193 5
"2951" "X" 0.006 -0.2475 0.29875 0 1 2666.66666666667 1 5 1.20814817573642 5 1000 8129 5
"2952" "X" 0.006 -0.86625 0.29875 1 1 2666.66666666667 1 5 1.20814817573642 5 1000 9632 5
"2953" "X" 0.06 -0.5775 0.79375 1 0.5 2666.66666666667 1 5 0.230986728775236 5 1000 11479 5
"2954" "X" 0.006 -0.165 0.87625 1 0 2666.66666666667 1 5 0.132103840633337 5 1000 7986 5
"2955" "X" 0.06 -0.2475 0.7525 1 0 2666.66666666667 1 5 0.284354282359106 5 1000 10674 5
"2956" "X" 0.006 -0.45375 0.9175 1 1 2666.66666666667 1 5 0.0861026990534116 5 1000 8692 5
"2957" "X" 0.06 -0.825 0.01 1 0.5 2666.66666666667 1 5 4.60517018598809 5 1000 12003 5
"2958" "X" 0.06 -0.37125 0.835 1 0 2666.66666666667 1 5 0.180323554131281 5 1000 10982 5
"2959" "X" 0.006 -0.45375 0.0925 1 1 2666.66666666667 1 5 2.38054663446376 5 1000 8612 5
"2960" "X" 0.06 -0.94875 0.21625 0 1 2666.66666666667 1 5 1.53132013317015 5 1000 12321 5
"2961" "X" 0.006 -0.94875 0.7525 1 0.5 2666.66666666667 1 5 0.284354282359106 5 1000 9875 5
"2962" "X" 0.06 0 0.29875 0 1 2666.66666666667 1 5 1.20814817573642 5 1000 10029 5
"2963" "X" 0.006 -0.53625 0.505 1 1 2666.66666666667 1 5 0.683196849706777 5 1000 8852 5
"2964" "X" 0.006 -0.28875 1 1 1 2666.66666666667 1 5 0 5 1000 8300 5
"2965" "X" 0.06 -0.04125 0.71125 1 0 2666.66666666667 1 5 0.340731293541596 5 1000 10170 5
"2966" "X" 0.06 -0.0825 0.46375 1 1 2666.66666666667 1 5 0.768409665060492 5 1000 10248 5
"2967" "X" 0.06 -0.94875 0.7525 0 1 2666.66666666667 1 5 0.284354282359106 5 1000 12373 5
"2968" "X" 0.006 -0.4125 0.7525 1 1 2666.66666666667 1 5 0.284354282359106 5 1000 8576 5
"2969" "X" 0.06 -0.495 0.505 1 1 2666.66666666667 1 5 0.683196849706777 5 1000 11252 5
"2970" "X" 0.006 -0.45375 0.62875 1 1 2666.66666666667 1 5 0.464021557568188 5 1000 8664 5
"2971" "X" 0.06 -0.20625 0.7525 1 0.5 2666.66666666667 1 5 0.284354282359106 5 1000 10575 5
"2972" "X" 0.06 -0.45375 0.71125 1 0.5 2666.66666666667 1 5 0.340731293541596 5 1000 11171 5
"2973" "X" 0.006 -0.28875 0.29875 1 0 2666.66666666667 1 5 1.20814817573642 5 1000 8230 5
"2974" "X" 0.006 -0.7425 0.0925 0 1 2666.66666666667 1 5 2.38054663446376 5 1000 9309 5
"2975" "X" 0.006 -0.78375 0.87625 1 1 2666.66666666667 1 5 0.132103840633337 5 1000 9488 5
"2976" "X" 0.006 -0.165 0.71125 0 1 2666.66666666667 1 5 0.340731293541596 5 1000 7969 5
"2977" "X" 0.06 -0.20625 0.71125 1 0.5 2666.66666666667 1 5 0.340731293541596 5 1000 10571 5
"2978" "X" 0.06 -0.9075 0.505 1 1 2666.66666666667 1 5 0.683196849706777 5 1000 12252 5
"2979" "X" 0.06 -0.28875 0.87625 1 1 2666.66666666667 1 5 0.132103840633337 5 1000 10788 5
"2980" "X" 0.06 -0.99 0.71125 0 1 2666.66666666667 1 5 0.340731293541596 5 1000 12469 5
"2981" "X" 0.006 -0.5775 0.835 1 0 2666.66666666667 1 5 0.180323554131281 5 1000 8982 5
"2982" "X" 0.06 -0.2475 1 0 1 2666.66666666667 1 5 0 5 1000 10697 5
"2983" "X" 0.06 -0.12375 1 1 0.5 2666.66666666667 1 5 0 5 1000 10399 5
"2984" "X" 0.06 -0.61875 0.29875 1 0.5 2666.66666666667 1 5 1.20814817573642 5 1000 11531 5
"2985" "X" 0.006 -0.5775 0.175 1 1 2666.66666666667 1 5 1.74296930505862 5 1000 8920 5
"2986" "X" 0.006 -0.99 0.21625 0 1 2666.66666666667 1 5 1.53132013317015 5 1000 9921 5
"2987" "X" 0.006 -0.9075 0.01 1 0 2666.66666666667 1 5 4.60517018598809 5 1000 9702 5
"2988" "X" 0.06 -0.04125 0.175 1 0.5 2666.66666666667 1 5 1.74296930505862 5 1000 10119 5
"2989" "X" 0.006 -0.7425 0.01 0 1 2666.66666666667 1 5 4.60517018598809 5 1000 9301 5
"2990" "X" 0.06 -0.61875 1 1 1 2666.66666666667 1 5 0 5 1000 11600 5
"2991" "X" 0.06 -0.53625 0.54625 1 1 2666.66666666667 1 5 0.604678532572337 5 1000 11356 5
"2992" "X" 0.006 0 0.505 1 0.5 2666.66666666667 1 5 0.683196849706777 5 1000 7551 5
"2993" "X" 0.06 -0.66 0.29875 1 0 2666.66666666667 1 5 1.20814817573642 5 1000 11630 5
"2994" "X" 0.06 -0.70125 1 1 0.5 2666.66666666667 1 5 0 5 1000 11799 5
"2995" "X" 0.006 -0.99 0.0925 1 0.5 2666.66666666667 1 5 2.38054663446376 5 1000 9911 5
"2996" "X" 0.06 -0.0825 0.29875 0 1 2666.66666666667 1 5 1.20814817573642 5 1000 10229 5
"2997" "X" 0.006 -0.94875 0.505 0 1 2666.66666666667 1 5 0.683196849706777 5 1000 9849 5
"2998" "X" 0.06 -0.0825 0.835 1 0.5 2666.66666666667 1 5 0.180323554131281 5 1000 10283 5
"2999" "X" 0.06 -0.70125 0.175 1 0.5 2666.66666666667 1 5 1.74296930505862 5 1000 11719 5
"3000" "X" 0.006 -0.37125 0.7525 1 0.5 2666.66666666667 1 5 0.284354282359106 5 1000 8475 5
"3001" "X" 0.006 -0.70125 0.505 1 0 2666.66666666667 1 5 0.683196849706777 5 1000 9250 5
"3002" "X" 0.006 -0.53625 0.2575 1 1 2666.66666666667 1 5 1.35673555887835 5 1000 8828 5
"3003" "X" 0.06 -0.45375 0.67 0 1 2666.66666666667 1 5 0.400477566597125 5 1000 11165 5
"3004" "X" 0.06 -0.86625 0.38125 0 1 2666.66666666667 1 5 0.964299951060516 5 1000 12137 5
"3005" "X" 0.06 -0.33 0.175 1 0 2666.66666666667 1 5 1.74296930505862 5 1000 10818 5
"3006" "X" 0.06 -0.5775 0.01 0 1 2666.66666666667 1 5 4.60517018598809 5 1000 11401 5
"3007" "X" 0.06 -0.94875 0.21625 1 0 2666.66666666667 1 5 1.53132013317015 5 1000 12322 5
"3008" "X" 0.006 -0.5775 0.835 0 1 2666.66666666667 1 5 0.180323554131281 5 1000 8981 5
"3009" "X" 0.006 -0.45375 0.29875 1 1 2666.66666666667 1 5 1.20814817573642 5 1000 8632 5
"3010" "X" 0.006 -0.165 0.29875 1 1 2666.66666666667 1 5 1.20814817573642 5 1000 7932 5
"3011" "X" 0.06 -0.37125 0.67 0 1 2666.66666666667 1 5 0.400477566597125 5 1000 10965 5
"3012" "X" 0.006 -0.4125 0.05125 1 0 2666.66666666667 1 5 2.97103966096362 5 1000 8506 5
"3013" "X" 0.06 -0.70125 0.505 1 1 2666.66666666667 1 5 0.683196849706777 5 1000 11752 5
"3014" "X" 0.06 -0.20625 0.0925 1 0 2666.66666666667 1 5 2.38054663446376 5 1000 10510 5
"3015" "X" 0.006 -0.4125 0.2575 0 1 2666.66666666667 1 5 1.35673555887835 5 1000 8525 5
"3016" "X" 0.06 -0.99 0.34 1 0.5 2666.66666666667 1 5 1.07880966137193 5 1000 12435 5
"3017" "X" 0.006 -0.04125 0.175 0 1 2666.66666666667 1 5 1.74296930505862 5 1000 7617 5
"3018" "X" 0.06 0 0.71125 1 0 2666.66666666667 1 5 0.340731293541596 5 1000 10070 5
"3019" "X" 0.006 -0.9075 0.21625 1 1 2666.66666666667 1 5 1.53132013317015 5 1000 9724 5
"3020" "X" 0.006 -0.9075 0.835 1 1 2666.66666666667 1 5 0.180323554131281 5 1000 9784 5
"3021" "X" 0.06 -0.33 0.34 1 0.5 2666.66666666667 1 5 1.07880966137193 5 1000 10835 5
"3022" "X" 0.006 -0.66 0.46375 1 0 2666.66666666667 1 5 0.768409665060492 5 1000 9146 5
"3023" "X" 0.006 -0.28875 0.05125 1 0.5 2666.66666666667 1 5 2.97103966096362 5 1000 8207 5
"3024" "X" 0.06 -0.37125 0.01 1 1 2666.66666666667 1 5 4.60517018598809 5 1000 10904 5
"3025" "X" 0.006 -0.61875 0.21625 1 0 2666.66666666667 1 5 1.53132013317015 5 1000 9022 5
"3026" "X" 0.06 -0.9075 0.835 1 1 2666.66666666667 1 5 0.180323554131281 5 1000 12284 5
"3027" "X" 0.006 -0.7425 0.835 1 1 2666.66666666667 1 5 0.180323554131281 5 1000 9384 5
"3028" "X" 0.006 -0.70125 0.29875 1 0.5 2666.66666666667 1 5 1.20814817573642 5 1000 9231 5
"3029" "X" 0.006 -0.33 0.2575 1 1 2666.66666666667 1 5 1.35673555887835 5 1000 8328 5
"3030" "X" 0.006 -0.9075 0.2575 1 0 2666.66666666667 1 5 1.35673555887835 5 1000 9726 5
"3031" "X" 0.006 -0.28875 0.34 0 1 2666.66666666667 1 5 1.07880966137193 5 1000 8233 5
"3032" "X" 0.006 -0.825 0.38125 1 0.5 2666.66666666667 1 5 0.964299951060516 5 1000 9539 5
"3033" "X" 0.06 -0.78375 1 1 0 2666.66666666667 1 5 0 5 1000 11998 5
"3034" "X" 0.06 -0.12375 0.21625 1 0.5 2666.66666666667 1 5 1.53132013317015 5 1000 10323 5
"3035" "X" 0.06 -0.9075 0.2575 0 1 2666.66666666667 1 5 1.35673555887835 5 1000 12225 5
"3036" "X" 0.006 -0.4125 0.62875 0 1 2666.66666666667 1 5 0.464021557568188 5 1000 8561 5
"3037" "X" 0.06 -0.2475 0.71125 1 1 2666.66666666667 1 5 0.340731293541596 5 1000 10672 5
"3038" "X" 0.06 -0.78375 0.13375 0 1 2666.66666666667 1 5 2.01178289320602 5 1000 11913 5
"3039" "X" 0.006 -0.86625 0.79375 0 1 2666.66666666667 1 5 0.230986728775236 5 1000 9677 5
"3040" "X" 0.06 -0.9075 0.67 0 1 2666.66666666667 1 5 0.400477566597125 5 1000 12265 5
"3041" "X" 0.006 -0.5775 0.4225 0 1 2666.66666666667 1 5 0.861565832184908 5 1000 8941 5
"3042" "X" 0.06 -0.7425 0.87625 0 1 2666.66666666667 1 5 0.132103840633337 5 1000 11885 5
"3043" "X" 0.06 -0.70125 0.0925 1 1 2666.66666666667 1 5 2.38054663446376 5 1000 11712 5
"3044" "X" 0.006 -0.53625 0.79375 1 1 2666.66666666667 1 5 0.230986728775236 5 1000 8880 5
"3045" "X" 0.006 -0.33 0.835 1 1 2666.66666666667 1 5 0.180323554131281 5 1000 8384 5
"3046" "X" 0.06 -0.495 0.835 1 0 2666.66666666667 1 5 0.180323554131281 5 1000 11282 5
"3047" "X" 0.006 -0.20625 0.0925 1 1 2666.66666666667 1 5 2.38054663446376 5 1000 8012 5
"3048" "X" 0.006 -0.53625 0.54625 1 0 2666.66666666667 1 5 0.604678532572337 5 1000 8854 5
"3049" "X" 0.006 -0.9075 0.62875 0 1 2666.66666666667 1 5 0.464021557568188 5 1000 9761 5
"3050" "X" 0.006 -0.9075 0.13375 1 0 2666.66666666667 1 5 2.01178289320602 5 1000 9714 5
"3051" "X" 0.06 -0.5775 0.34 1 1 2666.66666666667 1 5 1.07880966137193 5 1000 11436 5
"3052" "X" 0.006 0 0.5875 0 1 2666.66666666667 1 5 0.531879032963823 5 1000 7557 5
"3053" "X" 0.006 -0.78375 0.95875 1 0 2666.66666666667 1 5 0.042124926300671 5 1000 9494 5
"3054" "X" 0.06 -0.33 0.54625 1 0 2666.66666666667 1 5 0.604678532572337 5 1000 10854 5
"3055" "X" 0.06 0 0.7525 1 0.5 2666.66666666667 1 5 0.284354282359106 5 1000 10075 5
"3056" "X" 0.006 -0.5775 0.46375 1 0 2666.66666666667 1 5 0.768409665060492 5 1000 8946 5
"3057" "X" 0.006 -0.53625 0.46375 1 1 2666.66666666667 1 5 0.768409665060492 5 1000 8848 5
"3058" "X" 0.06 -0.5775 0.4225 0 1 2666.66666666667 1 5 0.861565832184908 5 1000 11441 5
"3059" "X" 0.006 -0.53625 0.5875 1 0 2666.66666666667 1 5 0.531879032963823 5 1000 8858 5
"3060" "X" 0.06 -0.86625 0.13375 1 0.5 2666.66666666667 1 5 2.01178289320602 5 1000 12115 5
"3061" "X" 0.006 0 0.4225 0 1 2666.66666666667 1 5 0.861565832184908 5 1000 7541 5
"3062" "X" 0.006 -0.4125 0.71125 1 1 2666.66666666667 1 5 0.340731293541596 5 1000 8572 5
"3063" "X" 0.06 -0.165 0.34 0 1 2666.66666666667 1 5 1.07880966137193 5 1000 10433 5
"3064" "X" 0.06 -0.45375 0.0925 1 1 2666.66666666667 1 5 2.38054663446376 5 1000 11112 5
"3065" "X" 0.06 -0.33 0.46375 1 0 2666.66666666667 1 5 0.768409665060492 5 1000 10846 5
"3066" "X" 0.006 0 0.175 1 1 2666.66666666667 1 5 1.74296930505862 5 1000 7520 5
"3067" "X" 0.06 -0.9075 0.21625 1 0.5 2666.66666666667 1 5 1.53132013317015 5 1000 12223 5
"3068" "X" 0.06 -0.33 0.67 1 0 2666.66666666667 1 5 0.400477566597125 5 1000 10866 5
"3069" "X" 0.06 -0.2475 0.46375 1 0.5 2666.66666666667 1 5 0.768409665060492 5 1000 10647 5
"3070" "X" 0.06 -0.28875 0.54625 1 0.5 2666.66666666667 1 5 0.604678532572337 5 1000 10755 5
"3071" "X" 0.06 -0.12375 0.05125 1 1 2666.66666666667 1 5 2.97103966096362 5 1000 10308 5
"3072" "X" 0.06 -0.4125 0.46375 1 1 2666.66666666667 1 5 0.768409665060492 5 1000 11048 5
"3073" "X" 0.006 -0.61875 0.71125 1 0 2666.66666666667 1 5 0.340731293541596 5 1000 9070 5
"3074" "X" 0.06 -0.4125 0.01 1 1 2666.66666666667 1 5 4.60517018598809 5 1000 11004 5
"3075" "X" 0.006 -0.61875 0.01 0 1 2666.66666666667 1 5 4.60517018598809 5 1000 9001 5
"3076" "X" 0.006 -0.9075 0.5875 1 1 2666.66666666667 1 5 0.531879032963823 5 1000 9760 5
"3077" "X" 0.06 -0.04125 0.9175 0 1 2666.66666666667 1 5 0.0861026990534116 5 1000 10189 5
"3078" "X" 0.06 -0.9075 0.87625 1 0.5 2666.66666666667 1 5 0.132103840633337 5 1000 12287 5
"3079" "X" 0.006 -0.28875 0.9175 1 1 2666.66666666667 1 5 0.0861026990534116 5 1000 8292 5
"3080" "X" 0.06 -0.28875 0.175 0 1 2666.66666666667 1 5 1.74296930505862 5 1000 10717 5
"3081" "X" 0.06 -0.66 0.87625 0 1 2666.66666666667 1 5 0.132103840633337 5 1000 11685 5
"3082" "X" 0.006 -0.78375 0.62875 1 0 2666.66666666667 1 5 0.464021557568188 5 1000 9462 5
"3083" "X" 0.006 -0.33 0.01 1 1 2666.66666666667 1 5 4.60517018598809 5 1000 8304 5
"3084" "X" 0.06 -0.99 0.46375 1 0.5 2666.66666666667 1 5 0.768409665060492 5 1000 12447 5
"3085" "X" 0.006 -0.825 0.835 1 0.5 2666.66666666667 1 5 0.180323554131281 5 1000 9583 5
"3086" "X" 0.06 -0.78375 0.21625 1 0 2666.66666666667 1 5 1.53132013317015 5 1000 11922 5
"3087" "X" 0.06 -0.99 0.21625 0 1 2666.66666666667 1 5 1.53132013317015 5 1000 12421 5
"3088" "X" 0.006 0 0.01 1 0.5 2666.66666666667 1 5 4.60517018598809 5 1000 7503 5
"3089" "X" 0.06 -0.165 0.505 0 1 2666.66666666667 1 5 0.683196849706777 5 1000 10449 5
"3090" "X" 0.006 -0.28875 0.13375 1 0 2666.66666666667 1 5 2.01178289320602 5 1000 8214 5
"3091" "X" 0.006 -0.825 0.5875 1 1 2666.66666666667 1 5 0.531879032963823 5 1000 9560 5
"3092" "X" 0.006 -0.495 0.13375 0 1 2666.66666666667 1 5 2.01178289320602 5 1000 8713 5
"3093" "X" 0.006 -0.165 0.9175 0 1 2666.66666666667 1 5 0.0861026990534116 5 1000 7989 5
"3094" "X" 0.06 -0.165 0.67 1 0.5 2666.66666666667 1 5 0.400477566597125 5 1000 10467 5
"3095" "X" 0.06 -0.495 0.01 1 0 2666.66666666667 1 5 4.60517018598809 5 1000 11202 5
"3096" "X" 0.006 -0.7425 0.38125 0 1 2666.66666666667 1 5 0.964299951060516 5 1000 9337 5
"3097" "X" 0.06 -0.825 0.38125 0 1 2666.66666666667 1 5 0.964299951060516 5 1000 12037 5
"3098" "X" 0.06 -0.66 0.87625 1 0.5 2666.66666666667 1 5 0.132103840633337 5 1000 11687 5
"3099" "X" 0.06 -0.70125 0.54625 1 0 2666.66666666667 1 5 0.604678532572337 5 1000 11754 5
"3100" "X" 0.06 -0.04125 0.13375 1 0.5 2666.66666666667 1 5 2.01178289320602 5 1000 10115 5
"3101" "X" 0.06 -0.33 0.54625 1 1 2666.66666666667 1 5 0.604678532572337 5 1000 10856 5
"3102" "X" 0.06 -0.825 0.9175 1 0.5 2666.66666666667 1 5 0.0861026990534116 5 1000 12091 5
"3103" "X" 0.006 -0.37125 0.95875 1 0 2666.66666666667 1 5 0.042124926300671 5 1000 8494 5
"3104" "X" 0.006 -0.0825 0.5875 0 1 2666.66666666667 1 5 0.531879032963823 5 1000 7757 5
"3105" "X" 0.006 0 0.29875 1 0.5 2666.66666666667 1 5 1.20814817573642 5 1000 7531 5
"3106" "X" 0.006 -0.37125 0.54625 1 0 2666.66666666667 1 5 0.604678532572337 5 1000 8454 5
"3107" "X" 0.06 -0.165 0.62875 0 1 2666.66666666667 1 5 0.464021557568188 5 1000 10461 5
"3108" "X" 0.06 -0.33 0.0925 1 0 2666.66666666667 1 5 2.38054663446376 5 1000 10810 5
"3109" "X" 0.006 -0.12375 0.79375 1 0.5 2666.66666666667 1 5 0.230986728775236 5 1000 7879 5
"3110" "X" 0.06 -0.165 0.67 0 1 2666.66666666667 1 5 0.400477566597125 5 1000 10465 5
"3111" "X" 0.006 -0.7425 0.95875 1 0.5 2666.66666666667 1 5 0.042124926300671 5 1000 9395 5
"3112" "X" 0.006 -0.12375 0.9175 1 0 2666.66666666667 1 5 0.0861026990534116 5 1000 7890 5
"3113" "X" 0.006 -0.99 0.175 1 0.5 2666.66666666667 1 5 1.74296930505862 5 1000 9919 5
"3114" "X" 0.006 -0.33 0.95875 1 0 2666.66666666667 1 5 0.042124926300671 5 1000 8394 5
"3115" "X" 0.06 -0.94875 0.835 1 0.5 2666.66666666667 1 5 0.180323554131281 5 1000 12383 5
"3116" "X" 0.06 -0.94875 0.2575 1 0 2666.66666666667 1 5 1.35673555887835 5 1000 12326 5
"3117" "X" 0.006 -0.66 0.2575 1 0.5 2666.66666666667 1 5 1.35673555887835 5 1000 9127 5
"3118" "X" 0.06 -0.165 0.9175 1 0.5 2666.66666666667 1 5 0.0861026990534116 5 1000 10491 5
"3119" "X" 0.006 -0.495 0.95875 1 1 2666.66666666667 1 5 0.042124926300671 5 1000 8796 5
"3120" "X" 0.06 -0.495 0.29875 1 1 2666.66666666667 1 5 1.20814817573642 5 1000 11232 5
"3121" "X" 0.006 -0.66 0.05125 1 0 2666.66666666667 1 5 2.97103966096362 5 1000 9106 5
"3122" "X" 0.06 -0.33 0.7525 1 0.5 2666.66666666667 1 5 0.284354282359106 5 1000 10875 5
"3123" "X" 0.06 -0.5775 0.62875 1 0.5 2666.66666666667 1 5 0.464021557568188 5 1000 11463 5
"3124" "X" 0.006 -0.12375 0.46375 1 1 2666.66666666667 1 5 0.768409665060492 5 1000 7848 5
"3125" "X" 0.06 -0.37125 0.21625 0 1 2666.66666666667 1 5 1.53132013317015 5 1000 10921 5
"3126" "X" 0.006 -0.4125 0.835 1 0 2666.66666666667 1 5 0.180323554131281 5 1000 8582 5
"3127" "X" 0.006 -0.2475 1 1 1 2666.66666666667 1 5 0 5 1000 8200 5
"3128" "X" 0.006 -0.20625 0.29875 1 0.5 2666.66666666667 1 5 1.20814817573642 5 1000 8031 5
"3129" "X" 0.006 -0.53625 0.505 1 0 2666.66666666667 1 5 0.683196849706777 5 1000 8850 5
"3130" "X" 0.06 -0.20625 0.87625 1 0 2666.66666666667 1 5 0.132103840633337 5 1000 10586 5
"3131" "X" 0.006 -0.61875 0.71125 1 0.5 2666.66666666667 1 5 0.340731293541596 5 1000 9071 5
"3132" "X" 0.006 -0.53625 0.21625 1 1 2666.66666666667 1 5 1.53132013317015 5 1000 8824 5
"3133" "X" 0.06 -0.33 0.2575 1 0.5 2666.66666666667 1 5 1.35673555887835 5 1000 10827 5
"3134" "X" 0.06 -0.495 0.38125 1 0.5 2666.66666666667 1 5 0.964299951060516 5 1000 11239 5
"3135" "X" 0.006 -0.28875 0.835 1 1 2666.66666666667 1 5 0.180323554131281 5 1000 8284 5
"3136" "X" 0.006 -0.04125 0.835 1 1 2666.66666666667 1 5 0.180323554131281 5 1000 7684 5
"3137" "X" 0.006 0 0.29875 1 0 2666.66666666667 1 5 1.20814817573642 5 1000 7530 5
"3138" "X" 0.06 -0.0825 1 0 1 2666.66666666667 1 5 0 5 1000 10297 5
"3139" "X" 0.06 -0.70125 0.38125 1 0.5 2666.66666666667 1 5 0.964299951060516 5 1000 11739 5
"3140" "X" 0.06 -0.2475 0.79375 1 0 2666.66666666667 1 5 0.230986728775236 5 1000 10678 5
"3141" "X" 0.06 -0.4125 0.05125 1 1 2666.66666666667 1 5 2.97103966096362 5 1000 11008 5
"3142" "X" 0.006 -0.99 0.2575 1 0.5 2666.66666666667 1 5 1.35673555887835 5 1000 9927 5
"3143" "X" 0.06 -0.66 0.7525 0 1 2666.66666666667 1 5 0.284354282359106 5 1000 11673 5
"3144" "X" 0.06 -0.2475 0.5875 1 0.5 2666.66666666667 1 5 0.531879032963823 5 1000 10659 5
"3145" "X" 0.006 -0.99 0.05125 0 1 2666.66666666667 1 5 2.97103966096362 5 1000 9905 5
"3146" "X" 0.006 -0.495 0.38125 1 1 2666.66666666667 1 5 0.964299951060516 5 1000 8740 5
"3147" "X" 0.006 -0.04125 1 1 0 2666.66666666667 1 5 0 5 1000 7698 5
"3148" "X" 0.06 -0.78375 0.5875 0 1 2666.66666666667 1 5 0.531879032963823 5 1000 11957 5
"3149" "X" 0.06 -0.28875 0.835 1 0.5 2666.66666666667 1 5 0.180323554131281 5 1000 10783 5
"3150" "X" 0.06 -0.4125 0.62875 1 1 2666.66666666667 1 5 0.464021557568188 5 1000 11064 5
"3151" "X" 0.06 -0.45375 0.5875 1 0.5 2666.66666666667 1 5 0.531879032963823 5 1000 11159 5
"3152" "X" 0.006 -0.0825 0.46375 1 0 2666.66666666667 1 5 0.768409665060492 5 1000 7746 5
"3153" "X" 0.006 -0.78375 0.835 1 0.5 2666.66666666667 1 5 0.180323554131281 5 1000 9483 5
"3154" "X" 0.006 -0.9075 0.46375 1 0 2666.66666666667 1 5 0.768409665060492 5 1000 9746 5
"3155" "X" 0.06 -0.70125 0.5875 0 1 2666.66666666667 1 5 0.531879032963823 5 1000 11757 5
"3156" "X" 0.006 -0.4125 0.5875 0 1 2666.66666666667 1 5 0.531879032963823 5 1000 8557 5
"3157" "X" 0.006 -0.9075 0.4225 1 1 2666.66666666667 1 5 0.861565832184908 5 1000 9744 5
"3158" "X" 0.006 -0.2475 0.5875 1 0.5 2666.66666666667 1 5 0.531879032963823 5 1000 8159 5
"3159" "X" 0.06 -0.94875 0.4225 1 1 2666.66666666667 1 5 0.861565832184908 5 1000 12344 5
"3160" "X" 0.06 -0.5775 0.38125 1 0.5 2666.66666666667 1 5 0.964299951060516 5 1000 11439 5
"3161" "X" 0.006 -0.37125 1 0 1 2666.66666666667 1 5 0 5 1000 8497 5
"3162" "X" 0.06 -0.12375 0.54625 1 0 2666.66666666667 1 5 0.604678532572337 5 1000 10354 5
"3163" "X" 0.06 -0.37125 0.46375 1 0.5 2666.66666666667 1 5 0.768409665060492 5 1000 10947 5
"3164" "X" 0.06 -0.66 1 1 0.5 2666.66666666667 1 5 0 5 1000 11699 5
"3165" "X" 0.006 -0.99 0.95875 1 0.5 2666.66666666667 1 5 0.042124926300671 5 1000 9995 5
"3166" "X" 0.006 -0.495 0.7525 1 0.5 2666.66666666667 1 5 0.284354282359106 5 1000 8775 5
"3167" "X" 0.06 -0.78375 0.67 1 0 2666.66666666667 1 5 0.400477566597125 5 1000 11966 5
"3168" "X" 0.006 -0.825 0.4225 1 0 2666.66666666667 1 5 0.861565832184908 5 1000 9542 5
"3169" "X" 0.006 -0.9075 0.7525 1 1 2666.66666666667 1 5 0.284354282359106 5 1000 9776 5
"3170" "X" 0.006 -0.4125 0.01 0 1 2666.66666666667 1 5 4.60517018598809 5 1000 8501 5
"3171" "X" 0.06 -0.5775 0.0925 1 0.5 2666.66666666667 1 5 2.38054663446376 5 1000 11411 5
"3172" "X" 0.006 -0.04125 0.38125 1 1 2666.66666666667 1 5 0.964299951060516 5 1000 7640 5
"3173" "X" 0.006 -0.20625 0.13375 1 0 2666.66666666667 1 5 2.01178289320602 5 1000 8014 5
"3174" "X" 0.06 -0.4125 0.95875 1 0.5 2666.66666666667 1 5 0.042124926300671 5 1000 11095 5
"3175" "X" 0.006 -0.20625 0.71125 1 1 2666.66666666667 1 5 0.340731293541596 5 1000 8072 5
"3176" "X" 0.006 -0.70125 0.05125 1 0.5 2666.66666666667 1 5 2.97103966096362 5 1000 9207 5
"3177" "X" 0.06 -0.04125 0.7525 1 0 2666.66666666667 1 5 0.284354282359106 5 1000 10174 5
"3178" "X" 0.006 -0.0825 1 1 0 2666.66666666667 1 5 0 5 1000 7798 5
"3179" "X" 0.006 -0.12375 0.29875 0 1 2666.66666666667 1 5 1.20814817573642 5 1000 7829 5
"3180" "X" 0.006 -0.9075 0.2575 0 1 2666.66666666667 1 5 1.35673555887835 5 1000 9725 5
"3181" "X" 0.006 -0.37125 0.21625 0 1 2666.66666666667 1 5 1.53132013317015 5 1000 8421 5
"3182" "X" 0.06 -0.45375 0.175 1 0.5 2666.66666666667 1 5 1.74296930505862 5 1000 11119 5
"3183" "X" 0.006 -0.4125 0.79375 1 0 2666.66666666667 1 5 0.230986728775236 5 1000 8578 5
"3184" "X" 0.006 -0.825 0.2575 1 1 2666.66666666667 1 5 1.35673555887835 5 1000 9528 5
"3185" "X" 0.06 -0.28875 0.62875 1 0 2666.66666666667 1 5 0.464021557568188 5 1000 10762 5
"3186" "X" 0.06 -0.495 0.13375 0 1 2666.66666666667 1 5 2.01178289320602 5 1000 11213 5
"3187" "X" 0.006 -0.94875 0.29875 1 1 2666.66666666667 1 5 1.20814817573642 5 1000 9832 5
"3188" "X" 0.06 -0.04125 0.79375 0 1 2666.66666666667 1 5 0.230986728775236 5 1000 10177 5
"3189" "X" 0.06 -0.28875 0.29875 1 1 2666.66666666667 1 5 1.20814817573642 5 1000 10732 5
"3190" "X" 0.006 -0.825 0.175 1 0 2666.66666666667 1 5 1.74296930505862 5 1000 9518 5
"3191" "X" 0.006 -0.66 0.38125 1 0.5 2666.66666666667 1 5 0.964299951060516 5 1000 9139 5
"3192" "X" 0.06 -0.2475 0.38125 1 0.5 2666.66666666667 1 5 0.964299951060516 5 1000 10639 5
"3193" "X" 0.006 -0.45375 0.67 1 0 2666.66666666667 1 5 0.400477566597125 5 1000 8666 5
"3194" "X" 0.06 -0.45375 0.7525 1 0 2666.66666666667 1 5 0.284354282359106 5 1000 11174 5
"3195" "X" 0.006 -0.53625 0.21625 1 0 2666.66666666667 1 5 1.53132013317015 5 1000 8822 5
"3196" "X" 0.006 -0.86625 0.9175 0 1 2666.66666666667 1 5 0.0861026990534116 5 1000 9689 5
"3197" "X" 0.006 -0.20625 0.29875 1 1 2666.66666666667 1 5 1.20814817573642 5 1000 8032 5
"3198" "X" 0.06 -0.20625 0.95875 0 1 2666.66666666667 1 5 0.042124926300671 5 1000 10593 5
"3199" "X" 0.06 -0.78375 0.95875 1 0.5 2666.66666666667 1 5 0.042124926300671 5 1000 11995 5
"3200" "X" 0.006 -0.99 0.95875 1 0 2666.66666666667 1 5 0.042124926300671 5 1000 9994 5
"3201" "X" 0.006 -0.12375 1 1 0 2666.66666666667 1 5 0 5 1000 7898 5
"3202" "X" 0.06 -0.9075 0.79375 1 0.5 2666.66666666667 1 5 0.230986728775236 5 1000 12279 5
"3203" "X" 0.006 -0.9075 0.54625 1 0.5 2666.66666666667 1 5 0.604678532572337 5 1000 9755 5
"3204" "X" 0.006 -0.53625 0.5875 1 1 2666.66666666667 1 5 0.531879032963823 5 1000 8860 5
"3205" "X" 0.06 -0.33 0.0925 0 1 2666.66666666667 1 5 2.38054663446376 5 1000 10809 5
"3206" "X" 0.006 -0.9075 0.54625 1 0 2666.66666666667 1 5 0.604678532572337 5 1000 9754 5
"3207" "X" 0.006 -0.28875 0.4225 0 1 2666.66666666667 1 5 0.861565832184908 5 1000 8241 5
"3208" "X" 0.006 -0.61875 0.21625 1 0.5 2666.66666666667 1 5 1.53132013317015 5 1000 9023 5
"3209" "X" 0.06 -0.165 0.175 0 1 2666.66666666667 1 5 1.74296930505862 5 1000 10417 5
"3210" "X" 0.006 -0.495 0.9175 1 0 2666.66666666667 1 5 0.0861026990534116 5 1000 8790 5
"3211" "X" 0.06 -0.37125 0.95875 1 1 2666.66666666667 1 5 0.042124926300671 5 1000 10996 5
"3212" "X" 0.006 -0.94875 0.21625 1 1 2666.66666666667 1 5 1.53132013317015 5 1000 9824 5
"3213" "X" 0.06 -0.4125 0.21625 1 0.5 2666.66666666667 1 5 1.53132013317015 5 1000 11023 5
"3214" "X" 0.06 -0.165 0.29875 1 0.5 2666.66666666667 1 5 1.20814817573642 5 1000 10431 5
"3215" "X" 0.06 -0.2475 0.34 1 0 2666.66666666667 1 5 1.07880966137193 5 1000 10634 5
"3216" "X" 0.006 -0.45375 0.505 1 1 2666.66666666667 1 5 0.683196849706777 5 1000 8652 5
"3217" "X" 0.006 -0.825 0.79375 1 0 2666.66666666667 1 5 0.230986728775236 5 1000 9578 5
"3218" "X" 0.006 -0.825 0.46375 1 0 2666.66666666667 1 5 0.768409665060492 5 1000 9546 5
"3219" "X" 0.006 -0.66 0.29875 1 1 2666.66666666667 1 5 1.20814817573642 5 1000 9132 5
"3220" "X" 0.06 -0.33 0.79375 1 0 2666.66666666667 1 5 0.230986728775236 5 1000 10878 5
"3221" "X" 0.006 -0.165 0.7525 1 0.5 2666.66666666667 1 5 0.284354282359106 5 1000 7975 5
"3222" "X" 0.06 -0.4125 0.05125 0 1 2666.66666666667 1 5 2.97103966096362 5 1000 11005 5
"3223" "X" 0.06 -0.37125 0.87625 1 0.5 2666.66666666667 1 5 0.132103840633337 5 1000 10987 5
"3224" "X" 0.006 -0.9075 0.46375 1 1 2666.66666666667 1 5 0.768409665060492 5 1000 9748 5
"3225" "X" 0.06 -0.86625 0.79375 1 1 2666.66666666667 1 5 0.230986728775236 5 1000 12180 5
"3226" "X" 0.06 -0.12375 0.835 0 1 2666.66666666667 1 5 0.180323554131281 5 1000 10381 5
"3227" "X" 0.06 -0.825 0.175 0 1 2666.66666666667 1 5 1.74296930505862 5 1000 12017 5
"3228" "X" 0.006 -0.33 0.05125 1 0.5 2666.66666666667 1 5 2.97103966096362 5 1000 8307 5
"3229" "X" 0.06 -0.66 1 0 1 2666.66666666667 1 5 0 5 1000 11697 5
"3230" "X" 0.06 -0.37125 1 1 1 2666.66666666667 1 5 0 5 1000 11000 5
"3231" "X" 0.06 -0.20625 0.95875 1 0 2666.66666666667 1 5 0.042124926300671 5 1000 10594 5
"3232" "X" 0.06 -0.37125 0.67 1 1 2666.66666666667 1 5 0.400477566597125 5 1000 10968 5
"3233" "X" 0.006 -0.2475 0.5875 0 1 2666.66666666667 1 5 0.531879032963823 5 1000 8157 5
"3234" "X" 0.006 -0.12375 0.2575 1 0 2666.66666666667 1 5 1.35673555887835 5 1000 7826 5
"3235" "X" 0.006 -0.66 0.5875 1 0 2666.66666666667 1 5 0.531879032963823 5 1000 9158 5
"3236" "X" 0.06 -0.165 0.67 1 0 2666.66666666667 1 5 0.400477566597125 5 1000 10466 5
"3237" "X" 0.006 -0.86625 0.5875 1 0.5 2666.66666666667 1 5 0.531879032963823 5 1000 9659 5
"3238" "X" 0.006 -0.20625 0.62875 1 0.5 2666.66666666667 1 5 0.464021557568188 5 1000 8063 5
"3239" "X" 0.06 -0.5775 0.2575 0 1 2666.66666666667 1 5 1.35673555887835 5 1000 11425 5
"3240" "X" 0.06 0 0.38125 0 1 2666.66666666667 1 5 0.964299951060516 5 1000 10037 5
"3241" "X" 0.06 -0.495 0.79375 0 1 2666.66666666667 1 5 0.230986728775236 5 1000 11277 5
"3242" "X" 0.006 -0.20625 0.4225 0 1 2666.66666666667 1 5 0.861565832184908 5 1000 8041 5
"3243" "X" 0.06 -0.2475 0.05125 1 1 2666.66666666667 1 5 2.97103966096362 5 1000 10608 5
"3244" "X" 0.06 -0.66 0.67 1 0 2666.66666666667 1 5 0.400477566597125 5 1000 11666 5
"3245" "X" 0.006 -0.94875 1 1 0 2666.66666666667 1 5 0 5 1000 9898 5
"3246" "X" 0.06 -0.78375 0.62875 0 1 2666.66666666667 1 5 0.464021557568188 5 1000 11961 5
"3247" "X" 0.006 -0.37125 0.67 1 0 2666.66666666667 1 5 0.400477566597125 5 1000 8466 5
"3248" "X" 0.06 -0.165 0.62875 1 0.5 2666.66666666667 1 5 0.464021557568188 5 1000 10463 5
"3249" "X" 0.06 -0.94875 0.9175 1 0.5 2666.66666666667 1 5 0.0861026990534116 5 1000 12391 5
"3250" "X" 0.006 -0.70125 0.5875 1 0 2666.66666666667 1 5 0.531879032963823 5 1000 9258 5
"3251" "X" 0.06 -0.61875 0.54625 0 1 2666.66666666667 1 5 0.604678532572337 5 1000 11553 5
"3252" "X" 0.006 -0.20625 0.0925 0 1 2666.66666666667 1 5 2.38054663446376 5 1000 8009 5
"3253" "X" 0.006 -0.28875 0.46375 1 0 2666.66666666667 1 5 0.768409665060492 5 1000 8246 5
"3254" "X" 0.006 -0.94875 0.4225 0 1 2666.66666666667 1 5 0.861565832184908 5 1000 9841 5
"3255" "X" 0.006 -0.7425 0.01 1 0 2666.66666666667 1 5 4.60517018598809 5 1000 9302 5
"3256" "X" 0.06 -0.7425 0.29875 0 1 2666.66666666667 1 5 1.20814817573642 5 1000 11829 5
"3257" "X" 0.006 -0.825 0.29875 0 1 2666.66666666667 1 5 1.20814817573642 5 1000 9529 5
"3258" "X" 0.006 -0.5775 0.13375 1 1 2666.66666666667 1 5 2.01178289320602 5 1000 8916 5
"3259" "X" 0.006 -0.94875 0.2575 1 0.5 2666.66666666667 1 5 1.35673555887835 5 1000 9827 5
"3260" "X" 0.006 -0.20625 0.0925 1 0.5 2666.66666666667 1 5 2.38054663446376 5 1000 8011 5
"3261" "X" 0.006 -0.12375 0.71125 1 0 2666.66666666667 1 5 0.340731293541596 5 1000 7870 5
"3262" "X" 0.006 -0.0825 0.34 1 0.5 2666.66666666667 1 5 1.07880966137193 5 1000 7735 5
"3263" "X" 0.006 -0.70125 1 1 0.5 2666.66666666667 1 5 0 5 1000 9299 5
"3264" "X" 0.006 -0.94875 0.505 1 0 2666.66666666667 1 5 0.683196849706777 5 1000 9850 5
"3265" "X" 0.006 -0.5775 0.7525 1 1 2666.66666666667 1 5 0.284354282359106 5 1000 8976 5
"3266" "X" 0.06 -0.165 0.54625 1 1 2666.66666666667 1 5 0.604678532572337 5 1000 10456 5
"3267" "X" 0.06 -0.2475 0.71125 0 1 2666.66666666667 1 5 0.340731293541596 5 1000 10669 5
"3268" "X" 0.06 -0.70125 0.2575 1 0 2666.66666666667 1 5 1.35673555887835 5 1000 11726 5
"3269" "X" 0.06 -0.4125 0.9175 1 0 2666.66666666667 1 5 0.0861026990534116 5 1000 11090 5
"3270" "X" 0.006 -0.99 0.79375 0 1 2666.66666666667 1 5 0.230986728775236 5 1000 9977 5
"3271" "X" 0.006 -0.495 0.13375 1 1 2666.66666666667 1 5 2.01178289320602 5 1000 8716 5
"3272" "X" 0.006 -0.78375 0.95875 0 1 2666.66666666667 1 5 0.042124926300671 5 1000 9493 5
"3273" "X" 0.06 -0.28875 0.7525 1 0 2666.66666666667 1 5 0.284354282359106 5 1000 10774 5
"3274" "X" 0.006 -0.99 0.0925 1 0 2666.66666666667 1 5 2.38054663446376 5 1000 9910 5
"3275" "X" 0.06 -0.66 0.9175 1 1 2666.66666666667 1 5 0.0861026990534116 5 1000 11692 5
"3276" "X" 0.06 -0.33 0.21625 1 0.5 2666.66666666667 1 5 1.53132013317015 5 1000 10823 5
"3277" "X" 0.06 -0.12375 0.79375 0 1 2666.66666666667 1 5 0.230986728775236 5 1000 10377 5
"3278" "X" 0.006 -0.825 0.2575 1 0 2666.66666666667 1 5 1.35673555887835 5 1000 9526 5
"3279" "X" 0.06 -0.825 1 1 1 2666.66666666667 1 5 0 5 1000 12100 5
"3280" "X" 0.06 -0.165 0.71125 1 1 2666.66666666667 1 5 0.340731293541596 5 1000 10472 5
"3281" "X" 0.006 -0.12375 0.34 0 1 2666.66666666667 1 5 1.07880966137193 5 1000 7833 5
"3282" "X" 0.006 -0.66 0.175 1 1 2666.66666666667 1 5 1.74296930505862 5 1000 9120 5
"3283" "X" 0.006 -0.33 0.0925 1 0.5 2666.66666666667 1 5 2.38054663446376 5 1000 8311 5
"3284" "X" 0.006 -0.825 0.13375 0 1 2666.66666666667 1 5 2.01178289320602 5 1000 9513 5
"3285" "X" 0.06 -0.61875 0.13375 0 1 2666.66666666667 1 5 2.01178289320602 5 1000 11513 5
"3286" "X" 0.006 -0.45375 1 1 0.5 2666.66666666667 1 5 0 5 1000 8699 5
"3287" "X" 0.006 -0.4125 0.5875 1 1 2666.66666666667 1 5 0.531879032963823 5 1000 8560 5
"3288" "X" 0.006 -0.45375 0.13375 0 1 2666.66666666667 1 5 2.01178289320602 5 1000 8613 5
"3289" "X" 0.06 -0.495 0.67 0 1 2666.66666666667 1 5 0.400477566597125 5 1000 11265 5
"3290" "X" 0.006 -0.78375 0.01 1 1 2666.66666666667 1 5 4.60517018598809 5 1000 9404 5
"3291" "X" 0.06 -0.0825 0.13375 0 1 2666.66666666667 1 5 2.01178289320602 5 1000 10213 5
"3292" "X" 0.06 -0.9075 0.67 1 0 2666.66666666667 1 5 0.400477566597125 5 1000 12266 5
"3293" "X" 0.06 -0.9075 0.21625 1 0 2666.66666666667 1 5 1.53132013317015 5 1000 12222 5
"3294" "X" 0.006 -0.66 0.835 1 0 2666.66666666667 1 5 0.180323554131281 5 1000 9182 5
"3295" "X" 0.06 -0.4125 0.5875 1 0 2666.66666666667 1 5 0.531879032963823 5 1000 11058 5
"3296" "X" 0.06 -0.33 0.62875 0 1 2666.66666666667 1 5 0.464021557568188 5 1000 10861 5
"3297" "X" 0.006 -0.37125 0.54625 1 1 2666.66666666667 1 5 0.604678532572337 5 1000 8456 5
"3298" "X" 0.006 -0.2475 0.2575 1 0.5 2666.66666666667 1 5 1.35673555887835 5 1000 8127 5
"3299" "X" 0.06 -0.53625 0.21625 0 1 2666.66666666667 1 5 1.53132013317015 5 1000 11321 5
"3300" "X" 0.006 -0.99 0.835 1 0.5 2666.66666666667 1 5 0.180323554131281 5 1000 9983 5
"3301" "X" 0.06 -0.4125 0.13375 0 1 2666.66666666667 1 5 2.01178289320602 5 1000 11013 5
"3302" "X" 0.06 -0.9075 0.4225 0 1 2666.66666666667 1 5 0.861565832184908 5 1000 12241 5
"3303" "X" 0.06 -0.37125 1 1 0.5 2666.66666666667 1 5 0 5 1000 10999 5
"3304" "X" 0.006 -0.165 0.46375 0 1 2666.66666666667 1 5 0.768409665060492 5 1000 7945 5
"3305" "X" 0.006 -0.20625 0.21625 1 0 2666.66666666667 1 5 1.53132013317015 5 1000 8022 5
"3306" "X" 0.006 -0.99 0.62875 0 1 2666.66666666667 1 5 0.464021557568188 5 1000 9961 5
"3307" "X" 0.006 -0.94875 0.0925 1 0 2666.66666666667 1 5 2.38054663446376 5 1000 9810 5
"3308" "X" 0.06 -0.37125 0.835 1 0.5 2666.66666666667 1 5 0.180323554131281 5 1000 10983 5
"3309" "X" 0.006 -0.66 0.54625 1 0.5 2666.66666666667 1 5 0.604678532572337 5 1000 9155 5
"3310" "X" 0.06 -0.04125 0.87625 1 1 2666.66666666667 1 5 0.132103840633337 5 1000 10188 5
"3311" "X" 0.006 -0.70125 0.54625 1 0.5 2666.66666666667 1 5 0.604678532572337 5 1000 9255 5
"3312" "X" 0.006 -0.04125 0.505 1 0.5 2666.66666666667 1 5 0.683196849706777 5 1000 7651 5
"3313" "X" 0.06 -0.94875 0.21625 1 1 2666.66666666667 1 5 1.53132013317015 5 1000 12324 5
"3314" "X" 0.006 -0.825 0.505 1 1 2666.66666666667 1 5 0.683196849706777 5 1000 9552 5
"3315" "X" 0.006 -0.165 0.29875 1 0.5 2666.66666666667 1 5 1.20814817573642 5 1000 7931 5
"3316" "X" 0.006 -0.78375 0.34 1 0 2666.66666666667 1 5 1.07880966137193 5 1000 9434 5
"3317" "X" 0.006 -0.12375 0.34 1 1 2666.66666666667 1 5 1.07880966137193 5 1000 7836 5
"3318" "X" 0.06 -0.2475 0.67 1 0 2666.66666666667 1 5 0.400477566597125 5 1000 10666 5
"3319" "X" 0.006 -0.94875 0.2575 1 1 2666.66666666667 1 5 1.35673555887835 5 1000 9828 5
"3320" "X" 0.006 -0.86625 0.38125 1 1 2666.66666666667 1 5 0.964299951060516 5 1000 9640 5
"3321" "X" 0.006 -0.825 0.54625 1 0.5 2666.66666666667 1 5 0.604678532572337 5 1000 9555 5
"3322" "X" 0.006 -0.33 0.175 1 0.5 2666.66666666667 1 5 1.74296930505862 5 1000 8319 5
"3323" "X" 0.06 -0.86625 0.87625 1 1 2666.66666666667 1 5 0.132103840633337 5 1000 12188 5
"3324" "X" 0.06 -0.165 0.21625 1 1 2666.66666666667 1 5 1.53132013317015 5 1000 10424 5
"3325" "X" 0.006 -0.61875 0.835 1 0 2666.66666666667 1 5 0.180323554131281 5 1000 9082 5
"3326" "X" 0.06 -0.61875 0.7525 0 1 2666.66666666667 1 5 0.284354282359106 5 1000 11573 5
"3327" "X" 0.06 -0.61875 0.4225 0 1 2666.66666666667 1 5 0.861565832184908 5 1000 11541 5
"3328" "X" 0.06 -0.94875 0.13375 1 0 2666.66666666667 1 5 2.01178289320602 5 1000 12314 5
"3329" "X" 0.006 -0.66 0.4225 1 0.5 2666.66666666667 1 5 0.861565832184908 5 1000 9143 5
"3330" "X" 0.06 0 0.505 0 1 2666.66666666667 1 5 0.683196849706777 5 1000 10049 5
"3331" "X" 0.006 0 0.05125 1 0.5 2666.66666666667 1 5 2.97103966096362 5 1000 7507 5
"3332" "X" 0.006 -0.99 0.34 1 0 2666.66666666667 1 5 1.07880966137193 5 1000 9934 5
"3333" "X" 0.006 -0.66 0.87625 1 0 2666.66666666667 1 5 0.132103840633337 5 1000 9186 5
"3334" "X" 0.06 -0.20625 0.505 0 1 2666.66666666667 1 5 0.683196849706777 5 1000 10549 5
"3335" "X" 0.006 -0.9075 0.71125 1 0.5 2666.66666666667 1 5 0.340731293541596 5 1000 9771 5
"3336" "X" 0.06 -0.45375 0.29875 0 1 2666.66666666667 1 5 1.20814817573642 5 1000 11129 5
"3337" "X" 0.06 -0.9075 0.05125 1 0.5 2666.66666666667 1 5 2.97103966096362 5 1000 12207 5
"3338" "X" 0.06 -0.4125 0.79375 1 0 2666.66666666667 1 5 0.230986728775236 5 1000 11078 5
"3339" "X" 0.06 -0.0825 0.175 1 1 2666.66666666667 1 5 1.74296930505862 5 1000 10220 5
"3340" "X" 0.006 -0.0825 0.9175 0 1 2666.66666666667 1 5 0.0861026990534116 5 1000 7789 5
"3341" "X" 0.06 -0.2475 0.7525 0 1 2666.66666666667 1 5 0.284354282359106 5 1000 10673 5
"3342" "X" 0.06 -0.78375 1 1 0.5 2666.66666666667 1 5 0 5 1000 11999 5
"3343" "X" 0.006 -0.78375 0.54625 1 0 2666.66666666667 1 5 0.604678532572337 5 1000 9454 5
"3344" "X" 0.06 -0.20625 0.2575 1 0 2666.66666666667 1 5 1.35673555887835 5 1000 10526 5
"3345" "X" 0.006 -0.86625 0.21625 1 1 2666.66666666667 1 5 1.53132013317015 5 1000 9624 5
"3346" "X" 0.006 -0.70125 0.4225 1 0 2666.66666666667 1 5 0.861565832184908 5 1000 9242 5
"3347" "X" 0.006 -0.53625 0.95875 0 1 2666.66666666667 1 5 0.042124926300671 5 1000 8893 5
"3348" "X" 0.06 -0.37125 0.01 1 0.5 2666.66666666667 1 5 4.60517018598809 5 1000 10903 5
"3349" "X" 0.06 -0.70125 0.05125 1 0.5 2666.66666666667 1 5 2.97103966096362 5 1000 11707 5
"3350" "X" 0.006 -0.33 0.01 1 0 2666.66666666667 1 5 4.60517018598809 5 1000 8302 5
"3351" "X" 0.006 -0.165 0.67 1 0.5 2666.66666666667 1 5 0.400477566597125 5 1000 7967 5
"3352" "X" 0.006 -0.4125 0.29875 1 0.5 2666.66666666667 1 5 1.20814817573642 5 1000 8531 5
"3353" "X" 0.006 0 0.2575 1 0 2666.66666666667 1 5 1.35673555887835 5 1000 7526 5
"3354" "X" 0.006 -0.12375 0.62875 1 1 2666.66666666667 1 5 0.464021557568188 5 1000 7864 5
"3355" "X" 0.006 -0.45375 0.34 1 0.5 2666.66666666667 1 5 1.07880966137193 5 1000 8635 5
"3356" "X" 0.006 -0.4125 0.29875 1 1 2666.66666666667 1 5 1.20814817573642 5 1000 8532 5
"3357" "X" 0.06 -0.7425 0.01 1 0.5 2666.66666666667 1 5 4.60517018598809 5 1000 11803 5
"3358" "X" 0.006 -0.53625 0.7525 0 1 2666.66666666667 1 5 0.284354282359106 5 1000 8873 5
"3359" "X" 0.006 -0.2475 0.79375 1 0.5 2666.66666666667 1 5 0.230986728775236 5 1000 8179 5
"3360" "X" 0.06 0 1 1 1 2666.66666666667 1 5 0 5 1000 10100 5
"3361" "X" 0.006 -0.53625 0.79375 1 0 2666.66666666667 1 5 0.230986728775236 5 1000 8878 5
"3362" "X" 0.06 -0.5775 0.87625 1 0.5 2666.66666666667 1 5 0.132103840633337 5 1000 11487 5
"3363" "X" 0.006 -0.0825 0.505 0 1 2666.66666666667 1 5 0.683196849706777 5 1000 7749 5
"3364" "X" 0.06 -0.04125 0.95875 1 0.5 2666.66666666667 1 5 0.042124926300671 5 1000 10195 5
"3365" "X" 0.006 -0.86625 0.38125 1 0 2666.66666666667 1 5 0.964299951060516 5 1000 9638 5
"3366" "X" 0.006 -0.28875 0.71125 1 1 2666.66666666667 1 5 0.340731293541596 5 1000 8272 5
"3367" "X" 0.06 -0.86625 0.29875 1 1 2666.66666666667 1 5 1.20814817573642 5 1000 12132 5
"3368" "X" 0.006 -0.9075 1 1 1 2666.66666666667 1 5 0 5 1000 9800 5
"3369" "X" 0.006 -0.61875 0.62875 0 1 2666.66666666667 1 5 0.464021557568188 5 1000 9061 5
"3370" "X" 0.006 -0.78375 0.62875 1 1 2666.66666666667 1 5 0.464021557568188 5 1000 9464 5
"3371" "X" 0.06 -0.66 0.71125 1 1 2666.66666666667 1 5 0.340731293541596 5 1000 11672 5
"3372" "X" 0.006 -0.94875 0.175 1 0.5 2666.66666666667 1 5 1.74296930505862 5 1000 9819 5
"3373" "X" 0.006 -0.33 0.2575 1 0 2666.66666666667 1 5 1.35673555887835 5 1000 8326 5
"3374" "X" 0.06 -0.28875 0.01 1 0 2666.66666666667 1 5 4.60517018598809 5 1000 10702 5
"3375" "X" 0.06 -0.78375 0.505 1 1 2666.66666666667 1 5 0.683196849706777 5 1000 11952 5
"3376" "X" 0.006 -0.9075 0.62875 1 1 2666.66666666667 1 5 0.464021557568188 5 1000 9764 5
"3377" "X" 0.06 -0.04125 0.05125 1 0.5 2666.66666666667 1 5 2.97103966096362 5 1000 10107 5
"3378" "X" 0.06 -0.20625 0.34 0 1 2666.66666666667 1 5 1.07880966137193 5 1000 10533 5
"3379" "X" 0.006 -0.45375 0.4225 1 1 2666.66666666667 1 5 0.861565832184908 5 1000 8644 5
"3380" "X" 0.006 -0.825 0.21625 1 1 2666.66666666667 1 5 1.53132013317015 5 1000 9524 5
"3381" "X" 0.06 -0.0825 0.4225 1 0 2666.66666666667 1 5 0.861565832184908 5 1000 10242 5
"3382" "X" 0.006 -0.78375 0.79375 1 1 2666.66666666667 1 5 0.230986728775236 5 1000 9480 5
"3383" "X" 0.06 -0.495 0.175 1 1 2666.66666666667 1 5 1.74296930505862 5 1000 11220 5
"3384" "X" 0.006 -0.2475 0.87625 1 1 2666.66666666667 1 5 0.132103840633337 5 1000 8188 5
"3385" "X" 0.06 -0.2475 0.7525 1 1 2666.66666666667 1 5 0.284354282359106 5 1000 10676 5
"3386" "X" 0.006 -0.495 0.2575 1 0 2666.66666666667 1 5 1.35673555887835 5 1000 8726 5
"3387" "X" 0.006 -0.45375 0.01 1 0 2666.66666666667 1 5 4.60517018598809 5 1000 8602 5
"3388" "X" 0.06 -0.53625 1 1 0 2666.66666666667 1 5 0 5 1000 11398 5
"3389" "X" 0.006 -0.165 0.21625 1 0 2666.66666666667 1 5 1.53132013317015 5 1000 7922 5
"3390" "X" 0.006 -0.04125 0.175 1 0 2666.66666666667 1 5 1.74296930505862 5 1000 7618 5
"3391" "X" 0.006 -0.53625 0.34 1 0.5 2666.66666666667 1 5 1.07880966137193 5 1000 8835 5
"3392" "X" 0.006 -0.33 0.29875 1 1 2666.66666666667 1 5 1.20814817573642 5 1000 8332 5
"3393" "X" 0.06 -0.86625 0.34 1 0.5 2666.66666666667 1 5 1.07880966137193 5 1000 12135 5
"3394" "X" 0.06 -0.4125 0.21625 1 0 2666.66666666667 1 5 1.53132013317015 5 1000 11022 5
"3395" "X" 0.006 -0.78375 0.29875 0 1 2666.66666666667 1 5 1.20814817573642 5 1000 9429 5
"3396" "X" 0.006 -0.45375 0.79375 0 1 2666.66666666667 1 5 0.230986728775236 5 1000 8677 5
"3397" "X" 0.006 -0.0825 0.5875 1 0.5 2666.66666666667 1 5 0.531879032963823 5 1000 7759 5
"3398" "X" 0.006 -0.33 0.505 1 0 2666.66666666667 1 5 0.683196849706777 5 1000 8350 5
"3399" "X" 0.006 -0.28875 0.46375 1 1 2666.66666666667 1 5 0.768409665060492 5 1000 8248 5
"3400" "X" 0.06 -0.61875 0.21625 1 1 2666.66666666667 1 5 1.53132013317015 5 1000 11524 5
"3401" "X" 0.006 -0.99 0.01 0 1 2666.66666666667 1 5 4.60517018598809 5 1000 9901 5
"3402" "X" 0.06 -0.70125 0.835 1 0 2666.66666666667 1 5 0.180323554131281 5 1000 11782 5
"3403" "X" 0.06 -0.2475 0.71125 1 0 2666.66666666667 1 5 0.340731293541596 5 1000 10670 5
"3404" "X" 0.06 -0.9075 0.175 1 1 2666.66666666667 1 5 1.74296930505862 5 1000 12220 5
"3405" "X" 0.006 -0.5775 0.4225 1 0.5 2666.66666666667 1 5 0.861565832184908 5 1000 8943 5
"3406" "X" 0.06 -0.33 0.4225 1 0.5 2666.66666666667 1 5 0.861565832184908 5 1000 10843 5
"3407" "X" 0.006 -0.99 0.4225 1 0.5 2666.66666666667 1 5 0.861565832184908 5 1000 9943 5
"3408" "X" 0.006 0 0.71125 1 0.5 2666.66666666667 1 5 0.340731293541596 5 1000 7571 5
"3409" "X" 0.006 -0.53625 0.71125 0 1 2666.66666666667 1 5 0.340731293541596 5 1000 8869 5
"3410" "X" 0.006 -0.495 0.95875 1 0 2666.66666666667 1 5 0.042124926300671 5 1000 8794 5
"3411" "X" 0.006 -0.165 0.835 1 0 2666.66666666667 1 5 0.180323554131281 5 1000 7982 5
"3412" "X" 0.006 -0.165 0.505 1 0 2666.66666666667 1 5 0.683196849706777 5 1000 7950 5
"3413" "X" 0.006 -0.0825 0.01 0 1 2666.66666666667 1 5 4.60517018598809 5 1000 7701 5
"3414" "X" 0.006 -0.61875 0.175 0 1 2666.66666666667 1 5 1.74296930505862 5 1000 9017 5
"3415" "X" 0.006 -0.825 0.95875 0 1 2666.66666666667 1 5 0.042124926300671 5 1000 9593 5
"3416" "X" 0.06 -0.45375 0.835 0 1 2666.66666666667 1 5 0.180323554131281 5 1000 11181 5
"3417" "X" 0.006 -0.99 0.7525 0 1 2666.66666666667 1 5 0.284354282359106 5 1000 9973 5
"3418" "X" 0.06 -0.37125 0.13375 0 1 2666.66666666667 1 5 2.01178289320602 5 1000 10913 5
"3419" "X" 0.06 -0.0825 0.505 1 0 2666.66666666667 1 5 0.683196849706777 5 1000 10250 5
"3420" "X" 0.006 -0.5775 0.34 1 0.5 2666.66666666667 1 5 1.07880966137193 5 1000 8935 5
"3421" "X" 0.006 -0.04125 0.01 1 0 2666.66666666667 1 5 4.60517018598809 5 1000 7602 5
"3422" "X" 0.006 -0.33 1 1 0 2666.66666666667 1 5 0 5 1000 8398 5
"3423" "X" 0.006 -0.5775 0.54625 0 1 2666.66666666667 1 5 0.604678532572337 5 1000 8953 5
"3424" "X" 0.06 -0.9075 0.54625 1 1 2666.66666666667 1 5 0.604678532572337 5 1000 12256 5
"3425" "X" 0.006 -0.165 0.175 1 0.5 2666.66666666667 1 5 1.74296930505862 5 1000 7919 5
"3426" "X" 0.06 -0.94875 0.175 1 0.5 2666.66666666667 1 5 1.74296930505862 5 1000 12319 5
"3427" "X" 0.006 -0.825 0.05125 0 1 2666.66666666667 1 5 2.97103966096362 5 1000 9505 5
"3428" "X" 0.006 -0.4125 0.54625 1 0.5 2666.66666666667 1 5 0.604678532572337 5 1000 8555 5
"3429" "X" 0.006 -0.495 0.5875 0 1 2666.66666666667 1 5 0.531879032963823 5 1000 8757 5
"3430" "X" 0.06 -0.28875 0.2575 1 0 2666.66666666667 1 5 1.35673555887835 5 1000 10726 5
"3431" "X" 0.06 -0.165 0.54625 1 0.5 2666.66666666667 1 5 0.604678532572337 5 1000 10455 5
"3432" "X" 0.06 -0.61875 0.2575 1 0 2666.66666666667 1 5 1.35673555887835 5 1000 11526 5
"3433" "X" 0.006 -0.20625 0.79375 1 0 2666.66666666667 1 5 0.230986728775236 5 1000 8078 5
"3434" "X" 0.06 -0.9075 0.835 0 1 2666.66666666667 1 5 0.180323554131281 5 1000 12281 5
"3435" "X" 0.006 -0.33 0.71125 0 1 2666.66666666667 1 5 0.340731293541596 5 1000 8369 5
"3436" "X" 0.06 0 0.9175 1 1 2666.66666666667 1 5 0.0861026990534116 5 1000 10092 5
"3437" "X" 0.06 0 0.79375 1 0 2666.66666666667 1 5 0.230986728775236 5 1000 10078 5
"3438" "X" 0.06 -0.7425 0.4225 0 1 2666.66666666667 1 5 0.861565832184908 5 1000 11841 5
"3439" "X" 0.06 -0.5775 0.71125 1 0 2666.66666666667 1 5 0.340731293541596 5 1000 11470 5
"3440" "X" 0.06 -0.04125 0.95875 1 0 2666.66666666667 1 5 0.042124926300671 5 1000 10194 5
"3441" "X" 0.006 -0.2475 0.62875 1 0 2666.66666666667 1 5 0.464021557568188 5 1000 8162 5
"3442" "X" 0.06 -0.53625 0.67 1 1 2666.66666666667 1 5 0.400477566597125 5 1000 11368 5
"3443" "X" 0.006 -0.66 0.5875 1 0.5 2666.66666666667 1 5 0.531879032963823 5 1000 9159 5
"3444" "X" 0.06 -0.45375 0.2575 1 0.5 2666.66666666667 1 5 1.35673555887835 5 1000 11127 5
"3445" "X" 0.06 -0.99 0.175 1 0.5 2666.66666666667 1 5 1.74296930505862 5 1000 12419 5
"3446" "X" 0.06 -0.66 0.505 1 0 2666.66666666667 1 5 0.683196849706777 5 1000 11650 5
"3447" "X" 0.006 -0.825 0.05125 1 1 2666.66666666667 1 5 2.97103966096362 5 1000 9508 5
"3448" "X" 0.06 -0.0825 0.505 0 1 2666.66666666667 1 5 0.683196849706777 5 1000 10249 5
"3449" "X" 0.06 -0.61875 0.62875 0 1 2666.66666666667 1 5 0.464021557568188 5 1000 11561 5
"3450" "X" 0.06 -0.45375 0.4225 1 1 2666.66666666667 1 5 0.861565832184908 5 1000 11144 5
"3451" "X" 0.006 -0.53625 0.0925 1 1 2666.66666666667 1 5 2.38054663446376 5 1000 8812 5
"3452" "X" 0.06 -0.61875 0.05125 1 0 2666.66666666667 1 5 2.97103966096362 5 1000 11506 5
"3453" "X" 0.06 -0.99 0.95875 1 0 2666.66666666667 1 5 0.042124926300671 5 1000 12494 5
"3454" "X" 0.06 -0.53625 0.67 1 0.5 2666.66666666667 1 5 0.400477566597125 5 1000 11367 5
"3455" "X" 0.06 -0.4125 0.67 1 0 2666.66666666667 1 5 0.400477566597125 5 1000 11066 5
"3456" "X" 0.06 -0.61875 0.21625 1 0 2666.66666666667 1 5 1.53132013317015 5 1000 11522 5
"3457" "X" 0.006 -0.53625 0.0925 0 1 2666.66666666667 1 5 2.38054663446376 5 1000 8809 5
"3458" "X" 0.06 -0.28875 0.05125 1 1 2666.66666666667 1 5 2.97103966096362 5 1000 10708 5
"3459" "X" 0.06 -0.99 0.79375 1 0.5 2666.66666666667 1 5 0.230986728775236 5 1000 12479 5
"3460" "X" 0.06 -0.86625 0.46375 1 1 2666.66666666667 1 5 0.768409665060492 5 1000 12148 5
"3461" "X" 0.006 -0.66 0.835 0 1 2666.66666666667 1 5 0.180323554131281 5 1000 9181 5
"3462" "X" 0.006 -0.86625 0.7525 1 0 2666.66666666667 1 5 0.284354282359106 5 1000 9674 5
"3463" "X" 0.006 -0.825 0.175 1 1 2666.66666666667 1 5 1.74296930505862 5 1000 9520 5
"3464" "X" 0.006 -0.12375 0.79375 0 1 2666.66666666667 1 5 0.230986728775236 5 1000 7877 5
"3465" "X" 0.006 -0.37125 0.54625 1 0.5 2666.66666666667 1 5 0.604678532572337 5 1000 8455 5
"3466" "X" 0.006 -0.165 0.38125 0 1 2666.66666666667 1 5 0.964299951060516 5 1000 7937 5
"3467" "X" 0.006 -0.94875 0.67 0 1 2666.66666666667 1 5 0.400477566597125 5 1000 9865 5
"3468" "X" 0.006 -0.04125 0.05125 0 1 2666.66666666667 1 5 2.97103966096362 5 1000 7605 5
"3469" "X" 0.06 -0.04125 0.835 1 0.5 2666.66666666667 1 5 0.180323554131281 5 1000 10183 5
"3470" "X" 0.006 -0.45375 0.38125 1 0 2666.66666666667 1 5 0.964299951060516 5 1000 8638 5
"3471" "X" 0.006 -0.7425 0.505 1 0 2666.66666666667 1 5 0.683196849706777 5 1000 9350 5
"3472" "X" 0.006 -0.04125 0.71125 1 0 2666.66666666667 1 5 0.340731293541596 5 1000 7670 5
"3473" "X" 0.006 -0.12375 0.87625 0 1 2666.66666666667 1 5 0.132103840633337 5 1000 7885 5
"3474" "X" 0.006 -0.20625 0.95875 1 0.5 2666.66666666667 1 5 0.042124926300671 5 1000 8095 5
"3475" "X" 0.006 -0.66 0.01 1 0.5 2666.66666666667 1 5 4.60517018598809 5 1000 9103 5
"3476" "X" 0.06 -0.9075 0.2575 1 0 2666.66666666667 1 5 1.35673555887835 5 1000 12226 5
"3477" "X" 0.006 -0.4125 0.9175 1 1 2666.66666666667 1 5 0.0861026990534116 5 1000 8592 5
"3478" "X" 0.006 -0.45375 0.2575 0 1 2666.66666666667 1 5 1.35673555887835 5 1000 8625 5
"3479" "X" 0.06 -0.5775 0.505 1 1 2666.66666666667 1 5 0.683196849706777 5 1000 11452 5
"3480" "X" 0.06 -0.78375 0.87625 1 0 2666.66666666667 1 5 0.132103840633337 5 1000 11986 5
"3481" "X" 0.006 0 0.54625 0 1 2666.66666666667 1 5 0.604678532572337 5 1000 7553 5
"3482" "X" 0.06 -0.7425 0.05125 1 0 2666.66666666667 1 5 2.97103966096362 5 1000 11806 5
"3483" "X" 0.06 -0.04125 0.2575 1 0.5 2666.66666666667 1 5 1.35673555887835 5 1000 10127 5
"3484" "X" 0.006 -0.45375 0.0925 0 1 2666.66666666667 1 5 2.38054663446376 5 1000 8609 5
"3485" "X" 0.006 -0.86625 0.2575 1 0.5 2666.66666666667 1 5 1.35673555887835 5 1000 9627 5
"3486" "X" 0.006 -0.165 0.79375 1 0.5 2666.66666666667 1 5 0.230986728775236 5 1000 7979 5
"3487" "X" 0.006 -0.4125 0.34 1 1 2666.66666666667 1 5 1.07880966137193 5 1000 8536 5
"3488" "X" 0.06 -0.5775 0.29875 1 1 2666.66666666667 1 5 1.20814817573642 5 1000 11432 5
"3489" "X" 0.06 -0.2475 0.21625 1 0 2666.66666666667 1 5 1.53132013317015 5 1000 10622 5
"3490" "X" 0.006 -0.9075 0.67 1 0.5 2666.66666666667 1 5 0.400477566597125 5 1000 9767 5
"3491" "X" 0.06 -0.7425 0.54625 1 0.5 2666.66666666667 1 5 0.604678532572337 5 1000 11855 5
"3492" "X" 0.06 -0.04125 0.67 1 0 2666.66666666667 1 5 0.400477566597125 5 1000 10166 5
"3493" "X" 0.006 0 0.67 1 1 2666.66666666667 1 5 0.400477566597125 5 1000 7568 5
"3494" "X" 0.006 -0.28875 0.71125 1 0 2666.66666666667 1 5 0.340731293541596 5 1000 8270 5
"3495" "X" 0.06 0 0.95875 1 0 2666.66666666667 1 5 0.042124926300671 5 1000 10094 5
"3496" "X" 0.006 -0.7425 0.13375 1 1 2666.66666666667 1 5 2.01178289320602 5 1000 9316 5
"3497" "X" 0.006 -0.20625 1 1 0.5 2666.66666666667 1 5 0 5 1000 8099 5
"3498" "X" 0.006 -0.66 0.62875 1 0 2666.66666666667 1 5 0.464021557568188 5 1000 9162 5
"3499" "X" 0.06 -0.99 0.175 0 1 2666.66666666667 1 5 1.74296930505862 5 1000 12417 5
"3500" "X" 0.06 -0.94875 1 0 1 2666.66666666667 1 5 0 5 1000 12397 5
"3501" "X" 0.06 -0.37125 0.5875 0 1 2666.66666666667 1 5 0.531879032963823 5 1000 10957 5
"3502" "X" 0.006 -0.2475 0.01 0 1 2666.66666666667 1 5 4.60517018598809 5 1000 8101 5
"3503" "X" 0.06 -0.165 0.79375 1 0.5 2666.66666666667 1 5 0.230986728775236 5 1000 10479 5
"3504" "X" 0.006 -0.61875 0.34 1 0.5 2666.66666666667 1 5 1.07880966137193 5 1000 9035 5
"3505" "X" 0.06 -0.5775 0.46375 0 1 2666.66666666667 1 5 0.768409665060492 5 1000 11445 5
"3506" "X" 0.006 -0.7425 0.95875 1 1 2666.66666666667 1 5 0.042124926300671 5 1000 9396 5
"3507" "X" 0.06 -0.33 0.0925 1 1 2666.66666666667 1 5 2.38054663446376 5 1000 10812 5
"3508" "X" 0.006 -0.2475 0.0925 0 1 2666.66666666667 1 5 2.38054663446376 5 1000 8109 5
"3509" "X" 0.06 -0.78375 0.21625 1 1 2666.66666666667 1 5 1.53132013317015 5 1000 11924 5
"3510" "X" 0.006 -0.495 0.01 1 0 2666.66666666667 1 5 4.60517018598809 5 1000 8702 5
"3511" "X" 0.006 0 0.62875 1 1 2666.66666666667 1 5 0.464021557568188 5 1000 7564 5
"3512" "X" 0.06 -0.28875 0.29875 0 1 2666.66666666667 1 5 1.20814817573642 5 1000 10729 5
"3513" "X" 0.006 -0.2475 0.46375 1 1 2666.66666666667 1 5 0.768409665060492 5 1000 8148 5
"3514" "X" 0.006 -0.04125 0.21625 1 0 2666.66666666667 1 5 1.53132013317015 5 1000 7622 5
"3515" "X" 0.06 -0.61875 0.71125 1 1 2666.66666666667 1 5 0.340731293541596 5 1000 11572 5
"3516" "X" 0.006 -0.61875 0.54625 1 1 2666.66666666667 1 5 0.604678532572337 5 1000 9056 5
"3517" "X" 0.006 -0.61875 0.7525 0 1 2666.66666666667 1 5 0.284354282359106 5 1000 9073 5
"3518" "X" 0.006 -0.495 0.4225 1 1 2666.66666666667 1 5 0.861565832184908 5 1000 8744 5
"3519" "X" 0.06 0 0.9175 1 0.5 2666.66666666667 1 5 0.0861026990534116 5 1000 10091 5
"3520" "X" 0.06 -0.94875 0.87625 1 0.5 2666.66666666667 1 5 0.132103840633337 5 1000 12387 5
"3521" "X" 0.06 -0.0825 0.87625 1 1 2666.66666666667 1 5 0.132103840633337 5 1000 10288 5
"3522" "X" 0.006 -0.66 0.95875 1 1 2666.66666666667 1 5 0.042124926300671 5 1000 9196 5
"3523" "X" 0.06 -0.0825 0.7525 0 1 2666.66666666667 1 5 0.284354282359106 5 1000 10273 5
"3524" "X" 0.06 -0.99 0.46375 1 1 2666.66666666667 1 5 0.768409665060492 5 1000 12448 5
"3525" "X" 0.006 -0.86625 0.505 0 1 2666.66666666667 1 5 0.683196849706777 5 1000 9649 5
"3526" "X" 0.06 0 0.46375 1 0 2666.66666666667 1 5 0.768409665060492 5 1000 10046 5
"3527" "X" 0.06 -0.5775 0.38125 0 1 2666.66666666667 1 5 0.964299951060516 5 1000 11437 5
"3528" "X" 0.06 -0.99 0.2575 1 1 2666.66666666667 1 5 1.35673555887835 5 1000 12428 5
"3529" "X" 0.06 -0.12375 0.38125 0 1 2666.66666666667 1 5 0.964299951060516 5 1000 10337 5
"3530" "X" 0.06 -0.61875 0.2575 0 1 2666.66666666667 1 5 1.35673555887835 5 1000 11525 5
"3531" "X" 0.06 -0.86625 0.21625 1 0 2666.66666666667 1 5 1.53132013317015 5 1000 12122 5
"3532" "X" 0.06 -0.2475 0.0925 1 0 2666.66666666667 1 5 2.38054663446376 5 1000 10610 5
"3533" "X" 0.006 -0.04125 0.46375 0 1 2666.66666666667 1 5 0.768409665060492 5 1000 7645 5
"3534" "X" 0.006 -0.66 0.835 1 1 2666.66666666667 1 5 0.180323554131281 5 1000 9184 5
"3535" "X" 0.006 -0.37125 0.9175 0 1 2666.66666666667 1 5 0.0861026990534116 5 1000 8489 5
"3536" "X" 0.06 -0.53625 0.21625 1 0.5 2666.66666666667 1 5 1.53132013317015 5 1000 11323 5
"3537" "X" 0.06 -0.5775 0.34 1 0 2666.66666666667 1 5 1.07880966137193 5 1000 11434 5
"3538" "X" 0.006 -0.94875 0.62875 0 1 2666.66666666667 1 5 0.464021557568188 5 1000 9861 5
"3539" "X" 0.006 -0.04125 0.05125 1 0 2666.66666666667 1 5 2.97103966096362 5 1000 7606 5
"3540" "X" 0.06 -0.825 0.54625 0 1 2666.66666666667 1 5 0.604678532572337 5 1000 12053 5
"3541" "X" 0.006 -0.66 0.7525 1 1 2666.66666666667 1 5 0.284354282359106 5 1000 9176 5
"3542" "X" 0.06 -0.86625 0.13375 1 0 2666.66666666667 1 5 2.01178289320602 5 1000 12114 5
"3543" "X" 0.06 -0.66 0.62875 1 0 2666.66666666667 1 5 0.464021557568188 5 1000 11662 5
"3544" "X" 0.06 -0.5775 0.505 1 0.5 2666.66666666667 1 5 0.683196849706777 5 1000 11451 5
"3545" "X" 0.06 -0.2475 0.01 1 0 2666.66666666667 1 5 4.60517018598809 5 1000 10602 5
"3546" "X" 0.06 -0.70125 0.835 0 1 2666.66666666667 1 5 0.180323554131281 5 1000 11781 5
"3547" "X" 0.006 -0.9075 0.0925 0 1 2666.66666666667 1 5 2.38054663446376 5 1000 9709 5
"3548" "X" 0.006 -0.28875 0.175 1 0 2666.66666666667 1 5 1.74296930505862 5 1000 8218 5
"3549" "X" 0.006 -0.04125 0.2575 1 1 2666.66666666667 1 5 1.35673555887835 5 1000 7628 5
"3550" "X" 0.06 -0.825 0.01 0 1 2666.66666666667 1 5 4.60517018598809 5 1000 12001 5
"3551" "X" 0.06 -0.78375 0.62875 1 0.5 2666.66666666667 1 5 0.464021557568188 5 1000 11963 5
"3552" "X" 0.06 -0.495 0.29875 1 0.5 2666.66666666667 1 5 1.20814817573642 5 1000 11231 5
"3553" "X" 0.006 -0.99 0.46375 0 1 2666.66666666667 1 5 0.768409665060492 5 1000 9945 5
"3554" "X" 0.06 -0.5775 0.05125 1 0 2666.66666666667 1 5 2.97103966096362 5 1000 11406 5
"3555" "X" 0.006 -0.165 0.9175 1 1 2666.66666666667 1 5 0.0861026990534116 5 1000 7992 5
"3556" "X" 0.06 -0.86625 0.95875 1 0.5 2666.66666666667 1 5 0.042124926300671 5 1000 12195 5
"3557" "X" 0.06 -0.9075 0.67 1 0.5 2666.66666666667 1 5 0.400477566597125 5 1000 12267 5
"3558" "X" 0.006 -0.78375 0.01 1 0 2666.66666666667 1 5 4.60517018598809 5 1000 9402 5
"3559" "X" 0.006 -0.70125 0.71125 1 0.5 2666.66666666667 1 5 0.340731293541596 5 1000 9271 5
"3560" "X" 0.006 -0.7425 0.13375 0 1 2666.66666666667 1 5 2.01178289320602 5 1000 9313 5
"3561" "X" 0.006 -0.33 0.54625 1 1 2666.66666666667 1 5 0.604678532572337 5 1000 8356 5
"3562" "X" 0.006 -0.61875 0.87625 1 0.5 2666.66666666667 1 5 0.132103840633337 5 1000 9087 5
"3563" "X" 0.06 -0.28875 0.5875 0 1 2666.66666666667 1 5 0.531879032963823 5 1000 10757 5
"3564" "X" 0.006 0 0.9175 0 1 2666.66666666667 1 5 0.0861026990534116 5 1000 7589 5
"3565" "X" 0.06 -0.94875 0.46375 0 1 2666.66666666667 1 5 0.768409665060492 5 1000 12345 5
"3566" "X" 0.06 -0.28875 0.05125 0 1 2666.66666666667 1 5 2.97103966096362 5 1000 10705 5
"3567" "X" 0.06 -0.2475 0.835 1 1 2666.66666666667 1 5 0.180323554131281 5 1000 10684 5
"3568" "X" 0.06 -0.12375 0.05125 1 0 2666.66666666667 1 5 2.97103966096362 5 1000 10306 5
"3569" "X" 0.006 -0.37125 0.29875 0 1 2666.66666666667 1 5 1.20814817573642 5 1000 8429 5
"3570" "X" 0.006 -0.7425 0.54625 1 1 2666.66666666667 1 5 0.604678532572337 5 1000 9356 5
"3571" "X" 0.006 -0.495 0.7525 1 0 2666.66666666667 1 5 0.284354282359106 5 1000 8774 5
"3572" "X" 0.06 -0.5775 0.46375 1 0.5 2666.66666666667 1 5 0.768409665060492 5 1000 11447 5
"3573" "X" 0.006 -0.04125 1 1 1 2666.66666666667 1 5 0 5 1000 7700 5
"3574" "X" 0.006 -0.61875 0.54625 1 0.5 2666.66666666667 1 5 0.604678532572337 5 1000 9055 5
"3575" "X" 0.006 -0.20625 0.5875 0 1 2666.66666666667 1 5 0.531879032963823 5 1000 8057 5
"3576" "X" 0.006 -0.7425 0.175 1 0 2666.66666666667 1 5 1.74296930505862 5 1000 9318 5
"3577" "X" 0.06 -0.61875 0.34 1 1 2666.66666666667 1 5 1.07880966137193 5 1000 11536 5
"3578" "X" 0.06 -0.20625 0.835 1 0 2666.66666666667 1 5 0.180323554131281 5 1000 10582 5
"3579" "X" 0.006 -0.12375 0.835 1 0.5 2666.66666666667 1 5 0.180323554131281 5 1000 7883 5
"3580" "X" 0.06 -0.99 0.5875 1 1 2666.66666666667 1 5 0.531879032963823 5 1000 12460 5
"3581" "X" 0.006 -0.28875 0.95875 1 1 2666.66666666667 1 5 0.042124926300671 5 1000 8296 5
"3582" "X" 0.06 -0.78375 0.2575 1 0.5 2666.66666666667 1 5 1.35673555887835 5 1000 11927 5
"3583" "X" 0.06 -0.7425 0.2575 1 1 2666.66666666667 1 5 1.35673555887835 5 1000 11828 5
"3584" "X" 0.006 -0.66 0.71125 0 1 2666.66666666667 1 5 0.340731293541596 5 1000 9169 5
"3585" "X" 0.06 -0.495 0.54625 0 1 2666.66666666667 1 5 0.604678532572337 5 1000 11253 5
"3586" "X" 0.06 -0.0825 0.71125 0 1 2666.66666666667 1 5 0.340731293541596 5 1000 10269 5
"3587" "X" 0.006 -0.7425 0.13375 1 0.5 2666.66666666667 1 5 2.01178289320602 5 1000 9315 5
"3588" "X" 0.06 -0.825 0.87625 1 0.5 2666.66666666667 1 5 0.132103840633337 5 1000 12087 5
"3589" "X" 0.06 -0.04125 0.95875 1 1 2666.66666666667 1 5 0.042124926300671 5 1000 10196 5
"3590" "X" 0.06 -0.45375 0.46375 1 1 2666.66666666667 1 5 0.768409665060492 5 1000 11148 5
"3591" "X" 0.006 -0.45375 0.05125 0 1 2666.66666666667 1 5 2.97103966096362 5 1000 8605 5
"3592" "X" 0.006 -0.4125 0.95875 1 0.5 2666.66666666667 1 5 0.042124926300671 5 1000 8595 5
"3593" "X" 0.006 -0.165 0.505 1 0.5 2666.66666666667 1 5 0.683196849706777 5 1000 7951 5
"3594" "X" 0.006 -0.70125 0.29875 0 1 2666.66666666667 1 5 1.20814817573642 5 1000 9229 5
"3595" "X" 0.06 -0.2475 0.54625 0 1 2666.66666666667 1 5 0.604678532572337 5 1000 10653 5
"3596" "X" 0.006 -0.78375 0.505 1 0.5 2666.66666666667 1 5 0.683196849706777 5 1000 9451 5
"3597" "X" 0.06 -0.9075 0.95875 0 1 2666.66666666667 1 5 0.042124926300671 5 1000 12293 5
"3598" "X" 0.06 -0.33 0.05125 1 0 2666.66666666667 1 5 2.97103966096362 5 1000 10806 5
"3599" "X" 0.006 -0.9075 1 1 0 2666.66666666667 1 5 0 5 1000 9798 5
"3600" "X" 0.06 -0.5775 0.67 1 0.5 2666.66666666667 1 5 0.400477566597125 5 1000 11467 5
"3601" "X" 0.006 -0.78375 0.05125 1 1 2666.66666666667 1 5 2.97103966096362 5 1000 9408 5
"3602" "X" 0.06 -0.495 0.05125 0 1 2666.66666666667 1 5 2.97103966096362 5 1000 11205 5
"3603" "X" 0.06 -0.5775 0.9175 0 1 2666.66666666667 1 5 0.0861026990534116 5 1000 11489 5
"3604" "X" 0.006 -0.86625 1 1 0.5 2666.66666666667 1 5 0 5 1000 9699 5
"3605" "X" 0.006 -0.0825 0.38125 1 1 2666.66666666667 1 5 0.964299951060516 5 1000 7740 5
"3606" "X" 0.006 -0.99 0.05125 1 1 2666.66666666667 1 5 2.97103966096362 5 1000 9908 5
"3607" "X" 0.006 -0.94875 0.46375 0 1 2666.66666666667 1 5 0.768409665060492 5 1000 9845 5
"3608" "X" 0.06 -0.99 0.29875 1 1 2666.66666666667 1 5 1.20814817573642 5 1000 12432 5
"3609" "X" 0.06 -0.94875 0.62875 1 0 2666.66666666667 1 5 0.464021557568188 5 1000 12362 5
"3610" "X" 0.006 -0.45375 0.38125 1 0.5 2666.66666666667 1 5 0.964299951060516 5 1000 8639 5
"3611" "X" 0.006 -0.0825 0.29875 1 0.5 2666.66666666667 1 5 1.20814817573642 5 1000 7731 5
"3612" "X" 0.006 -0.04125 0.9175 1 0.5 2666.66666666667 1 5 0.0861026990534116 5 1000 7691 5
"3613" "X" 0.006 -0.20625 0.505 1 0 2666.66666666667 1 5 0.683196849706777 5 1000 8050 5
"3614" "X" 0.006 -0.99 0.13375 1 1 2666.66666666667 1 5 2.01178289320602 5 1000 9916 5
"3615" "X" 0.06 -0.825 1 0 1 2666.66666666667 1 5 0 5 1000 12097 5
"3616" "X" 0.06 -0.45375 0.21625 1 0.5 2666.66666666667 1 5 1.53132013317015 5 1000 11123 5
"3617" "X" 0.06 -0.70125 0.46375 1 0 2666.66666666667 1 5 0.768409665060492 5 1000 11746 5
"3618" "X" 0.006 -0.78375 0.95875 1 1 2666.66666666667 1 5 0.042124926300671 5 1000 9496 5
"3619" "X" 0.006 -0.94875 0.87625 0 1 2666.66666666667 1 5 0.132103840633337 5 1000 9885 5
"3620" "X" 0.06 0 0.71125 1 0.5 2666.66666666667 1 5 0.340731293541596 5 1000 10071 5
"3621" "X" 0.06 -0.0825 0.7525 1 0 2666.66666666667 1 5 0.284354282359106 5 1000 10274 5
"3622" "X" 0.06 -0.86625 1 1 0.5 2666.66666666667 1 5 0 5 1000 12199 5
"3623" "X" 0.06 -0.495 0.29875 0 1 2666.66666666667 1 5 1.20814817573642 5 1000 11229 5
"3624" "X" 0.06 -0.94875 0.95875 0 1 2666.66666666667 1 5 0.042124926300671 5 1000 12393 5
"3625" "X" 0.06 -0.53625 0.87625 1 0 2666.66666666667 1 5 0.132103840633337 5 1000 11386 5
"3626" "X" 0.06 -0.61875 0.87625 1 1 2666.66666666667 1 5 0.132103840633337 5 1000 11588 5
"3627" "X" 0.006 -0.99 1 0 1 2666.66666666667 1 5 0 5 1000 9997 5
"3628" "X" 0.06 -0.78375 0.29875 1 0 2666.66666666667 1 5 1.20814817573642 5 1000 11930 5
"3629" "X" 0.06 -0.165 0.835 1 0 2666.66666666667 1 5 0.180323554131281 5 1000 10482 5
"3630" "X" 0.06 -0.45375 0.46375 0 1 2666.66666666667 1 5 0.768409665060492 5 1000 11145 5
"3631" "X" 0.06 -0.37125 0.4225 1 1 2666.66666666667 1 5 0.861565832184908 5 1000 10944 5
"3632" "X" 0.06 -0.4125 0.95875 1 0 2666.66666666667 1 5 0.042124926300671 5 1000 11094 5
"3633" "X" 0.06 -0.2475 0.5875 1 1 2666.66666666667 1 5 0.531879032963823 5 1000 10660 5
"3634" "X" 0.06 -0.94875 0.01 1 0.5 2666.66666666667 1 5 4.60517018598809 5 1000 12303 5
"3635" "X" 0.06 -0.66 0.34 1 0.5 2666.66666666667 1 5 1.07880966137193 5 1000 11635 5
"3636" "X" 0.006 -0.7425 0.505 1 1 2666.66666666667 1 5 0.683196849706777 5 1000 9352 5
"3637" "X" 0.06 -0.20625 0.9175 0 1 2666.66666666667 1 5 0.0861026990534116 5 1000 10589 5
"3638" "X" 0.06 -0.12375 0.9175 1 0 2666.66666666667 1 5 0.0861026990534116 5 1000 10390 5
"3639" "X" 0.06 -0.2475 0.38125 0 1 2666.66666666667 1 5 0.964299951060516 5 1000 10637 5
"3640" "X" 0.006 -0.37125 0.505 1 0 2666.66666666667 1 5 0.683196849706777 5 1000 8450 5
"3641" "X" 0.06 -0.0825 0.29875 1 0.5 2666.66666666667 1 5 1.20814817573642 5 1000 10231 5
"3642" "X" 0.006 -0.66 0.62875 1 0.5 2666.66666666667 1 5 0.464021557568188 5 1000 9163 5
"3643" "X" 0.06 -0.37125 0.67 1 0 2666.66666666667 1 5 0.400477566597125 5 1000 10966 5
"3644" "X" 0.06 -0.165 0.46375 1 0 2666.66666666667 1 5 0.768409665060492 5 1000 10446 5
"3645" "X" 0.06 -0.495 1 0 1 2666.66666666667 1 5 0 5 1000 11297 5
"3646" "X" 0.006 -0.66 0.79375 1 0 2666.66666666667 1 5 0.230986728775236 5 1000 9178 5
"3647" "X" 0.006 -0.04125 0.87625 1 1 2666.66666666667 1 5 0.132103840633337 5 1000 7688 5
"3648" "X" 0.06 -0.70125 1 1 0 2666.66666666667 1 5 0 5 1000 11798 5
"3649" "X" 0.06 -0.20625 0.0925 0 1 2666.66666666667 1 5 2.38054663446376 5 1000 10509 5
"3650" "X" 0.006 -0.2475 0.01 1 0.5 2666.66666666667 1 5 4.60517018598809 5 1000 8103 5
"3651" "X" 0.06 -0.0825 0.62875 1 0.5 2666.66666666667 1 5 0.464021557568188 5 1000 10263 5
"3652" "X" 0.006 -0.86625 0.95875 1 0.5 2666.66666666667 1 5 0.042124926300671 5 1000 9695 5
"3653" "X" 0.006 -0.33 0.54625 1 0.5 2666.66666666667 1 5 0.604678532572337 5 1000 8355 5
"3654" "X" 0.06 -0.33 0.46375 0 1 2666.66666666667 1 5 0.768409665060492 5 1000 10845 5
"3655" "X" 0.006 -0.99 0.2575 1 0 2666.66666666667 1 5 1.35673555887835 5 1000 9926 5
"3656" "X" 0.06 -0.495 0.5875 1 0.5 2666.66666666667 1 5 0.531879032963823 5 1000 11259 5
"3657" "X" 0.06 -0.9075 0.46375 1 0 2666.66666666667 1 5 0.768409665060492 5 1000 12246 5
"3658" "X" 0.006 -0.61875 0.175 1 0 2666.66666666667 1 5 1.74296930505862 5 1000 9018 5
"3659" "X" 0.06 -0.12375 0.95875 1 1 2666.66666666667 1 5 0.042124926300671 5 1000 10396 5
"3660" "X" 0.06 -0.70125 0.71125 1 0 2666.66666666667 1 5 0.340731293541596 5 1000 11770 5
"3661" "X" 0.006 0 0.54625 1 0.5 2666.66666666667 1 5 0.604678532572337 5 1000 7555 5
"3662" "X" 0.06 -0.53625 0.175 1 0 2666.66666666667 1 5 1.74296930505862 5 1000 11318 5
"3663" "X" 0.006 -0.20625 0.87625 1 0 2666.66666666667 1 5 0.132103840633337 5 1000 8086 5
"3664" "X" 0.06 -0.37125 0.87625 1 1 2666.66666666667 1 5 0.132103840633337 5 1000 10988 5
"3665" "X" 0.06 -0.94875 0.01 1 1 2666.66666666667 1 5 4.60517018598809 5 1000 12304 5
"3666" "X" 0.006 -0.04125 0.34 0 1 2666.66666666667 1 5 1.07880966137193 5 1000 7633 5
"3667" "X" 0.006 -0.2475 0.95875 1 0 2666.66666666667 1 5 0.042124926300671 5 1000 8194 5
"3668" "X" 0.006 -0.61875 0.05125 1 0.5 2666.66666666667 1 5 2.97103966096362 5 1000 9007 5
"3669" "X" 0.06 -0.70125 0.46375 1 1 2666.66666666667 1 5 0.768409665060492 5 1000 11748 5
"3670" "X" 0.06 -0.04125 0.7525 0 1 2666.66666666667 1 5 0.284354282359106 5 1000 10173 5
"3671" "X" 0.06 -0.99 0.05125 1 0.5 2666.66666666667 1 5 2.97103966096362 5 1000 12407 5
"3672" "X" 0.006 -0.165 0.01 1 0 2666.66666666667 1 5 4.60517018598809 5 1000 7902 5
"3673" "X" 0.06 -0.70125 0.54625 1 1 2666.66666666667 1 5 0.604678532572337 5 1000 11756 5
"3674" "X" 0.006 -0.825 0.835 1 1 2666.66666666667 1 5 0.180323554131281 5 1000 9584 5
"3675" "X" 0.006 -0.78375 0.175 0 1 2666.66666666667 1 5 1.74296930505862 5 1000 9417 5
"3676" "X" 0.06 -0.20625 0.5875 0 1 2666.66666666667 1 5 0.531879032963823 5 1000 10557 5
"3677" "X" 0.06 -0.04125 0.71125 1 1 2666.66666666667 1 5 0.340731293541596 5 1000 10172 5
"3678" "X" 0.006 -0.33 0.54625 0 1 2666.66666666667 1 5 0.604678532572337 5 1000 8353 5
"3679" "X" 0.06 -0.495 0.71125 1 1 2666.66666666667 1 5 0.340731293541596 5 1000 11272 5
"3680" "X" 0.006 -0.9075 0.505 1 0.5 2666.66666666667 1 5 0.683196849706777 5 1000 9751 5
"3681" "X" 0.06 -0.37125 0.175 1 0 2666.66666666667 1 5 1.74296930505862 5 1000 10918 5
"3682" "X" 0.06 -0.04125 0.21625 1 0 2666.66666666667 1 5 1.53132013317015 5 1000 10122 5
"3683" "X" 0.006 -0.28875 0.7525 1 0.5 2666.66666666667 1 5 0.284354282359106 5 1000 8275 5
"3684" "X" 0.006 -0.61875 0.62875 1 1 2666.66666666667 1 5 0.464021557568188 5 1000 9064 5
"3685" "X" 0.06 -0.165 0.95875 1 1 2666.66666666667 1 5 0.042124926300671 5 1000 10496 5
"3686" "X" 0.006 -0.37125 0.7525 1 1 2666.66666666667 1 5 0.284354282359106 5 1000 8476 5
"3687" "X" 0.06 0 1 1 0.5 2666.66666666667 1 5 0 5 1000 10099 5
"3688" "X" 0.006 -0.5775 0.38125 1 0 2666.66666666667 1 5 0.964299951060516 5 1000 8938 5
"3689" "X" 0.006 -0.20625 0.71125 1 0 2666.66666666667 1 5 0.340731293541596 5 1000 8070 5
"3690" "X" 0.006 -0.12375 0.95875 0 1 2666.66666666667 1 5 0.042124926300671 5 1000 7893 5
"3691" "X" 0.006 -0.94875 0.505 1 1 2666.66666666667 1 5 0.683196849706777 5 1000 9852 5
"3692" "X" 0.06 -0.94875 0.71125 1 1 2666.66666666667 1 5 0.340731293541596 5 1000 12372 5
"3693" "X" 0.006 -0.165 0.54625 1 0 2666.66666666667 1 5 0.604678532572337 5 1000 7954 5
"3694" "X" 0.006 -0.66 0.4225 1 0 2666.66666666667 1 5 0.861565832184908 5 1000 9142 5
"3695" "X" 0.006 -0.33 0.29875 0 1 2666.66666666667 1 5 1.20814817573642 5 1000 8329 5
"3696" "X" 0.006 -0.9075 0.5875 1 0 2666.66666666667 1 5 0.531879032963823 5 1000 9758 5
"3697" "X" 0.006 -0.37125 0.38125 1 0.5 2666.66666666667 1 5 0.964299951060516 5 1000 8439 5
"3698" "X" 0.006 -0.94875 0.79375 1 1 2666.66666666667 1 5 0.230986728775236 5 1000 9880 5
"3699" "X" 0.006 -0.165 0.13375 1 1 2666.66666666667 1 5 2.01178289320602 5 1000 7916 5
"3700" "X" 0.006 -0.165 0.7525 0 1 2666.66666666667 1 5 0.284354282359106 5 1000 7973 5
"3701" "X" 0.006 -0.165 0.5875 0 1 2666.66666666667 1 5 0.531879032963823 5 1000 7957 5
"3702" "X" 0.06 -0.99 0.87625 1 0.5 2666.66666666667 1 5 0.132103840633337 5 1000 12487 5
"3703" "X" 0.06 -0.37125 0.9175 1 0.5 2666.66666666667 1 5 0.0861026990534116 5 1000 10991 5
"3704" "X" 0.006 -0.5775 0.2575 0 1 2666.66666666667 1 5 1.35673555887835 5 1000 8925 5
"3705" "X" 0.06 -0.165 0.87625 0 1 2666.66666666667 1 5 0.132103840633337 5 1000 10485 5
"3706" "X" 0.06 -0.9075 0.7525 0 1 2666.66666666667 1 5 0.284354282359106 5 1000 12273 5
"3707" "X" 0.006 -0.70125 0.34 1 0 2666.66666666667 1 5 1.07880966137193 5 1000 9234 5
"3708" "X" 0.06 -0.53625 0.38125 1 1 2666.66666666667 1 5 0.964299951060516 5 1000 11340 5
"3709" "X" 0.06 -0.04125 0.54625 1 0.5 2666.66666666667 1 5 0.604678532572337 5 1000 10155 5
"3710" "X" 0.06 -0.495 0.67 1 1 2666.66666666667 1 5 0.400477566597125 5 1000 11268 5
"3711" "X" 0.06 -0.78375 0.38125 0 1 2666.66666666667 1 5 0.964299951060516 5 1000 11937 5
"3712" "X" 0.006 -0.7425 0.29875 1 1 2666.66666666667 1 5 1.20814817573642 5 1000 9332 5
"3713" "X" 0.006 -0.0825 0.46375 1 0.5 2666.66666666667 1 5 0.768409665060492 5 1000 7747 5
"3714" "X" 0.006 -0.86625 0.34 1 1 2666.66666666667 1 5 1.07880966137193 5 1000 9636 5
"3715" "X" 0.006 0 0.95875 0 1 2666.66666666667 1 5 0.042124926300671 5 1000 7593 5
"3716" "X" 0.006 -0.495 0.5875 1 1 2666.66666666667 1 5 0.531879032963823 5 1000 8760 5
"3717" "X" 0.006 -0.61875 0.13375 0 1 2666.66666666667 1 5 2.01178289320602 5 1000 9013 5
"3718" "X" 0.06 -0.28875 0.46375 0 1 2666.66666666667 1 5 0.768409665060492 5 1000 10745 5
"3719" "X" 0.006 -0.70125 0.2575 1 0 2666.66666666667 1 5 1.35673555887835 5 1000 9226 5
"3720" "X" 0.006 -0.28875 0.05125 1 1 2666.66666666667 1 5 2.97103966096362 5 1000 8208 5
"3721" "X" 0.006 -0.9075 0.71125 1 0 2666.66666666667 1 5 0.340731293541596 5 1000 9770 5
"3722" "X" 0.06 -0.70125 0.7525 0 1 2666.66666666667 1 5 0.284354282359106 5 1000 11773 5
"3723" "X" 0.006 -0.825 0.01 1 1 2666.66666666667 1 5 4.60517018598809 5 1000 9504 5
"3724" "X" 0.006 -0.495 0.2575 0 1 2666.66666666667 1 5 1.35673555887835 5 1000 8725 5
"3725" "X" 0.06 -0.86625 0.34 1 1 2666.66666666667 1 5 1.07880966137193 5 1000 12136 5
"3726" "X" 0.06 -0.7425 0.505 1 0.5 2666.66666666667 1 5 0.683196849706777 5 1000 11851 5
"3727" "X" 0.06 -0.5775 0.87625 1 1 2666.66666666667 1 5 0.132103840633337 5 1000 11488 5
"3728" "X" 0.006 -0.7425 0.05125 1 0.5 2666.66666666667 1 5 2.97103966096362 5 1000 9307 5
"3729" "X" 0.06 -0.94875 0.2575 0 1 2666.66666666667 1 5 1.35673555887835 5 1000 12325 5
"3730" "X" 0.006 -0.12375 0.505 0 1 2666.66666666667 1 5 0.683196849706777 5 1000 7849 5
"3731" "X" 0.06 -0.86625 0.9175 1 0.5 2666.66666666667 1 5 0.0861026990534116 5 1000 12191 5
"3732" "X" 0.006 -0.0825 0.175 0 1 2666.66666666667 1 5 1.74296930505862 5 1000 7717 5
"3733" "X" 0.06 -0.165 0.0925 1 0 2666.66666666667 1 5 2.38054663446376 5 1000 10410 5
"3734" "X" 0.006 -0.9075 0.34 1 0 2666.66666666667 1 5 1.07880966137193 5 1000 9734 5
"3735" "X" 0.06 -0.495 0.05125 1 1 2666.66666666667 1 5 2.97103966096362 5 1000 11208 5
"3736" "X" 0.006 -0.2475 0.01 1 1 2666.66666666667 1 5 4.60517018598809 5 1000 8104 5
"3737" "X" 0.006 -0.86625 0.54625 1 1 2666.66666666667 1 5 0.604678532572337 5 1000 9656 5
"3738" "X" 0.006 -0.66 0.01 1 0 2666.66666666667 1 5 4.60517018598809 5 1000 9102 5
"3739" "X" 0.006 -0.61875 0.87625 1 1 2666.66666666667 1 5 0.132103840633337 5 1000 9088 5
"3740" "X" 0.006 -0.825 0.29875 1 0 2666.66666666667 1 5 1.20814817573642 5 1000 9530 5
"3741" "X" 0.06 -0.66 0.175 0 1 2666.66666666667 1 5 1.74296930505862 5 1000 11617 5
"3742" "X" 0.06 -0.78375 0.95875 1 1 2666.66666666667 1 5 0.042124926300671 5 1000 11996 5
"3743" "X" 0.006 -0.5775 0.38125 0 1 2666.66666666667 1 5 0.964299951060516 5 1000 8937 5
"3744" "X" 0.006 -0.53625 0.05125 1 1 2666.66666666667 1 5 2.97103966096362 5 1000 8808 5
"3745" "X" 0.006 -0.04125 0.0925 0 1 2666.66666666667 1 5 2.38054663446376 5 1000 7609 5
"3746" "X" 0.006 -0.33 0.13375 1 1 2666.66666666667 1 5 2.01178289320602 5 1000 8316 5
"3747" "X" 0.06 -0.61875 0.0925 0 1 2666.66666666667 1 5 2.38054663446376 5 1000 11509 5
"3748" "X" 0.006 -0.33 0.835 1 0 2666.66666666667 1 5 0.180323554131281 5 1000 8382 5
"3749" "X" 0.06 -0.9075 0.175 0 1 2666.66666666667 1 5 1.74296930505862 5 1000 12217 5
"3750" "X" 0.06 -0.66 0.38125 1 0.5 2666.66666666667 1 5 0.964299951060516 5 1000 11639 5
"3751" "X" 0.06 -0.7425 0.0925 1 0.5 2666.66666666667 1 5 2.38054663446376 5 1000 11811 5
"3752" "X" 0.006 -0.45375 0.05125 1 1 2666.66666666667 1 5 2.97103966096362 5 1000 8608 5
"3753" "X" 0.006 -0.70125 0.79375 1 0 2666.66666666667 1 5 0.230986728775236 5 1000 9278 5
"3754" "X" 0.06 -0.495 0.54625 1 0 2666.66666666667 1 5 0.604678532572337 5 1000 11254 5
"3755" "X" 0.06 -0.37125 0.34 1 0.5 2666.66666666667 1 5 1.07880966137193 5 1000 10935 5
"3756" "X" 0.06 -0.2475 0.505 1 1 2666.66666666667 1 5 0.683196849706777 5 1000 10652 5
"3757" "X" 0.06 -0.825 0.05125 1 0 2666.66666666667 1 5 2.97103966096362 5 1000 12006 5
"3758" "X" 0.06 -0.2475 0.9175 0 1 2666.66666666667 1 5 0.0861026990534116 5 1000 10689 5
"3759" "X" 0.06 -0.20625 0.01 1 1 2666.66666666667 1 5 4.60517018598809 5 1000 10504 5
"3760" "X" 0.006 -0.20625 0.29875 1 0 2666.66666666667 1 5 1.20814817573642 5 1000 8030 5
"3761" "X" 0.06 -0.53625 0.7525 1 0 2666.66666666667 1 5 0.284354282359106 5 1000 11374 5
"3762" "X" 0.06 -0.825 0.13375 1 1 2666.66666666667 1 5 2.01178289320602 5 1000 12016 5
"3763" "X" 0.06 -0.78375 0.34 0 1 2666.66666666667 1 5 1.07880966137193 5 1000 11933 5
"3764" "X" 0.06 -0.9075 1 1 0 2666.66666666667 1 5 0 5 1000 12298 5
"3765" "X" 0.06 -0.70125 0.95875 1 0.5 2666.66666666667 1 5 0.042124926300671 5 1000 11795 5
"3766" "X" 0.006 -0.20625 0.505 1 0.5 2666.66666666667 1 5 0.683196849706777 5 1000 8051 5
"3767" "X" 0.006 -0.20625 0.2575 0 1 2666.66666666667 1 5 1.35673555887835 5 1000 8025 5
"3768" "X" 0.006 -0.7425 0.05125 1 1 2666.66666666667 1 5 2.97103966096362 5 1000 9308 5
"3769" "X" 0.006 -0.66 0.38125 0 1 2666.66666666667 1 5 0.964299951060516 5 1000 9137 5
"3770" "X" 0.006 -0.37125 0.34 1 0.5 2666.66666666667 1 5 1.07880966137193 5 1000 8435 5
"3771" "X" 0.006 -0.45375 0.87625 1 0 2666.66666666667 1 5 0.132103840633337 5 1000 8686 5
"3772" "X" 0.06 -0.12375 0.175 1 0.5 2666.66666666667 1 5 1.74296930505862 5 1000 10319 5
"3773" "X" 0.006 -0.165 0.71125 1 0 2666.66666666667 1 5 0.340731293541596 5 1000 7970 5
"3774" "X" 0.006 -0.12375 0.46375 0 1 2666.66666666667 1 5 0.768409665060492 5 1000 7845 5
"3775" "X" 0.06 -0.7425 0.79375 0 1 2666.66666666667 1 5 0.230986728775236 5 1000 11877 5
"3776" "X" 0.006 -0.86625 0.34 1 0.5 2666.66666666667 1 5 1.07880966137193 5 1000 9635 5
"3777" "X" 0.06 -0.28875 0.67 1 0 2666.66666666667 1 5 0.400477566597125 5 1000 10766 5
"3778" "X" 0.006 -0.78375 0.4225 1 0.5 2666.66666666667 1 5 0.861565832184908 5 1000 9443 5
"3779" "X" 0.006 -0.33 0.835 1 0.5 2666.66666666667 1 5 0.180323554131281 5 1000 8383 5
"3780" "X" 0.06 -0.61875 0.505 1 0.5 2666.66666666667 1 5 0.683196849706777 5 1000 11551 5
"3781" "X" 0.006 -0.2475 0.13375 1 0.5 2666.66666666667 1 5 2.01178289320602 5 1000 8115 5
"3782" "X" 0.006 -0.165 0.0925 1 1 2666.66666666667 1 5 2.38054663446376 5 1000 7912 5
"3783" "X" 0.006 -0.7425 0.38125 1 0.5 2666.66666666667 1 5 0.964299951060516 5 1000 9339 5
"3784" "X" 0.06 -0.495 0.67 1 0.5 2666.66666666667 1 5 0.400477566597125 5 1000 11267 5
"3785" "X" 0.06 -0.33 0.2575 1 0 2666.66666666667 1 5 1.35673555887835 5 1000 10826 5
"3786" "X" 0.06 -0.12375 0.5875 1 0.5 2666.66666666667 1 5 0.531879032963823 5 1000 10359 5
"3787" "X" 0.006 -0.99 0.505 1 0 2666.66666666667 1 5 0.683196849706777 5 1000 9950 5
"3788" "X" 0.06 -0.2475 0.7525 1 0.5 2666.66666666667 1 5 0.284354282359106 5 1000 10675 5
"3789" "X" 0.06 -0.66 0.0925 1 0.5 2666.66666666667 1 5 2.38054663446376 5 1000 11611 5
"3790" "X" 0.006 -0.7425 0.67 0 1 2666.66666666667 1 5 0.400477566597125 5 1000 9365 5
"3791" "X" 0.006 -0.0825 0.87625 1 1 2666.66666666667 1 5 0.132103840633337 5 1000 7788 5
"3792" "X" 0.06 -0.66 0.175 1 1 2666.66666666667 1 5 1.74296930505862 5 1000 11620 5
"3793" "X" 0.06 -0.61875 0.5875 1 0.5 2666.66666666667 1 5 0.531879032963823 5 1000 11559 5
"3794" "X" 0.006 -0.20625 0.9175 1 0.5 2666.66666666667 1 5 0.0861026990534116 5 1000 8091 5
"3795" "X" 0.006 -0.28875 0.21625 1 0.5 2666.66666666667 1 5 1.53132013317015 5 1000 8223 5
"3796" "X" 0.06 -0.20625 0.175 1 0 2666.66666666667 1 5 1.74296930505862 5 1000 10518 5
"3797" "X" 0.006 -0.61875 0.05125 0 1 2666.66666666667 1 5 2.97103966096362 5 1000 9005 5
"3798" "X" 0.06 -0.495 0.835 0 1 2666.66666666667 1 5 0.180323554131281 5 1000 11281 5
"3799" "X" 0.006 0 0.95875 1 0 2666.66666666667 1 5 0.042124926300671 5 1000 7594 5
"3800" "X" 0.06 -0.61875 0.835 1 0 2666.66666666667 1 5 0.180323554131281 5 1000 11582 5
"3801" "X" 0.06 -0.9075 0.2575 1 0.5 2666.66666666667 1 5 1.35673555887835 5 1000 12227 5
"3802" "X" 0.06 -0.4125 0.175 1 1 2666.66666666667 1 5 1.74296930505862 5 1000 11020 5
"3803" "X" 0.006 -0.33 0.7525 1 1 2666.66666666667 1 5 0.284354282359106 5 1000 8376 5
"3804" "X" 0.06 -0.86625 0.62875 1 0 2666.66666666667 1 5 0.464021557568188 5 1000 12162 5
"3805" "X" 0.006 -0.66 0.4225 0 1 2666.66666666667 1 5 0.861565832184908 5 1000 9141 5
"3806" "X" 0.06 -0.94875 0.71125 0 1 2666.66666666667 1 5 0.340731293541596 5 1000 12369 5
"3807" "X" 0.06 -0.4125 0.175 0 1 2666.66666666667 1 5 1.74296930505862 5 1000 11017 5
"3808" "X" 0.06 0 0.38125 1 0 2666.66666666667 1 5 0.964299951060516 5 1000 10038 5
"3809" "X" 0.06 -0.94875 0.2575 1 1 2666.66666666667 1 5 1.35673555887835 5 1000 12328 5
"3810" "X" 0.006 -0.94875 0.7525 1 0 2666.66666666667 1 5 0.284354282359106 5 1000 9874 5
"3811" "X" 0.06 -0.04125 0.13375 0 1 2666.66666666667 1 5 2.01178289320602 5 1000 10113 5
"3812" "X" 0.006 0 0.34 1 0 2666.66666666667 1 5 1.07880966137193 5 1000 7534 5
"3813" "X" 0.006 -0.5775 0.7525 0 1 2666.66666666667 1 5 0.284354282359106 5 1000 8973 5
"3814" "X" 0.006 -0.165 0.05125 1 1 2666.66666666667 1 5 2.97103966096362 5 1000 7908 5
"3815" "X" 0.06 0 0.34 0 1 2666.66666666667 1 5 1.07880966137193 5 1000 10033 5
"3816" "X" 0.06 -0.33 0.38125 1 0.5 2666.66666666667 1 5 0.964299951060516 5 1000 10839 5
"3817" "X" 0.006 0 0.79375 1 0.5 2666.66666666667 1 5 0.230986728775236 5 1000 7579 5
"3818" "X" 0.006 -0.78375 0.38125 1 0 2666.66666666667 1 5 0.964299951060516 5 1000 9438 5
"3819" "X" 0.006 -0.61875 0.2575 0 1 2666.66666666667 1 5 1.35673555887835 5 1000 9025 5
"3820" "X" 0.006 -0.04125 0.7525 1 0.5 2666.66666666667 1 5 0.284354282359106 5 1000 7675 5
"3821" "X" 0.006 -0.53625 0.13375 0 1 2666.66666666667 1 5 2.01178289320602 5 1000 8813 5
"3822" "X" 0.06 -0.28875 0.95875 0 1 2666.66666666667 1 5 0.042124926300671 5 1000 10793 5
"3823" "X" 0.06 -0.28875 0.13375 1 1 2666.66666666667 1 5 2.01178289320602 5 1000 10716 5
"3824" "X" 0.006 -0.4125 0.4225 0 1 2666.66666666667 1 5 0.861565832184908 5 1000 8541 5
"3825" "X" 0.006 -0.2475 0.54625 1 0.5 2666.66666666667 1 5 0.604678532572337 5 1000 8155 5
"3826" "X" 0.06 -0.33 0.87625 0 1 2666.66666666667 1 5 0.132103840633337 5 1000 10885 5
"3827" "X" 0.06 -0.78375 0.5875 1 1 2666.66666666667 1 5 0.531879032963823 5 1000 11960 5
"3828" "X" 0.06 -0.86625 0.5875 1 1 2666.66666666667 1 5 0.531879032963823 5 1000 12160 5
"3829" "X" 0.006 -0.165 0.835 1 1 2666.66666666667 1 5 0.180323554131281 5 1000 7984 5
"3830" "X" 0.06 -0.70125 0.87625 0 1 2666.66666666667 1 5 0.132103840633337 5 1000 11785 5
"3831" "X" 0.06 -0.4125 0.79375 1 0.5 2666.66666666667 1 5 0.230986728775236 5 1000 11079 5
"3832" "X" 0.006 -0.12375 0.835 0 1 2666.66666666667 1 5 0.180323554131281 5 1000 7881 5
"3833" "X" 0.006 -0.4125 0.67 0 1 2666.66666666667 1 5 0.400477566597125 5 1000 8565 5
"3834" "X" 0.006 -0.78375 0.7525 1 0.5 2666.66666666667 1 5 0.284354282359106 5 1000 9475 5
"3835" "X" 0.006 -0.70125 0.34 0 1 2666.66666666667 1 5 1.07880966137193 5 1000 9233 5
"3836" "X" 0.006 0 0.79375 0 1 2666.66666666667 1 5 0.230986728775236 5 1000 7577 5
"3837" "X" 0.006 -0.78375 0.38125 0 1 2666.66666666667 1 5 0.964299951060516 5 1000 9437 5
"3838" "X" 0.06 -0.70125 0.95875 1 1 2666.66666666667 1 5 0.042124926300671 5 1000 11796 5
"3839" "X" 0.006 -0.0825 0.62875 1 0 2666.66666666667 1 5 0.464021557568188 5 1000 7762 5
"3840" "X" 0.006 -0.28875 0.175 0 1 2666.66666666667 1 5 1.74296930505862 5 1000 8217 5
"3841" "X" 0.006 -0.33 1 1 1 2666.66666666667 1 5 0 5 1000 8400 5
"3842" "X" 0.006 -0.0825 0.4225 1 1 2666.66666666667 1 5 0.861565832184908 5 1000 7744 5
"3843" "X" 0.06 -0.28875 0.5875 1 0 2666.66666666667 1 5 0.531879032963823 5 1000 10758 5
"3844" "X" 0.06 -0.94875 0.34 1 0 2666.66666666667 1 5 1.07880966137193 5 1000 12334 5
"3845" "X" 0.06 -0.2475 0.835 0 1 2666.66666666667 1 5 0.180323554131281 5 1000 10681 5
"3846" "X" 0.06 -0.99 0.05125 1 0 2666.66666666667 1 5 2.97103966096362 5 1000 12406 5
"3847" "X" 0.006 -0.4125 0.835 1 1 2666.66666666667 1 5 0.180323554131281 5 1000 8584 5
"3848" "X" 0.006 -0.825 0.79375 1 0.5 2666.66666666667 1 5 0.230986728775236 5 1000 9579 5
"3849" "X" 0.06 -0.33 0.34 1 0 2666.66666666667 1 5 1.07880966137193 5 1000 10834 5
"3850" "X" 0.006 -0.78375 0.34 0 1 2666.66666666667 1 5 1.07880966137193 5 1000 9433 5
"3851" "X" 0.06 -0.45375 0.62875 1 0.5 2666.66666666667 1 5 0.464021557568188 5 1000 11163 5
"3852" "X" 0.06 -0.04125 0.46375 0 1 2666.66666666667 1 5 0.768409665060492 5 1000 10145 5
"3853" "X" 0.006 -0.99 1 1 0 2666.66666666667 1 5 0 5 1000 9998 5
"3854" "X" 0.006 -0.4125 0.175 1 0.5 2666.66666666667 1 5 1.74296930505862 5 1000 8519 5
"3855" "X" 0.06 -0.53625 0.01 1 1 2666.66666666667 1 5 4.60517018598809 5 1000 11304 5
"3856" "X" 0.06 -0.33 0.505 1 0 2666.66666666667 1 5 0.683196849706777 5 1000 10850 5
"3857" "X" 0.006 -0.12375 0.95875 1 1 2666.66666666667 1 5 0.042124926300671 5 1000 7896 5
"3858" "X" 0.006 -0.4125 0.21625 0 1 2666.66666666667 1 5 1.53132013317015 5 1000 8521 5
"3859" "X" 0.006 -0.78375 0.71125 1 0 2666.66666666667 1 5 0.340731293541596 5 1000 9470 5
"3860" "X" 0.06 -0.2475 0.01 1 1 2666.66666666667 1 5 4.60517018598809 5 1000 10604 5
"3861" "X" 0.006 -0.33 0.29875 1 0.5 2666.66666666667 1 5 1.20814817573642 5 1000 8331 5
"3862" "X" 0.006 -0.99 0.95875 0 1 2666.66666666667 1 5 0.042124926300671 5 1000 9993 5
"3863" "X" 0.006 -0.70125 0.67 1 0.5 2666.66666666667 1 5 0.400477566597125 5 1000 9267 5
"3864" "X" 0.06 -0.33 1 1 0.5 2666.66666666667 1 5 0 5 1000 10899 5
"3865" "X" 0.06 -0.33 0.21625 1 0 2666.66666666667 1 5 1.53132013317015 5 1000 10822 5
"3866" "X" 0.006 -0.53625 0.13375 1 0 2666.66666666667 1 5 2.01178289320602 5 1000 8814 5
"3867" "X" 0.06 -0.78375 0.2575 0 1 2666.66666666667 1 5 1.35673555887835 5 1000 11925 5
"3868" "X" 0.006 -0.5775 0.7525 1 0.5 2666.66666666667 1 5 0.284354282359106 5 1000 8975 5
"3869" "X" 0.006 -0.5775 0.0925 1 1 2666.66666666667 1 5 2.38054663446376 5 1000 8912 5
"3870" "X" 0.06 -0.12375 0.4225 0 1 2666.66666666667 1 5 0.861565832184908 5 1000 10341 5
"3871" "X" 0.006 0 0.34 0 1 2666.66666666667 1 5 1.07880966137193 5 1000 7533 5
"3872" "X" 0.006 -0.66 0.67 1 1 2666.66666666667 1 5 0.400477566597125 5 1000 9168 5
"3873" "X" 0.06 -0.165 0.05125 1 0.5 2666.66666666667 1 5 2.97103966096362 5 1000 10407 5
"3874" "X" 0.06 -0.4125 0.505 1 1 2666.66666666667 1 5 0.683196849706777 5 1000 11052 5
"3875" "X" 0.006 -0.66 0.505 1 0 2666.66666666667 1 5 0.683196849706777 5 1000 9150 5
"3876" "X" 0.006 -0.78375 0.79375 1 0.5 2666.66666666667 1 5 0.230986728775236 5 1000 9479 5
"3877" "X" 0.06 -0.165 0.34 1 0 2666.66666666667 1 5 1.07880966137193 5 1000 10434 5
"3878" "X" 0.006 -0.94875 0.01 1 1 2666.66666666667 1 5 4.60517018598809 5 1000 9804 5
"3879" "X" 0.06 -0.99 0.9175 1 0.5 2666.66666666667 1 5 0.0861026990534116 5 1000 12491 5
"3880" "X" 0.06 -0.9075 0.5875 1 0.5 2666.66666666667 1 5 0.531879032963823 5 1000 12259 5
"3881" "X" 0.06 -0.825 0.505 1 1 2666.66666666667 1 5 0.683196849706777 5 1000 12052 5
"3882" "X" 0.06 -0.28875 0.175 1 1 2666.66666666667 1 5 1.74296930505862 5 1000 10720 5
"3883" "X" 0.06 -0.61875 0.4225 1 1 2666.66666666667 1 5 0.861565832184908 5 1000 11544 5
"3884" "X" 0.006 -0.61875 0.79375 0 1 2666.66666666667 1 5 0.230986728775236 5 1000 9077 5
"3885" "X" 0.006 -0.28875 0.5875 1 0 2666.66666666667 1 5 0.531879032963823 5 1000 8258 5
"3886" "X" 0.006 -0.495 0.7525 1 1 2666.66666666667 1 5 0.284354282359106 5 1000 8776 5
"3887" "X" 0.006 -0.94875 0.46375 1 0.5 2666.66666666667 1 5 0.768409665060492 5 1000 9847 5
"3888" "X" 0.06 -0.0825 0.01 1 0.5 2666.66666666667 1 5 4.60517018598809 5 1000 10203 5
"3889" "X" 0.006 -0.61875 0.95875 1 0.5 2666.66666666667 1 5 0.042124926300671 5 1000 9095 5
"3890" "X" 0.006 -0.2475 0.46375 1 0 2666.66666666667 1 5 0.768409665060492 5 1000 8146 5
"3891" "X" 0.06 -0.66 1 1 0 2666.66666666667 1 5 0 5 1000 11698 5
"3892" "X" 0.06 -0.37125 0.54625 1 1 2666.66666666667 1 5 0.604678532572337 5 1000 10956 5
"3893" "X" 0.06 -0.495 0.175 1 0 2666.66666666667 1 5 1.74296930505862 5 1000 11218 5
"3894" "X" 0.06 -0.53625 0.29875 0 1 2666.66666666667 1 5 1.20814817573642 5 1000 11329 5
"3895" "X" 0.006 -0.45375 0.79375 1 0 2666.66666666667 1 5 0.230986728775236 5 1000 8678 5
"3896" "X" 0.06 -0.86625 0.7525 1 0.5 2666.66666666667 1 5 0.284354282359106 5 1000 12175 5
"3897" "X" 0.06 -0.5775 0.34 1 0.5 2666.66666666667 1 5 1.07880966137193 5 1000 11435 5
"3898" "X" 0.06 -0.94875 0.9175 1 0 2666.66666666667 1 5 0.0861026990534116 5 1000 12390 5
"3899" "X" 0.006 -0.94875 0.54625 1 0 2666.66666666667 1 5 0.604678532572337 5 1000 9854 5
"3900" "X" 0.006 -0.2475 0.7525 1 0 2666.66666666667 1 5 0.284354282359106 5 1000 8174 5
"3901" "X" 0.006 -0.2475 0.38125 1 0.5 2666.66666666667 1 5 0.964299951060516 5 1000 8139 5
"3902" "X" 0.06 -0.495 0.62875 1 0 2666.66666666667 1 5 0.464021557568188 5 1000 11262 5
"3903" "X" 0.006 -0.9075 0.79375 1 0.5 2666.66666666667 1 5 0.230986728775236 5 1000 9779 5
"3904" "X" 0.006 -0.825 0.505 0 1 2666.66666666667 1 5 0.683196849706777 5 1000 9549 5
"3905" "X" 0.06 -0.61875 0.2575 1 1 2666.66666666667 1 5 1.35673555887835 5 1000 11528 5
"3906" "X" 0.06 -0.5775 0.5875 1 0.5 2666.66666666667 1 5 0.531879032963823 5 1000 11459 5
"3907" "X" 0.06 -0.94875 0.13375 0 1 2666.66666666667 1 5 2.01178289320602 5 1000 12313 5
"3908" "X" 0.06 -0.5775 0.21625 1 0 2666.66666666667 1 5 1.53132013317015 5 1000 11422 5
"3909" "X" 0.06 -0.165 1 1 0 2666.66666666667 1 5 0 5 1000 10498 5
"3910" "X" 0.006 -0.66 0.29875 1 0.5 2666.66666666667 1 5 1.20814817573642 5 1000 9131 5
"3911" "X" 0.06 -0.94875 0.9175 1 1 2666.66666666667 1 5 0.0861026990534116 5 1000 12392 5
"3912" "X" 0.06 -0.78375 0.62875 1 0 2666.66666666667 1 5 0.464021557568188 5 1000 11962 5
"3913" "X" 0.06 -0.7425 0.87625 1 0 2666.66666666667 1 5 0.132103840633337 5 1000 11886 5
"3914" "X" 0.06 -0.53625 0.5875 1 0.5 2666.66666666667 1 5 0.531879032963823 5 1000 11359 5
"3915" "X" 0.06 -0.9075 0.01 1 0.5 2666.66666666667 1 5 4.60517018598809 5 1000 12203 5
"3916" "X" 0.006 -0.37125 0.71125 1 0.5 2666.66666666667 1 5 0.340731293541596 5 1000 8471 5
"3917" "X" 0.06 -0.66 0.21625 1 0 2666.66666666667 1 5 1.53132013317015 5 1000 11622 5
"3918" "X" 0.06 -0.53625 0.62875 0 1 2666.66666666667 1 5 0.464021557568188 5 1000 11361 5
"3919" "X" 0.06 -0.20625 1 1 0.5 2666.66666666667 1 5 0 5 1000 10599 5
"3920" "X" 0.006 -0.66 0.0925 1 0 2666.66666666667 1 5 2.38054663446376 5 1000 9110 5
"3921" "X" 0.006 -0.9075 0.01 1 0.5 2666.66666666667 1 5 4.60517018598809 5 1000 9703 5
"3922" "X" 0.06 -0.70125 0.9175 1 1 2666.66666666667 1 5 0.0861026990534116 5 1000 11792 5
"3923" "X" 0.006 -0.37125 0.05125 1 1 2666.66666666667 1 5 2.97103966096362 5 1000 8408 5
"3924" "X" 0.06 -0.495 0.7525 0 1 2666.66666666667 1 5 0.284354282359106 5 1000 11273 5
"3925" "X" 0.06 -0.20625 0.71125 0 1 2666.66666666667 1 5 0.340731293541596 5 1000 10569 5
"3926" "X" 0.06 -0.61875 0.46375 1 1 2666.66666666667 1 5 0.768409665060492 5 1000 11548 5
"3927" "X" 0.006 -0.7425 0.4225 1 0.5 2666.66666666667 1 5 0.861565832184908 5 1000 9343 5
"3928" "X" 0.006 -0.5775 0.4225 1 1 2666.66666666667 1 5 0.861565832184908 5 1000 8944 5
"3929" "X" 0.06 -0.61875 0.79375 1 0 2666.66666666667 1 5 0.230986728775236 5 1000 11578 5
"3930" "X" 0.006 -0.20625 0.05125 1 1 2666.66666666667 1 5 2.97103966096362 5 1000 8008 5
"3931" "X" 0.06 -0.12375 0.2575 1 0 2666.66666666667 1 5 1.35673555887835 5 1000 10326 5
"3932" "X" 0.006 -0.53625 0.54625 0 1 2666.66666666667 1 5 0.604678532572337 5 1000 8853 5
"3933" "X" 0.006 -0.66 0.54625 1 1 2666.66666666667 1 5 0.604678532572337 5 1000 9156 5
"3934" "X" 0.06 -0.12375 0.9175 0 1 2666.66666666667 1 5 0.0861026990534116 5 1000 10389 5
"3935" "X" 0.06 -0.825 0.67 0 1 2666.66666666667 1 5 0.400477566597125 5 1000 12065 5
"3936" "X" 0.006 -0.495 0.01 0 1 2666.66666666667 1 5 4.60517018598809 5 1000 8701 5
"3937" "X" 0.06 -0.04125 0.5875 0 1 2666.66666666667 1 5 0.531879032963823 5 1000 10157 5
"3938" "X" 0.06 -0.5775 0.9175 1 0 2666.66666666667 1 5 0.0861026990534116 5 1000 11490 5
"3939" "X" 0.06 -0.2475 0.62875 1 0 2666.66666666667 1 5 0.464021557568188 5 1000 10662 5
"3940" "X" 0.06 -0.45375 0.34 0 1 2666.66666666667 1 5 1.07880966137193 5 1000 11133 5
"3941" "X" 0.06 -0.70125 0.505 0 1 2666.66666666667 1 5 0.683196849706777 5 1000 11749 5
"3942" "X" 0.006 -0.78375 0.67 0 1 2666.66666666667 1 5 0.400477566597125 5 1000 9465 5
"3943" "X" 0.006 -0.33 0.46375 1 0.5 2666.66666666667 1 5 0.768409665060492 5 1000 8347 5
"3944" "X" 0.06 -0.04125 0.34 1 0.5 2666.66666666667 1 5 1.07880966137193 5 1000 10135 5
"3945" "X" 0.06 -0.9075 0.34 1 0 2666.66666666667 1 5 1.07880966137193 5 1000 12234 5
"3946" "X" 0.06 -0.33 0.95875 1 0.5 2666.66666666667 1 5 0.042124926300671 5 1000 10895 5
"3947" "X" 0.006 0 0.38125 1 0.5 2666.66666666667 1 5 0.964299951060516 5 1000 7539 5
"3948" "X" 0.06 0 0.62875 0 1 2666.66666666667 1 5 0.464021557568188 5 1000 10061 5
"3949" "X" 0.06 -0.33 0.62875 1 1 2666.66666666667 1 5 0.464021557568188 5 1000 10864 5
"3950" "X" 0.006 -0.70125 0.505 1 1 2666.66666666667 1 5 0.683196849706777 5 1000 9252 5
"3951" "X" 0.006 -0.37125 0.21625 1 0 2666.66666666667 1 5 1.53132013317015 5 1000 8422 5
"3952" "X" 0.06 -0.4125 0.7525 0 1 2666.66666666667 1 5 0.284354282359106 5 1000 11073 5
"3953" "X" 0.06 -0.45375 0.87625 1 0 2666.66666666667 1 5 0.132103840633337 5 1000 11186 5
"3954" "X" 0.06 -0.37125 0.79375 1 1 2666.66666666667 1 5 0.230986728775236 5 1000 10980 5
"3955" "X" 0.06 -0.4125 0.71125 1 0 2666.66666666667 1 5 0.340731293541596 5 1000 11070 5
"3956" "X" 0.06 -0.53625 0.46375 1 0 2666.66666666667 1 5 0.768409665060492 5 1000 11346 5
"3957" "X" 0.06 -0.86625 0.05125 0 1 2666.66666666667 1 5 2.97103966096362 5 1000 12105 5
"3958" "X" 0.006 -0.825 0.87625 0 1 2666.66666666667 1 5 0.132103840633337 5 1000 9585 5
"3959" "X" 0.06 -0.825 0.71125 1 0.5 2666.66666666667 1 5 0.340731293541596 5 1000 12071 5
"3960" "X" 0.06 -0.2475 0.175 1 0.5 2666.66666666667 1 5 1.74296930505862 5 1000 10619 5
"3961" "X" 0.006 -0.37125 0.79375 1 1 2666.66666666667 1 5 0.230986728775236 5 1000 8480 5
"3962" "X" 0.006 -0.33 0.21625 0 1 2666.66666666667 1 5 1.53132013317015 5 1000 8321 5
"3963" "X" 0.06 -0.45375 0.54625 0 1 2666.66666666667 1 5 0.604678532572337 5 1000 11153 5
"3964" "X" 0.006 -0.165 0.34 1 1 2666.66666666667 1 5 1.07880966137193 5 1000 7936 5
"3965" "X" 0.006 -0.78375 0.9175 1 0.5 2666.66666666667 1 5 0.0861026990534116 5 1000 9491 5
"3966" "X" 0.06 -0.53625 0.7525 0 1 2666.66666666667 1 5 0.284354282359106 5 1000 11373 5
"3967" "X" 0.06 -0.7425 0.34 1 0.5 2666.66666666667 1 5 1.07880966137193 5 1000 11835 5
"3968" "X" 0.06 -0.04125 0.05125 1 1 2666.66666666667 1 5 2.97103966096362 5 1000 10108 5
"3969" "X" 0.006 -0.37125 0.2575 0 1 2666.66666666667 1 5 1.35673555887835 5 1000 8425 5
"3970" "X" 0.06 -0.53625 0.7525 1 1 2666.66666666667 1 5 0.284354282359106 5 1000 11376 5
"3971" "X" 0.06 -0.0825 0.87625 1 0 2666.66666666667 1 5 0.132103840633337 5 1000 10286 5
"3972" "X" 0.006 -0.495 0.01 1 0.5 2666.66666666667 1 5 4.60517018598809 5 1000 8703 5
"3973" "X" 0.06 -0.86625 0.505 1 1 2666.66666666667 1 5 0.683196849706777 5 1000 12152 5
"3974" "X" 0.006 -0.37125 0.5875 1 1 2666.66666666667 1 5 0.531879032963823 5 1000 8460 5
"3975" "X" 0.006 -0.5775 0.54625 1 0 2666.66666666667 1 5 0.604678532572337 5 1000 8954 5
"3976" "X" 0.006 -0.2475 0.7525 1 1 2666.66666666667 1 5 0.284354282359106 5 1000 8176 5
"3977" "X" 0.06 -0.28875 0.835 0 1 2666.66666666667 1 5 0.180323554131281 5 1000 10781 5
"3978" "X" 0.06 -0.66 0.38125 0 1 2666.66666666667 1 5 0.964299951060516 5 1000 11637 5
"3979" "X" 0.06 -0.5775 0.5875 0 1 2666.66666666667 1 5 0.531879032963823 5 1000 11457 5
"3980" "X" 0.06 -0.825 0.67 1 0 2666.66666666667 1 5 0.400477566597125 5 1000 12066 5
"3981" "X" 0.06 -0.20625 0.29875 1 1 2666.66666666667 1 5 1.20814817573642 5 1000 10532 5
"3982" "X" 0.06 0 0.01 0 1 2666.66666666667 1 5 4.60517018598809 5 1000 10001 5
"3983" "X" 0.06 -0.86625 0.0925 1 0 2666.66666666667 1 5 2.38054663446376 5 1000 12110 5
"3984" "X" 0.006 -0.61875 0.835 1 0.5 2666.66666666667 1 5 0.180323554131281 5 1000 9083 5
"3985" "X" 0.006 -0.94875 0.38125 1 1 2666.66666666667 1 5 0.964299951060516 5 1000 9840 5
"3986" "X" 0.06 -0.9075 0.29875 0 1 2666.66666666667 1 5 1.20814817573642 5 1000 12229 5
"3987" "X" 0.006 -0.86625 0.505 1 0 2666.66666666667 1 5 0.683196849706777 5 1000 9650 5
"3988" "X" 0.06 -0.37125 0.87625 1 0 2666.66666666667 1 5 0.132103840633337 5 1000 10986 5
"3989" "X" 0.006 -0.7425 0.62875 0 1 2666.66666666667 1 5 0.464021557568188 5 1000 9361 5
"3990" "X" 0.06 -0.4125 0.4225 1 0 2666.66666666667 1 5 0.861565832184908 5 1000 11042 5
"3991" "X" 0.06 -0.7425 0.13375 1 0 2666.66666666667 1 5 2.01178289320602 5 1000 11814 5
"3992" "X" 0.06 -0.12375 0.46375 0 1 2666.66666666667 1 5 0.768409665060492 5 1000 10345 5
"3993" "X" 0.006 -0.78375 0.05125 1 0.5 2666.66666666667 1 5 2.97103966096362 5 1000 9407 5
"3994" "X" 0.006 -0.53625 0.4225 1 0.5 2666.66666666667 1 5 0.861565832184908 5 1000 8843 5
"3995" "X" 0.006 -0.94875 0.175 1 0 2666.66666666667 1 5 1.74296930505862 5 1000 9818 5
"3996" "X" 0.006 -0.0825 0.01 1 0.5 2666.66666666667 1 5 4.60517018598809 5 1000 7703 5
"3997" "X" 0.06 -0.86625 0.67 1 1 2666.66666666667 1 5 0.400477566597125 5 1000 12168 5
"3998" "X" 0.06 -0.165 0.71125 1 0.5 2666.66666666667 1 5 0.340731293541596 5 1000 10471 5
"3999" "X" 0.06 -0.53625 1 0 1 2666.66666666667 1 5 0 5 1000 11397 5
"4000" "X" 0.006 -0.4125 0.67 1 0 2666.66666666667 1 5 0.400477566597125 5 1000 8566 5
"4001" "X" 0.006 -0.495 0.505 1 1 2666.66666666667 1 5 0.683196849706777 5 1000 8752 5
"4002" "X" 0.06 -0.45375 0.01 1 1 2666.66666666667 1 5 4.60517018598809 5 1000 11104 5
"4003" "X" 0.006 -0.7425 1 1 0.5 2666.66666666667 1 5 0 5 1000 9399 5
"4004" "X" 0.006 -0.45375 0.5875 1 0.5 2666.66666666667 1 5 0.531879032963823 5 1000 8659 5
"4005" "X" 0.006 -0.495 0.62875 1 1 2666.66666666667 1 5 0.464021557568188 5 1000 8764 5
"4006" "X" 0.06 -0.825 0.175 1 0 2666.66666666667 1 5 1.74296930505862 5 1000 12018 5
"4007" "X" 0.06 -0.37125 0.13375 1 0 2666.66666666667 1 5 2.01178289320602 5 1000 10914 5
"4008" "X" 0.06 -0.0825 0.13375 1 0 2666.66666666667 1 5 2.01178289320602 5 1000 10214 5
"4009" "X" 0.006 -0.9075 0.0925 1 0 2666.66666666667 1 5 2.38054663446376 5 1000 9710 5
"4010" "X" 0.006 -0.12375 0.175 0 1 2666.66666666667 1 5 1.74296930505862 5 1000 7817 5
"4011" "X" 0.06 -0.78375 0.46375 1 1 2666.66666666667 1 5 0.768409665060492 5 1000 11948 5
"4012" "X" 0.006 0 0.0925 1 0 2666.66666666667 1 5 2.38054663446376 5 1000 7510 5
"4013" "X" 0.006 -0.78375 1 1 0 2666.66666666667 1 5 0 5 1000 9498 5
"4014" "X" 0.06 -0.70125 0.175 0 1 2666.66666666667 1 5 1.74296930505862 5 1000 11717 5
"4015" "X" 0.06 -0.99 0.46375 0 1 2666.66666666667 1 5 0.768409665060492 5 1000 12445 5
"4016" "X" 0.06 -0.165 0.87625 1 1 2666.66666666667 1 5 0.132103840633337 5 1000 10488 5
"4017" "X" 0.006 -0.04125 0.2575 1 0 2666.66666666667 1 5 1.35673555887835 5 1000 7626 5
"4018" "X" 0.06 -0.37125 0.7525 0 1 2666.66666666667 1 5 0.284354282359106 5 1000 10973 5
"4019" "X" 0.006 -0.12375 0.34 1 0.5 2666.66666666667 1 5 1.07880966137193 5 1000 7835 5
"4020" "X" 0.006 -0.86625 0.67 1 0.5 2666.66666666667 1 5 0.400477566597125 5 1000 9667 5
"4021" "X" 0.006 -0.70125 0.5875 1 1 2666.66666666667 1 5 0.531879032963823 5 1000 9260 5
"4022" "X" 0.06 -0.37125 0.7525 1 0.5 2666.66666666667 1 5 0.284354282359106 5 1000 10975 5
"4023" "X" 0.06 -0.165 0.62875 1 1 2666.66666666667 1 5 0.464021557568188 5 1000 10464 5
"4024" "X" 0.006 -0.4125 0.13375 1 1 2666.66666666667 1 5 2.01178289320602 5 1000 8516 5
"4025" "X" 0.06 -0.86625 0.87625 1 0 2666.66666666667 1 5 0.132103840633337 5 1000 12186 5
"4026" "X" 0.06 -0.0825 0.01 1 0 2666.66666666667 1 5 4.60517018598809 5 1000 10202 5
"4027" "X" 0.006 -0.0825 0.54625 1 1 2666.66666666667 1 5 0.604678532572337 5 1000 7756 5
"4028" "X" 0.06 -0.78375 0.835 1 1 2666.66666666667 1 5 0.180323554131281 5 1000 11984 5
"4029" "X" 0.06 -0.66 0.87625 1 1 2666.66666666667 1 5 0.132103840633337 5 1000 11688 5
"4030" "X" 0.006 -0.37125 0.175 1 0.5 2666.66666666667 1 5 1.74296930505862 5 1000 8419 5
"4031" "X" 0.06 -0.61875 1 1 0.5 2666.66666666667 1 5 0 5 1000 11599 5
"4032" "X" 0.006 -0.86625 0.34 0 1 2666.66666666667 1 5 1.07880966137193 5 1000 9633 5
"4033" "X" 0.006 -0.12375 0.5875 1 1 2666.66666666667 1 5 0.531879032963823 5 1000 7860 5
"4034" "X" 0.006 -0.66 0.5875 1 1 2666.66666666667 1 5 0.531879032963823 5 1000 9160 5
"4035" "X" 0.06 -0.9075 0.835 1 0.5 2666.66666666667 1 5 0.180323554131281 5 1000 12283 5
"4036" "X" 0.006 -0.37125 0.505 1 1 2666.66666666667 1 5 0.683196849706777 5 1000 8452 5
"4037" "X" 0.006 -0.2475 0.9175 1 1 2666.66666666667 1 5 0.0861026990534116 5 1000 8192 5
"4038" "X" 0.06 -0.7425 0.05125 0 1 2666.66666666667 1 5 2.97103966096362 5 1000 11805 5
"4039" "X" 0.006 -0.0825 0.835 0 1 2666.66666666667 1 5 0.180323554131281 5 1000 7781 5
"4040" "X" 0.006 -0.2475 1 0 1 2666.66666666667 1 5 0 5 1000 8197 5
"4041" "X" 0.06 -0.04125 0.13375 1 0 2666.66666666667 1 5 2.01178289320602 5 1000 10114 5
"4042" "X" 0.06 -0.45375 1 1 0 2666.66666666667 1 5 0 5 1000 11198 5
"4043" "X" 0.006 -0.28875 0.2575 1 0.5 2666.66666666667 1 5 1.35673555887835 5 1000 8227 5
"4044" "X" 0.06 -0.4125 0.38125 1 0 2666.66666666667 1 5 0.964299951060516 5 1000 11038 5
"4045" "X" 0.006 -0.495 0.01 1 1 2666.66666666667 1 5 4.60517018598809 5 1000 8704 5
"4046" "X" 0.006 -0.04125 0.38125 1 0.5 2666.66666666667 1 5 0.964299951060516 5 1000 7639 5
"4047" "X" 0.006 -0.0825 0.835 1 0 2666.66666666667 1 5 0.180323554131281 5 1000 7782 5
"4048" "X" 0.06 -0.78375 0.175 1 0 2666.66666666667 1 5 1.74296930505862 5 1000 11918 5
"4049" "X" 0.006 -0.53625 0.38125 0 1 2666.66666666667 1 5 0.964299951060516 5 1000 8837 5
"4050" "X" 0.006 -0.20625 0.7525 1 0 2666.66666666667 1 5 0.284354282359106 5 1000 8074 5
"4051" "X" 0.06 -0.45375 0.62875 1 0 2666.66666666667 1 5 0.464021557568188 5 1000 11162 5
"4052" "X" 0.06 -0.495 0.34 1 1 2666.66666666667 1 5 1.07880966137193 5 1000 11236 5
"4053" "X" 0.06 -0.7425 0.0925 1 1 2666.66666666667 1 5 2.38054663446376 5 1000 11812 5
"4054" "X" 0.06 -0.28875 0.46375 1 0 2666.66666666667 1 5 0.768409665060492 5 1000 10746 5
"4055" "X" 0.006 -0.12375 0.0925 1 0.5 2666.66666666667 1 5 2.38054663446376 5 1000 7811 5
"4056" "X" 0.006 -0.825 0.38125 1 1 2666.66666666667 1 5 0.964299951060516 5 1000 9540 5
"4057" "X" 0.06 -0.53625 0.835 1 0 2666.66666666667 1 5 0.180323554131281 5 1000 11382 5
"4058" "X" 0.06 -0.86625 0.54625 1 0 2666.66666666667 1 5 0.604678532572337 5 1000 12154 5
"4059" "X" 0.006 -0.28875 0.62875 1 0.5 2666.66666666667 1 5 0.464021557568188 5 1000 8263 5
"4060" "X" 0.06 -0.0825 0.05125 1 1 2666.66666666667 1 5 2.97103966096362 5 1000 10208 5
"4061" "X" 0.06 -0.33 1 1 0 2666.66666666667 1 5 0 5 1000 10898 5
"4062" "X" 0.06 -0.825 0.87625 0 1 2666.66666666667 1 5 0.132103840633337 5 1000 12085 5
"4063" "X" 0.06 -0.9075 0.0925 1 0.5 2666.66666666667 1 5 2.38054663446376 5 1000 12211 5
"4064" "X" 0.006 -0.7425 0.9175 1 1 2666.66666666667 1 5 0.0861026990534116 5 1000 9392 5
"4065" "X" 0.006 -0.53625 0.87625 0 1 2666.66666666667 1 5 0.132103840633337 5 1000 8885 5
"4066" "X" 0.06 -0.45375 0.01 0 1 2666.66666666667 1 5 4.60517018598809 5 1000 11101 5
"4067" "X" 0.06 -0.495 0.34 1 0 2666.66666666667 1 5 1.07880966137193 5 1000 11234 5
"4068" "X" 0.006 -0.4125 0.38125 1 0.5 2666.66666666667 1 5 0.964299951060516 5 1000 8539 5
"4069" "X" 0.006 -0.53625 0.21625 1 0.5 2666.66666666667 1 5 1.53132013317015 5 1000 8823 5
"4070" "X" 0.06 -0.0825 0.21625 1 0.5 2666.66666666667 1 5 1.53132013317015 5 1000 10223 5
"4071" "X" 0.06 -0.78375 0.4225 1 1 2666.66666666667 1 5 0.861565832184908 5 1000 11944 5
"4072" "X" 0.006 -0.33 0.175 1 1 2666.66666666667 1 5 1.74296930505862 5 1000 8320 5
"4073" "X" 0.06 -0.70125 0.67 1 0.5 2666.66666666667 1 5 0.400477566597125 5 1000 11767 5
"4074" "X" 0.006 -0.61875 0.62875 1 0.5 2666.66666666667 1 5 0.464021557568188 5 1000 9063 5
"4075" "X" 0.06 -0.165 0.34 1 0.5 2666.66666666667 1 5 1.07880966137193 5 1000 10435 5
"4076" "X" 0.06 -0.94875 0.175 1 0 2666.66666666667 1 5 1.74296930505862 5 1000 12318 5
"4077" "X" 0.06 -0.20625 0.87625 0 1 2666.66666666667 1 5 0.132103840633337 5 1000 10585 5
"4078" "X" 0.006 -0.165 0.505 0 1 2666.66666666667 1 5 0.683196849706777 5 1000 7949 5
"4079" "X" 0.06 -0.825 0.9175 1 1 2666.66666666667 1 5 0.0861026990534116 5 1000 12092 5
"4080" "X" 0.006 -0.53625 0.21625 0 1 2666.66666666667 1 5 1.53132013317015 5 1000 8821 5
"4081" "X" 0.06 -0.61875 0.01 0 1 2666.66666666667 1 5 4.60517018598809 5 1000 11501 5
"4082" "X" 0.06 -0.20625 0.2575 0 1 2666.66666666667 1 5 1.35673555887835 5 1000 10525 5
"4083" "X" 0.006 -0.9075 0.38125 1 0.5 2666.66666666667 1 5 0.964299951060516 5 1000 9739 5
"4084" "X" 0.006 -0.61875 0.38125 1 0 2666.66666666667 1 5 0.964299951060516 5 1000 9038 5
"4085" "X" 0.06 -0.04125 0.79375 1 1 2666.66666666667 1 5 0.230986728775236 5 1000 10180 5
"4086" "X" 0.006 0 0.2575 1 1 2666.66666666667 1 5 1.35673555887835 5 1000 7528 5
"4087" "X" 0.006 -0.825 0.54625 1 1 2666.66666666667 1 5 0.604678532572337 5 1000 9556 5
"4088" "X" 0.006 -0.94875 0.34 0 1 2666.66666666667 1 5 1.07880966137193 5 1000 9833 5
"4089" "X" 0.006 -0.20625 0.21625 1 1 2666.66666666667 1 5 1.53132013317015 5 1000 8024 5
"4090" "X" 0.06 -0.94875 0.835 1 1 2666.66666666667 1 5 0.180323554131281 5 1000 12384 5
"4091" "X" 0.006 -0.5775 0.34 1 1 2666.66666666667 1 5 1.07880966137193 5 1000 8936 5
"4092" "X" 0.006 -0.70125 0.67 1 1 2666.66666666667 1 5 0.400477566597125 5 1000 9268 5
"4093" "X" 0.06 -0.2475 0.95875 0 1 2666.66666666667 1 5 0.042124926300671 5 1000 10693 5
"4094" "X" 0.06 -0.9075 0.29875 1 0.5 2666.66666666667 1 5 1.20814817573642 5 1000 12231 5
"4095" "X" 0.06 -0.45375 0.95875 0 1 2666.66666666667 1 5 0.042124926300671 5 1000 11193 5
"4096" "X" 0.06 -0.94875 0.505 1 1 2666.66666666667 1 5 0.683196849706777 5 1000 12352 5
"4097" "X" 0.06 -0.4125 0.01 1 0 2666.66666666667 1 5 4.60517018598809 5 1000 11002 5
"4098" "X" 0.006 -0.9075 0.13375 1 1 2666.66666666667 1 5 2.01178289320602 5 1000 9716 5
"4099" "X" 0.06 -0.7425 0.7525 0 1 2666.66666666667 1 5 0.284354282359106 5 1000 11873 5
"4100" "X" 0.006 -0.28875 0.01 0 1 2666.66666666667 1 5 4.60517018598809 5 1000 8201 5
"4101" "X" 0.006 -0.61875 0.5875 1 1 2666.66666666667 1 5 0.531879032963823 5 1000 9060 5
"4102" "X" 0.06 -0.495 0.87625 0 1 2666.66666666667 1 5 0.132103840633337 5 1000 11285 5
"4103" "X" 0.006 -0.20625 0.38125 1 1 2666.66666666667 1 5 0.964299951060516 5 1000 8040 5
"4104" "X" 0.06 -0.7425 0.46375 1 1 2666.66666666667 1 5 0.768409665060492 5 1000 11848 5
"4105" "X" 0.06 -0.94875 0.62875 1 0.5 2666.66666666667 1 5 0.464021557568188 5 1000 12363 5
"4106" "X" 0.006 -0.9075 0.13375 1 0.5 2666.66666666667 1 5 2.01178289320602 5 1000 9715 5
"4107" "X" 0.006 -0.20625 0.05125 1 0 2666.66666666667 1 5 2.97103966096362 5 1000 8006 5
"4108" "X" 0.06 -0.78375 0.2575 1 1 2666.66666666667 1 5 1.35673555887835 5 1000 11928 5
"4109" "X" 0.06 -0.04125 0.38125 1 1 2666.66666666667 1 5 0.964299951060516 5 1000 10140 5
"4110" "X" 0.06 -0.78375 0.29875 1 0.5 2666.66666666667 1 5 1.20814817573642 5 1000 11931 5
"4111" "X" 0.06 -0.2475 0.87625 1 0.5 2666.66666666667 1 5 0.132103840633337 5 1000 10687 5
"4112" "X" 0.006 -0.78375 0.9175 1 0 2666.66666666667 1 5 0.0861026990534116 5 1000 9490 5
"4113" "X" 0.06 -0.825 0.7525 1 0.5 2666.66666666667 1 5 0.284354282359106 5 1000 12075 5
"4114" "X" 0.06 -0.2475 0.5875 0 1 2666.66666666667 1 5 0.531879032963823 5 1000 10657 5
"4115" "X" 0.06 -0.12375 0.95875 1 0.5 2666.66666666667 1 5 0.042124926300671 5 1000 10395 5
"4116" "X" 0.006 -0.4125 0.95875 0 1 2666.66666666667 1 5 0.042124926300671 5 1000 8593 5
"4117" "X" 0.06 -0.7425 0.05125 1 1 2666.66666666667 1 5 2.97103966096362 5 1000 11808 5
"4118" "X" 0.06 -0.2475 0.95875 1 0 2666.66666666667 1 5 0.042124926300671 5 1000 10694 5
"4119" "X" 0.06 -0.4125 0.62875 0 1 2666.66666666667 1 5 0.464021557568188 5 1000 11061 5
"4120" "X" 0.006 -0.0825 0.67 1 0 2666.66666666667 1 5 0.400477566597125 5 1000 7766 5
"4121" "X" 0.06 -0.12375 0.71125 1 0 2666.66666666667 1 5 0.340731293541596 5 1000 10370 5
"4122" "X" 0.006 -0.37125 0.87625 1 0.5 2666.66666666667 1 5 0.132103840633337 5 1000 8487 5
"4123" "X" 0.006 -0.61875 0.38125 0 1 2666.66666666667 1 5 0.964299951060516 5 1000 9037 5
"4124" "X" 0.006 -0.165 0.34 0 1 2666.66666666667 1 5 1.07880966137193 5 1000 7933 5
"4125" "X" 0.06 -0.70125 0.21625 0 1 2666.66666666667 1 5 1.53132013317015 5 1000 11721 5
"4126" "X" 0.06 -0.45375 0.71125 1 0 2666.66666666667 1 5 0.340731293541596 5 1000 11170 5
"4127" "X" 0.006 -0.20625 0.7525 0 1 2666.66666666667 1 5 0.284354282359106 5 1000 8073 5
"4128" "X" 0.06 -0.2475 0.54625 1 0 2666.66666666667 1 5 0.604678532572337 5 1000 10654 5
"4129" "X" 0.006 -0.45375 0.0925 1 0.5 2666.66666666667 1 5 2.38054663446376 5 1000 8611 5
"4130" "X" 0.006 -0.7425 0.79375 1 0.5 2666.66666666667 1 5 0.230986728775236 5 1000 9379 5
"4131" "X" 0.006 -0.495 0.46375 1 0.5 2666.66666666667 1 5 0.768409665060492 5 1000 8747 5
"4132" "X" 0.006 -0.86625 0.29875 0 1 2666.66666666667 1 5 1.20814817573642 5 1000 9629 5
"4133" "X" 0.006 -0.7425 0.79375 0 1 2666.66666666667 1 5 0.230986728775236 5 1000 9377 5
"4134" "X" 0.06 -0.33 1 1 1 2666.66666666667 1 5 0 5 1000 10900 5
"4135" "X" 0.006 -0.12375 0.0925 1 1 2666.66666666667 1 5 2.38054663446376 5 1000 7812 5
"4136" "X" 0.006 -0.04125 0.7525 0 1 2666.66666666667 1 5 0.284354282359106 5 1000 7673 5
"4137" "X" 0.06 -0.94875 0.01 0 1 2666.66666666667 1 5 4.60517018598809 5 1000 12301 5
"4138" "X" 0.06 -0.0825 0.21625 0 1 2666.66666666667 1 5 1.53132013317015 5 1000 10221 5
"4139" "X" 0.06 -0.78375 0.05125 1 1 2666.66666666667 1 5 2.97103966096362 5 1000 11908 5
"4140" "X" 0.06 -0.70125 0.38125 0 1 2666.66666666667 1 5 0.964299951060516 5 1000 11737 5
"4141" "X" 0.06 -0.20625 0.95875 1 0.5 2666.66666666667 1 5 0.042124926300671 5 1000 10595 5
"4142" "X" 0.006 -0.495 0.835 0 1 2666.66666666667 1 5 0.180323554131281 5 1000 8781 5
"4143" "X" 0.006 -0.28875 0.46375 1 0.5 2666.66666666667 1 5 0.768409665060492 5 1000 8247 5
"4144" "X" 0.006 0 0.67 0 1 2666.66666666667 1 5 0.400477566597125 5 1000 7565 5
"4145" "X" 0.06 -0.0825 0.54625 1 0.5 2666.66666666667 1 5 0.604678532572337 5 1000 10255 5
"4146" "X" 0.06 -0.78375 0.54625 1 0 2666.66666666667 1 5 0.604678532572337 5 1000 11954 5
"4147" "X" 0.06 -0.78375 0.01 0 1 2666.66666666667 1 5 4.60517018598809 5 1000 11901 5
"4148" "X" 0.006 -0.86625 0.7525 1 1 2666.66666666667 1 5 0.284354282359106 5 1000 9676 5
"4149" "X" 0.06 -0.94875 0.95875 1 0 2666.66666666667 1 5 0.042124926300671 5 1000 12394 5
"4150" "X" 0.006 -0.70125 0.2575 0 1 2666.66666666667 1 5 1.35673555887835 5 1000 9225 5
"4151" "X" 0.06 -0.165 0.0925 1 1 2666.66666666667 1 5 2.38054663446376 5 1000 10412 5
"4152" "X" 0.06 -0.61875 0.175 1 0.5 2666.66666666667 1 5 1.74296930505862 5 1000 11519 5
"4153" "X" 0.006 -0.53625 0.67 1 0 2666.66666666667 1 5 0.400477566597125 5 1000 8866 5
"4154" "X" 0.006 -0.7425 0.34 1 1 2666.66666666667 1 5 1.07880966137193 5 1000 9336 5
"4155" "X" 0.06 0 0.29875 1 1 2666.66666666667 1 5 1.20814817573642 5 1000 10032 5
"4156" "X" 0.06 -0.99 0.29875 1 0.5 2666.66666666667 1 5 1.20814817573642 5 1000 12431 5
"4157" "X" 0.06 -0.45375 0.38125 1 0.5 2666.66666666667 1 5 0.964299951060516 5 1000 11139 5
"4158" "X" 0.06 -0.165 0.54625 1 0 2666.66666666667 1 5 0.604678532572337 5 1000 10454 5
"4159" "X" 0.06 -0.20625 0.87625 1 1 2666.66666666667 1 5 0.132103840633337 5 1000 10588 5
"4160" "X" 0.06 -0.2475 0.87625 1 0 2666.66666666667 1 5 0.132103840633337 5 1000 10686 5
"4161" "X" 0.06 -0.37125 0.34 1 0 2666.66666666667 1 5 1.07880966137193 5 1000 10934 5
"4162" "X" 0.06 -0.7425 0.175 0 1 2666.66666666667 1 5 1.74296930505862 5 1000 11817 5
"4163" "X" 0.006 -0.86625 0.05125 1 0.5 2666.66666666667 1 5 2.97103966096362 5 1000 9607 5
"4164" "X" 0.006 -0.61875 0.0925 1 0 2666.66666666667 1 5 2.38054663446376 5 1000 9010 5
"4165" "X" 0.06 -0.12375 0.67 1 0 2666.66666666667 1 5 0.400477566597125 5 1000 10366 5
"4166" "X" 0.006 -0.33 1 0 1 2666.66666666667 1 5 0 5 1000 8397 5
"4167" "X" 0.006 -0.70125 0.05125 0 1 2666.66666666667 1 5 2.97103966096362 5 1000 9205 5
"4168" "X" 0.06 -0.2475 0.13375 1 1 2666.66666666667 1 5 2.01178289320602 5 1000 10616 5
"4169" "X" 0.06 -0.7425 0.34 1 1 2666.66666666667 1 5 1.07880966137193 5 1000 11836 5
"4170" "X" 0.006 -0.0825 0.7525 1 0.5 2666.66666666667 1 5 0.284354282359106 5 1000 7775 5
"4171" "X" 0.006 -0.20625 0.71125 0 1 2666.66666666667 1 5 0.340731293541596 5 1000 8069 5
"4172" "X" 0.06 -0.33 0.87625 1 0 2666.66666666667 1 5 0.132103840633337 5 1000 10886 5
"4173" "X" 0.006 -0.94875 0.05125 1 0.5 2666.66666666667 1 5 2.97103966096362 5 1000 9807 5
"4174" "X" 0.06 -0.61875 0.67 1 0.5 2666.66666666667 1 5 0.400477566597125 5 1000 11567 5
"4175" "X" 0.006 -0.04125 0.835 1 0.5 2666.66666666667 1 5 0.180323554131281 5 1000 7683 5
"4176" "X" 0.06 -0.61875 0.05125 0 1 2666.66666666667 1 5 2.97103966096362 5 1000 11505 5
"4177" "X" 0.06 -0.4125 0.87625 0 1 2666.66666666667 1 5 0.132103840633337 5 1000 11085 5
"4178" "X" 0.006 -0.28875 0.54625 0 1 2666.66666666667 1 5 0.604678532572337 5 1000 8253 5
"4179" "X" 0.006 -0.53625 0.835 1 1 2666.66666666667 1 5 0.180323554131281 5 1000 8884 5
"4180" "X" 0.06 -0.165 0.38125 0 1 2666.66666666667 1 5 0.964299951060516 5 1000 10437 5
"4181" "X" 0.06 -0.45375 0.7525 1 0.5 2666.66666666667 1 5 0.284354282359106 5 1000 11175 5
"4182" "X" 0.06 -0.28875 0.46375 1 0.5 2666.66666666667 1 5 0.768409665060492 5 1000 10747 5
"4183" "X" 0.06 -0.94875 0.29875 0 1 2666.66666666667 1 5 1.20814817573642 5 1000 12329 5
"4184" "X" 0.006 -0.61875 0.01 1 0.5 2666.66666666667 1 5 4.60517018598809 5 1000 9003 5
"4185" "X" 0.06 -0.5775 0.505 1 0 2666.66666666667 1 5 0.683196849706777 5 1000 11450 5
"4186" "X" 0.06 -0.12375 0.29875 1 0 2666.66666666667 1 5 1.20814817573642 5 1000 10330 5
"4187" "X" 0.06 -0.99 0.505 0 1 2666.66666666667 1 5 0.683196849706777 5 1000 12449 5
"4188" "X" 0.06 -0.12375 0.62875 0 1 2666.66666666667 1 5 0.464021557568188 5 1000 10361 5
"4189" "X" 0.06 -0.495 0.835 1 1 2666.66666666667 1 5 0.180323554131281 5 1000 11284 5
"4190" "X" 0.06 -0.0825 0.5875 1 0.5 2666.66666666667 1 5 0.531879032963823 5 1000 10259 5
"4191" "X" 0.06 -0.66 0.5875 1 0 2666.66666666667 1 5 0.531879032963823 5 1000 11658 5
"4192" "X" 0.06 -0.04125 0.505 1 0 2666.66666666667 1 5 0.683196849706777 5 1000 10150 5
"4193" "X" 0.06 -0.53625 1 1 0.5 2666.66666666667 1 5 0 5 1000 11399 5
"4194" "X" 0.006 -0.66 0.34 1 1 2666.66666666667 1 5 1.07880966137193 5 1000 9136 5
"4195" "X" 0.006 -0.66 0.7525 1 0.5 2666.66666666667 1 5 0.284354282359106 5 1000 9175 5
"4196" "X" 0.06 -0.495 0.79375 1 0 2666.66666666667 1 5 0.230986728775236 5 1000 11278 5
"4197" "X" 0.06 -0.04125 1 0 1 2666.66666666667 1 5 0 5 1000 10197 5
"4198" "X" 0.06 -0.495 0.175 1 0.5 2666.66666666667 1 5 1.74296930505862 5 1000 11219 5
"4199" "X" 0.06 -0.5775 0.54625 0 1 2666.66666666667 1 5 0.604678532572337 5 1000 11453 5
"4200" "X" 0.006 -0.165 1 1 0.5 2666.66666666667 1 5 0 5 1000 7999 5
"4201" "X" 0.06 -0.70125 0.835 1 1 2666.66666666667 1 5 0.180323554131281 5 1000 11784 5
"4202" "X" 0.006 -0.99 0.01 1 0.5 2666.66666666667 1 5 4.60517018598809 5 1000 9903 5
"4203" "X" 0.006 -0.37125 0.38125 0 1 2666.66666666667 1 5 0.964299951060516 5 1000 8437 5
"4204" "X" 0.006 -0.66 0.0925 0 1 2666.66666666667 1 5 2.38054663446376 5 1000 9109 5
"4205" "X" 0.06 -0.165 0.835 1 1 2666.66666666667 1 5 0.180323554131281 5 1000 10484 5
"4206" "X" 0.006 -0.9075 0.9175 1 1 2666.66666666667 1 5 0.0861026990534116 5 1000 9792 5
"4207" "X" 0.06 -0.86625 0.62875 1 1 2666.66666666667 1 5 0.464021557568188 5 1000 12164 5
"4208" "X" 0.006 -0.5775 0.05125 1 0.5 2666.66666666667 1 5 2.97103966096362 5 1000 8907 5
"4209" "X" 0.06 -0.28875 0.21625 1 1 2666.66666666667 1 5 1.53132013317015 5 1000 10724 5
"4210" "X" 0.006 -0.7425 0.71125 1 0.5 2666.66666666667 1 5 0.340731293541596 5 1000 9371 5
"4211" "X" 0.06 -0.0825 0.46375 0 1 2666.66666666667 1 5 0.768409665060492 5 1000 10245 5
"4212" "X" 0.006 -0.86625 0.835 0 1 2666.66666666667 1 5 0.180323554131281 5 1000 9681 5
"4213" "X" 0.006 -0.7425 0.01 1 1 2666.66666666667 1 5 4.60517018598809 5 1000 9304 5
"4214" "X" 0.06 -0.7425 0.9175 1 0.5 2666.66666666667 1 5 0.0861026990534116 5 1000 11891 5
"4215" "X" 0.006 -0.99 0.21625 1 0.5 2666.66666666667 1 5 1.53132013317015 5 1000 9923 5
"4216" "X" 0.06 -0.12375 1 1 1 2666.66666666667 1 5 0 5 1000 10400 5
"4217" "X" 0.06 -0.28875 0.34 1 0 2666.66666666667 1 5 1.07880966137193 5 1000 10734 5
"4218" "X" 0.006 -0.33 0.9175 1 1 2666.66666666667 1 5 0.0861026990534116 5 1000 8392 5
"4219" "X" 0.06 -0.53625 0.46375 1 0.5 2666.66666666667 1 5 0.768409665060492 5 1000 11347 5
"4220" "X" 0.06 -0.4125 0.29875 0 1 2666.66666666667 1 5 1.20814817573642 5 1000 11029 5
"4221" "X" 0.006 -0.37125 0.4225 0 1 2666.66666666667 1 5 0.861565832184908 5 1000 8441 5
"4222" "X" 0.06 -0.495 0.71125 1 0 2666.66666666667 1 5 0.340731293541596 5 1000 11270 5
"4223" "X" 0.006 -0.20625 0.4225 1 1 2666.66666666667 1 5 0.861565832184908 5 1000 8044 5
"4224" "X" 0.006 -0.12375 0.54625 0 1 2666.66666666667 1 5 0.604678532572337 5 1000 7853 5
"4225" "X" 0.006 -0.33 0.71125 1 1 2666.66666666667 1 5 0.340731293541596 5 1000 8372 5
"4226" "X" 0.06 -0.12375 0.835 1 0.5 2666.66666666667 1 5 0.180323554131281 5 1000 10383 5
"4227" "X" 0.06 0 0.87625 0 1 2666.66666666667 1 5 0.132103840633337 5 1000 10085 5
"4228" "X" 0.006 -0.86625 0.54625 1 0 2666.66666666667 1 5 0.604678532572337 5 1000 9654 5
"4229" "X" 0.006 -0.45375 0.29875 0 1 2666.66666666667 1 5 1.20814817573642 5 1000 8629 5
"4230" "X" 0.006 -0.45375 0.01 1 0.5 2666.66666666667 1 5 4.60517018598809 5 1000 8603 5
"4231" "X" 0.06 -0.53625 0.62875 1 1 2666.66666666667 1 5 0.464021557568188 5 1000 11364 5
"4232" "X" 0.006 -0.78375 0.71125 1 1 2666.66666666667 1 5 0.340731293541596 5 1000 9472 5
"4233" "X" 0.006 -0.0825 0.175 1 0 2666.66666666667 1 5 1.74296930505862 5 1000 7718 5
"4234" "X" 0.006 -0.7425 1 0 1 2666.66666666667 1 5 0 5 1000 9397 5
"4235" "X" 0.06 -0.825 0.71125 1 1 2666.66666666667 1 5 0.340731293541596 5 1000 12072 5
"4236" "X" 0.06 -0.495 0.7525 1 1 2666.66666666667 1 5 0.284354282359106 5 1000 11276 5
"4237" "X" 0.06 -0.5775 0.2575 1 0.5 2666.66666666667 1 5 1.35673555887835 5 1000 11427 5
"4238" "X" 0.06 -0.5775 0.5875 1 0 2666.66666666667 1 5 0.531879032963823 5 1000 11458 5
"4239" "X" 0.006 -0.20625 0.2575 1 1 2666.66666666667 1 5 1.35673555887835 5 1000 8028 5
"4240" "X" 0.06 -0.12375 0.38125 1 0.5 2666.66666666667 1 5 0.964299951060516 5 1000 10339 5
"4241" "X" 0.06 -0.2475 0.835 1 0 2666.66666666667 1 5 0.180323554131281 5 1000 10682 5
"4242" "X" 0.06 -0.94875 0.505 1 0 2666.66666666667 1 5 0.683196849706777 5 1000 12350 5
"4243" "X" 0.006 -0.99 0.9175 1 1 2666.66666666667 1 5 0.0861026990534116 5 1000 9992 5
"4244" "X" 0.06 -0.61875 0.01 1 0 2666.66666666667 1 5 4.60517018598809 5 1000 11502 5
"4245" "X" 0.006 -0.495 0.835 1 1 2666.66666666667 1 5 0.180323554131281 5 1000 8784 5
"4246" "X" 0.06 -0.33 0.95875 0 1 2666.66666666667 1 5 0.042124926300671 5 1000 10893 5
"4247" "X" 0.06 -0.0825 0.87625 0 1 2666.66666666667 1 5 0.132103840633337 5 1000 10285 5
"4248" "X" 0.06 -0.99 0.01 0 1 2666.66666666667 1 5 4.60517018598809 5 1000 12401 5
"4249" "X" 0.06 -0.78375 0.71125 0 1 2666.66666666667 1 5 0.340731293541596 5 1000 11969 5
"4250" "X" 0.006 -0.9075 0.87625 1 0 2666.66666666667 1 5 0.132103840633337 5 1000 9786 5
"4251" "X" 0.06 -0.37125 0.71125 0 1 2666.66666666667 1 5 0.340731293541596 5 1000 10969 5
"4252" "X" 0.006 0 0.0925 0 1 2666.66666666667 1 5 2.38054663446376 5 1000 7509 5
"4253" "X" 0.006 -0.0825 0.34 1 1 2666.66666666667 1 5 1.07880966137193 5 1000 7736 5
"4254" "X" 0.006 -0.12375 0.62875 1 0 2666.66666666667 1 5 0.464021557568188 5 1000 7862 5
"4255" "X" 0.006 -0.78375 0.175 1 0 2666.66666666667 1 5 1.74296930505862 5 1000 9418 5
"4256" "X" 0.06 -0.825 0.71125 1 0 2666.66666666667 1 5 0.340731293541596 5 1000 12070 5
"4257" "X" 0.06 -0.99 0.505 1 1 2666.66666666667 1 5 0.683196849706777 5 1000 12452 5
"4258" "X" 0.006 -0.0825 0.67 0 1 2666.66666666667 1 5 0.400477566597125 5 1000 7765 5
"4259" "X" 0.006 -0.5775 0.13375 1 0.5 2666.66666666667 1 5 2.01178289320602 5 1000 8915 5
"4260" "X" 0.006 -0.70125 0.54625 1 0 2666.66666666667 1 5 0.604678532572337 5 1000 9254 5
"4261" "X" 0.06 -0.99 0.7525 1 1 2666.66666666667 1 5 0.284354282359106 5 1000 12476 5
"4262" "X" 0.06 0 0.2575 1 1 2666.66666666667 1 5 1.35673555887835 5 1000 10028 5
"4263" "X" 0.006 0 0.175 1 0.5 2666.66666666667 1 5 1.74296930505862 5 1000 7519 5
"4264" "X" 0.06 -0.61875 0.95875 1 0.5 2666.66666666667 1 5 0.042124926300671 5 1000 11595 5
"4265" "X" 0.006 -0.4125 1 1 0 2666.66666666667 1 5 0 5 1000 8598 5
"4266" "X" 0.006 -0.20625 0.13375 0 1 2666.66666666667 1 5 2.01178289320602 5 1000 8013 5
"4267" "X" 0.06 -0.7425 0.7525 1 1 2666.66666666667 1 5 0.284354282359106 5 1000 11876 5
"4268" "X" 0.006 -0.4125 1 0 1 2666.66666666667 1 5 0 5 1000 8597 5
"4269" "X" 0.006 -0.66 0.34 1 0 2666.66666666667 1 5 1.07880966137193 5 1000 9134 5
"4270" "X" 0.06 -0.28875 0.9175 1 0 2666.66666666667 1 5 0.0861026990534116 5 1000 10790 5
"4271" "X" 0.06 -0.94875 0.7525 1 1 2666.66666666667 1 5 0.284354282359106 5 1000 12376 5
"4272" "X" 0.006 -0.94875 1 0 1 2666.66666666667 1 5 0 5 1000 9897 5
"4273" "X" 0.006 -0.99 0.05125 1 0 2666.66666666667 1 5 2.97103966096362 5 1000 9906 5
"4274" "X" 0.06 -0.495 0.71125 0 1 2666.66666666667 1 5 0.340731293541596 5 1000 11269 5
"4275" "X" 0.006 -0.12375 0.2575 1 1 2666.66666666667 1 5 1.35673555887835 5 1000 7828 5
"4276" "X" 0.06 -0.94875 0.54625 1 1 2666.66666666667 1 5 0.604678532572337 5 1000 12356 5
"4277" "X" 0.06 -0.2475 0.9175 1 1 2666.66666666667 1 5 0.0861026990534116 5 1000 10692 5
"4278" "X" 0.006 -0.78375 0.34 1 1 2666.66666666667 1 5 1.07880966137193 5 1000 9436 5
"4279" "X" 0.06 -0.7425 0.54625 0 1 2666.66666666667 1 5 0.604678532572337 5 1000 11853 5
"4280" "X" 0.006 -0.4125 0.29875 0 1 2666.66666666667 1 5 1.20814817573642 5 1000 8529 5
"4281" "X" 0.006 -0.37125 0.71125 1 0 2666.66666666667 1 5 0.340731293541596 5 1000 8470 5
"4282" "X" 0.06 -0.37125 0.9175 1 0 2666.66666666667 1 5 0.0861026990534116 5 1000 10990 5
"4283" "X" 0.006 0 0.79375 1 0 2666.66666666667 1 5 0.230986728775236 5 1000 7578 5
"4284" "X" 0.006 -0.0825 0.87625 1 0.5 2666.66666666667 1 5 0.132103840633337 5 1000 7787 5
"4285" "X" 0.06 -0.37125 0.4225 1 0 2666.66666666667 1 5 0.861565832184908 5 1000 10942 5
"4286" "X" 0.06 -0.70125 0.01 1 1 2666.66666666667 1 5 4.60517018598809 5 1000 11704 5
"4287" "X" 0.006 -0.28875 0.71125 0 1 2666.66666666667 1 5 0.340731293541596 5 1000 8269 5
"4288" "X" 0.06 -0.61875 0.34 1 0 2666.66666666667 1 5 1.07880966137193 5 1000 11534 5
"4289" "X" 0.06 -0.78375 0.05125 0 1 2666.66666666667 1 5 2.97103966096362 5 1000 11905 5
"4290" "X" 0.06 -0.66 0.71125 1 0.5 2666.66666666667 1 5 0.340731293541596 5 1000 11671 5
"4291" "X" 0.006 -0.37125 0.175 1 0 2666.66666666667 1 5 1.74296930505862 5 1000 8418 5
"4292" "X" 0.006 0 0.46375 0 1 2666.66666666667 1 5 0.768409665060492 5 1000 7545 5
"4293" "X" 0.06 0 0.2575 1 0.5 2666.66666666667 1 5 1.35673555887835 5 1000 10027 5
"4294" "X" 0.06 -0.9075 0.175 1 0 2666.66666666667 1 5 1.74296930505862 5 1000 12218 5
"4295" "X" 0.006 -0.86625 0.4225 1 0 2666.66666666667 1 5 0.861565832184908 5 1000 9642 5
"4296" "X" 0.06 -0.7425 0.67 0 1 2666.66666666667 1 5 0.400477566597125 5 1000 11865 5
"4297" "X" 0.006 -0.165 0.67 1 1 2666.66666666667 1 5 0.400477566597125 5 1000 7968 5
"4298" "X" 0.06 -0.61875 0.5875 1 0 2666.66666666667 1 5 0.531879032963823 5 1000 11558 5
"4299" "X" 0.006 -0.86625 0.29875 1 0 2666.66666666667 1 5 1.20814817573642 5 1000 9630 5
"4300" "X" 0.006 -0.86625 0.62875 0 1 2666.66666666667 1 5 0.464021557568188 5 1000 9661 5
"4301" "X" 0.06 -0.0825 0.38125 1 1 2666.66666666667 1 5 0.964299951060516 5 1000 10240 5
"4302" "X" 0.006 -0.86625 0.67 1 1 2666.66666666667 1 5 0.400477566597125 5 1000 9668 5
"4303" "X" 0.006 -0.66 0.175 1 0.5 2666.66666666667 1 5 1.74296930505862 5 1000 9119 5
"4304" "X" 0.006 -0.9075 0.38125 1 0 2666.66666666667 1 5 0.964299951060516 5 1000 9738 5
"4305" "X" 0.006 -0.9075 0.67 1 0 2666.66666666667 1 5 0.400477566597125 5 1000 9766 5
"4306" "X" 0.006 -0.61875 0.46375 1 0 2666.66666666667 1 5 0.768409665060492 5 1000 9046 5
"4307" "X" 0.006 -0.28875 0.0925 0 1 2666.66666666667 1 5 2.38054663446376 5 1000 8209 5
"4308" "X" 0.006 -0.825 0.95875 1 1 2666.66666666667 1 5 0.042124926300671 5 1000 9596 5
"4309" "X" 0.006 -0.20625 0.38125 1 0 2666.66666666667 1 5 0.964299951060516 5 1000 8038 5
"4310" "X" 0.06 -0.0825 0.34 1 0.5 2666.66666666667 1 5 1.07880966137193 5 1000 10235 5
"4311" "X" 0.006 0 0.835 1 0 2666.66666666667 1 5 0.180323554131281 5 1000 7582 5
"4312" "X" 0.006 -0.5775 0.54625 1 0.5 2666.66666666667 1 5 0.604678532572337 5 1000 8955 5
"4313" "X" 0.06 -0.5775 0.62875 0 1 2666.66666666667 1 5 0.464021557568188 5 1000 11461 5
"4314" "X" 0.06 -0.2475 0.9175 1 0 2666.66666666667 1 5 0.0861026990534116 5 1000 10690 5
"4315" "X" 0.06 -0.20625 0.505 1 1 2666.66666666667 1 5 0.683196849706777 5 1000 10552 5
"4316" "X" 0.006 -0.12375 0.2575 0 1 2666.66666666667 1 5 1.35673555887835 5 1000 7825 5
"4317" "X" 0.06 -0.7425 0.505 1 1 2666.66666666667 1 5 0.683196849706777 5 1000 11852 5
"4318" "X" 0.006 -0.99 0.79375 1 0 2666.66666666667 1 5 0.230986728775236 5 1000 9978 5
"4319" "X" 0.06 0 0.175 1 1 2666.66666666667 1 5 1.74296930505862 5 1000 10020 5
"4320" "X" 0.06 -0.5775 0.01 1 1 2666.66666666667 1 5 4.60517018598809 5 1000 11404 5
"4321" "X" 0.006 -0.825 0.01 0 1 2666.66666666667 1 5 4.60517018598809 5 1000 9501 5
"4322" "X" 0.006 -0.495 0.71125 1 0.5 2666.66666666667 1 5 0.340731293541596 5 1000 8771 5
"4323" "X" 0.06 -0.78375 0.175 1 0.5 2666.66666666667 1 5 1.74296930505862 5 1000 11919 5
"4324" "X" 0.06 -0.86625 0.21625 0 1 2666.66666666667 1 5 1.53132013317015 5 1000 12121 5
"4325" "X" 0.06 -0.825 0.62875 1 0.5 2666.66666666667 1 5 0.464021557568188 5 1000 12063 5
"4326" "X" 0.06 -0.53625 0.05125 1 1 2666.66666666667 1 5 2.97103966096362 5 1000 11308 5
"4327" "X" 0.06 -0.0825 0.95875 1 0.5 2666.66666666667 1 5 0.042124926300671 5 1000 10295 5
"4328" "X" 0.06 -0.20625 0.13375 1 1 2666.66666666667 1 5 2.01178289320602 5 1000 10516 5
"4329" "X" 0.006 -0.94875 0.38125 1 0.5 2666.66666666667 1 5 0.964299951060516 5 1000 9839 5
"4330" "X" 0.006 -0.45375 0.95875 1 0.5 2666.66666666667 1 5 0.042124926300671 5 1000 8695 5
"4331" "X" 0.06 -0.0825 0.21625 1 1 2666.66666666667 1 5 1.53132013317015 5 1000 10224 5
"4332" "X" 0.006 -0.99 0.21625 1 1 2666.66666666667 1 5 1.53132013317015 5 1000 9924 5
"4333" "X" 0.006 -0.9075 0.29875 1 0 2666.66666666667 1 5 1.20814817573642 5 1000 9730 5
"4334" "X" 0.06 -0.825 0.2575 1 0.5 2666.66666666667 1 5 1.35673555887835 5 1000 12027 5
"4335" "X" 0.06 -0.0825 0.835 0 1 2666.66666666667 1 5 0.180323554131281 5 1000 10281 5
"4336" "X" 0.06 -0.86625 0.0925 0 1 2666.66666666667 1 5 2.38054663446376 5 1000 12109 5
"4337" "X" 0.006 -0.5775 0.505 1 0 2666.66666666667 1 5 0.683196849706777 5 1000 8950 5
"4338" "X" 0.006 -0.78375 0.87625 1 0 2666.66666666667 1 5 0.132103840633337 5 1000 9486 5
"4339" "X" 0.006 -0.70125 0.46375 1 1 2666.66666666667 1 5 0.768409665060492 5 1000 9248 5
"4340" "X" 0.006 -0.78375 0.67 1 0.5 2666.66666666667 1 5 0.400477566597125 5 1000 9467 5
"4341" "X" 0.06 -0.28875 0.46375 1 1 2666.66666666667 1 5 0.768409665060492 5 1000 10748 5
"4342" "X" 0.006 -0.4125 0.7525 1 0.5 2666.66666666667 1 5 0.284354282359106 5 1000 8575 5
"4343" "X" 0.006 -0.99 0.71125 1 0 2666.66666666667 1 5 0.340731293541596 5 1000 9970 5
"4344" "X" 0.006 -0.86625 0.71125 1 1 2666.66666666667 1 5 0.340731293541596 5 1000 9672 5
"4345" "X" 0.06 -0.2475 0.505 0 1 2666.66666666667 1 5 0.683196849706777 5 1000 10649 5
"4346" "X" 0.006 -0.45375 0.87625 1 0.5 2666.66666666667 1 5 0.132103840633337 5 1000 8687 5
"4347" "X" 0.06 -0.70125 0.95875 0 1 2666.66666666667 1 5 0.042124926300671 5 1000 11793 5
"4348" "X" 0.06 -0.45375 0.13375 1 0.5 2666.66666666667 1 5 2.01178289320602 5 1000 11115 5
"4349" "X" 0.006 -0.0825 0.7525 0 1 2666.66666666667 1 5 0.284354282359106 5 1000 7773 5
"4350" "X" 0.06 -0.20625 0.46375 1 0.5 2666.66666666667 1 5 0.768409665060492 5 1000 10547 5
"4351" "X" 0.06 -0.28875 0.38125 0 1 2666.66666666667 1 5 0.964299951060516 5 1000 10737 5
"4352" "X" 0.06 -0.94875 0.05125 1 0 2666.66666666667 1 5 2.97103966096362 5 1000 12306 5
"4353" "X" 0.06 -0.5775 0.13375 1 1 2666.66666666667 1 5 2.01178289320602 5 1000 11416 5
"4354" "X" 0.006 -0.825 0.29875 1 1 2666.66666666667 1 5 1.20814817573642 5 1000 9532 5
"4355" "X" 0.06 -0.99 0.05125 0 1 2666.66666666667 1 5 2.97103966096362 5 1000 12405 5
"4356" "X" 0.006 -0.7425 0.62875 1 1 2666.66666666667 1 5 0.464021557568188 5 1000 9364 5
"4357" "X" 0.006 -0.9075 0.01 1 1 2666.66666666667 1 5 4.60517018598809 5 1000 9704 5
"4358" "X" 0.06 -0.45375 0.21625 1 0 2666.66666666667 1 5 1.53132013317015 5 1000 11122 5
"4359" "X" 0.006 -0.37125 0.29875 1 0 2666.66666666667 1 5 1.20814817573642 5 1000 8430 5
"4360" "X" 0.06 -0.94875 0.835 1 0 2666.66666666667 1 5 0.180323554131281 5 1000 12382 5
"4361" "X" 0.06 -0.78375 0.38125 1 0.5 2666.66666666667 1 5 0.964299951060516 5 1000 11939 5
"4362" "X" 0.06 0 0.62875 1 0.5 2666.66666666667 1 5 0.464021557568188 5 1000 10063 5
"4363" "X" 0.06 -0.70125 0.38125 1 0 2666.66666666667 1 5 0.964299951060516 5 1000 11738 5
"4364" "X" 0.006 -0.61875 0.34 0 1 2666.66666666667 1 5 1.07880966137193 5 1000 9033 5
"4365" "X" 0.006 0 0.835 1 0.5 2666.66666666667 1 5 0.180323554131281 5 1000 7583 5
"4366" "X" 0.006 -0.04125 0.29875 1 1 2666.66666666667 1 5 1.20814817573642 5 1000 7632 5
"4367" "X" 0.006 -0.825 0.7525 1 0 2666.66666666667 1 5 0.284354282359106 5 1000 9574 5
"4368" "X" 0.006 -0.86625 0.01 1 0.5 2666.66666666667 1 5 4.60517018598809 5 1000 9603 5
"4369" "X" 0.006 -0.12375 0.835 1 0 2666.66666666667 1 5 0.180323554131281 5 1000 7882 5
"4370" "X" 0.006 -0.78375 0.0925 1 0.5 2666.66666666667 1 5 2.38054663446376 5 1000 9411 5
"4371" "X" 0.006 -0.20625 0.34 1 0.5 2666.66666666667 1 5 1.07880966137193 5 1000 8035 5
"4372" "X" 0.006 -0.53625 0.34 1 1 2666.66666666667 1 5 1.07880966137193 5 1000 8836 5
"4373" "X" 0.006 -0.99 0.835 1 0 2666.66666666667 1 5 0.180323554131281 5 1000 9982 5
"4374" "X" 0.06 -0.33 0.13375 1 0 2666.66666666667 1 5 2.01178289320602 5 1000 10814 5
"4375" "X" 0.006 -0.94875 0.54625 1 1 2666.66666666667 1 5 0.604678532572337 5 1000 9856 5
"4376" "X" 0.06 -0.33 0.34 1 1 2666.66666666667 1 5 1.07880966137193 5 1000 10836 5
"4377" "X" 0.06 -0.78375 0.46375 1 0.5 2666.66666666667 1 5 0.768409665060492 5 1000 11947 5
"4378" "X" 0.006 -0.37125 0.79375 0 1 2666.66666666667 1 5 0.230986728775236 5 1000 8477 5
"4379" "X" 0.006 -0.5775 0.62875 1 0 2666.66666666667 1 5 0.464021557568188 5 1000 8962 5
"4380" "X" 0.06 -0.66 0.54625 1 0.5 2666.66666666667 1 5 0.604678532572337 5 1000 11655 5
"4381" "X" 0.006 -0.45375 0.67 1 0.5 2666.66666666667 1 5 0.400477566597125 5 1000 8667 5
"4382" "X" 0.06 -0.165 0.01 1 0.5 2666.66666666667 1 5 4.60517018598809 5 1000 10403 5
"4383" "X" 0.06 -0.9075 0.34 1 1 2666.66666666667 1 5 1.07880966137193 5 1000 12236 5
"4384" "X" 0.006 -0.53625 0.175 1 0.5 2666.66666666667 1 5 1.74296930505862 5 1000 8819 5
"4385" "X" 0.006 -0.825 0.95875 1 0.5 2666.66666666667 1 5 0.042124926300671 5 1000 9595 5
"4386" "X" 0.006 -0.495 0.67 1 1 2666.66666666667 1 5 0.400477566597125 5 1000 8768 5
"4387" "X" 0.06 -0.7425 0.67 1 0.5 2666.66666666667 1 5 0.400477566597125 5 1000 11867 5
"4388" "X" 0.06 -0.7425 0.175 1 1 2666.66666666667 1 5 1.74296930505862 5 1000 11820 5
"4389" "X" 0.06 -0.53625 0.2575 1 0.5 2666.66666666667 1 5 1.35673555887835 5 1000 11327 5
"4390" "X" 0.006 -0.7425 0.4225 0 1 2666.66666666667 1 5 0.861565832184908 5 1000 9341 5
"4391" "X" 0.06 -0.9075 0.79375 1 0 2666.66666666667 1 5 0.230986728775236 5 1000 12278 5
"4392" "X" 0.06 -0.70125 0.79375 1 0.5 2666.66666666667 1 5 0.230986728775236 5 1000 11779 5
"4393" "X" 0.06 -0.2475 0.34 1 1 2666.66666666667 1 5 1.07880966137193 5 1000 10636 5
"4394" "X" 0.06 -0.45375 0.95875 1 0.5 2666.66666666667 1 5 0.042124926300671 5 1000 11195 5
"4395" "X" 0.06 -0.45375 0.0925 1 0.5 2666.66666666667 1 5 2.38054663446376 5 1000 11111 5
"4396" "X" 0.006 -0.825 0.67 1 0 2666.66666666667 1 5 0.400477566597125 5 1000 9566 5
"4397" "X" 0.006 -0.33 0.13375 1 0 2666.66666666667 1 5 2.01178289320602 5 1000 8314 5
"4398" "X" 0.06 -0.5775 0.05125 1 1 2666.66666666667 1 5 2.97103966096362 5 1000 11408 5
"4399" "X" 0.06 -0.33 0.505 1 1 2666.66666666667 1 5 0.683196849706777 5 1000 10852 5
"4400" "X" 0.006 -0.5775 0.175 1 0.5 2666.66666666667 1 5 1.74296930505862 5 1000 8919 5
"4401" "X" 0.006 -0.28875 0.79375 1 1 2666.66666666667 1 5 0.230986728775236 5 1000 8280 5
"4402" "X" 0.006 -0.28875 0.79375 1 0.5 2666.66666666667 1 5 0.230986728775236 5 1000 8279 5
"4403" "X" 0.006 -0.04125 0.0925 1 0.5 2666.66666666667 1 5 2.38054663446376 5 1000 7611 5
"4404" "X" 0.006 -0.4125 0.01 1 0 2666.66666666667 1 5 4.60517018598809 5 1000 8502 5
"4405" "X" 0.06 0 0.38125 1 1 2666.66666666667 1 5 0.964299951060516 5 1000 10040 5
"4406" "X" 0.06 -0.53625 0.29875 1 0 2666.66666666667 1 5 1.20814817573642 5 1000 11330 5
"4407" "X" 0.006 -0.165 0.05125 0 1 2666.66666666667 1 5 2.97103966096362 5 1000 7905 5
"4408" "X" 0.006 -0.0825 0.71125 1 0.5 2666.66666666667 1 5 0.340731293541596 5 1000 7771 5
"4409" "X" 0.006 -0.66 0.71125 1 1 2666.66666666667 1 5 0.340731293541596 5 1000 9172 5
"4410" "X" 0.06 -0.495 0.7525 1 0 2666.66666666667 1 5 0.284354282359106 5 1000 11274 5
"4411" "X" 0.06 -0.4125 0.34 0 1 2666.66666666667 1 5 1.07880966137193 5 1000 11033 5
"4412" "X" 0.06 -0.4125 0.29875 1 0.5 2666.66666666667 1 5 1.20814817573642 5 1000 11031 5
"4413" "X" 0.06 -0.4125 0.79375 1 1 2666.66666666667 1 5 0.230986728775236 5 1000 11080 5
"4414" "X" 0.006 -0.7425 0.05125 0 1 2666.66666666667 1 5 2.97103966096362 5 1000 9305 5
"4415" "X" 0.006 -0.825 0.46375 1 0.5 2666.66666666667 1 5 0.768409665060492 5 1000 9547 5
"4416" "X" 0.006 -0.165 0.29875 1 0 2666.66666666667 1 5 1.20814817573642 5 1000 7930 5
"4417" "X" 0.006 -0.12375 0.01 1 0.5 2666.66666666667 1 5 4.60517018598809 5 1000 7803 5
"4418" "X" 0.06 -0.66 0.2575 0 1 2666.66666666667 1 5 1.35673555887835 5 1000 11625 5
"4419" "X" 0.06 -0.78375 0.0925 1 0.5 2666.66666666667 1 5 2.38054663446376 5 1000 11911 5
"4420" "X" 0.006 -0.37125 0.13375 1 1 2666.66666666667 1 5 2.01178289320602 5 1000 8416 5
"4421" "X" 0.06 -0.2475 0.21625 0 1 2666.66666666667 1 5 1.53132013317015 5 1000 10621 5
"4422" "X" 0.06 -0.495 0.79375 1 1 2666.66666666667 1 5 0.230986728775236 5 1000 11280 5
"4423" "X" 0.06 -0.37125 0.4225 0 1 2666.66666666667 1 5 0.861565832184908 5 1000 10941 5
"4424" "X" 0.06 -0.78375 0.13375 1 0.5 2666.66666666667 1 5 2.01178289320602 5 1000 11915 5
"4425" "X" 0.006 -0.37125 0.87625 1 1 2666.66666666667 1 5 0.132103840633337 5 1000 8488 5
"4426" "X" 0.006 -0.495 0.34 1 0.5 2666.66666666667 1 5 1.07880966137193 5 1000 8735 5
"4427" "X" 0.06 -0.53625 0.505 1 0 2666.66666666667 1 5 0.683196849706777 5 1000 11350 5
"4428" "X" 0.06 -0.53625 0.9175 1 1 2666.66666666667 1 5 0.0861026990534116 5 1000 11392 5
"4429" "X" 0.06 -0.78375 0.95875 0 1 2666.66666666667 1 5 0.042124926300671 5 1000 11993 5
"4430" "X" 0.006 -0.04125 1 1 0.5 2666.66666666667 1 5 0 5 1000 7699 5
"4431" "X" 0.006 0 0.95875 1 0.5 2666.66666666667 1 5 0.042124926300671 5 1000 7595 5
"4432" "X" 0.06 -0.165 0.9175 1 1 2666.66666666667 1 5 0.0861026990534116 5 1000 10492 5
"4433" "X" 0.06 0 0.21625 1 0 2666.66666666667 1 5 1.53132013317015 5 1000 10022 5
"4434" "X" 0.006 -0.78375 0.62875 1 0.5 2666.66666666667 1 5 0.464021557568188 5 1000 9463 5
"4435" "X" 0.06 -0.495 0.4225 1 0.5 2666.66666666667 1 5 0.861565832184908 5 1000 11243 5
"4436" "X" 0.06 -0.12375 0.7525 0 1 2666.66666666667 1 5 0.284354282359106 5 1000 10373 5
"4437" "X" 0.06 -0.53625 0.95875 1 0.5 2666.66666666667 1 5 0.042124926300671 5 1000 11395 5
"4438" "X" 0.006 -0.20625 0.71125 1 0.5 2666.66666666667 1 5 0.340731293541596 5 1000 8071 5
"4439" "X" 0.06 -0.66 0.71125 0 1 2666.66666666667 1 5 0.340731293541596 5 1000 11669 5
"4440" "X" 0.006 -0.7425 0.87625 1 0 2666.66666666667 1 5 0.132103840633337 5 1000 9386 5
"4441" "X" 0.06 -0.165 1 1 0.5 2666.66666666667 1 5 0 5 1000 10499 5
"4442" "X" 0.006 -0.45375 0.5875 0 1 2666.66666666667 1 5 0.531879032963823 5 1000 8657 5
"4443" "X" 0.006 -0.0825 0.13375 1 0.5 2666.66666666667 1 5 2.01178289320602 5 1000 7715 5
"4444" "X" 0.06 -0.0825 0.01 0 1 2666.66666666667 1 5 4.60517018598809 5 1000 10201 5
"4445" "X" 0.006 -0.33 1 1 0.5 2666.66666666667 1 5 0 5 1000 8399 5
"4446" "X" 0.006 -0.99 0.71125 0 1 2666.66666666667 1 5 0.340731293541596 5 1000 9969 5
"4447" "X" 0.06 -0.04125 0.67 1 0.5 2666.66666666667 1 5 0.400477566597125 5 1000 10167 5
"4448" "X" 0.06 -0.61875 0.34 0 1 2666.66666666667 1 5 1.07880966137193 5 1000 11533 5
"4449" "X" 0.006 -0.94875 0.21625 1 0 2666.66666666667 1 5 1.53132013317015 5 1000 9822 5
"4450" "X" 0.006 -0.825 0.5875 0 1 2666.66666666667 1 5 0.531879032963823 5 1000 9557 5
"4451" "X" 0.06 0 0.05125 1 0.5 2666.66666666667 1 5 2.97103966096362 5 1000 10007 5
"4452" "X" 0.06 -0.66 0.4225 1 0.5 2666.66666666667 1 5 0.861565832184908 5 1000 11643 5
"4453" "X" 0.06 -0.5775 0.175 0 1 2666.66666666667 1 5 1.74296930505862 5 1000 11417 5
"4454" "X" 0.06 0 0.9175 0 1 2666.66666666667 1 5 0.0861026990534116 5 1000 10089 5
"4455" "X" 0.006 -0.33 0.2575 1 0.5 2666.66666666667 1 5 1.35673555887835 5 1000 8327 5
"4456" "X" 0.006 -0.86625 0.46375 0 1 2666.66666666667 1 5 0.768409665060492 5 1000 9645 5
"4457" "X" 0.006 -0.61875 0.95875 0 1 2666.66666666667 1 5 0.042124926300671 5 1000 9093 5
"4458" "X" 0.06 -0.165 0.5875 1 1 2666.66666666667 1 5 0.531879032963823 5 1000 10460 5
"4459" "X" 0.06 0 0.38125 1 0.5 2666.66666666667 1 5 0.964299951060516 5 1000 10039 5
"4460" "X" 0.06 -0.66 0.67 1 1 2666.66666666667 1 5 0.400477566597125 5 1000 11668 5
"4461" "X" 0.06 -0.99 0.79375 0 1 2666.66666666667 1 5 0.230986728775236 5 1000 12477 5
"4462" "X" 0.06 -0.86625 0.175 1 0 2666.66666666667 1 5 1.74296930505862 5 1000 12118 5
"4463" "X" 0.06 -0.20625 0.175 1 1 2666.66666666667 1 5 1.74296930505862 5 1000 10520 5
"4464" "X" 0.006 -0.2475 0.62875 1 1 2666.66666666667 1 5 0.464021557568188 5 1000 8164 5
"4465" "X" 0.006 -0.86625 0.175 1 1 2666.66666666667 1 5 1.74296930505862 5 1000 9620 5
"4466" "X" 0.006 -0.86625 0.5875 1 0 2666.66666666667 1 5 0.531879032963823 5 1000 9658 5
"4467" "X" 0.06 -0.825 0.505 1 0 2666.66666666667 1 5 0.683196849706777 5 1000 12050 5
"4468" "X" 0.06 -0.86625 0.54625 1 0.5 2666.66666666667 1 5 0.604678532572337 5 1000 12155 5
"4469" "X" 0.06 -0.5775 0.835 0 1 2666.66666666667 1 5 0.180323554131281 5 1000 11481 5
"4470" "X" 0.006 -0.78375 0.67 1 1 2666.66666666667 1 5 0.400477566597125 5 1000 9468 5
"4471" "X" 0.006 -0.825 0.62875 1 1 2666.66666666667 1 5 0.464021557568188 5 1000 9564 5
"4472" "X" 0.06 -0.53625 0.0925 0 1 2666.66666666667 1 5 2.38054663446376 5 1000 11309 5
"4473" "X" 0.006 -0.165 0.4225 1 0 2666.66666666667 1 5 0.861565832184908 5 1000 7942 5
"4474" "X" 0.006 -0.825 0.29875 1 0.5 2666.66666666667 1 5 1.20814817573642 5 1000 9531 5
"4475" "X" 0.06 -0.45375 0.05125 1 0.5 2666.66666666667 1 5 2.97103966096362 5 1000 11107 5
"4476" "X" 0.006 -0.20625 0.79375 0 1 2666.66666666667 1 5 0.230986728775236 5 1000 8077 5
"4477" "X" 0.06 -0.61875 0.38125 1 1 2666.66666666667 1 5 0.964299951060516 5 1000 11540 5
"4478" "X" 0.06 -0.7425 0.54625 1 1 2666.66666666667 1 5 0.604678532572337 5 1000 11856 5
"4479" "X" 0.006 -0.86625 0.01 0 1 2666.66666666667 1 5 4.60517018598809 5 1000 9601 5
"4480" "X" 0.006 -0.12375 0.29875 1 0 2666.66666666667 1 5 1.20814817573642 5 1000 7830 5
"4481" "X" 0.06 -0.20625 1 1 0 2666.66666666667 1 5 0 5 1000 10598 5
"4482" "X" 0.06 -0.7425 0.5875 1 0.5 2666.66666666667 1 5 0.531879032963823 5 1000 11859 5
"4483" "X" 0.006 -0.4125 0.46375 1 0 2666.66666666667 1 5 0.768409665060492 5 1000 8546 5
"4484" "X" 0.006 -0.0825 0.05125 1 1 2666.66666666667 1 5 2.97103966096362 5 1000 7708 5
"4485" "X" 0.06 -0.04125 0.38125 0 1 2666.66666666667 1 5 0.964299951060516 5 1000 10137 5
"4486" "X" 0.006 -0.86625 0.21625 0 1 2666.66666666667 1 5 1.53132013317015 5 1000 9621 5
"4487" "X" 0.06 -0.99 0.38125 1 1 2666.66666666667 1 5 0.964299951060516 5 1000 12440 5
"4488" "X" 0.06 -0.12375 0.87625 0 1 2666.66666666667 1 5 0.132103840633337 5 1000 10385 5
"4489" "X" 0.006 -0.825 0.4225 0 1 2666.66666666667 1 5 0.861565832184908 5 1000 9541 5
"4490" "X" 0.06 0 0.4225 0 1 2666.66666666667 1 5 0.861565832184908 5 1000 10041 5
"4491" "X" 0.006 -0.12375 0.79375 1 0 2666.66666666667 1 5 0.230986728775236 5 1000 7878 5
"4492" "X" 0.06 -0.495 0.01 1 0.5 2666.66666666667 1 5 4.60517018598809 5 1000 11203 5
"4493" "X" 0.006 -0.2475 0.4225 0 1 2666.66666666667 1 5 0.861565832184908 5 1000 8141 5
"4494" "X" 0.06 -0.37125 0.29875 1 0.5 2666.66666666667 1 5 1.20814817573642 5 1000 10931 5
"4495" "X" 0.006 -0.86625 0.175 1 0 2666.66666666667 1 5 1.74296930505862 5 1000 9618 5
"4496" "X" 0.006 -0.20625 0.9175 1 1 2666.66666666667 1 5 0.0861026990534116 5 1000 8092 5
"4497" "X" 0.006 -0.20625 0.05125 1 0.5 2666.66666666667 1 5 2.97103966096362 5 1000 8007 5
"4498" "X" 0.006 -0.5775 0.46375 1 0.5 2666.66666666667 1 5 0.768409665060492 5 1000 8947 5
"4499" "X" 0.006 -0.0825 0.54625 1 0 2666.66666666667 1 5 0.604678532572337 5 1000 7754 5
"4500" "X" 0.006 -0.28875 0.835 1 0.5 2666.66666666667 1 5 0.180323554131281 5 1000 8283 5
"4501" "X" 0.06 -0.12375 0.05125 1 0.5 2666.66666666667 1 5 2.97103966096362 5 1000 10307 5
"4502" "X" 0.06 -0.5775 0.67 0 1 2666.66666666667 1 5 0.400477566597125 5 1000 11465 5
"4503" "X" 0.06 -0.7425 0.62875 1 0.5 2666.66666666667 1 5 0.464021557568188 5 1000 11863 5
"4504" "X" 0.006 -0.94875 0.34 1 0.5 2666.66666666667 1 5 1.07880966137193 5 1000 9835 5
"4505" "X" 0.06 -0.33 0.05125 1 1 2666.66666666667 1 5 2.97103966096362 5 1000 10808 5
"4506" "X" 0.006 -0.86625 0.13375 1 0 2666.66666666667 1 5 2.01178289320602 5 1000 9614 5
"4507" "X" 0.006 0 0.505 1 0 2666.66666666667 1 5 0.683196849706777 5 1000 7550 5
"4508" "X" 0.06 -0.20625 0.34 1 0.5 2666.66666666667 1 5 1.07880966137193 5 1000 10535 5
"4509" "X" 0.006 -0.165 0.9175 1 0.5 2666.66666666667 1 5 0.0861026990534116 5 1000 7991 5
"4510" "X" 0.06 -0.2475 0.54625 1 0.5 2666.66666666667 1 5 0.604678532572337 5 1000 10655 5
"4511" "X" 0.006 -0.12375 0.13375 0 1 2666.66666666667 1 5 2.01178289320602 5 1000 7813 5
"4512" "X" 0.006 -0.99 0.71125 1 0.5 2666.66666666667 1 5 0.340731293541596 5 1000 9971 5
"4513" "X" 0.06 -0.12375 0.4225 1 0 2666.66666666667 1 5 0.861565832184908 5 1000 10342 5
"4514" "X" 0.06 -0.5775 0.95875 0 1 2666.66666666667 1 5 0.042124926300671 5 1000 11493 5
"4515" "X" 0.006 -0.7425 0.505 0 1 2666.66666666667 1 5 0.683196849706777 5 1000 9349 5
"4516" "X" 0.006 -0.5775 0.54625 1 1 2666.66666666667 1 5 0.604678532572337 5 1000 8956 5
"4517" "X" 0.06 -0.33 0.4225 1 0 2666.66666666667 1 5 0.861565832184908 5 1000 10842 5
"4518" "X" 0.006 -0.53625 0.95875 1 1 2666.66666666667 1 5 0.042124926300671 5 1000 8896 5
"4519" "X" 0.006 -0.495 0.62875 0 1 2666.66666666667 1 5 0.464021557568188 5 1000 8761 5
"4520" "X" 0.06 -0.9075 0.62875 1 0 2666.66666666667 1 5 0.464021557568188 5 1000 12262 5
"4521" "X" 0.06 -0.9075 0.71125 1 0.5 2666.66666666667 1 5 0.340731293541596 5 1000 12271 5
"4522" "X" 0.006 -0.04125 0.7525 1 0 2666.66666666667 1 5 0.284354282359106 5 1000 7674 5
"4523" "X" 0.006 -0.7425 0.34 1 0.5 2666.66666666667 1 5 1.07880966137193 5 1000 9335 5
"4524" "X" 0.006 -0.9075 0.67 1 1 2666.66666666667 1 5 0.400477566597125 5 1000 9768 5
"4525" "X" 0.06 -0.12375 0.79375 1 0.5 2666.66666666667 1 5 0.230986728775236 5 1000 10379 5
"4526" "X" 0.06 -0.165 0.13375 1 0.5 2666.66666666667 1 5 2.01178289320602 5 1000 10415 5
"4527" "X" 0.006 -0.45375 0.79375 1 1 2666.66666666667 1 5 0.230986728775236 5 1000 8680 5
"4528" "X" 0.006 -0.7425 0.01 1 0.5 2666.66666666667 1 5 4.60517018598809 5 1000 9303 5
"4529" "X" 0.06 -0.99 0.05125 1 1 2666.66666666667 1 5 2.97103966096362 5 1000 12408 5
"4530" "X" 0.006 -0.9075 0.5875 0 1 2666.66666666667 1 5 0.531879032963823 5 1000 9757 5
"4531" "X" 0.006 -0.12375 0.5875 1 0 2666.66666666667 1 5 0.531879032963823 5 1000 7858 5
"4532" "X" 0.06 -0.12375 0.9175 1 1 2666.66666666667 1 5 0.0861026990534116 5 1000 10392 5
"4533" "X" 0.06 -0.37125 0.38125 1 1 2666.66666666667 1 5 0.964299951060516 5 1000 10940 5
"4534" "X" 0.06 -0.78375 0.71125 1 0.5 2666.66666666667 1 5 0.340731293541596 5 1000 11971 5
"4535" "X" 0.006 -0.66 0.13375 0 1 2666.66666666667 1 5 2.01178289320602 5 1000 9113 5
"4536" "X" 0.006 -0.99 0.5875 1 1 2666.66666666667 1 5 0.531879032963823 5 1000 9960 5
"4537" "X" 0.006 -0.99 0.5875 1 0.5 2666.66666666667 1 5 0.531879032963823 5 1000 9959 5
"4538" "X" 0.006 -0.4125 0.38125 1 1 2666.66666666667 1 5 0.964299951060516 5 1000 8540 5
"4539" "X" 0.006 -0.825 0.34 1 0 2666.66666666667 1 5 1.07880966137193 5 1000 9534 5
"4540" "X" 0.06 -0.7425 0.9175 1 1 2666.66666666667 1 5 0.0861026990534116 5 1000 11892 5
"4541" "X" 0.006 -0.37125 0.54625 0 1 2666.66666666667 1 5 0.604678532572337 5 1000 8453 5
"4542" "X" 0.06 0 0.62875 1 1 2666.66666666667 1 5 0.464021557568188 5 1000 10064 5
"4543" "X" 0.006 -0.5775 0.13375 0 1 2666.66666666667 1 5 2.01178289320602 5 1000 8913 5
"4544" "X" 0.006 -0.2475 0.175 1 1 2666.66666666667 1 5 1.74296930505862 5 1000 8120 5
"4545" "X" 0.006 -0.45375 0.54625 1 0 2666.66666666667 1 5 0.604678532572337 5 1000 8654 5
"4546" "X" 0.06 -0.70125 0.505 1 0.5 2666.66666666667 1 5 0.683196849706777 5 1000 11751 5
"4547" "X" 0.006 -0.9075 0.46375 1 0.5 2666.66666666667 1 5 0.768409665060492 5 1000 9747 5
"4548" "X" 0.006 -0.86625 0.95875 0 1 2666.66666666667 1 5 0.042124926300671 5 1000 9693 5
"4549" "X" 0.06 -0.61875 0.7525 1 1 2666.66666666667 1 5 0.284354282359106 5 1000 11576 5
"4550" "X" 0.006 -0.4125 0.95875 1 0 2666.66666666667 1 5 0.042124926300671 5 1000 8594 5
"4551" "X" 0.006 -0.20625 0.46375 1 0.5 2666.66666666667 1 5 0.768409665060492 5 1000 8047 5
"4552" "X" 0.06 -0.12375 0.835 1 1 2666.66666666667 1 5 0.180323554131281 5 1000 10384 5
"4553" "X" 0.006 -0.78375 0.13375 1 0 2666.66666666667 1 5 2.01178289320602 5 1000 9414 5
"4554" "X" 0.006 -0.04125 0.71125 1 0.5 2666.66666666667 1 5 0.340731293541596 5 1000 7671 5
"4555" "X" 0.06 -0.61875 0.0925 1 1 2666.66666666667 1 5 2.38054663446376 5 1000 11512 5
"4556" "X" 0.06 0 0.29875 1 0.5 2666.66666666667 1 5 1.20814817573642 5 1000 10031 5
"4557" "X" 0.006 -0.66 0.87625 0 1 2666.66666666667 1 5 0.132103840633337 5 1000 9185 5
"4558" "X" 0.006 -0.7425 0.175 1 0.5 2666.66666666667 1 5 1.74296930505862 5 1000 9319 5
"4559" "X" 0.06 -0.45375 1 0 1 2666.66666666667 1 5 0 5 1000 11197 5
"4560" "X" 0.06 -0.20625 0.67 1 1 2666.66666666667 1 5 0.400477566597125 5 1000 10568 5
"4561" "X" 0.06 -0.33 0.46375 1 0.5 2666.66666666667 1 5 0.768409665060492 5 1000 10847 5
"4562" "X" 0.06 -0.4125 0.2575 0 1 2666.66666666667 1 5 1.35673555887835 5 1000 11025 5
"4563" "X" 0.06 -0.12375 1 1 0 2666.66666666667 1 5 0 5 1000 10398 5
"4564" "X" 0.006 -0.45375 0.21625 0 1 2666.66666666667 1 5 1.53132013317015 5 1000 8621 5
"4565" "X" 0.06 -0.70125 0.13375 0 1 2666.66666666667 1 5 2.01178289320602 5 1000 11713 5
"4566" "X" 0.006 -0.33 0.505 0 1 2666.66666666667 1 5 0.683196849706777 5 1000 8349 5
"4567" "X" 0.06 -0.37125 0.175 0 1 2666.66666666667 1 5 1.74296930505862 5 1000 10917 5
"4568" "X" 0.06 0 0.67 1 0 2666.66666666667 1 5 0.400477566597125 5 1000 10066 5
"4569" "X" 0.006 -0.45375 0.95875 1 1 2666.66666666667 1 5 0.042124926300671 5 1000 8696 5
"4570" "X" 0.006 -0.825 0.835 0 1 2666.66666666667 1 5 0.180323554131281 5 1000 9581 5
"4571" "X" 0.06 -0.86625 0.34 0 1 2666.66666666667 1 5 1.07880966137193 5 1000 12133 5
"4572" "X" 0.006 -0.0825 0.38125 0 1 2666.66666666667 1 5 0.964299951060516 5 1000 7737 5
"4573" "X" 0.006 -0.78375 0.835 0 1 2666.66666666667 1 5 0.180323554131281 5 1000 9481 5
"4574" "X" 0.06 -0.20625 0.38125 1 1 2666.66666666667 1 5 0.964299951060516 5 1000 10540 5
"4575" "X" 0.006 -0.86625 0.71125 1 0.5 2666.66666666667 1 5 0.340731293541596 5 1000 9671 5
"4576" "X" 0.006 -0.86625 0.2575 1 0 2666.66666666667 1 5 1.35673555887835 5 1000 9626 5
"4577" "X" 0.006 -0.33 0.2575 0 1 2666.66666666667 1 5 1.35673555887835 5 1000 8325 5
"4578" "X" 0.06 -0.165 0.7525 1 0 2666.66666666667 1 5 0.284354282359106 5 1000 10474 5
"4579" "X" 0.06 -0.12375 0.79375 1 0 2666.66666666667 1 5 0.230986728775236 5 1000 10378 5
"4580" "X" 0.006 -0.04125 0.34 1 1 2666.66666666667 1 5 1.07880966137193 5 1000 7636 5
"4581" "X" 0.006 -0.04125 0.67 1 1 2666.66666666667 1 5 0.400477566597125 5 1000 7668 5
"4582" "X" 0.006 -0.20625 0.95875 0 1 2666.66666666667 1 5 0.042124926300671 5 1000 8093 5
"4583" "X" 0.006 -0.61875 0.835 1 1 2666.66666666667 1 5 0.180323554131281 5 1000 9084 5
"4584" "X" 0.006 -0.37125 0.46375 0 1 2666.66666666667 1 5 0.768409665060492 5 1000 8445 5
"4585" "X" 0.006 -0.53625 0.29875 0 1 2666.66666666667 1 5 1.20814817573642 5 1000 8829 5
"4586" "X" 0.06 -0.61875 0.175 1 0 2666.66666666667 1 5 1.74296930505862 5 1000 11518 5
"4587" "X" 0.006 -0.495 0.5875 1 0.5 2666.66666666667 1 5 0.531879032963823 5 1000 8759 5
"4588" "X" 0.006 -0.86625 0.05125 1 1 2666.66666666667 1 5 2.97103966096362 5 1000 9608 5
"4589" "X" 0.006 -0.4125 0.29875 1 0 2666.66666666667 1 5 1.20814817573642 5 1000 8530 5
"4590" "X" 0.006 -0.99 0.13375 1 0 2666.66666666667 1 5 2.01178289320602 5 1000 9914 5
"4591" "X" 0.006 -0.825 0.0925 0 1 2666.66666666667 1 5 2.38054663446376 5 1000 9509 5
"4592" "X" 0.006 -0.4125 0.505 1 0.5 2666.66666666667 1 5 0.683196849706777 5 1000 8551 5
"4593" "X" 0.06 -0.86625 0.4225 1 0.5 2666.66666666667 1 5 0.861565832184908 5 1000 12143 5
"4594" "X" 0.06 -0.70125 0.175 1 1 2666.66666666667 1 5 1.74296930505862 5 1000 11720 5
"4595" "X" 0.006 -0.99 0.46375 1 0 2666.66666666667 1 5 0.768409665060492 5 1000 9946 5
"4596" "X" 0.06 -0.78375 0.7525 1 1 2666.66666666667 1 5 0.284354282359106 5 1000 11976 5
"4597" "X" 0.06 -0.5775 0.175 1 0.5 2666.66666666667 1 5 1.74296930505862 5 1000 11419 5
"4598" "X" 0.06 -0.45375 0.5875 0 1 2666.66666666667 1 5 0.531879032963823 5 1000 11157 5
"4599" "X" 0.006 -0.20625 0.95875 1 0 2666.66666666667 1 5 0.042124926300671 5 1000 8094 5
"4600" "X" 0.06 -0.53625 0.13375 0 1 2666.66666666667 1 5 2.01178289320602 5 1000 11313 5
"4601" "X" 0.06 -0.495 0.95875 1 0.5 2666.66666666667 1 5 0.042124926300671 5 1000 11295 5
"4602" "X" 0.06 -0.33 0.835 1 0 2666.66666666667 1 5 0.180323554131281 5 1000 10882 5
"4603" "X" 0.06 -0.12375 0.34 1 0 2666.66666666667 1 5 1.07880966137193 5 1000 10334 5
"4604" "X" 0.006 -0.04125 0.4225 1 1 2666.66666666667 1 5 0.861565832184908 5 1000 7644 5
"4605" "X" 0.06 -0.825 0.29875 1 0.5 2666.66666666667 1 5 1.20814817573642 5 1000 12031 5
"4606" "X" 0.006 -0.0825 0.87625 0 1 2666.66666666667 1 5 0.132103840633337 5 1000 7785 5
"4607" "X" 0.006 -0.28875 0.21625 1 0 2666.66666666667 1 5 1.53132013317015 5 1000 8222 5
"4608" "X" 0.06 -0.70125 0.62875 1 1 2666.66666666667 1 5 0.464021557568188 5 1000 11764 5
"4609" "X" 0.06 -0.04125 0.67 1 1 2666.66666666667 1 5 0.400477566597125 5 1000 10168 5
"4610" "X" 0.006 -0.12375 0.87625 1 0.5 2666.66666666667 1 5 0.132103840633337 5 1000 7887 5
"4611" "X" 0.06 -0.04125 0.54625 1 0 2666.66666666667 1 5 0.604678532572337 5 1000 10154 5
"4612" "X" 0.06 -0.0825 0.05125 0 1 2666.66666666667 1 5 2.97103966096362 5 1000 10205 5
"4613" "X" 0.006 -0.28875 0.95875 1 0.5 2666.66666666667 1 5 0.042124926300671 5 1000 8295 5
"4614" "X" 0.06 -0.66 0.21625 1 0.5 2666.66666666667 1 5 1.53132013317015 5 1000 11623 5
"4615" "X" 0.006 -0.165 0.2575 1 1 2666.66666666667 1 5 1.35673555887835 5 1000 7928 5
"4616" "X" 0.006 -0.825 0.71125 1 1 2666.66666666667 1 5 0.340731293541596 5 1000 9572 5
"4617" "X" 0.006 -0.04125 0.87625 1 0 2666.66666666667 1 5 0.132103840633337 5 1000 7686 5
"4618" "X" 0.06 -0.4125 0.4225 1 0.5 2666.66666666667 1 5 0.861565832184908 5 1000 11043 5
"4619" "X" 0.006 -0.5775 0.62875 0 1 2666.66666666667 1 5 0.464021557568188 5 1000 8961 5
"4620" "X" 0.006 -0.165 0.13375 1 0.5 2666.66666666667 1 5 2.01178289320602 5 1000 7915 5
"4621" "X" 0.06 -0.12375 0.62875 1 0 2666.66666666667 1 5 0.464021557568188 5 1000 10362 5
"4622" "X" 0.006 -0.7425 0.13375 1 0 2666.66666666667 1 5 2.01178289320602 5 1000 9314 5
"4623" "X" 0.06 -0.53625 0.46375 0 1 2666.66666666667 1 5 0.768409665060492 5 1000 11345 5
"4624" "X" 0.06 -0.78375 0.9175 1 0.5 2666.66666666667 1 5 0.0861026990534116 5 1000 11991 5
"4625" "X" 0.06 -0.165 0.01 1 1 2666.66666666667 1 5 4.60517018598809 5 1000 10404 5
"4626" "X" 0.006 -0.33 0.54625 1 0 2666.66666666667 1 5 0.604678532572337 5 1000 8354 5
"4627" "X" 0.06 -0.495 0.95875 0 1 2666.66666666667 1 5 0.042124926300671 5 1000 11293 5
"4628" "X" 0.006 -0.53625 1 0 1 2666.66666666667 1 5 0 5 1000 8897 5
"4629" "X" 0.006 -0.61875 0.38125 1 0.5 2666.66666666667 1 5 0.964299951060516 5 1000 9039 5
"4630" "X" 0.06 -0.66 0.9175 1 0 2666.66666666667 1 5 0.0861026990534116 5 1000 11690 5
"4631" "X" 0.06 -0.165 0.0925 0 1 2666.66666666667 1 5 2.38054663446376 5 1000 10409 5
"4632" "X" 0.06 -0.28875 0.29875 1 0 2666.66666666667 1 5 1.20814817573642 5 1000 10730 5
"4633" "X" 0.06 -0.33 0.2575 1 1 2666.66666666667 1 5 1.35673555887835 5 1000 10828 5
"4634" "X" 0.06 -0.66 0.95875 1 0 2666.66666666667 1 5 0.042124926300671 5 1000 11694 5
"4635" "X" 0.06 -0.495 0.05125 1 0 2666.66666666667 1 5 2.97103966096362 5 1000 11206 5
"4636" "X" 0.006 -0.4125 1 1 1 2666.66666666667 1 5 0 5 1000 8600 5
"4637" "X" 0.006 -0.20625 0.87625 1 0.5 2666.66666666667 1 5 0.132103840633337 5 1000 8087 5
"4638" "X" 0.06 -0.86625 0.2575 0 1 2666.66666666667 1 5 1.35673555887835 5 1000 12125 5
"4639" "X" 0.006 -0.70125 0.4225 1 0.5 2666.66666666667 1 5 0.861565832184908 5 1000 9243 5
"4640" "X" 0.006 -0.45375 0.46375 1 0 2666.66666666667 1 5 0.768409665060492 5 1000 8646 5
"4641" "X" 0.006 -0.78375 0.29875 1 0.5 2666.66666666667 1 5 1.20814817573642 5 1000 9431 5
"4642" "X" 0.06 -0.61875 0.9175 1 0 2666.66666666667 1 5 0.0861026990534116 5 1000 11590 5
"4643" "X" 0.006 -0.165 0.67 1 0 2666.66666666667 1 5 0.400477566597125 5 1000 7966 5
"4644" "X" 0.006 -0.33 0.5875 0 1 2666.66666666667 1 5 0.531879032963823 5 1000 8357 5
"4645" "X" 0.006 -0.12375 0.54625 1 0 2666.66666666667 1 5 0.604678532572337 5 1000 7854 5
"4646" "X" 0.006 -0.495 0.21625 1 0.5 2666.66666666667 1 5 1.53132013317015 5 1000 8723 5
"4647" "X" 0.006 -0.94875 0.13375 1 0 2666.66666666667 1 5 2.01178289320602 5 1000 9814 5
"4648" "X" 0.06 -0.28875 0.21625 1 0 2666.66666666667 1 5 1.53132013317015 5 1000 10722 5
"4649" "X" 0.006 -0.2475 0.38125 0 1 2666.66666666667 1 5 0.964299951060516 5 1000 8137 5
"4650" "X" 0.006 -0.0825 0.13375 0 1 2666.66666666667 1 5 2.01178289320602 5 1000 7713 5
"4651" "X" 0.006 -0.53625 1 1 0 2666.66666666667 1 5 0 5 1000 8898 5
"4652" "X" 0.006 -0.825 0.9175 0 1 2666.66666666667 1 5 0.0861026990534116 5 1000 9589 5
"4653" "X" 0.006 -0.165 0.21625 1 0.5 2666.66666666667 1 5 1.53132013317015 5 1000 7923 5
"4654" "X" 0.006 -0.2475 0.505 1 1 2666.66666666667 1 5 0.683196849706777 5 1000 8152 5
"4655" "X" 0.06 -0.825 1 1 0 2666.66666666667 1 5 0 5 1000 12098 5
"4656" "X" 0.006 -0.78375 0.5875 1 1 2666.66666666667 1 5 0.531879032963823 5 1000 9460 5
"4657" "X" 0.006 -0.28875 0.0925 1 0 2666.66666666667 1 5 2.38054663446376 5 1000 8210 5
"4658" "X" 0.06 -0.7425 0.71125 1 0 2666.66666666667 1 5 0.340731293541596 5 1000 11870 5
"4659" "X" 0.06 -0.33 0.9175 1 0 2666.66666666667 1 5 0.0861026990534116 5 1000 10890 5
"4660" "X" 0.06 -0.04125 0.05125 1 0 2666.66666666667 1 5 2.97103966096362 5 1000 10106 5
"4661" "X" 0.006 -0.04125 0.2575 1 0.5 2666.66666666667 1 5 1.35673555887835 5 1000 7627 5
"4662" "X" 0.006 -0.9075 0.62875 1 0.5 2666.66666666667 1 5 0.464021557568188 5 1000 9763 5
"4663" "X" 0.06 -0.20625 0.21625 1 0 2666.66666666667 1 5 1.53132013317015 5 1000 10522 5
"4664" "X" 0.06 -0.94875 0.5875 1 0 2666.66666666667 1 5 0.531879032963823 5 1000 12358 5
"4665" "X" 0.06 -0.0825 0.34 0 1 2666.66666666667 1 5 1.07880966137193 5 1000 10233 5
"4666" "X" 0.06 -0.165 0.7525 1 0.5 2666.66666666667 1 5 0.284354282359106 5 1000 10475 5
"4667" "X" 0.06 -0.86625 0.71125 0 1 2666.66666666667 1 5 0.340731293541596 5 1000 12169 5
"4668" "X" 0.006 -0.66 1 1 0.5 2666.66666666667 1 5 0 5 1000 9199 5
"4669" "X" 0.006 -0.94875 0.79375 1 0 2666.66666666667 1 5 0.230986728775236 5 1000 9878 5
"4670" "X" 0.06 -0.61875 0.175 0 1 2666.66666666667 1 5 1.74296930505862 5 1000 11517 5
"4671" "X" 0.06 0 0.13375 0 1 2666.66666666667 1 5 2.01178289320602 5 1000 10013 5
"4672" "X" 0.006 -0.7425 0.21625 0 1 2666.66666666667 1 5 1.53132013317015 5 1000 9321 5
"4673" "X" 0.006 -0.7425 0.79375 1 1 2666.66666666667 1 5 0.230986728775236 5 1000 9380 5
"4674" "X" 0.006 -0.20625 0.4225 1 0.5 2666.66666666667 1 5 0.861565832184908 5 1000 8043 5
"4675" "X" 0.06 -0.5775 0.21625 0 1 2666.66666666667 1 5 1.53132013317015 5 1000 11421 5
"4676" "X" 0.006 -0.37125 0.46375 1 1 2666.66666666667 1 5 0.768409665060492 5 1000 8448 5
"4677" "X" 0.06 -0.4125 0.835 0 1 2666.66666666667 1 5 0.180323554131281 5 1000 11081 5
"4678" "X" 0.006 -0.70125 0.175 1 0.5 2666.66666666667 1 5 1.74296930505862 5 1000 9219 5
"4679" "X" 0.06 -0.78375 0.2575 1 0 2666.66666666667 1 5 1.35673555887835 5 1000 11926 5
"4680" "X" 0.006 -0.45375 0.54625 1 0.5 2666.66666666667 1 5 0.604678532572337 5 1000 8655 5
"4681" "X" 0.06 -0.66 0.54625 1 1 2666.66666666667 1 5 0.604678532572337 5 1000 11656 5
"4682" "X" 0.006 -0.37125 0.9175 1 1 2666.66666666667 1 5 0.0861026990534116 5 1000 8492 5
"4683" "X" 0.06 -0.86625 0.05125 1 0.5 2666.66666666667 1 5 2.97103966096362 5 1000 12107 5
"4684" "X" 0.06 -0.0825 0.05125 1 0.5 2666.66666666667 1 5 2.97103966096362 5 1000 10207 5
"4685" "X" 0.006 -0.61875 0.0925 0 1 2666.66666666667 1 5 2.38054663446376 5 1000 9009 5
"4686" "X" 0.06 -0.70125 0.71125 1 1 2666.66666666667 1 5 0.340731293541596 5 1000 11772 5
"4687" "X" 0.006 -0.165 0.71125 1 0.5 2666.66666666667 1 5 0.340731293541596 5 1000 7971 5
"4688" "X" 0.06 -0.53625 0.79375 1 0.5 2666.66666666667 1 5 0.230986728775236 5 1000 11379 5
"4689" "X" 0.06 -0.99 0.175 1 0 2666.66666666667 1 5 1.74296930505862 5 1000 12418 5
"4690" "X" 0.06 -0.94875 1 1 0 2666.66666666667 1 5 0 5 1000 12398 5
"4691" "X" 0.006 -0.99 0.175 1 0 2666.66666666667 1 5 1.74296930505862 5 1000 9918 5
"4692" "X" 0.006 -0.66 0.79375 0 1 2666.66666666667 1 5 0.230986728775236 5 1000 9177 5
"4693" "X" 0.006 -0.04125 0.29875 1 0 2666.66666666667 1 5 1.20814817573642 5 1000 7630 5
"4694" "X" 0.06 -0.66 0.95875 0 1 2666.66666666667 1 5 0.042124926300671 5 1000 11693 5
"4695" "X" 0.06 0 0.175 1 0 2666.66666666667 1 5 1.74296930505862 5 1000 10018 5
"4696" "X" 0.006 -0.37125 0.71125 1 1 2666.66666666667 1 5 0.340731293541596 5 1000 8472 5
"4697" "X" 0.006 -0.99 0.67 1 1 2666.66666666667 1 5 0.400477566597125 5 1000 9968 5
"4698" "X" 0.006 -0.825 0.21625 1 0.5 2666.66666666667 1 5 1.53132013317015 5 1000 9523 5
"4699" "X" 0.006 -0.99 0.2575 1 1 2666.66666666667 1 5 1.35673555887835 5 1000 9928 5
"4700" "X" 0.006 -0.86625 0.0925 1 0.5 2666.66666666667 1 5 2.38054663446376 5 1000 9611 5
"4701" "X" 0.006 -0.94875 0.175 0 1 2666.66666666667 1 5 1.74296930505862 5 1000 9817 5
"4702" "X" 0.006 -0.0825 0.4225 1 0.5 2666.66666666667 1 5 0.861565832184908 5 1000 7743 5
"4703" "X" 0.006 -0.4125 0.5875 1 0 2666.66666666667 1 5 0.531879032963823 5 1000 8558 5
"4704" "X" 0.06 -0.37125 0.54625 1 0 2666.66666666667 1 5 0.604678532572337 5 1000 10954 5
"4705" "X" 0.006 -0.495 0.54625 1 0 2666.66666666667 1 5 0.604678532572337 5 1000 8754 5
"4706" "X" 0.06 -0.61875 0.95875 1 0 2666.66666666667 1 5 0.042124926300671 5 1000 11594 5
"4707" "X" 0.006 -0.33 0.87625 1 0.5 2666.66666666667 1 5 0.132103840633337 5 1000 8387 5
"4708" "X" 0.006 -0.61875 0.505 1 1 2666.66666666667 1 5 0.683196849706777 5 1000 9052 5
"4709" "X" 0.06 -0.495 0.01 0 1 2666.66666666667 1 5 4.60517018598809 5 1000 11201 5
"4710" "X" 0.006 -0.61875 0.34 1 0 2666.66666666667 1 5 1.07880966137193 5 1000 9034 5
"4711" "X" 0.06 -0.66 0.175 1 0.5 2666.66666666667 1 5 1.74296930505862 5 1000 11619 5
"4712" "X" 0.06 -0.66 0.13375 0 1 2666.66666666667 1 5 2.01178289320602 5 1000 11613 5
"4713" "X" 0.006 -0.61875 0.05125 1 1 2666.66666666667 1 5 2.97103966096362 5 1000 9008 5
"4714" "X" 0.006 -0.45375 0.21625 1 1 2666.66666666667 1 5 1.53132013317015 5 1000 8624 5
"4715" "X" 0.006 -0.28875 0.7525 1 0 2666.66666666667 1 5 0.284354282359106 5 1000 8274 5
"4716" "X" 0.06 -0.45375 0.7525 1 1 2666.66666666667 1 5 0.284354282359106 5 1000 11176 5
"4717" "X" 0.06 -0.66 0.4225 1 0 2666.66666666667 1 5 0.861565832184908 5 1000 11642 5
"4718" "X" 0.06 -0.86625 0.95875 0 1 2666.66666666667 1 5 0.042124926300671 5 1000 12193 5
"4719" "X" 0.06 -0.33 0.67 0 1 2666.66666666667 1 5 0.400477566597125 5 1000 10865 5
"4720" "X" 0.006 -0.37125 0.95875 0 1 2666.66666666667 1 5 0.042124926300671 5 1000 8493 5
"4721" "X" 0.06 -0.86625 0.2575 1 1 2666.66666666667 1 5 1.35673555887835 5 1000 12128 5
"4722" "X" 0.006 -0.165 0.79375 1 0 2666.66666666667 1 5 0.230986728775236 5 1000 7978 5
"4723" "X" 0.06 -0.20625 0.71125 1 0 2666.66666666667 1 5 0.340731293541596 5 1000 10570 5
"4724" "X" 0.06 -0.4125 0.175 1 0.5 2666.66666666667 1 5 1.74296930505862 5 1000 11019 5
"4725" "X" 0.06 -0.4125 0.835 1 1 2666.66666666667 1 5 0.180323554131281 5 1000 11084 5
"4726" "X" 0.006 -0.0825 0.38125 1 0.5 2666.66666666667 1 5 0.964299951060516 5 1000 7739 5
"4727" "X" 0.006 -0.78375 0.5875 0 1 2666.66666666667 1 5 0.531879032963823 5 1000 9457 5
"4728" "X" 0.06 -0.495 0.835 1 0.5 2666.66666666667 1 5 0.180323554131281 5 1000 11283 5
"4729" "X" 0.06 -0.04125 0.2575 1 0 2666.66666666667 1 5 1.35673555887835 5 1000 10126 5
"4730" "X" 0.06 -0.99 0.4225 1 0.5 2666.66666666667 1 5 0.861565832184908 5 1000 12443 5
"4731" "X" 0.006 -0.5775 0.34 1 0 2666.66666666667 1 5 1.07880966137193 5 1000 8934 5
"4732" "X" 0.06 -0.0825 0.34 1 0 2666.66666666667 1 5 1.07880966137193 5 1000 10234 5
"4733" "X" 0.06 -0.99 0.01 1 0.5 2666.66666666667 1 5 4.60517018598809 5 1000 12403 5
"4734" "X" 0.06 -0.0825 0.4225 1 1 2666.66666666667 1 5 0.861565832184908 5 1000 10244 5
"4735" "X" 0.006 -0.0825 0.46375 1 1 2666.66666666667 1 5 0.768409665060492 5 1000 7748 5
"4736" "X" 0.06 -0.04125 0.505 0 1 2666.66666666667 1 5 0.683196849706777 5 1000 10149 5
"4737" "X" 0.06 -0.7425 0.87625 1 0.5 2666.66666666667 1 5 0.132103840633337 5 1000 11887 5
"4738" "X" 0.006 0 0.62875 1 0 2666.66666666667 1 5 0.464021557568188 5 1000 7562 5
"4739" "X" 0.006 -0.61875 0.79375 1 0 2666.66666666667 1 5 0.230986728775236 5 1000 9078 5
"4740" "X" 0.06 -0.12375 0.71125 1 0.5 2666.66666666667 1 5 0.340731293541596 5 1000 10371 5
"4741" "X" 0.06 -0.86625 0.71125 1 0.5 2666.66666666667 1 5 0.340731293541596 5 1000 12171 5
"4742" "X" 0.006 -0.45375 0.46375 1 0.5 2666.66666666667 1 5 0.768409665060492 5 1000 8647 5
"4743" "X" 0.006 -0.37125 0.505 1 0.5 2666.66666666667 1 5 0.683196849706777 5 1000 8451 5
"4744" "X" 0.06 -0.9075 0.7525 1 0 2666.66666666667 1 5 0.284354282359106 5 1000 12274 5
"4745" "X" 0.006 -0.94875 0.79375 0 1 2666.66666666667 1 5 0.230986728775236 5 1000 9877 5
"4746" "X" 0.06 -0.4125 0.01 1 0.5 2666.66666666667 1 5 4.60517018598809 5 1000 11003 5
"4747" "X" 0.006 -0.66 0.13375 1 1 2666.66666666667 1 5 2.01178289320602 5 1000 9116 5
"4748" "X" 0.06 -0.495 0.95875 1 1 2666.66666666667 1 5 0.042124926300671 5 1000 11296 5
"4749" "X" 0.06 -0.0825 0.0925 1 1 2666.66666666667 1 5 2.38054663446376 5 1000 10212 5
"4750" "X" 0.006 -0.70125 0.62875 1 0.5 2666.66666666667 1 5 0.464021557568188 5 1000 9263 5
"4751" "X" 0.06 -0.2475 0.29875 1 0 2666.66666666667 1 5 1.20814817573642 5 1000 10630 5
"4752" "X" 0.06 -0.28875 0.01 0 1 2666.66666666667 1 5 4.60517018598809 5 1000 10701 5
"4753" "X" 0.006 -0.5775 0.5875 1 0.5 2666.66666666667 1 5 0.531879032963823 5 1000 8959 5
"4754" "X" 0.006 -0.70125 0.29875 1 0 2666.66666666667 1 5 1.20814817573642 5 1000 9230 5
"4755" "X" 0.006 -0.20625 0.38125 0 1 2666.66666666667 1 5 0.964299951060516 5 1000 8037 5
"4756" "X" 0.006 -0.37125 0.13375 0 1 2666.66666666667 1 5 2.01178289320602 5 1000 8413 5
"4757" "X" 0.006 -0.825 0.38125 1 0 2666.66666666667 1 5 0.964299951060516 5 1000 9538 5
"4758" "X" 0.006 -0.12375 0.29875 1 0.5 2666.66666666667 1 5 1.20814817573642 5 1000 7831 5
"4759" "X" 0.06 -0.78375 0.4225 1 0 2666.66666666667 1 5 0.861565832184908 5 1000 11942 5
"4760" "X" 0.006 -0.825 0.34 1 0.5 2666.66666666667 1 5 1.07880966137193 5 1000 9535 5
"4761" "X" 0.06 -0.78375 0.62875 1 1 2666.66666666667 1 5 0.464021557568188 5 1000 11964 5
"4762" "X" 0.06 -0.5775 0.7525 1 0.5 2666.66666666667 1 5 0.284354282359106 5 1000 11475 5
"4763" "X" 0.06 -0.33 0.175 1 1 2666.66666666667 1 5 1.74296930505862 5 1000 10820 5
"4764" "X" 0.06 -0.53625 0.5875 1 0 2666.66666666667 1 5 0.531879032963823 5 1000 11358 5
"4765" "X" 0.06 -0.61875 0.71125 1 0.5 2666.66666666667 1 5 0.340731293541596 5 1000 11571 5
"4766" "X" 0.06 -0.94875 0.46375 1 0 2666.66666666667 1 5 0.768409665060492 5 1000 12346 5
"4767" "X" 0.06 -0.37125 0.5875 1 0.5 2666.66666666667 1 5 0.531879032963823 5 1000 10959 5
"4768" "X" 0.006 -0.4125 0.505 0 1 2666.66666666667 1 5 0.683196849706777 5 1000 8549 5
"4769" "X" 0.06 -0.495 0.21625 1 1 2666.66666666667 1 5 1.53132013317015 5 1000 11224 5
"4770" "X" 0.06 -0.28875 0.67 1 0.5 2666.66666666667 1 5 0.400477566597125 5 1000 10767 5
"4771" "X" 0.006 -0.28875 0.67 1 0 2666.66666666667 1 5 0.400477566597125 5 1000 8266 5
"4772" "X" 0.06 -0.45375 0.71125 0 1 2666.66666666667 1 5 0.340731293541596 5 1000 11169 5
"4773" "X" 0.06 -0.45375 0.46375 1 0 2666.66666666667 1 5 0.768409665060492 5 1000 11146 5
"4774" "X" 0.06 -0.5775 0.71125 1 1 2666.66666666667 1 5 0.340731293541596 5 1000 11472 5
"4775" "X" 0.006 -0.86625 0.175 0 1 2666.66666666667 1 5 1.74296930505862 5 1000 9617 5
"4776" "X" 0.06 -0.04125 0.87625 1 0.5 2666.66666666667 1 5 0.132103840633337 5 1000 10187 5
"4777" "X" 0.006 -0.99 0.71125 1 1 2666.66666666667 1 5 0.340731293541596 5 1000 9972 5
"4778" "X" 0.006 -0.53625 0.38125 1 0 2666.66666666667 1 5 0.964299951060516 5 1000 8838 5
"4779" "X" 0.006 -0.2475 0.0925 1 0.5 2666.66666666667 1 5 2.38054663446376 5 1000 8111 5
"4780" "X" 0.006 -0.12375 0.21625 1 0 2666.66666666667 1 5 1.53132013317015 5 1000 7822 5
"4781" "X" 0.006 -0.7425 0.62875 1 0.5 2666.66666666667 1 5 0.464021557568188 5 1000 9363 5
"4782" "X" 0.006 -0.04125 0.01 0 1 2666.66666666667 1 5 4.60517018598809 5 1000 7601 5
"4783" "X" 0.006 -0.33 0.87625 1 0 2666.66666666667 1 5 0.132103840633337 5 1000 8386 5
"4784" "X" 0.006 -0.61875 1 0 1 2666.66666666667 1 5 0 5 1000 9097 5
"4785" "X" 0.06 -0.4125 0.46375 1 0.5 2666.66666666667 1 5 0.768409665060492 5 1000 11047 5
"4786" "X" 0.006 -0.28875 0.21625 0 1 2666.66666666667 1 5 1.53132013317015 5 1000 8221 5
"4787" "X" 0.06 -0.94875 0.46375 1 0.5 2666.66666666667 1 5 0.768409665060492 5 1000 12347 5
"4788" "X" 0.06 -0.70125 0.62875 1 0.5 2666.66666666667 1 5 0.464021557568188 5 1000 11763 5
"4789" "X" 0.006 -0.94875 0.67 1 0.5 2666.66666666667 1 5 0.400477566597125 5 1000 9867 5
"4790" "X" 0.006 -0.78375 0.29875 1 1 2666.66666666667 1 5 1.20814817573642 5 1000 9432 5
"4791" "X" 0.06 -0.78375 0.38125 1 1 2666.66666666667 1 5 0.964299951060516 5 1000 11940 5
"4792" "X" 0.06 -0.99 1 1 0.5 2666.66666666667 1 5 0 5 1000 12499 5
"4793" "X" 0.006 -0.4125 0.79375 0 1 2666.66666666667 1 5 0.230986728775236 5 1000 8577 5
"4794" "X" 0.006 -0.0825 0.21625 1 0 2666.66666666667 1 5 1.53132013317015 5 1000 7722 5
"4795" "X" 0.06 -0.61875 0.01 1 1 2666.66666666667 1 5 4.60517018598809 5 1000 11504 5
"4796" "X" 0.06 -0.70125 0.0925 1 0 2666.66666666667 1 5 2.38054663446376 5 1000 11710 5
"4797" "X" 0.006 -0.94875 0.7525 1 1 2666.66666666667 1 5 0.284354282359106 5 1000 9876 5
"4798" "X" 0.06 -0.7425 0.835 1 0.5 2666.66666666667 1 5 0.180323554131281 5 1000 11883 5
"4799" "X" 0.06 -0.495 0.54625 1 0.5 2666.66666666667 1 5 0.604678532572337 5 1000 11255 5
"4800" "X" 0.06 -0.9075 0.13375 1 0.5 2666.66666666667 1 5 2.01178289320602 5 1000 12215 5
"4801" "X" 0.06 -0.33 0.71125 1 0 2666.66666666667 1 5 0.340731293541596 5 1000 10870 5
"4802" "X" 0.006 -0.61875 1 1 0.5 2666.66666666667 1 5 0 5 1000 9099 5
"4803" "X" 0.06 -0.33 0.7525 1 1 2666.66666666667 1 5 0.284354282359106 5 1000 10876 5
"4804" "X" 0.06 -0.99 1 1 1 2666.66666666667 1 5 0 5 1000 12500 5
"4805" "X" 0.06 -0.94875 1 1 0.5 2666.66666666667 1 5 0 5 1000 12399 5
"4806" "X" 0.06 -0.70125 0.21625 1 0 2666.66666666667 1 5 1.53132013317015 5 1000 11722 5
"4807" "X" 0.006 -0.78375 0.175 1 1 2666.66666666667 1 5 1.74296930505862 5 1000 9420 5
"4808" "X" 0.06 -0.37125 0.01 1 0 2666.66666666667 1 5 4.60517018598809 5 1000 10902 5
"4809" "X" 0.006 -0.2475 0.62875 0 1 2666.66666666667 1 5 0.464021557568188 5 1000 8161 5
"4810" "X" 0.06 -0.4125 0.87625 1 0.5 2666.66666666667 1 5 0.132103840633337 5 1000 11087 5
"4811" "X" 0.06 -0.165 0.2575 0 1 2666.66666666667 1 5 1.35673555887835 5 1000 10425 5
"4812" "X" 0.06 -0.165 0.62875 1 0 2666.66666666667 1 5 0.464021557568188 5 1000 10462 5
"4813" "X" 0.06 -0.45375 0.38125 1 1 2666.66666666667 1 5 0.964299951060516 5 1000 11140 5
"4814" "X" 0.06 -0.9075 0.21625 0 1 2666.66666666667 1 5 1.53132013317015 5 1000 12221 5
"4815" "X" 0.006 -0.70125 0.34 1 0.5 2666.66666666667 1 5 1.07880966137193 5 1000 9235 5
"4816" "X" 0.006 -0.20625 0.01 1 0.5 2666.66666666667 1 5 4.60517018598809 5 1000 8003 5
"4817" "X" 0.06 -0.04125 0.95875 0 1 2666.66666666667 1 5 0.042124926300671 5 1000 10193 5
"4818" "X" 0.06 -0.86625 0.71125 1 0 2666.66666666667 1 5 0.340731293541596 5 1000 12170 5
"4819" "X" 0.006 -0.78375 0.01 0 1 2666.66666666667 1 5 4.60517018598809 5 1000 9401 5
"4820" "X" 0.06 -0.99 0.29875 0 1 2666.66666666667 1 5 1.20814817573642 5 1000 12429 5
"4821" "X" 0.006 -0.94875 0.95875 1 0 2666.66666666667 1 5 0.042124926300671 5 1000 9894 5
"4822" "X" 0.06 -0.12375 0.46375 1 0 2666.66666666667 1 5 0.768409665060492 5 1000 10346 5
"4823" "X" 0.006 -0.78375 0.87625 0 1 2666.66666666667 1 5 0.132103840633337 5 1000 9485 5
"4824" "X" 0.006 -0.825 0.505 1 0.5 2666.66666666667 1 5 0.683196849706777 5 1000 9551 5
"4825" "X" 0.006 -0.7425 0.46375 1 0.5 2666.66666666667 1 5 0.768409665060492 5 1000 9347 5
"4826" "X" 0.06 -0.86625 0.54625 1 1 2666.66666666667 1 5 0.604678532572337 5 1000 12156 5
"4827" "X" 0.006 -0.45375 0.46375 0 1 2666.66666666667 1 5 0.768409665060492 5 1000 8645 5
"4828" "X" 0.006 -0.2475 0.175 0 1 2666.66666666667 1 5 1.74296930505862 5 1000 8117 5
"4829" "X" 0.006 -0.33 0.67 1 0.5 2666.66666666667 1 5 0.400477566597125 5 1000 8367 5
"4830" "X" 0.006 -0.2475 0.29875 1 0 2666.66666666667 1 5 1.20814817573642 5 1000 8130 5
"4831" "X" 0.006 -0.825 0.05125 1 0.5 2666.66666666667 1 5 2.97103966096362 5 1000 9507 5
"4832" "X" 0.006 -0.12375 0.01 1 0 2666.66666666667 1 5 4.60517018598809 5 1000 7802 5
"4833" "X" 0.06 -0.9075 0.05125 1 0 2666.66666666667 1 5 2.97103966096362 5 1000 12206 5
"4834" "X" 0.06 -0.165 0.505 1 1 2666.66666666667 1 5 0.683196849706777 5 1000 10452 5
"4835" "X" 0.006 -0.7425 0.79375 1 0 2666.66666666667 1 5 0.230986728775236 5 1000 9378 5
"4836" "X" 0.006 -0.33 0.95875 1 1 2666.66666666667 1 5 0.042124926300671 5 1000 8396 5
"4837" "X" 0.006 -0.99 0.54625 1 0 2666.66666666667 1 5 0.604678532572337 5 1000 9954 5
"4838" "X" 0.06 -0.53625 0.29875 1 1 2666.66666666667 1 5 1.20814817573642 5 1000 11332 5
"4839" "X" 0.006 -0.66 0.21625 1 0 2666.66666666667 1 5 1.53132013317015 5 1000 9122 5
"4840" "X" 0.006 -0.45375 0.7525 1 0.5 2666.66666666667 1 5 0.284354282359106 5 1000 8675 5
"4841" "X" 0.06 -0.37125 0.62875 1 0.5 2666.66666666667 1 5 0.464021557568188 5 1000 10963 5
"4842" "X" 0.006 -0.0825 0.87625 1 0 2666.66666666667 1 5 0.132103840633337 5 1000 7786 5
"4843" "X" 0.06 -0.94875 0.4225 1 0.5 2666.66666666667 1 5 0.861565832184908 5 1000 12343 5
"4844" "X" 0.006 -0.2475 0.79375 1 1 2666.66666666667 1 5 0.230986728775236 5 1000 8180 5
"4845" "X" 0.006 -0.165 0.38125 1 0 2666.66666666667 1 5 0.964299951060516 5 1000 7938 5
"4846" "X" 0.006 -0.2475 0.05125 1 0.5 2666.66666666667 1 5 2.97103966096362 5 1000 8107 5
"4847" "X" 0.06 -0.66 0.13375 1 0 2666.66666666667 1 5 2.01178289320602 5 1000 11614 5
"4848" "X" 0.006 -0.45375 0.2575 1 0.5 2666.66666666667 1 5 1.35673555887835 5 1000 8627 5
"4849" "X" 0.006 -0.165 0.01 0 1 2666.66666666667 1 5 4.60517018598809 5 1000 7901 5
"4850" "X" 0.006 -0.9075 0.13375 0 1 2666.66666666667 1 5 2.01178289320602 5 1000 9713 5
"4851" "X" 0.06 -0.61875 0.79375 1 0.5 2666.66666666667 1 5 0.230986728775236 5 1000 11579 5
"4852" "X" 0.06 -0.5775 0.62875 1 1 2666.66666666667 1 5 0.464021557568188 5 1000 11464 5
"4853" "X" 0.06 -0.825 0.46375 0 1 2666.66666666667 1 5 0.768409665060492 5 1000 12045 5
"4854" "X" 0.06 -0.33 0.05125 0 1 2666.66666666667 1 5 2.97103966096362 5 1000 10805 5
"4855" "X" 0.06 -0.53625 0.95875 1 1 2666.66666666667 1 5 0.042124926300671 5 1000 11396 5
"4856" "X" 0.06 -0.94875 0.62875 1 1 2666.66666666667 1 5 0.464021557568188 5 1000 12364 5
"4857" "X" 0.06 -0.53625 0.38125 1 0.5 2666.66666666667 1 5 0.964299951060516 5 1000 11339 5
"4858" "X" 0.006 -0.04125 0.9175 1 1 2666.66666666667 1 5 0.0861026990534116 5 1000 7692 5
"4859" "X" 0.06 -0.165 0.71125 0 1 2666.66666666667 1 5 0.340731293541596 5 1000 10469 5
"4860" "X" 0.06 -0.165 0.95875 1 0 2666.66666666667 1 5 0.042124926300671 5 1000 10494 5
"4861" "X" 0.006 -0.53625 0.835 1 0.5 2666.66666666667 1 5 0.180323554131281 5 1000 8883 5
"4862" "X" 0.006 -0.37125 0.21625 1 0.5 2666.66666666667 1 5 1.53132013317015 5 1000 8423 5
"4863" "X" 0.006 -0.04125 0.79375 1 1 2666.66666666667 1 5 0.230986728775236 5 1000 7680 5
"4864" "X" 0.006 -0.94875 0.13375 1 1 2666.66666666667 1 5 2.01178289320602 5 1000 9816 5
"4865" "X" 0.006 -0.70125 0.21625 1 0.5 2666.66666666667 1 5 1.53132013317015 5 1000 9223 5
"4866" "X" 0.06 -0.4125 0.13375 1 0 2666.66666666667 1 5 2.01178289320602 5 1000 11014 5
"4867" "X" 0.006 -0.33 0.01 1 0.5 2666.66666666667 1 5 4.60517018598809 5 1000 8303 5
"4868" "X" 0.006 -0.4125 0.21625 1 0.5 2666.66666666667 1 5 1.53132013317015 5 1000 8523 5
"4869" "X" 0.006 -0.825 0.79375 0 1 2666.66666666667 1 5 0.230986728775236 5 1000 9577 5
"4870" "X" 0.006 -0.495 0.505 0 1 2666.66666666667 1 5 0.683196849706777 5 1000 8749 5
"4871" "X" 0.06 -0.495 0.7525 1 0.5 2666.66666666667 1 5 0.284354282359106 5 1000 11275 5
"4872" "X" 0.006 -0.53625 0.29875 1 0.5 2666.66666666667 1 5 1.20814817573642 5 1000 8831 5
"4873" "X" 0.06 -0.33 0.9175 1 1 2666.66666666667 1 5 0.0861026990534116 5 1000 10892 5
"4874" "X" 0.006 -0.04125 0.46375 1 0.5 2666.66666666667 1 5 0.768409665060492 5 1000 7647 5
"4875" "X" 0.006 -0.165 1 1 1 2666.66666666667 1 5 0 5 1000 8000 5
"4876" "X" 0.006 0 0.4225 1 0.5 2666.66666666667 1 5 0.861565832184908 5 1000 7543 5
"4877" "X" 0.006 -0.28875 0.38125 1 0.5 2666.66666666667 1 5 0.964299951060516 5 1000 8239 5
"4878" "X" 0.006 -0.0825 0.4225 1 0 2666.66666666667 1 5 0.861565832184908 5 1000 7742 5
"4879" "X" 0.006 -0.99 0.175 0 1 2666.66666666667 1 5 1.74296930505862 5 1000 9917 5
"4880" "X" 0.006 -0.7425 1 1 0 2666.66666666667 1 5 0 5 1000 9398 5
"4881" "X" 0.06 -0.37125 0.9175 1 1 2666.66666666667 1 5 0.0861026990534116 5 1000 10992 5
"4882" "X" 0.06 -0.28875 1 1 0 2666.66666666667 1 5 0 5 1000 10798 5
"4883" "X" 0.06 -0.4125 0.5875 1 0.5 2666.66666666667 1 5 0.531879032963823 5 1000 11059 5
"4884" "X" 0.06 -0.825 0.175 1 1 2666.66666666667 1 5 1.74296930505862 5 1000 12020 5
"4885" "X" 0.006 -0.86625 0.87625 0 1 2666.66666666667 1 5 0.132103840633337 5 1000 9685 5
"4886" "X" 0.06 -0.28875 0.54625 0 1 2666.66666666667 1 5 0.604678532572337 5 1000 10753 5
"4887" "X" 0.006 -0.2475 0.29875 1 0.5 2666.66666666667 1 5 1.20814817573642 5 1000 8131 5
"4888" "X" 0.06 -0.66 0.0925 1 0 2666.66666666667 1 5 2.38054663446376 5 1000 11610 5
"4889" "X" 0.06 -0.33 0.87625 1 1 2666.66666666667 1 5 0.132103840633337 5 1000 10888 5
"4890" "X" 0.006 -0.825 0.9175 1 0.5 2666.66666666667 1 5 0.0861026990534116 5 1000 9591 5
"4891" "X" 0.06 -0.78375 0.46375 0 1 2666.66666666667 1 5 0.768409665060492 5 1000 11945 5
"4892" "X" 0.006 -0.165 0.7525 1 0 2666.66666666667 1 5 0.284354282359106 5 1000 7974 5
"4893" "X" 0.06 -0.4125 0.46375 1 0 2666.66666666667 1 5 0.768409665060492 5 1000 11046 5
"4894" "X" 0.06 -0.2475 0.71125 1 0.5 2666.66666666667 1 5 0.340731293541596 5 1000 10671 5
"4895" "X" 0.006 -0.94875 0.87625 1 0.5 2666.66666666667 1 5 0.132103840633337 5 1000 9887 5
"4896" "X" 0.06 -0.12375 0.38125 1 1 2666.66666666667 1 5 0.964299951060516 5 1000 10340 5
"4897" "X" 0.006 -0.9075 0.21625 1 0.5 2666.66666666667 1 5 1.53132013317015 5 1000 9723 5
"4898" "X" 0.006 -0.94875 0.9175 1 0.5 2666.66666666667 1 5 0.0861026990534116 5 1000 9891 5
"4899" "X" 0.006 -0.825 0.13375 1 0 2666.66666666667 1 5 2.01178289320602 5 1000 9514 5
"4900" "X" 0.006 -0.7425 0.87625 1 1 2666.66666666667 1 5 0.132103840633337 5 1000 9388 5
"4901" "X" 0.06 -0.66 0.79375 1 1 2666.66666666667 1 5 0.230986728775236 5 1000 11680 5
"4902" "X" 0.06 -0.165 0.7525 1 1 2666.66666666667 1 5 0.284354282359106 5 1000 10476 5
"4903" "X" 0.06 0 0.67 1 1 2666.66666666667 1 5 0.400477566597125 5 1000 10068 5
"4904" "X" 0.006 -0.7425 0.29875 1 0.5 2666.66666666667 1 5 1.20814817573642 5 1000 9331 5
"4905" "X" 0.006 -0.5775 0.9175 1 0.5 2666.66666666667 1 5 0.0861026990534116 5 1000 8991 5
"4906" "X" 0.006 -0.495 0.54625 1 0.5 2666.66666666667 1 5 0.604678532572337 5 1000 8755 5
"4907" "X" 0.006 -0.4125 0.5875 1 0.5 2666.66666666667 1 5 0.531879032963823 5 1000 8559 5
"4908" "X" 0.06 -0.86625 0.46375 1 0.5 2666.66666666667 1 5 0.768409665060492 5 1000 12147 5
"4909" "X" 0.006 -0.165 0.835 0 1 2666.66666666667 1 5 0.180323554131281 5 1000 7981 5
"4910" "X" 0.006 -0.165 0.67 0 1 2666.66666666667 1 5 0.400477566597125 5 1000 7965 5
"4911" "X" 0.06 -0.9075 0.9175 0 1 2666.66666666667 1 5 0.0861026990534116 5 1000 12289 5
"4912" "X" 0.06 -0.45375 0.87625 0 1 2666.66666666667 1 5 0.132103840633337 5 1000 11185 5
"4913" "X" 0.06 0 0.71125 1 1 2666.66666666667 1 5 0.340731293541596 5 1000 10072 5
"4914" "X" 0.06 -0.28875 0.835 1 1 2666.66666666667 1 5 0.180323554131281 5 1000 10784 5
"4915" "X" 0.06 -0.4125 0.01 0 1 2666.66666666667 1 5 4.60517018598809 5 1000 11001 5
"4916" "X" 0.006 -0.61875 0.46375 1 0.5 2666.66666666667 1 5 0.768409665060492 5 1000 9047 5
"4917" "X" 0.06 -0.28875 0.34 0 1 2666.66666666667 1 5 1.07880966137193 5 1000 10733 5
"4918" "X" 0.006 -0.825 0.175 1 0.5 2666.66666666667 1 5 1.74296930505862 5 1000 9519 5
"4919" "X" 0.006 -0.99 0.38125 1 1 2666.66666666667 1 5 0.964299951060516 5 1000 9940 5
"4920" "X" 0.006 -0.37125 1 1 0 2666.66666666667 1 5 0 5 1000 8498 5
"4921" "X" 0.06 -0.37125 0.71125 1 1 2666.66666666667 1 5 0.340731293541596 5 1000 10972 5
"4922" "X" 0.006 -0.70125 0.7525 0 1 2666.66666666667 1 5 0.284354282359106 5 1000 9273 5
"4923" "X" 0.006 -0.45375 0.29875 1 0.5 2666.66666666667 1 5 1.20814817573642 5 1000 8631 5
"4924" "X" 0.006 -0.53625 1 1 1 2666.66666666667 1 5 0 5 1000 8900 5
"4925" "X" 0.006 -0.66 0.505 1 1 2666.66666666667 1 5 0.683196849706777 5 1000 9152 5
"4926" "X" 0.06 -0.0825 0.62875 1 1 2666.66666666667 1 5 0.464021557568188 5 1000 10264 5
"4927" "X" 0.06 -0.78375 0.9175 0 1 2666.66666666667 1 5 0.0861026990534116 5 1000 11989 5
"4928" "X" 0.06 -0.28875 0.5875 1 1 2666.66666666667 1 5 0.531879032963823 5 1000 10760 5
"4929" "X" 0.06 -0.825 0.175 1 0.5 2666.66666666667 1 5 1.74296930505862 5 1000 12019 5
"4930" "X" 0.06 -0.45375 0.835 1 1 2666.66666666667 1 5 0.180323554131281 5 1000 11184 5
"4931" "X" 0.06 -0.9075 1 0 1 2666.66666666667 1 5 0 5 1000 12297 5
"4932" "X" 0.06 -0.99 0.46375 1 0 2666.66666666667 1 5 0.768409665060492 5 1000 12446 5
"4933" "X" 0.006 -0.94875 0.71125 1 1 2666.66666666667 1 5 0.340731293541596 5 1000 9872 5
"4934" "X" 0.006 -0.165 0.4225 1 0.5 2666.66666666667 1 5 0.861565832184908 5 1000 7943 5
"4935" "X" 0.06 -0.78375 1 1 1 2666.66666666667 1 5 0 5 1000 12000 5
"4936" "X" 0.06 -0.20625 0.46375 1 1 2666.66666666667 1 5 0.768409665060492 5 1000 10548 5
"4937" "X" 0.006 -0.53625 0.62875 0 1 2666.66666666667 1 5 0.464021557568188 5 1000 8861 5
"4938" "X" 0.06 -0.5775 0.0925 1 0 2666.66666666667 1 5 2.38054663446376 5 1000 11410 5
"4939" "X" 0.06 -0.7425 0.95875 1 0 2666.66666666667 1 5 0.042124926300671 5 1000 11894 5
"4940" "X" 0.06 -0.70125 0.835 1 0.5 2666.66666666667 1 5 0.180323554131281 5 1000 11783 5
"4941" "X" 0.006 -0.12375 0.835 1 1 2666.66666666667 1 5 0.180323554131281 5 1000 7884 5
"4942" "X" 0.006 -0.99 0.13375 0 1 2666.66666666667 1 5 2.01178289320602 5 1000 9913 5
"4943" "X" 0.006 -0.66 0.0925 1 1 2666.66666666667 1 5 2.38054663446376 5 1000 9112 5
"4944" "X" 0.06 -0.53625 0.34 1 0.5 2666.66666666667 1 5 1.07880966137193 5 1000 11335 5
"4945" "X" 0.06 -0.37125 0.505 0 1 2666.66666666667 1 5 0.683196849706777 5 1000 10949 5
"4946" "X" 0.006 -0.33 0.0925 1 0 2666.66666666667 1 5 2.38054663446376 5 1000 8310 5
"4947" "X" 0.006 -0.2475 0.0925 1 1 2666.66666666667 1 5 2.38054663446376 5 1000 8112 5
"4948" "X" 0.006 -0.7425 0.54625 0 1 2666.66666666667 1 5 0.604678532572337 5 1000 9353 5
"4949" "X" 0.006 -0.94875 0.54625 1 0.5 2666.66666666667 1 5 0.604678532572337 5 1000 9855 5
"4950" "X" 0.006 -0.2475 0.5875 1 1 2666.66666666667 1 5 0.531879032963823 5 1000 8160 5
"4951" "X" 0.006 -0.37125 0.2575 1 0.5 2666.66666666667 1 5 1.35673555887835 5 1000 8427 5
"4952" "X" 0.06 -0.7425 0.95875 1 0.5 2666.66666666667 1 5 0.042124926300671 5 1000 11895 5
"4953" "X" 0.06 -0.2475 0.29875 1 1 2666.66666666667 1 5 1.20814817573642 5 1000 10632 5
"4954" "X" 0.006 0 0.4225 1 1 2666.66666666667 1 5 0.861565832184908 5 1000 7544 5
"4955" "X" 0.06 -0.825 0.38125 1 0 2666.66666666667 1 5 0.964299951060516 5 1000 12038 5
"4956" "X" 0.06 -0.45375 0.34 1 1 2666.66666666667 1 5 1.07880966137193 5 1000 11136 5
"4957" "X" 0.006 -0.495 0.175 0 1 2666.66666666667 1 5 1.74296930505862 5 1000 8717 5
"4958" "X" 0.06 -0.33 0.29875 1 1 2666.66666666667 1 5 1.20814817573642 5 1000 10832 5
"4959" "X" 0.06 -0.12375 0.62875 1 1 2666.66666666667 1 5 0.464021557568188 5 1000 10364 5
"4960" "X" 0.006 -0.9075 0.505 1 0 2666.66666666667 1 5 0.683196849706777 5 1000 9750 5
"4961" "X" 0.006 -0.2475 0.175 1 0.5 2666.66666666667 1 5 1.74296930505862 5 1000 8119 5
"4962" "X" 0.006 -0.4125 0.0925 1 0.5 2666.66666666667 1 5 2.38054663446376 5 1000 8511 5
"4963" "X" 0.006 -0.99 0.4225 0 1 2666.66666666667 1 5 0.861565832184908 5 1000 9941 5
"4964" "X" 0.06 -0.04125 0.9175 1 0 2666.66666666667 1 5 0.0861026990534116 5 1000 10190 5
"4965" "X" 0.06 -0.04125 0.835 1 1 2666.66666666667 1 5 0.180323554131281 5 1000 10184 5
"4966" "X" 0.06 -0.12375 0.67 1 0.5 2666.66666666667 1 5 0.400477566597125 5 1000 10367 5
"4967" "X" 0.006 -0.86625 0.0925 0 1 2666.66666666667 1 5 2.38054663446376 5 1000 9609 5
"4968" "X" 0.006 -0.86625 0.34 1 0 2666.66666666667 1 5 1.07880966137193 5 1000 9634 5
"4969" "X" 0.006 -0.28875 0.67 1 1 2666.66666666667 1 5 0.400477566597125 5 1000 8268 5
"4970" "X" 0.06 -0.0825 0.4225 0 1 2666.66666666667 1 5 0.861565832184908 5 1000 10241 5
"4971" "X" 0.06 -0.04125 0.62875 1 0 2666.66666666667 1 5 0.464021557568188 5 1000 10162 5
"4972" "X" 0.06 -0.495 0.38125 1 1 2666.66666666667 1 5 0.964299951060516 5 1000 11240 5
"4973" "X" 0.006 -0.86625 0.21625 1 0.5 2666.66666666667 1 5 1.53132013317015 5 1000 9623 5
"4974" "X" 0.006 -0.70125 0.0925 0 1 2666.66666666667 1 5 2.38054663446376 5 1000 9209 5
"4975" "X" 0.06 -0.28875 0.54625 1 1 2666.66666666667 1 5 0.604678532572337 5 1000 10756 5
"4976" "X" 0.006 -0.5775 0.79375 1 0.5 2666.66666666667 1 5 0.230986728775236 5 1000 8979 5
"4977" "X" 0.06 0 0.2575 0 1 2666.66666666667 1 5 1.35673555887835 5 1000 10025 5
"4978" "X" 0.006 -0.86625 0.9175 1 0.5 2666.66666666667 1 5 0.0861026990534116 5 1000 9691 5
"4979" "X" 0.006 -0.66 0.01 1 1 2666.66666666667 1 5 4.60517018598809 5 1000 9104 5
"4980" "X" 0.006 -0.37125 0.46375 1 0.5 2666.66666666667 1 5 0.768409665060492 5 1000 8447 5
"4981" "X" 0.06 -0.99 0.71125 1 1 2666.66666666667 1 5 0.340731293541596 5 1000 12472 5
"4982" "X" 0.006 -0.2475 1 1 0 2666.66666666667 1 5 0 5 1000 8198 5
"4983" "X" 0.006 -0.94875 0.9175 0 1 2666.66666666667 1 5 0.0861026990534116 5 1000 9889 5
"4984" "X" 0.06 -0.7425 0.505 1 0 2666.66666666667 1 5 0.683196849706777 5 1000 11850 5
"4985" "X" 0.006 -0.78375 0.5875 1 0.5 2666.66666666667 1 5 0.531879032963823 5 1000 9459 5
"4986" "X" 0.006 -0.45375 0.71125 1 0 2666.66666666667 1 5 0.340731293541596 5 1000 8670 5
"4987" "X" 0.006 -0.5775 0.835 1 1 2666.66666666667 1 5 0.180323554131281 5 1000 8984 5
"4988" "X" 0.06 -0.4125 0.05125 1 0.5 2666.66666666667 1 5 2.97103966096362 5 1000 11007 5
"4989" "X" 0.006 -0.78375 0.4225 0 1 2666.66666666667 1 5 0.861565832184908 5 1000 9441 5
"4990" "X" 0.006 -0.37125 0.87625 0 1 2666.66666666667 1 5 0.132103840633337 5 1000 8485 5
"4991" "X" 0.006 -0.94875 0.87625 1 0 2666.66666666667 1 5 0.132103840633337 5 1000 9886 5
"4992" "X" 0.06 -0.12375 0.13375 0 1 2666.66666666667 1 5 2.01178289320602 5 1000 10313 5
"4993" "X" 0.006 -0.86625 0.13375 0 1 2666.66666666667 1 5 2.01178289320602 5 1000 9613 5
"4994" "X" 0.06 -0.28875 0.87625 0 1 2666.66666666667 1 5 0.132103840633337 5 1000 10785 5
"4995" "X" 0.006 -0.94875 0.5875 0 1 2666.66666666667 1 5 0.531879032963823 5 1000 9857 5
"4996" "X" 0.006 -0.61875 0.46375 1 1 2666.66666666667 1 5 0.768409665060492 5 1000 9048 5
"4997" "X" 0.006 -0.2475 0.79375 0 1 2666.66666666667 1 5 0.230986728775236 5 1000 8177 5
"4998" "X" 0.06 -0.825 0.5875 0 1 2666.66666666667 1 5 0.531879032963823 5 1000 12057 5
"4999" "X" 0.06 -0.86625 0.05125 1 1 2666.66666666667 1 5 2.97103966096362 5 1000 12108 5
"5000" "X" 0.06 -0.04125 1 1 0.5 2666.66666666667 1 5 0 5 1000 10199 5
