"chromosome" "v" "D" "refractory_period_prop_cohort_alive" "sex_expressed" "dominance" "Starting_pop_size" "baseline_mean_lifespan" "f" "refractory_period" "mutation_time" "time_end" "parameter_space_ID" "mutation_events"
"1" "A" 0.08 -0.45375 1 0 0 2000 1 5 0 5 1000 5545 5
"2" "A" 0.008 -0.70125 0.05125 0 1 2000 1 5 2.97103966096362 5 1000 2559 5
"3" "A" 0.008 -0.86625 0.34 1 0.5 2000 1 5 1.07880966137193 5 1000 3203 5
"4" "A" 0.008 -0.04125 0.505 1 1 2000 1 5 0.683196849706777 5 1000 228 5
"5" "A" 0.08 -0.825 0.71125 1 0.5 2000 1 5 0.340731293541596 5 1000 6857 5
"6" "A" 0.08 0 0.05125 1 1 2000 1 5 2.97103966096362 5 1000 3762 5
"7" "A" 0.008 -0.0825 0.4225 0 0.5 2000 1 5 0.861565832184908 5 1000 362 5
"8" "A" 0.008 -0.99 0.2575 0 1 2000 1 5 1.35673555887835 5 1000 3639 5
"9" "A" 0.08 -0.66 0.13375 0 1 2000 1 5 2.01178289320602 5 1000 6171 5
"10" "A" 0.008 -0.70125 0.2575 1 0.5 2000 1 5 1.35673555887835 5 1000 2591 5
"11" "A" 0.08 -0.825 0.67 0 0.5 2000 1 5 0.400477566597125 5 1000 6848 5
"12" "A" 0.08 -0.33 0.9175 0 0.5 2000 1 5 0.0861026990534116 5 1000 5084 5
"13" "A" 0.08 -0.94875 0.87625 0 1 2000 1 5 0.132103840633337 5 1000 7329 5
"14" "A" 0.08 -0.165 0.13375 1 0.5 2000 1 5 2.01178289320602 5 1000 4373 5
"15" "A" 0.008 -0.2475 0.4225 0 0.5 2000 1 5 0.861565832184908 5 1000 962 5
"16" "A" 0.08 -0.495 0.38125 0 0.5 2000 1 5 0.964299951060516 5 1000 5606 5
"17" "A" 0.08 -0.45375 0.0925 1 0 2000 1 5 2.38054663446376 5 1000 5416 5
"18" "A" 0.008 -0.37125 0.505 1 1 2000 1 5 0.683196849706777 5 1000 1428 5
"19" "A" 0.008 -0.37125 0.2575 1 0.5 2000 1 5 1.35673555887835 5 1000 1391 5
"20" "A" 0.008 -0.66 0.2575 1 0 2000 1 5 1.35673555887835 5 1000 2440 5
"21" "A" 0.08 -0.12375 0.95875 1 1 2000 1 5 0.042124926300671 5 1000 4344 5
"22" "A" 0.08 -0.28875 0.505 1 0 2000 1 5 0.683196849706777 5 1000 4876 5
"23" "A" 0.008 -0.0825 0.0925 0 1 2000 1 5 2.38054663446376 5 1000 315 5
"24" "A" 0.008 -0.04125 0.62875 1 0.5 2000 1 5 0.464021557568188 5 1000 245 5
"25" "A" 0.008 -0.5775 0.29875 0 0.5 2000 1 5 1.20814817573642 5 1000 2144 5
"26" "A" 0.08 -0.53625 0.87625 1 1 2000 1 5 0.132103840633337 5 1000 5832 5
"27" "A" 0.08 -0.99 0.34 1 0 2000 1 5 1.07880966137193 5 1000 7402 5
"28" "A" 0.008 -0.7425 0.0925 0 0.5 2000 1 5 2.38054663446376 5 1000 2714 5
"29" "A" 0.008 -0.495 0.9175 1 1 2000 1 5 0.0861026990534116 5 1000 1938 5
"30" "A" 0.08 -0.165 0.95875 1 0.5 2000 1 5 0.042124926300671 5 1000 4493 5
"31" "A" 0.08 -0.33 0.79375 0 0.5 2000 1 5 0.230986728775236 5 1000 5066 5
"32" "A" 0.008 -0.0825 1 0 0 2000 1 5 0 5 1000 445 5
"33" "A" 0.08 -0.04125 0.505 0 1 2000 1 5 0.683196849706777 5 1000 3975 5
"34" "A" 0.008 -0.86625 0.95875 0 0.5 2000 1 5 0.042124926300671 5 1000 3290 5
"35" "A" 0.08 -0.86625 0.01 0 0.5 2000 1 5 4.60517018598809 5 1000 6902 5
"36" "A" 0.008 -0.78375 0.54625 1 1 2000 1 5 0.604678532572337 5 1000 2934 5
"37" "A" 0.08 -0.495 0.835 1 1 2000 1 5 0.180323554131281 5 1000 5676 5
"38" "A" 0.008 -0.7425 0.9175 1 0 2000 1 5 0.0861026990534116 5 1000 2836 5
"39" "A" 0.008 -0.28875 0.01 0 0 2000 1 5 4.60517018598809 5 1000 1051 5
"40" "A" 0.008 -0.04125 0.54625 1 0 2000 1 5 0.604678532572337 5 1000 232 5
"41" "A" 0.008 -0.0825 0.0925 0 0.5 2000 1 5 2.38054663446376 5 1000 314 5
"42" "A" 0.008 -0.165 1 1 0 2000 1 5 0 5 1000 748 5
"43" "A" 0.008 -0.2475 0.835 1 1 2000 1 5 0.180323554131281 5 1000 1026 5
"44" "A" 0.008 0 0.62875 1 0.5 2000 1 5 0.464021557568188 5 1000 95 5
"45" "A" 0.008 -0.9075 0.13375 0 0 2000 1 5 2.01178289320602 5 1000 3319 5
"46" "A" 0.08 -0.37125 0.29875 1 0 2000 1 5 1.20814817573642 5 1000 5146 5
"47" "A" 0.08 -0.78375 0.01 0 0.5 2000 1 5 4.60517018598809 5 1000 6602 5
"48" "A" 0.08 -0.37125 0.46375 1 0 2000 1 5 0.768409665060492 5 1000 5170 5
"49" "A" 0.008 -0.53625 0.87625 1 0.5 2000 1 5 0.132103840633337 5 1000 2081 5
"50" "A" 0.08 -0.61875 0.2575 1 0 2000 1 5 1.35673555887835 5 1000 6040 5
"51" "A" 0.08 -0.70125 0.5875 1 0.5 2000 1 5 0.531879032963823 5 1000 6389 5
"52" "A" 0.08 -0.66 0.79375 0 0.5 2000 1 5 0.230986728775236 5 1000 6266 5
"53" "A" 0.008 0 0.175 1 0 2000 1 5 1.74296930505862 5 1000 28 5
"54" "A" 0.008 -0.0825 0.05125 1 0 2000 1 5 2.97103966096362 5 1000 310 5
"55" "A" 0.008 -0.04125 0.38125 0 1 2000 1 5 0.964299951060516 5 1000 207 5
"56" "A" 0.008 -0.825 0.4225 0 0 2000 1 5 0.861565832184908 5 1000 3061 5
"57" "A" 0.008 0 1 1 1 2000 1 5 0 5 1000 150 5
"58" "A" 0.008 -0.28875 0.7525 0 1 2000 1 5 0.284354282359106 5 1000 1161 5
"59" "A" 0.08 -0.78375 0.05125 0 0.5 2000 1 5 2.97103966096362 5 1000 6608 5
"60" "A" 0.08 -0.5775 0.54625 1 0.5 2000 1 5 0.604678532572337 5 1000 5933 5
"61" "A" 0.08 -0.53625 0.505 0 1 2000 1 5 0.683196849706777 5 1000 5775 5
"62" "A" 0.08 -0.20625 0.34 1 1 2000 1 5 1.07880966137193 5 1000 4554 5
"63" "A" 0.008 -0.66 0.835 1 0.5 2000 1 5 0.180323554131281 5 1000 2525 5
"64" "A" 0.008 -0.12375 0.175 1 1 2000 1 5 1.74296930505862 5 1000 480 5
"65" "A" 0.008 -0.66 0.38125 1 0.5 2000 1 5 0.964299951060516 5 1000 2459 5
"66" "A" 0.08 0 0.5875 0 1 2000 1 5 0.531879032963823 5 1000 3837 5
"67" "A" 0.08 -0.33 0.67 1 1 2000 1 5 0.400477566597125 5 1000 5052 5
"68" "A" 0.08 -0.33 0.34 0 0.5 2000 1 5 1.07880966137193 5 1000 5000 5
"69" "A" 0.08 -0.86625 0.21625 0 0 2000 1 5 1.53132013317015 5 1000 6931 5
"70" "A" 0.08 -0.0825 0.95875 1 0 2000 1 5 0.042124926300671 5 1000 4192 5
"71" "A" 0.08 -0.5775 0.21625 1 1 2000 1 5 1.53132013317015 5 1000 5886 5
"72" "A" 0.08 -0.86625 0.835 1 1 2000 1 5 0.180323554131281 5 1000 7026 5
"73" "A" 0.08 -0.04125 0.835 0 0.5 2000 1 5 0.180323554131281 5 1000 4022 5
"74" "A" 0.08 -0.20625 0.21625 1 1 2000 1 5 1.53132013317015 5 1000 4536 5
"75" "A" 0.08 -0.28875 0.13375 1 1 2000 1 5 2.01178289320602 5 1000 4824 5
"76" "A" 0.08 -0.61875 0.9175 0 1 2000 1 5 0.0861026990534116 5 1000 6135 5
"77" "A" 0.08 -0.4125 0.87625 1 0.5 2000 1 5 0.132103840633337 5 1000 5381 5
"78" "A" 0.08 -0.165 1 0 1 2000 1 5 0 5 1000 4497 5
"79" "A" 0.08 -0.28875 0.67 1 1 2000 1 5 0.400477566597125 5 1000 4902 5
"80" "A" 0.008 -0.86625 0.2575 1 0 2000 1 5 1.35673555887835 5 1000 3190 5
"81" "A" 0.008 -0.825 0.835 1 0.5 2000 1 5 0.180323554131281 5 1000 3125 5
"82" "A" 0.08 -0.78375 0.21625 0 1 2000 1 5 1.53132013317015 5 1000 6633 5
"83" "A" 0.08 -0.20625 0.175 0 0.5 2000 1 5 1.74296930505862 5 1000 4526 5
"84" "A" 0.08 -0.45375 0.54625 1 0 2000 1 5 0.604678532572337 5 1000 5482 5
"85" "A" 0.008 -0.37125 0.54625 1 1 2000 1 5 0.604678532572337 5 1000 1434 5
"86" "A" 0.008 -0.53625 0.54625 0 0.5 2000 1 5 0.604678532572337 5 1000 2030 5
"87" "A" 0.008 -0.45375 0.79375 1 1 2000 1 5 0.230986728775236 5 1000 1770 5
"88" "A" 0.008 -0.9075 0.5875 1 0.5 2000 1 5 0.531879032963823 5 1000 3389 5
"89" "A" 0.08 -0.70125 0.46375 0 0.5 2000 1 5 0.768409665060492 5 1000 6368 5
"90" "A" 0.08 -0.86625 0.01 1 1 2000 1 5 4.60517018598809 5 1000 6906 5
"91" "A" 0.08 -0.04125 0.7525 0 1 2000 1 5 0.284354282359106 5 1000 4011 5
"92" "A" 0.08 -0.2475 0.5875 0 0 2000 1 5 0.531879032963823 5 1000 4735 5
"93" "A" 0.008 -0.04125 0.87625 0 0.5 2000 1 5 0.132103840633337 5 1000 278 5
"94" "A" 0.08 -0.0825 1 0 0.5 2000 1 5 0 5 1000 4196 5
"95" "A" 0.08 -0.495 0.01 1 0.5 2000 1 5 4.60517018598809 5 1000 5555 5
"96" "A" 0.08 -0.28875 0.9175 1 0 2000 1 5 0.0861026990534116 5 1000 4936 5
"97" "A" 0.08 -0.37125 0.4225 0 0 2000 1 5 0.861565832184908 5 1000 5161 5
"98" "A" 0.08 -0.86625 0.79375 0 0 2000 1 5 0.230986728775236 5 1000 7015 5
"99" "A" 0.08 -0.20625 0.38125 1 1 2000 1 5 0.964299951060516 5 1000 4560 5
"100" "A" 0.08 -0.70125 0.87625 0 0 2000 1 5 0.132103840633337 5 1000 6427 5
"101" "A" 0.08 -0.495 0.54625 0 0.5 2000 1 5 0.604678532572337 5 1000 5630 5
"102" "A" 0.008 -0.2475 0.05125 1 1 2000 1 5 2.97103966096362 5 1000 912 5
"103" "A" 0.008 -0.2475 0.34 1 0 2000 1 5 1.07880966137193 5 1000 952 5
"104" "A" 0.08 -0.2475 0.13375 0 0.5 2000 1 5 2.01178289320602 5 1000 4670 5
"105" "A" 0.08 -0.86625 0.4225 1 0 2000 1 5 0.861565832184908 5 1000 6964 5
"106" "A" 0.008 -0.99 0.0925 1 0 2000 1 5 2.38054663446376 5 1000 3616 5
"107" "A" 0.008 -0.04125 0.5875 0 0.5 2000 1 5 0.531879032963823 5 1000 236 5
"108" "A" 0.008 -0.33 0.505 0 1 2000 1 5 0.683196849706777 5 1000 1275 5
"109" "A" 0.008 -0.825 0.21625 1 0.5 2000 1 5 1.53132013317015 5 1000 3035 5
"110" "A" 0.008 -0.04125 0.95875 0 0 2000 1 5 0.042124926300671 5 1000 289 5
"111" "A" 0.008 -0.20625 0.0925 1 1 2000 1 5 2.38054663446376 5 1000 768 5
"112" "A" 0.008 -0.33 0.4225 0 0.5 2000 1 5 0.861565832184908 5 1000 1262 5
"113" "A" 0.008 -0.94875 0.175 0 0.5 2000 1 5 1.74296930505862 5 1000 3476 5
"114" "A" 0.008 -0.45375 0.71125 1 0 2000 1 5 0.340731293541596 5 1000 1756 5
"115" "A" 0.08 -0.86625 0.54625 1 1 2000 1 5 0.604678532572337 5 1000 6984 5
"116" "A" 0.008 -0.12375 0.5875 1 1 2000 1 5 0.531879032963823 5 1000 540 5
"117" "A" 0.08 -0.20625 0.175 0 0 2000 1 5 1.74296930505862 5 1000 4525 5
"118" "A" 0.08 -0.7425 0.175 0 1 2000 1 5 1.74296930505862 5 1000 6477 5
"119" "A" 0.08 -0.495 0.46375 0 0.5 2000 1 5 0.768409665060492 5 1000 5618 5
"120" "A" 0.08 -0.70125 0.9175 1 0.5 2000 1 5 0.0861026990534116 5 1000 6437 5
"121" "A" 0.008 -0.53625 0.5875 0 0 2000 1 5 0.531879032963823 5 1000 2035 5
"122" "A" 0.008 -0.0825 0.5875 0 0.5 2000 1 5 0.531879032963823 5 1000 386 5
"123" "A" 0.008 -0.33 1 0 0 2000 1 5 0 5 1000 1345 5
"124" "A" 0.008 -0.33 0.29875 0 1 2000 1 5 1.20814817573642 5 1000 1245 5
"125" "A" 0.008 -0.825 0.34 1 1 2000 1 5 1.07880966137193 5 1000 3054 5
"126" "A" 0.08 -0.37125 0.9175 0 0 2000 1 5 0.0861026990534116 5 1000 5233 5
"127" "A" 0.08 -0.70125 0.01 0 0 2000 1 5 4.60517018598809 5 1000 6301 5
"128" "A" 0.08 -0.0825 0.46375 0 0.5 2000 1 5 0.768409665060492 5 1000 4118 5
"129" "A" 0.008 -0.165 0.175 1 0.5 2000 1 5 1.74296930505862 5 1000 629 5
"130" "A" 0.008 -0.99 0.21625 1 0 2000 1 5 1.53132013317015 5 1000 3634 5
"131" "A" 0.08 -0.04125 0.34 1 0.5 2000 1 5 1.07880966137193 5 1000 3953 5
"132" "A" 0.08 -0.66 0.46375 0 0.5 2000 1 5 0.768409665060492 5 1000 6218 5
"133" "A" 0.08 -0.165 0.54625 1 0 2000 1 5 0.604678532572337 5 1000 4432 5
"134" "A" 0.08 -0.28875 0.21625 0 1 2000 1 5 1.53132013317015 5 1000 4833 5
"135" "A" 0.08 -0.4125 0.46375 0 0.5 2000 1 5 0.768409665060492 5 1000 5318 5
"136" "A" 0.008 -0.33 0.05125 1 0.5 2000 1 5 2.97103966096362 5 1000 1211 5
"137" "A" 0.08 -0.66 0.38125 0 1 2000 1 5 0.964299951060516 5 1000 6207 5
"138" "A" 0.008 -0.0825 0.5875 1 0 2000 1 5 0.531879032963823 5 1000 388 5
"139" "A" 0.08 -0.33 0.79375 1 1 2000 1 5 0.230986728775236 5 1000 5070 5
"140" "A" 0.08 -0.4125 0.46375 0 1 2000 1 5 0.768409665060492 5 1000 5319 5
"141" "A" 0.08 -0.66 0.13375 1 0.5 2000 1 5 2.01178289320602 5 1000 6173 5
"142" "A" 0.008 -0.12375 0.34 0 0 2000 1 5 1.07880966137193 5 1000 499 5
"143" "A" 0.08 -0.0825 0.835 0 1 2000 1 5 0.180323554131281 5 1000 4173 5
"144" "A" 0.08 -0.53625 0.34 1 0 2000 1 5 1.07880966137193 5 1000 5752 5
"145" "A" 0.008 -0.2475 0.95875 1 1 2000 1 5 0.042124926300671 5 1000 1044 5
"146" "A" 0.08 -0.70125 0.13375 0 0.5 2000 1 5 2.01178289320602 5 1000 6320 5
"147" "A" 0.08 -0.5775 0.71125 1 0 2000 1 5 0.340731293541596 5 1000 5956 5
"148" "A" 0.008 -0.2475 0.01 1 1 2000 1 5 4.60517018598809 5 1000 906 5
"149" "A" 0.08 -0.61875 0.05125 0 0.5 2000 1 5 2.97103966096362 5 1000 6008 5
"150" "A" 0.08 -0.45375 0.4225 1 0.5 2000 1 5 0.861565832184908 5 1000 5465 5
"151" "A" 0.008 -0.45375 0.54625 0 0.5 2000 1 5 0.604678532572337 5 1000 1730 5
"152" "A" 0.08 -0.825 0.87625 0 1 2000 1 5 0.132103840633337 5 1000 6879 5
"153" "A" 0.08 -0.61875 0.54625 1 1 2000 1 5 0.604678532572337 5 1000 6084 5
"154" "A" 0.008 -0.86625 0.67 0 1 2000 1 5 0.400477566597125 5 1000 3249 5
"155" "A" 0.008 -0.495 0.54625 1 1 2000 1 5 0.604678532572337 5 1000 1884 5
"156" "A" 0.008 -0.04125 0.2575 1 1 2000 1 5 1.35673555887835 5 1000 192 5
"157" "A" 0.008 -0.66 0.2575 0 1 2000 1 5 1.35673555887835 5 1000 2439 5
"158" "A" 0.08 -0.78375 0.95875 1 0 2000 1 5 0.042124926300671 5 1000 6742 5
"159" "A" 0.008 -0.7425 0.67 0 0 2000 1 5 0.400477566597125 5 1000 2797 5
"160" "A" 0.008 -0.28875 0.54625 0 0.5 2000 1 5 0.604678532572337 5 1000 1130 5
"161" "A" 0.008 -0.37125 0.46375 0 1 2000 1 5 0.768409665060492 5 1000 1419 5
"162" "A" 0.08 -0.33 0.67 0 0.5 2000 1 5 0.400477566597125 5 1000 5048 5
"163" "A" 0.008 -0.53625 0.01 0 0.5 2000 1 5 4.60517018598809 5 1000 1952 5
"164" "A" 0.008 -0.495 1 1 0.5 2000 1 5 0 5 1000 1949 5
"165" "A" 0.08 -0.86625 0.2575 1 0.5 2000 1 5 1.35673555887835 5 1000 6941 5
"166" "A" 0.008 -0.20625 0.5875 0 0 2000 1 5 0.531879032963823 5 1000 835 5
"167" "A" 0.008 -0.495 0.5875 1 0 2000 1 5 0.531879032963823 5 1000 1888 5
"168" "A" 0.008 -0.825 0.05125 0 0 2000 1 5 2.97103966096362 5 1000 3007 5
"169" "A" 0.008 -0.70125 0.21625 0 1 2000 1 5 1.53132013317015 5 1000 2583 5
"170" "A" 0.08 -0.37125 0.34 0 0 2000 1 5 1.07880966137193 5 1000 5149 5
"171" "A" 0.008 -0.7425 0.67 0 1 2000 1 5 0.400477566597125 5 1000 2799 5
"172" "A" 0.008 -0.4125 0.38125 0 0.5 2000 1 5 0.964299951060516 5 1000 1556 5
"173" "A" 0.08 -0.495 0.71125 1 1 2000 1 5 0.340731293541596 5 1000 5658 5
"174" "A" 0.008 -0.45375 0.4225 1 0.5 2000 1 5 0.861565832184908 5 1000 1715 5
"175" "A" 0.008 -0.70125 0.05125 0 0 2000 1 5 2.97103966096362 5 1000 2557 5
"176" "A" 0.008 -0.70125 0.95875 1 0 2000 1 5 0.042124926300671 5 1000 2692 5
"177" "A" 0.08 -0.45375 0.34 1 0.5 2000 1 5 1.07880966137193 5 1000 5453 5
"178" "A" 0.08 -0.70125 0.46375 1 1 2000 1 5 0.768409665060492 5 1000 6372 5
"179" "A" 0.08 -0.0825 0.95875 0 0 2000 1 5 0.042124926300671 5 1000 4189 5
"180" "A" 0.008 -0.5775 0.13375 0 0 2000 1 5 2.01178289320602 5 1000 2119 5
"181" "A" 0.008 -0.7425 1 1 0 2000 1 5 0 5 1000 2848 5
"182" "A" 0.008 -0.5775 0.46375 1 0 2000 1 5 0.768409665060492 5 1000 2170 5
"183" "A" 0.008 -0.4125 0.54625 0 0 2000 1 5 0.604678532572337 5 1000 1579 5
"184" "A" 0.008 -0.7425 1 0 0.5 2000 1 5 0 5 1000 2846 5
"185" "A" 0.008 -0.495 0.67 0 0 2000 1 5 0.400477566597125 5 1000 1897 5
"186" "A" 0.08 -0.5775 0.13375 1 1 2000 1 5 2.01178289320602 5 1000 5874 5
"187" "A" 0.008 -0.20625 0.67 0 0 2000 1 5 0.400477566597125 5 1000 847 5
"188" "A" 0.08 -0.5775 0.79375 1 1 2000 1 5 0.230986728775236 5 1000 5970 5
"189" "A" 0.008 -0.4125 0.175 0 1 2000 1 5 1.74296930505862 5 1000 1527 5
"190" "A" 0.08 -0.45375 0.95875 0 0.5 2000 1 5 0.042124926300671 5 1000 5540 5
"191" "A" 0.008 -0.53625 0.29875 0 1 2000 1 5 1.20814817573642 5 1000 1995 5
"192" "A" 0.008 -0.33 0.505 0 0.5 2000 1 5 0.683196849706777 5 1000 1274 5
"193" "A" 0.08 -0.4125 0.21625 1 1 2000 1 5 1.53132013317015 5 1000 5286 5
"194" "A" 0.08 -0.86625 0.62875 1 0.5 2000 1 5 0.464021557568188 5 1000 6995 5
"195" "A" 0.08 -0.2475 0.13375 1 0 2000 1 5 2.01178289320602 5 1000 4672 5
"196" "A" 0.08 -0.825 1 1 0 2000 1 5 0 5 1000 6898 5
"197" "A" 0.008 -0.495 0.46375 1 0.5 2000 1 5 0.768409665060492 5 1000 1871 5
"198" "A" 0.008 0 0.34 1 0.5 2000 1 5 1.07880966137193 5 1000 53 5
"199" "A" 0.008 -0.0825 0.38125 0 0.5 2000 1 5 0.964299951060516 5 1000 356 5
"200" "A" 0.08 -0.45375 0.05125 1 0 2000 1 5 2.97103966096362 5 1000 5410 5
"201" "A" 0.008 -0.20625 0.38125 1 0.5 2000 1 5 0.964299951060516 5 1000 809 5
"202" "A" 0.08 -0.33 0.29875 1 0 2000 1 5 1.20814817573642 5 1000 4996 5
"203" "A" 0.008 -0.2475 0.79375 0 0.5 2000 1 5 0.230986728775236 5 1000 1016 5
"204" "A" 0.08 -0.53625 0.62875 1 0 2000 1 5 0.464021557568188 5 1000 5794 5
"205" "A" 0.008 0 0.71125 0 0.5 2000 1 5 0.340731293541596 5 1000 104 5
"206" "A" 0.08 -0.04125 0.38125 0 0.5 2000 1 5 0.964299951060516 5 1000 3956 5
"207" "A" 0.08 -0.45375 0.9175 0 1 2000 1 5 0.0861026990534116 5 1000 5535 5
"208" "A" 0.008 -0.4125 0.54625 1 0.5 2000 1 5 0.604678532572337 5 1000 1583 5
"209" "A" 0.008 -0.37125 0.0925 0 1 2000 1 5 2.38054663446376 5 1000 1365 5
"210" "A" 0.008 -0.86625 0.01 1 0.5 2000 1 5 4.60517018598809 5 1000 3155 5
"211" "A" 0.08 -0.53625 0.21625 0 0.5 2000 1 5 1.53132013317015 5 1000 5732 5
"212" "A" 0.08 -0.86625 0.9175 0 1 2000 1 5 0.0861026990534116 5 1000 7035 5
"213" "A" 0.08 -0.86625 0.2575 0 0 2000 1 5 1.35673555887835 5 1000 6937 5
"214" "A" 0.008 -0.99 0.01 0 0.5 2000 1 5 4.60517018598809 5 1000 3602 5
"215" "A" 0.008 -0.66 0.9175 0 1 2000 1 5 0.0861026990534116 5 1000 2535 5
"216" "A" 0.008 0 0.79375 0 0 2000 1 5 0.230986728775236 5 1000 115 5
"217" "A" 0.008 -0.70125 0.62875 0 0 2000 1 5 0.464021557568188 5 1000 2641 5
"218" "A" 0.08 -0.495 0.835 1 0 2000 1 5 0.180323554131281 5 1000 5674 5
"219" "A" 0.08 -0.78375 0.505 0 0 2000 1 5 0.683196849706777 5 1000 6673 5
"220" "A" 0.008 -0.94875 0.38125 1 1 2000 1 5 0.964299951060516 5 1000 3510 5
"221" "A" 0.008 -0.12375 0.38125 0 0 2000 1 5 0.964299951060516 5 1000 505 5
"222" "A" 0.008 -0.33 0.34 1 0 2000 1 5 1.07880966137193 5 1000 1252 5
"223" "A" 0.008 -0.53625 0.87625 0 0 2000 1 5 0.132103840633337 5 1000 2077 5
"224" "A" 0.08 -0.61875 0.0925 0 1 2000 1 5 2.38054663446376 5 1000 6015 5
"225" "A" 0.08 -0.5775 0.71125 1 1 2000 1 5 0.340731293541596 5 1000 5958 5
"226" "A" 0.08 -0.5775 0.46375 0 0.5 2000 1 5 0.768409665060492 5 1000 5918 5
"227" "A" 0.008 -0.825 0.79375 0 1 2000 1 5 0.230986728775236 5 1000 3117 5
"228" "A" 0.08 -0.61875 1 1 0 2000 1 5 0 5 1000 6148 5
"229" "A" 0.08 -0.165 0.5875 1 0 2000 1 5 0.531879032963823 5 1000 4438 5
"230" "A" 0.008 -0.04125 0.62875 1 1 2000 1 5 0.464021557568188 5 1000 246 5
"231" "A" 0.08 -0.04125 0.62875 1 0.5 2000 1 5 0.464021557568188 5 1000 3995 5
"232" "A" 0.008 -0.45375 0.05125 1 0.5 2000 1 5 2.97103966096362 5 1000 1661 5
"233" "A" 0.008 0 0.29875 1 0 2000 1 5 1.20814817573642 5 1000 46 5
"234" "A" 0.08 -0.0825 0.9175 0 0.5 2000 1 5 0.0861026990534116 5 1000 4184 5
"235" "A" 0.08 -0.0825 0.505 0 0 2000 1 5 0.683196849706777 5 1000 4123 5
"236" "A" 0.08 -0.61875 0.38125 1 0.5 2000 1 5 0.964299951060516 5 1000 6059 5
"237" "A" 0.008 -0.7425 0.7525 0 0 2000 1 5 0.284354282359106 5 1000 2809 5
"238" "A" 0.08 -0.12375 0.71125 0 1 2000 1 5 0.340731293541596 5 1000 4305 5
"239" "A" 0.008 -0.33 0.7525 0 0.5 2000 1 5 0.284354282359106 5 1000 1310 5
"240" "A" 0.08 -0.2475 0.4225 0 1 2000 1 5 0.861565832184908 5 1000 4713 5
"241" "A" 0.08 -0.78375 0.71125 1 1 2000 1 5 0.340731293541596 5 1000 6708 5
"242" "A" 0.08 -0.165 0.175 0 1 2000 1 5 1.74296930505862 5 1000 4377 5
"243" "A" 0.08 -0.825 0.13375 0 1 2000 1 5 2.01178289320602 5 1000 6771 5
"244" "A" 0.008 -0.37125 1 1 1 2000 1 5 0 5 1000 1500 5
"245" "A" 0.008 -0.9075 0.5875 1 0 2000 1 5 0.531879032963823 5 1000 3388 5
"246" "A" 0.08 -0.20625 0.7525 1 0 2000 1 5 0.284354282359106 5 1000 4612 5
"247" "A" 0.08 -0.9075 0.5875 1 0 2000 1 5 0.531879032963823 5 1000 7138 5
"248" "A" 0.008 -0.12375 0.4225 0 0 2000 1 5 0.861565832184908 5 1000 511 5
"249" "A" 0.008 -0.2475 0.46375 1 0 2000 1 5 0.768409665060492 5 1000 970 5
"250" "A" 0.08 -0.78375 0.2575 0 1 2000 1 5 1.35673555887835 5 1000 6639 5
"251" "A" 0.008 -0.7425 0.835 1 1 2000 1 5 0.180323554131281 5 1000 2826 5
"252" "A" 0.08 -0.4125 0.62875 0 0.5 2000 1 5 0.464021557568188 5 1000 5342 5
"253" "A" 0.08 -0.53625 0.05125 0 1 2000 1 5 2.97103966096362 5 1000 5709 5
"254" "A" 0.08 -0.28875 0.7525 0 1 2000 1 5 0.284354282359106 5 1000 4911 5
"255" "A" 0.08 -0.61875 0.21625 1 0.5 2000 1 5 1.53132013317015 5 1000 6035 5
"256" "A" 0.008 -0.165 0.67 1 0.5 2000 1 5 0.400477566597125 5 1000 701 5
"257" "A" 0.08 -0.37125 0.79375 0 0.5 2000 1 5 0.230986728775236 5 1000 5216 5
"258" "A" 0.08 -0.66 0.34 1 1 2000 1 5 1.07880966137193 5 1000 6204 5
"259" "A" 0.008 -0.165 0.505 0 1 2000 1 5 0.683196849706777 5 1000 675 5
"260" "A" 0.008 -0.66 0.835 0 1 2000 1 5 0.180323554131281 5 1000 2523 5
"261" "A" 0.08 -0.33 1 1 0.5 2000 1 5 0 5 1000 5099 5
"262" "A" 0.08 -0.825 0.87625 1 1 2000 1 5 0.132103840633337 5 1000 6882 5
"263" "A" 0.08 -0.99 0.01 0 1 2000 1 5 4.60517018598809 5 1000 7353 5
"264" "A" 0.08 -0.825 0.54625 0 0.5 2000 1 5 0.604678532572337 5 1000 6830 5
"265" "A" 0.008 -0.45375 0.13375 0 1 2000 1 5 2.01178289320602 5 1000 1671 5
"266" "A" 0.008 -0.28875 0.835 0 0 2000 1 5 0.180323554131281 5 1000 1171 5
"267" "A" 0.08 -0.04125 0.87625 1 0 2000 1 5 0.132103840633337 5 1000 4030 5
"268" "A" 0.008 -0.99 0.34 1 0.5 2000 1 5 1.07880966137193 5 1000 3653 5
"269" "A" 0.008 -0.9075 0.13375 0 1 2000 1 5 2.01178289320602 5 1000 3321 5
"270" "A" 0.08 -0.495 0.0925 0 1 2000 1 5 2.38054663446376 5 1000 5565 5
"271" "A" 0.008 -0.9075 0.2575 1 0 2000 1 5 1.35673555887835 5 1000 3340 5
"272" "A" 0.08 -0.66 1 0 1 2000 1 5 0 5 1000 6297 5
"273" "A" 0.08 -0.53625 0.13375 0 0 2000 1 5 2.01178289320602 5 1000 5719 5
"274" "A" 0.08 -0.37125 0.29875 0 1 2000 1 5 1.20814817573642 5 1000 5145 5
"275" "A" 0.008 -0.37125 0.13375 0 0.5 2000 1 5 2.01178289320602 5 1000 1370 5
"276" "A" 0.008 -0.78375 0.7525 0 0.5 2000 1 5 0.284354282359106 5 1000 2960 5
"277" "A" 0.08 -0.825 0.34 0 0.5 2000 1 5 1.07880966137193 5 1000 6800 5
"278" "A" 0.08 -0.70125 0.95875 0 0 2000 1 5 0.042124926300671 5 1000 6439 5
"279" "A" 0.08 -0.495 0.2575 1 0.5 2000 1 5 1.35673555887835 5 1000 5591 5
"280" "A" 0.008 -0.4125 0.01 0 0.5 2000 1 5 4.60517018598809 5 1000 1502 5
"281" "A" 0.008 -0.53625 1 1 1 2000 1 5 0 5 1000 2100 5
"282" "A" 0.08 -0.94875 0.29875 0 0.5 2000 1 5 1.20814817573642 5 1000 7244 5
"283" "A" 0.008 -0.495 0.79375 1 0.5 2000 1 5 0.230986728775236 5 1000 1919 5
"284" "A" 0.08 0 0.13375 1 0 2000 1 5 2.01178289320602 5 1000 3772 5
"285" "A" 0.008 -0.70125 0.5875 0 1 2000 1 5 0.531879032963823 5 1000 2637 5
"286" "A" 0.08 -0.66 0.29875 1 1 2000 1 5 1.20814817573642 5 1000 6198 5
"287" "A" 0.08 -0.12375 0.79375 1 0.5 2000 1 5 0.230986728775236 5 1000 4319 5
"288" "A" 0.08 -0.04125 0.62875 0 0 2000 1 5 0.464021557568188 5 1000 3991 5
"289" "A" 0.008 -0.33 0.01 0 1 2000 1 5 4.60517018598809 5 1000 1203 5
"290" "A" 0.008 -0.20625 0.29875 0 0 2000 1 5 1.20814817573642 5 1000 793 5
"291" "A" 0.008 -0.33 0.46375 0 0 2000 1 5 0.768409665060492 5 1000 1267 5
"292" "A" 0.008 -0.99 0.71125 0 1 2000 1 5 0.340731293541596 5 1000 3705 5
"293" "A" 0.008 -0.0825 0.13375 1 1 2000 1 5 2.01178289320602 5 1000 324 5
"294" "A" 0.08 -0.78375 0.4225 1 0 2000 1 5 0.861565832184908 5 1000 6664 5
"295" "A" 0.008 -0.70125 0.05125 0 0.5 2000 1 5 2.97103966096362 5 1000 2558 5
"296" "A" 0.008 -0.37125 0.38125 0 0 2000 1 5 0.964299951060516 5 1000 1405 5
"297" "A" 0.08 -0.20625 0.5875 1 0 2000 1 5 0.531879032963823 5 1000 4588 5
"298" "A" 0.008 -0.4125 0.21625 0 0.5 2000 1 5 1.53132013317015 5 1000 1532 5
"299" "A" 0.08 -0.78375 0.87625 1 1 2000 1 5 0.132103840633337 5 1000 6732 5
"300" "A" 0.08 -0.9075 0.95875 1 0.5 2000 1 5 0.042124926300671 5 1000 7193 5
"301" "A" 0.008 -0.28875 0.29875 0 0.5 2000 1 5 1.20814817573642 5 1000 1094 5
"302" "A" 0.08 -0.37125 0.835 1 0 2000 1 5 0.180323554131281 5 1000 5224 5
"303" "A" 0.08 -0.9075 0.13375 1 0 2000 1 5 2.01178289320602 5 1000 7072 5
"304" "A" 0.08 -0.99 0.95875 0 0 2000 1 5 0.042124926300671 5 1000 7489 5
"305" "A" 0.008 -0.0825 0.7525 0 0 2000 1 5 0.284354282359106 5 1000 409 5
"306" "A" 0.08 -0.12375 0.835 0 0.5 2000 1 5 0.180323554131281 5 1000 4322 5
"307" "A" 0.008 -0.825 0.87625 0 1 2000 1 5 0.132103840633337 5 1000 3129 5
"308" "A" 0.008 -0.825 0.29875 0 0 2000 1 5 1.20814817573642 5 1000 3043 5
"309" "A" 0.008 -0.165 0.67 0 0 2000 1 5 0.400477566597125 5 1000 697 5
"310" "A" 0.08 -0.61875 0.79375 1 1 2000 1 5 0.230986728775236 5 1000 6120 5
"311" "A" 0.008 -0.37125 0.46375 0 0.5 2000 1 5 0.768409665060492 5 1000 1418 5
"312" "A" 0.008 -0.99 0.21625 1 1 2000 1 5 1.53132013317015 5 1000 3636 5
"313" "A" 0.08 -0.12375 0.2575 1 1 2000 1 5 1.35673555887835 5 1000 4242 5
"314" "A" 0.08 0 0.505 1 1 2000 1 5 0.683196849706777 5 1000 3828 5
"315" "A" 0.08 -0.495 0.4225 0 0 2000 1 5 0.861565832184908 5 1000 5611 5
"316" "A" 0.008 -0.12375 0.505 0 1 2000 1 5 0.683196849706777 5 1000 525 5
"317" "A" 0.08 -0.94875 0.62875 0 0.5 2000 1 5 0.464021557568188 5 1000 7292 5
"318" "A" 0.008 -0.86625 0.01 1 0 2000 1 5 4.60517018598809 5 1000 3154 5
"319" "A" 0.008 -0.0825 0.505 1 1 2000 1 5 0.683196849706777 5 1000 378 5
"320" "A" 0.08 -0.2475 0.29875 1 0 2000 1 5 1.20814817573642 5 1000 4696 5
"321" "A" 0.08 -0.2475 0.67 0 0.5 2000 1 5 0.400477566597125 5 1000 4748 5
"322" "A" 0.008 -0.28875 0.38125 0 0.5 2000 1 5 0.964299951060516 5 1000 1106 5
"323" "A" 0.008 -0.0825 0.79375 0 0 2000 1 5 0.230986728775236 5 1000 415 5
"324" "A" 0.008 -0.5775 0.21625 0 0 2000 1 5 1.53132013317015 5 1000 2131 5
"325" "A" 0.008 -0.825 0.9175 0 1 2000 1 5 0.0861026990534116 5 1000 3135 5
"326" "A" 0.08 -0.825 0.2575 0 0 2000 1 5 1.35673555887835 5 1000 6787 5
"327" "A" 0.008 -0.5775 0.95875 1 1 2000 1 5 0.042124926300671 5 1000 2244 5
"328" "A" 0.008 -0.86625 0.79375 0 1 2000 1 5 0.230986728775236 5 1000 3267 5
"329" "A" 0.008 -0.9075 0.54625 0 0 2000 1 5 0.604678532572337 5 1000 3379 5
"330" "A" 0.008 -0.53625 0.2575 1 1 2000 1 5 1.35673555887835 5 1000 1992 5
"331" "A" 0.008 -0.61875 0.29875 1 0.5 2000 1 5 1.20814817573642 5 1000 2297 5
"332" "A" 0.008 -0.99 0.38125 0 1 2000 1 5 0.964299951060516 5 1000 3657 5
"333" "A" 0.008 -0.66 0.95875 0 0.5 2000 1 5 0.042124926300671 5 1000 2540 5
"334" "A" 0.08 -0.86625 1 0 0.5 2000 1 5 0 5 1000 7046 5
"335" "A" 0.08 -0.495 0.505 0 1 2000 1 5 0.683196849706777 5 1000 5625 5
"336" "A" 0.08 -0.495 0.67 1 0.5 2000 1 5 0.400477566597125 5 1000 5651 5
"337" "A" 0.008 -0.66 0.62875 0 0.5 2000 1 5 0.464021557568188 5 1000 2492 5
"338" "A" 0.08 -0.37125 0.835 0 1 2000 1 5 0.180323554131281 5 1000 5223 5
"339" "A" 0.008 0 0.505 0 0.5 2000 1 5 0.683196849706777 5 1000 74 5
"340" "A" 0.008 -0.9075 0.13375 0 0.5 2000 1 5 2.01178289320602 5 1000 3320 5
"341" "A" 0.008 -0.66 0.21625 1 0 2000 1 5 1.53132013317015 5 1000 2434 5
"342" "A" 0.08 -0.165 0.71125 1 0 2000 1 5 0.340731293541596 5 1000 4456 5
"343" "A" 0.08 -0.4125 0.29875 0 0 2000 1 5 1.20814817573642 5 1000 5293 5
"344" "A" 0.008 -0.7425 1 0 1 2000 1 5 0 5 1000 2847 5
"345" "A" 0.008 -0.12375 0.38125 0 0.5 2000 1 5 0.964299951060516 5 1000 506 5
"346" "A" 0.008 -0.66 0.87625 0 1 2000 1 5 0.132103840633337 5 1000 2529 5
"347" "A" 0.08 -0.61875 0.2575 0 0.5 2000 1 5 1.35673555887835 5 1000 6038 5
"348" "A" 0.08 -0.37125 0.7525 0 0.5 2000 1 5 0.284354282359106 5 1000 5210 5
"349" "A" 0.08 -0.9075 0.38125 1 0 2000 1 5 0.964299951060516 5 1000 7108 5
"350" "A" 0.08 -0.20625 0.29875 1 0 2000 1 5 1.20814817573642 5 1000 4546 5
"351" "A" 0.08 -0.20625 0.54625 1 0.5 2000 1 5 0.604678532572337 5 1000 4583 5
"352" "A" 0.08 -0.5775 0.38125 1 1 2000 1 5 0.964299951060516 5 1000 5910 5
"353" "A" 0.08 -0.9075 0.13375 0 0 2000 1 5 2.01178289320602 5 1000 7069 5
"354" "A" 0.008 -0.4125 0.175 1 0 2000 1 5 1.74296930505862 5 1000 1528 5
"355" "A" 0.008 -0.94875 0.62875 0 0.5 2000 1 5 0.464021557568188 5 1000 3542 5
"356" "A" 0.008 -0.61875 0.29875 0 1 2000 1 5 1.20814817573642 5 1000 2295 5
"357" "A" 0.08 -0.165 0.71125 1 1 2000 1 5 0.340731293541596 5 1000 4458 5
"358" "A" 0.08 -0.66 0.4225 0 1 2000 1 5 0.861565832184908 5 1000 6213 5
"359" "A" 0.08 -0.86625 0.175 0 1 2000 1 5 1.74296930505862 5 1000 6927 5
"360" "A" 0.008 0 0.7525 0 1 2000 1 5 0.284354282359106 5 1000 111 5
"361" "A" 0.008 -0.165 0.01 0 1 2000 1 5 4.60517018598809 5 1000 603 5
"362" "A" 0.08 -0.94875 0.9175 0 0 2000 1 5 0.0861026990534116 5 1000 7333 5
"363" "A" 0.008 -0.99 0.05125 0 1 2000 1 5 2.97103966096362 5 1000 3609 5
"364" "A" 0.008 -0.33 0.34 0 1 2000 1 5 1.07880966137193 5 1000 1251 5
"365" "A" 0.08 -0.86625 0.2575 0 1 2000 1 5 1.35673555887835 5 1000 6939 5
"366" "A" 0.08 -0.28875 0.505 0 1 2000 1 5 0.683196849706777 5 1000 4875 5
"367" "A" 0.008 -0.12375 0.7525 0 1 2000 1 5 0.284354282359106 5 1000 561 5
"368" "A" 0.08 -0.99 0.46375 0 1 2000 1 5 0.768409665060492 5 1000 7419 5
"369" "A" 0.008 -0.86625 0.95875 0 0 2000 1 5 0.042124926300671 5 1000 3289 5
"370" "A" 0.008 -0.70125 0.835 1 0 2000 1 5 0.180323554131281 5 1000 2674 5
"371" "A" 0.008 -0.825 0.21625 0 0 2000 1 5 1.53132013317015 5 1000 3031 5
"372" "A" 0.008 -0.0825 0.87625 1 0.5 2000 1 5 0.132103840633337 5 1000 431 5
"373" "A" 0.08 -0.0825 0.13375 0 1 2000 1 5 2.01178289320602 5 1000 4071 5
"374" "A" 0.008 -0.9075 0.05125 0 0 2000 1 5 2.97103966096362 5 1000 3307 5
"375" "A" 0.008 -0.12375 0.71125 1 0 2000 1 5 0.340731293541596 5 1000 556 5
"376" "A" 0.08 -0.12375 0.54625 0 0.5 2000 1 5 0.604678532572337 5 1000 4280 5
"377" "A" 0.008 -0.61875 0.01 0 1 2000 1 5 4.60517018598809 5 1000 2253 5
"378" "A" 0.08 -0.2475 0.7525 0 1 2000 1 5 0.284354282359106 5 1000 4761 5
"379" "A" 0.08 -0.495 0.0925 1 0.5 2000 1 5 2.38054663446376 5 1000 5567 5
"380" "A" 0.08 -0.9075 0.0925 1 0 2000 1 5 2.38054663446376 5 1000 7066 5
"381" "A" 0.008 -0.0825 0.29875 0 1 2000 1 5 1.20814817573642 5 1000 345 5
"382" "A" 0.008 -0.825 0.38125 0 0 2000 1 5 0.964299951060516 5 1000 3055 5
"383" "A" 0.008 -0.04125 0.2575 0 0 2000 1 5 1.35673555887835 5 1000 187 5
"384" "A" 0.08 -0.0825 0.175 0 1 2000 1 5 1.74296930505862 5 1000 4077 5
"385" "A" 0.008 -0.20625 0.21625 1 0.5 2000 1 5 1.53132013317015 5 1000 785 5
"386" "A" 0.008 -0.04125 0.13375 1 0 2000 1 5 2.01178289320602 5 1000 172 5
"387" "A" 0.008 -0.53625 0.13375 1 1 2000 1 5 2.01178289320602 5 1000 1974 5
"388" "A" 0.008 -0.53625 0.4225 0 0 2000 1 5 0.861565832184908 5 1000 2011 5
"389" "A" 0.008 -0.86625 0.95875 1 1 2000 1 5 0.042124926300671 5 1000 3294 5
"390" "A" 0.008 -0.37125 0.29875 0 0 2000 1 5 1.20814817573642 5 1000 1393 5
"391" "A" 0.008 -0.825 0.05125 1 1 2000 1 5 2.97103966096362 5 1000 3012 5
"392" "A" 0.008 -0.53625 0.5875 0 1 2000 1 5 0.531879032963823 5 1000 2037 5
"393" "A" 0.008 0 0.46375 0 0.5 2000 1 5 0.768409665060492 5 1000 68 5
"394" "A" 0.008 -0.5775 0.175 0 1 2000 1 5 1.74296930505862 5 1000 2127 5
"395" "A" 0.08 -0.9075 0.175 0 0 2000 1 5 1.74296930505862 5 1000 7075 5
"396" "A" 0.08 -0.78375 0.71125 0 1 2000 1 5 0.340731293541596 5 1000 6705 5
"397" "A" 0.08 -0.94875 0.7525 1 1 2000 1 5 0.284354282359106 5 1000 7314 5
"398" "A" 0.008 -0.12375 0.67 1 1 2000 1 5 0.400477566597125 5 1000 552 5
"399" "A" 0.08 -0.45375 0.835 0 1 2000 1 5 0.180323554131281 5 1000 5523 5
"400" "A" 0.08 -0.78375 0.21625 0 0.5 2000 1 5 1.53132013317015 5 1000 6632 5
"401" "A" 0.008 -0.7425 0.62875 1 1 2000 1 5 0.464021557568188 5 1000 2796 5
"402" "A" 0.008 -0.9075 0.505 0 0.5 2000 1 5 0.683196849706777 5 1000 3374 5
"403" "A" 0.008 -0.86625 0.05125 1 1 2000 1 5 2.97103966096362 5 1000 3162 5
"404" "A" 0.008 -0.9075 0.38125 1 0 2000 1 5 0.964299951060516 5 1000 3358 5
"405" "A" 0.008 -0.4125 0.13375 1 0 2000 1 5 2.01178289320602 5 1000 1522 5
"406" "A" 0.008 -0.94875 0.34 0 0.5 2000 1 5 1.07880966137193 5 1000 3500 5
"407" "A" 0.008 -0.825 0.34 1 0 2000 1 5 1.07880966137193 5 1000 3052 5
"408" "A" 0.008 -0.53625 0.9175 0 0 2000 1 5 0.0861026990534116 5 1000 2083 5
"409" "A" 0.08 -0.825 0.2575 0 0.5 2000 1 5 1.35673555887835 5 1000 6788 5
"410" "A" 0.08 -0.37125 0.01 1 0.5 2000 1 5 4.60517018598809 5 1000 5105 5
"411" "A" 0.08 -0.20625 0.62875 1 0 2000 1 5 0.464021557568188 5 1000 4594 5
"412" "A" 0.08 -0.2475 0.01 1 0.5 2000 1 5 4.60517018598809 5 1000 4655 5
"413" "A" 0.008 -0.66 0.87625 1 0 2000 1 5 0.132103840633337 5 1000 2530 5
"414" "A" 0.08 -0.78375 0.34 1 0.5 2000 1 5 1.07880966137193 5 1000 6653 5
"415" "A" 0.008 -0.9075 0.54625 0 1 2000 1 5 0.604678532572337 5 1000 3381 5
"416" "A" 0.08 -0.7425 0.505 0 0 2000 1 5 0.683196849706777 5 1000 6523 5
"417" "A" 0.08 -0.5775 0.87625 0 0 2000 1 5 0.132103840633337 5 1000 5977 5
"418" "A" 0.08 -0.0825 0.79375 1 0 2000 1 5 0.230986728775236 5 1000 4168 5
"419" "A" 0.008 -0.20625 0.9175 1 0 2000 1 5 0.0861026990534116 5 1000 886 5
"420" "A" 0.008 -0.61875 0.01 1 0 2000 1 5 4.60517018598809 5 1000 2254 5
"421" "A" 0.08 -0.825 0.29875 0 0.5 2000 1 5 1.20814817573642 5 1000 6794 5
"422" "A" 0.08 -0.165 0.54625 1 1 2000 1 5 0.604678532572337 5 1000 4434 5
"423" "A" 0.08 -0.53625 0.38125 0 1 2000 1 5 0.964299951060516 5 1000 5757 5
"424" "A" 0.008 -0.2475 0.4225 1 0 2000 1 5 0.861565832184908 5 1000 964 5
"425" "A" 0.08 -0.70125 0.5875 0 0.5 2000 1 5 0.531879032963823 5 1000 6386 5
"426" "A" 0.008 -0.165 1 1 1 2000 1 5 0 5 1000 750 5
"427" "A" 0.008 -0.61875 0.67 0 1 2000 1 5 0.400477566597125 5 1000 2349 5
"428" "A" 0.08 -0.94875 0.34 0 1 2000 1 5 1.07880966137193 5 1000 7251 5
"429" "A" 0.008 -0.99 0.29875 1 1 2000 1 5 1.20814817573642 5 1000 3648 5
"430" "A" 0.08 -0.04125 0.01 1 0 2000 1 5 4.60517018598809 5 1000 3904 5
"431" "A" 0.008 -0.2475 0.5875 0 1 2000 1 5 0.531879032963823 5 1000 987 5
"432" "A" 0.008 -0.20625 0.505 1 1 2000 1 5 0.683196849706777 5 1000 828 5
"433" "A" 0.008 -0.61875 0.0925 1 0 2000 1 5 2.38054663446376 5 1000 2266 5
"434" "A" 0.008 -0.99 1 0 0.5 2000 1 5 0 5 1000 3746 5
"435" "A" 0.08 -0.86625 0.0925 1 0.5 2000 1 5 2.38054663446376 5 1000 6917 5
"436" "A" 0.008 -0.4125 0.01 1 1 2000 1 5 4.60517018598809 5 1000 1506 5
"437" "A" 0.08 -0.4125 0.67 0 0 2000 1 5 0.400477566597125 5 1000 5347 5
"438" "A" 0.008 -0.2475 0.21625 0 1 2000 1 5 1.53132013317015 5 1000 933 5
"439" "A" 0.008 -0.99 0.175 0 1 2000 1 5 1.74296930505862 5 1000 3627 5
"440" "A" 0.08 -0.28875 0.87625 0 0.5 2000 1 5 0.132103840633337 5 1000 4928 5
"441" "A" 0.008 -0.5775 0.79375 0 0 2000 1 5 0.230986728775236 5 1000 2215 5
"442" "A" 0.008 -0.28875 0.4225 0 1 2000 1 5 0.861565832184908 5 1000 1113 5
"443" "A" 0.008 -0.5775 0.34 0 0.5 2000 1 5 1.07880966137193 5 1000 2150 5
"444" "A" 0.08 -0.66 0.95875 1 1 2000 1 5 0.042124926300671 5 1000 6294 5
"445" "A" 0.08 -0.04125 0.175 0 0 2000 1 5 1.74296930505862 5 1000 3925 5
"446" "A" 0.008 -0.495 0.95875 1 0.5 2000 1 5 0.042124926300671 5 1000 1943 5
"447" "A" 0.008 -0.5775 0.505 0 1 2000 1 5 0.683196849706777 5 1000 2175 5
"448" "A" 0.08 -0.9075 0.5875 1 1 2000 1 5 0.531879032963823 5 1000 7140 5
"449" "A" 0.08 -0.61875 0.05125 0 0 2000 1 5 2.97103966096362 5 1000 6007 5
"450" "A" 0.008 0 0.9175 0 1 2000 1 5 0.0861026990534116 5 1000 135 5
"451" "A" 0.08 -0.5775 0.67 0 0.5 2000 1 5 0.400477566597125 5 1000 5948 5
"452" "A" 0.08 -0.28875 0.0925 1 0 2000 1 5 2.38054663446376 5 1000 4816 5
"453" "A" 0.008 0 0.05125 0 1 2000 1 5 2.97103966096362 5 1000 9 5
"454" "A" 0.08 -0.495 0.34 1 0.5 2000 1 5 1.07880966137193 5 1000 5603 5
"455" "A" 0.08 -0.61875 0.54625 1 0 2000 1 5 0.604678532572337 5 1000 6082 5
"456" "A" 0.08 -0.04125 0.54625 1 0 2000 1 5 0.604678532572337 5 1000 3982 5
"457" "A" 0.08 -0.94875 0.13375 1 0 2000 1 5 2.01178289320602 5 1000 7222 5
"458" "A" 0.08 -0.94875 0.87625 1 0.5 2000 1 5 0.132103840633337 5 1000 7331 5
"459" "A" 0.08 -0.2475 0.54625 0 0 2000 1 5 0.604678532572337 5 1000 4729 5
"460" "A" 0.008 -0.825 0.505 0 1 2000 1 5 0.683196849706777 5 1000 3075 5
"461" "A" 0.008 -0.165 0.175 1 0 2000 1 5 1.74296930505862 5 1000 628 5
"462" "A" 0.008 -0.20625 0.13375 1 0.5 2000 1 5 2.01178289320602 5 1000 773 5
"463" "A" 0.008 -0.495 0.5875 1 0.5 2000 1 5 0.531879032963823 5 1000 1889 5
"464" "A" 0.08 -0.2475 0.87625 1 1 2000 1 5 0.132103840633337 5 1000 4782 5
"465" "A" 0.08 -0.04125 0.9175 1 0.5 2000 1 5 0.0861026990534116 5 1000 4037 5
"466" "A" 0.08 -0.7425 0.54625 0 0 2000 1 5 0.604678532572337 5 1000 6529 5
"467" "A" 0.008 -0.33 0.01 1 1 2000 1 5 4.60517018598809 5 1000 1206 5
"468" "A" 0.008 -0.12375 0.62875 1 0 2000 1 5 0.464021557568188 5 1000 544 5
"469" "A" 0.08 -0.53625 0.71125 0 0 2000 1 5 0.340731293541596 5 1000 5803 5
"470" "A" 0.008 -0.2475 0.87625 0 1 2000 1 5 0.132103840633337 5 1000 1029 5
"471" "A" 0.008 -0.33 0.4225 0 1 2000 1 5 0.861565832184908 5 1000 1263 5
"472" "A" 0.08 -0.20625 0.2575 0 1 2000 1 5 1.35673555887835 5 1000 4539 5
"473" "A" 0.008 -0.45375 0.46375 0 0 2000 1 5 0.768409665060492 5 1000 1717 5
"474" "A" 0.008 -0.70125 0.21625 1 0 2000 1 5 1.53132013317015 5 1000 2584 5
"475" "A" 0.08 -0.4125 0.9175 0 1 2000 1 5 0.0861026990534116 5 1000 5385 5
"476" "A" 0.08 -0.0825 0.01 0 0 2000 1 5 4.60517018598809 5 1000 4051 5
"477" "A" 0.008 -0.66 0.5875 0 0 2000 1 5 0.531879032963823 5 1000 2485 5
"478" "A" 0.08 -0.45375 0.29875 1 0.5 2000 1 5 1.20814817573642 5 1000 5447 5
"479" "A" 0.08 -0.04125 0.7525 1 1 2000 1 5 0.284354282359106 5 1000 4014 5
"480" "A" 0.008 -0.12375 0.79375 1 1 2000 1 5 0.230986728775236 5 1000 570 5
"481" "A" 0.008 -0.0825 0.34 1 0 2000 1 5 1.07880966137193 5 1000 352 5
"482" "A" 0.08 -0.28875 0.29875 1 0 2000 1 5 1.20814817573642 5 1000 4846 5
"483" "A" 0.008 -0.12375 0.46375 1 0.5 2000 1 5 0.768409665060492 5 1000 521 5
"484" "A" 0.008 -0.61875 1 0 0 2000 1 5 0 5 1000 2395 5
"485" "A" 0.008 0 0.54625 0 0.5 2000 1 5 0.604678532572337 5 1000 80 5
"486" "A" 0.008 -0.70125 0.87625 0 0.5 2000 1 5 0.132103840633337 5 1000 2678 5
"487" "A" 0.08 -0.94875 0.71125 0 0 2000 1 5 0.340731293541596 5 1000 7303 5
"488" "A" 0.08 -0.28875 0.38125 1 0.5 2000 1 5 0.964299951060516 5 1000 4859 5
"489" "A" 0.008 -0.78375 0.05125 1 0.5 2000 1 5 2.97103966096362 5 1000 2861 5
"490" "A" 0.008 -0.45375 0.62875 0 0 2000 1 5 0.464021557568188 5 1000 1741 5
"491" "A" 0.08 0 0.05125 1 0.5 2000 1 5 2.97103966096362 5 1000 3761 5
"492" "A" 0.008 -0.4125 0.95875 0 0.5 2000 1 5 0.042124926300671 5 1000 1640 5
"493" "A" 0.08 -0.94875 0.835 0 0.5 2000 1 5 0.180323554131281 5 1000 7322 5
"494" "A" 0.008 -0.45375 0.9175 0 0 2000 1 5 0.0861026990534116 5 1000 1783 5
"495" "A" 0.008 -0.45375 0.62875 1 0.5 2000 1 5 0.464021557568188 5 1000 1745 5
"496" "A" 0.08 -0.99 0.175 1 0.5 2000 1 5 1.74296930505862 5 1000 7379 5
"497" "A" 0.008 -0.94875 0.62875 0 1 2000 1 5 0.464021557568188 5 1000 3543 5
"498" "A" 0.008 -0.61875 0.29875 0 0 2000 1 5 1.20814817573642 5 1000 2293 5
"499" "A" 0.008 -0.495 0.2575 0 1 2000 1 5 1.35673555887835 5 1000 1839 5
"500" "A" 0.008 -0.0825 0.7525 0 1 2000 1 5 0.284354282359106 5 1000 411 5
"501" "A" 0.008 -0.2475 0.7525 1 1 2000 1 5 0.284354282359106 5 1000 1014 5
"502" "A" 0.008 -0.53625 0.79375 0 0 2000 1 5 0.230986728775236 5 1000 2065 5
"503" "A" 0.008 -0.61875 0.835 0 0.5 2000 1 5 0.180323554131281 5 1000 2372 5
"504" "A" 0.08 -0.45375 0.46375 0 0 2000 1 5 0.768409665060492 5 1000 5467 5
"505" "A" 0.08 -0.99 0.01 0 0 2000 1 5 4.60517018598809 5 1000 7351 5
"506" "A" 0.08 -0.28875 0.4225 1 0 2000 1 5 0.861565832184908 5 1000 4864 5
"507" "A" 0.08 -0.2475 0.71125 0 0 2000 1 5 0.340731293541596 5 1000 4753 5
"508" "A" 0.08 -0.37125 0.13375 1 0 2000 1 5 2.01178289320602 5 1000 5122 5
"509" "A" 0.008 -0.53625 0.175 1 0 2000 1 5 1.74296930505862 5 1000 1978 5
"510" "A" 0.08 -0.2475 0.2575 1 1 2000 1 5 1.35673555887835 5 1000 4692 5
"511" "A" 0.08 -0.7425 0.01 0 1 2000 1 5 4.60517018598809 5 1000 6453 5
"512" "A" 0.08 -0.495 0.505 1 0 2000 1 5 0.683196849706777 5 1000 5626 5
"513" "A" 0.008 -0.61875 0.2575 0 0 2000 1 5 1.35673555887835 5 1000 2287 5
"514" "A" 0.008 -0.7425 0.5875 1 0.5 2000 1 5 0.531879032963823 5 1000 2789 5
"515" "A" 0.008 -0.825 1 0 1 2000 1 5 0 5 1000 3147 5
"516" "A" 0.008 -0.86625 0.62875 1 1 2000 1 5 0.464021557568188 5 1000 3246 5
"517" "A" 0.008 -0.4125 0.835 0 1 2000 1 5 0.180323554131281 5 1000 1623 5
"518" "A" 0.008 -0.0825 0.13375 0 0 2000 1 5 2.01178289320602 5 1000 319 5
"519" "A" 0.008 -0.165 0.9175 0 0 2000 1 5 0.0861026990534116 5 1000 733 5
"520" "A" 0.008 -0.2475 0.46375 1 1 2000 1 5 0.768409665060492 5 1000 972 5
"521" "A" 0.008 -0.99 0.5875 0 1 2000 1 5 0.531879032963823 5 1000 3687 5
"522" "A" 0.08 0 1 0 0 2000 1 5 0 5 1000 3895 5
"523" "A" 0.008 -0.04125 0.62875 0 0.5 2000 1 5 0.464021557568188 5 1000 242 5
"524" "A" 0.008 -0.70125 0.2575 0 0 2000 1 5 1.35673555887835 5 1000 2587 5
"525" "A" 0.008 -0.66 0.46375 0 1 2000 1 5 0.768409665060492 5 1000 2469 5
"526" "A" 0.08 -0.37125 0.46375 0 0.5 2000 1 5 0.768409665060492 5 1000 5168 5
"527" "A" 0.08 -0.7425 0.46375 1 0.5 2000 1 5 0.768409665060492 5 1000 6521 5
"528" "A" 0.08 -0.495 0.05125 1 1 2000 1 5 2.97103966096362 5 1000 5562 5
"529" "A" 0.008 -0.9075 0.175 0 0 2000 1 5 1.74296930505862 5 1000 3325 5
"530" "A" 0.008 -0.45375 0.13375 1 0.5 2000 1 5 2.01178289320602 5 1000 1673 5
"531" "A" 0.08 0 0.7525 0 0 2000 1 5 0.284354282359106 5 1000 3859 5
"532" "A" 0.08 -0.5775 0.05125 1 0 2000 1 5 2.97103966096362 5 1000 5860 5
"533" "A" 0.08 -0.04125 0.7525 0 0.5 2000 1 5 0.284354282359106 5 1000 4010 5
"534" "A" 0.08 -0.7425 0.0925 0 0 2000 1 5 2.38054663446376 5 1000 6463 5
"535" "A" 0.08 -0.86625 0.34 1 0.5 2000 1 5 1.07880966137193 5 1000 6953 5
"536" "A" 0.08 -0.0825 0.62875 1 1 2000 1 5 0.464021557568188 5 1000 4146 5
"537" "A" 0.08 -0.04125 0.2575 1 1 2000 1 5 1.35673555887835 5 1000 3942 5
"538" "A" 0.08 -0.165 0.29875 1 0.5 2000 1 5 1.20814817573642 5 1000 4397 5
"539" "A" 0.008 -0.4125 0.38125 0 1 2000 1 5 0.964299951060516 5 1000 1557 5
"540" "A" 0.08 -0.66 0.05125 1 1 2000 1 5 2.97103966096362 5 1000 6162 5
"541" "A" 0.008 -0.28875 0.79375 0 0.5 2000 1 5 0.230986728775236 5 1000 1166 5
"542" "A" 0.008 -0.94875 0.46375 1 1 2000 1 5 0.768409665060492 5 1000 3522 5
"543" "A" 0.008 -0.99 0.62875 0 1 2000 1 5 0.464021557568188 5 1000 3693 5
"544" "A" 0.08 -0.04125 0.67 1 0 2000 1 5 0.400477566597125 5 1000 4000 5
"545" "A" 0.08 -0.53625 0.21625 1 0 2000 1 5 1.53132013317015 5 1000 5734 5
"546" "A" 0.08 -0.45375 0.9175 0 0.5 2000 1 5 0.0861026990534116 5 1000 5534 5
"547" "A" 0.008 -0.53625 0.01 0 0 2000 1 5 4.60517018598809 5 1000 1951 5
"548" "A" 0.08 -0.99 0.87625 1 0.5 2000 1 5 0.132103840633337 5 1000 7481 5
"549" "A" 0.08 -0.4125 0.505 1 1 2000 1 5 0.683196849706777 5 1000 5328 5
"550" "A" 0.008 -0.4125 0.34 0 1 2000 1 5 1.07880966137193 5 1000 1551 5
"551" "A" 0.008 -0.5775 0.95875 1 0 2000 1 5 0.042124926300671 5 1000 2242 5
"552" "A" 0.008 -0.2475 0.79375 1 0.5 2000 1 5 0.230986728775236 5 1000 1019 5
"553" "A" 0.08 -0.12375 0.505 0 0.5 2000 1 5 0.683196849706777 5 1000 4274 5
"554" "A" 0.08 -0.0825 0.21625 0 1 2000 1 5 1.53132013317015 5 1000 4083 5
"555" "A" 0.08 -0.53625 0.9175 0 1 2000 1 5 0.0861026990534116 5 1000 5835 5
"556" "A" 0.008 -0.5775 0.87625 0 0 2000 1 5 0.132103840633337 5 1000 2227 5
"557" "A" 0.008 -0.45375 0.835 0 0.5 2000 1 5 0.180323554131281 5 1000 1772 5
"558" "A" 0.08 -0.61875 0.505 1 0.5 2000 1 5 0.683196849706777 5 1000 6077 5
"559" "A" 0.08 -0.9075 0.7525 0 1 2000 1 5 0.284354282359106 5 1000 7161 5
"560" "A" 0.008 -0.4125 0.21625 0 0 2000 1 5 1.53132013317015 5 1000 1531 5
"561" "A" 0.08 0 0.54625 1 1 2000 1 5 0.604678532572337 5 1000 3834 5
"562" "A" 0.08 -0.37125 0.13375 0 0 2000 1 5 2.01178289320602 5 1000 5119 5
"563" "A" 0.08 -0.5775 0.4225 0 0.5 2000 1 5 0.861565832184908 5 1000 5912 5
"564" "A" 0.008 -0.2475 0.95875 0 1 2000 1 5 0.042124926300671 5 1000 1041 5
"565" "A" 0.08 -0.165 0.835 1 1 2000 1 5 0.180323554131281 5 1000 4476 5
"566" "A" 0.08 -0.0825 0.505 0 0.5 2000 1 5 0.683196849706777 5 1000 4124 5
"567" "A" 0.008 -0.61875 0.505 1 1 2000 1 5 0.683196849706777 5 1000 2328 5
"568" "A" 0.008 -0.94875 0.34 1 0.5 2000 1 5 1.07880966137193 5 1000 3503 5
"569" "A" 0.08 -0.61875 0.4225 0 0.5 2000 1 5 0.861565832184908 5 1000 6062 5
"570" "A" 0.08 -0.37125 0.46375 1 0.5 2000 1 5 0.768409665060492 5 1000 5171 5
"571" "A" 0.008 -0.12375 0.87625 0 0.5 2000 1 5 0.132103840633337 5 1000 578 5
"572" "A" 0.008 -0.495 0.67 1 0.5 2000 1 5 0.400477566597125 5 1000 1901 5
"573" "A" 0.08 -0.9075 0.95875 0 0.5 2000 1 5 0.042124926300671 5 1000 7190 5
"574" "A" 0.008 -0.86625 0.21625 1 0.5 2000 1 5 1.53132013317015 5 1000 3185 5
"575" "A" 0.008 -0.5775 1 0 0 2000 1 5 0 5 1000 2245 5
"576" "A" 0.008 -0.45375 0.46375 1 1 2000 1 5 0.768409665060492 5 1000 1722 5
"577" "A" 0.008 -0.12375 0.79375 0 0 2000 1 5 0.230986728775236 5 1000 565 5
"578" "A" 0.008 -0.66 0.505 1 1 2000 1 5 0.683196849706777 5 1000 2478 5
"579" "A" 0.08 -0.61875 0.21625 1 0 2000 1 5 1.53132013317015 5 1000 6034 5
"580" "A" 0.008 -0.70125 0.505 1 0 2000 1 5 0.683196849706777 5 1000 2626 5
"581" "A" 0.08 -0.825 0.01 0 1 2000 1 5 4.60517018598809 5 1000 6753 5
"582" "A" 0.08 -0.53625 0.67 0 0 2000 1 5 0.400477566597125 5 1000 5797 5
"583" "A" 0.008 -0.37125 0.7525 0 0.5 2000 1 5 0.284354282359106 5 1000 1460 5
"584" "A" 0.008 -0.86625 0.2575 0 0 2000 1 5 1.35673555887835 5 1000 3187 5
"585" "A" 0.08 -0.66 0.29875 1 0.5 2000 1 5 1.20814817573642 5 1000 6197 5
"586" "A" 0.08 -0.4125 0.5875 0 0.5 2000 1 5 0.531879032963823 5 1000 5336 5
"587" "A" 0.08 -0.61875 0.13375 1 0.5 2000 1 5 2.01178289320602 5 1000 6023 5
"588" "A" 0.008 -0.70125 0.505 1 1 2000 1 5 0.683196849706777 5 1000 2628 5
"589" "A" 0.008 -0.99 0.05125 0 0.5 2000 1 5 2.97103966096362 5 1000 3608 5
"590" "A" 0.08 -0.66 0.9175 1 0 2000 1 5 0.0861026990534116 5 1000 6286 5
"591" "A" 0.08 -0.28875 0.21625 1 0 2000 1 5 1.53132013317015 5 1000 4834 5
"592" "A" 0.08 -0.66 0.67 1 1 2000 1 5 0.400477566597125 5 1000 6252 5
"593" "A" 0.08 -0.78375 0.54625 1 0.5 2000 1 5 0.604678532572337 5 1000 6683 5
"594" "A" 0.08 -0.37125 0.67 1 0 2000 1 5 0.400477566597125 5 1000 5200 5
"595" "A" 0.08 -0.94875 0.05125 0 1 2000 1 5 2.97103966096362 5 1000 7209 5
"596" "A" 0.008 -0.495 0.13375 1 0.5 2000 1 5 2.01178289320602 5 1000 1823 5
"597" "A" 0.008 -0.7425 0.21625 0 0 2000 1 5 1.53132013317015 5 1000 2731 5
"598" "A" 0.008 -0.86625 0.01 1 1 2000 1 5 4.60517018598809 5 1000 3156 5
"599" "A" 0.08 -0.61875 0.7525 0 1 2000 1 5 0.284354282359106 5 1000 6111 5
"600" "A" 0.08 -0.94875 0.01 0 0 2000 1 5 4.60517018598809 5 1000 7201 5
"601" "A" 0.008 -0.20625 0.4225 1 0 2000 1 5 0.861565832184908 5 1000 814 5
"602" "A" 0.008 -0.0825 0.9175 0 1 2000 1 5 0.0861026990534116 5 1000 435 5
"603" "A" 0.08 -0.28875 0.71125 1 0.5 2000 1 5 0.340731293541596 5 1000 4907 5
"604" "A" 0.008 -0.7425 0.835 0 0 2000 1 5 0.180323554131281 5 1000 2821 5
"605" "A" 0.08 -0.70125 0.05125 0 1 2000 1 5 2.97103966096362 5 1000 6309 5
"606" "A" 0.08 -0.04125 0.38125 1 0.5 2000 1 5 0.964299951060516 5 1000 3959 5
"607" "A" 0.08 -0.28875 0.67 1 0.5 2000 1 5 0.400477566597125 5 1000 4901 5
"608" "A" 0.08 -0.04125 0.13375 0 0.5 2000 1 5 2.01178289320602 5 1000 3920 5
"609" "A" 0.08 -0.12375 0.21625 1 0.5 2000 1 5 1.53132013317015 5 1000 4235 5
"610" "A" 0.008 0 0.01 0 0 2000 1 5 4.60517018598809 5 1000 1 5
"611" "A" 0.08 -0.61875 0.62875 1 1 2000 1 5 0.464021557568188 5 1000 6096 5
"612" "A" 0.008 -0.45375 0.05125 0 0.5 2000 1 5 2.97103966096362 5 1000 1658 5
"613" "A" 0.008 -0.70125 0.9175 0 1 2000 1 5 0.0861026990534116 5 1000 2685 5
"614" "A" 0.008 -0.33 0.29875 0 0.5 2000 1 5 1.20814817573642 5 1000 1244 5
"615" "A" 0.08 -0.53625 0.54625 1 0 2000 1 5 0.604678532572337 5 1000 5782 5
"616" "A" 0.08 0 0.01 0 0.5 2000 1 5 4.60517018598809 5 1000 3752 5
"617" "A" 0.008 -0.9075 0.4225 1 0 2000 1 5 0.861565832184908 5 1000 3364 5
"618" "A" 0.008 -0.78375 0.4225 1 0 2000 1 5 0.861565832184908 5 1000 2914 5
"619" "A" 0.008 -0.0825 0.835 0 0.5 2000 1 5 0.180323554131281 5 1000 422 5
"620" "A" 0.008 -0.9075 0.0925 1 0.5 2000 1 5 2.38054663446376 5 1000 3317 5
"621" "A" 0.008 -0.4125 0.79375 1 1 2000 1 5 0.230986728775236 5 1000 1620 5
"622" "A" 0.008 -0.45375 0.9175 1 0 2000 1 5 0.0861026990534116 5 1000 1786 5
"623" "A" 0.008 -0.78375 0.7525 1 0 2000 1 5 0.284354282359106 5 1000 2962 5
"624" "A" 0.008 -0.37125 0.87625 1 0.5 2000 1 5 0.132103840633337 5 1000 1481 5
"625" "A" 0.008 -0.33 0.21625 0 0 2000 1 5 1.53132013317015 5 1000 1231 5
"626" "A" 0.08 -0.0825 0.505 1 0 2000 1 5 0.683196849706777 5 1000 4126 5
"627" "A" 0.08 -0.53625 0.34 1 1 2000 1 5 1.07880966137193 5 1000 5754 5
"628" "A" 0.008 -0.165 0.67 1 0 2000 1 5 0.400477566597125 5 1000 700 5
"629" "A" 0.08 -0.12375 0.5875 1 0.5 2000 1 5 0.531879032963823 5 1000 4289 5
"630" "A" 0.008 -0.495 1 0 1 2000 1 5 0 5 1000 1947 5
"631" "A" 0.08 -0.94875 0.71125 1 1 2000 1 5 0.340731293541596 5 1000 7308 5
"632" "A" 0.008 -0.7425 0.62875 1 0 2000 1 5 0.464021557568188 5 1000 2794 5
"633" "A" 0.008 -0.0825 0.79375 0 1 2000 1 5 0.230986728775236 5 1000 417 5
"634" "A" 0.08 -0.20625 0.79375 1 0.5 2000 1 5 0.230986728775236 5 1000 4619 5
"635" "A" 0.008 -0.04125 0.9175 0 0.5 2000 1 5 0.0861026990534116 5 1000 284 5
"636" "A" 0.08 -0.495 0.175 0 1 2000 1 5 1.74296930505862 5 1000 5577 5
"637" "A" 0.08 -0.825 0.67 0 0 2000 1 5 0.400477566597125 5 1000 6847 5
"638" "A" 0.008 -0.94875 0.835 0 0.5 2000 1 5 0.180323554131281 5 1000 3572 5
"639" "A" 0.08 -0.33 0.13375 0 1 2000 1 5 2.01178289320602 5 1000 4971 5
"640" "A" 0.08 -0.70125 0.175 1 0 2000 1 5 1.74296930505862 5 1000 6328 5
"641" "A" 0.08 -0.165 0.01 0 0 2000 1 5 4.60517018598809 5 1000 4351 5
"642" "A" 0.008 -0.20625 0.175 0 0 2000 1 5 1.74296930505862 5 1000 775 5
"643" "A" 0.08 -0.94875 0.34 1 0 2000 1 5 1.07880966137193 5 1000 7252 5
"644" "A" 0.008 -0.86625 0.87625 0 0.5 2000 1 5 0.132103840633337 5 1000 3278 5
"645" "A" 0.008 -0.33 0.54625 1 1 2000 1 5 0.604678532572337 5 1000 1284 5
"646" "A" 0.08 -0.0825 0.5875 1 0 2000 1 5 0.531879032963823 5 1000 4138 5
"647" "A" 0.008 -0.165 0.7525 1 0.5 2000 1 5 0.284354282359106 5 1000 713 5
"648" "A" 0.08 0 0.67 0 1 2000 1 5 0.400477566597125 5 1000 3849 5
"649" "A" 0.08 -0.70125 0.71125 0 0.5 2000 1 5 0.340731293541596 5 1000 6404 5
"650" "A" 0.08 -0.53625 0.7525 0 1 2000 1 5 0.284354282359106 5 1000 5811 5
"651" "A" 0.008 -0.99 0.9175 0 0 2000 1 5 0.0861026990534116 5 1000 3733 5
"652" "A" 0.008 -0.5775 0.835 0 0 2000 1 5 0.180323554131281 5 1000 2221 5
"653" "A" 0.08 -0.61875 0.29875 1 1 2000 1 5 1.20814817573642 5 1000 6048 5
"654" "A" 0.08 -0.2475 0.7525 1 0 2000 1 5 0.284354282359106 5 1000 4762 5
"655" "A" 0.008 -0.66 1 1 1 2000 1 5 0 5 1000 2550 5
"656" "A" 0.08 -0.495 0.13375 0 0 2000 1 5 2.01178289320602 5 1000 5569 5
"657" "A" 0.08 -0.33 0.01 1 1 2000 1 5 4.60517018598809 5 1000 4956 5
"658" "A" 0.008 -0.4125 0.9175 0 0.5 2000 1 5 0.0861026990534116 5 1000 1634 5
"659" "A" 0.008 -0.04125 0.9175 1 0 2000 1 5 0.0861026990534116 5 1000 286 5
"660" "A" 0.08 -0.99 0.2575 1 0.5 2000 1 5 1.35673555887835 5 1000 7391 5
"661" "A" 0.08 -0.99 0.54625 0 1 2000 1 5 0.604678532572337 5 1000 7431 5
"662" "A" 0.008 -0.61875 0.05125 1 0 2000 1 5 2.97103966096362 5 1000 2260 5
"663" "A" 0.08 -0.165 0.54625 1 0.5 2000 1 5 0.604678532572337 5 1000 4433 5
"664" "A" 0.008 -0.12375 0.29875 1 0.5 2000 1 5 1.20814817573642 5 1000 497 5
"665" "A" 0.08 -0.2475 0.95875 0 0 2000 1 5 0.042124926300671 5 1000 4789 5
"666" "A" 0.008 -0.4125 0.79375 0 0.5 2000 1 5 0.230986728775236 5 1000 1616 5
"667" "A" 0.008 -0.9075 0.01 0 1 2000 1 5 4.60517018598809 5 1000 3303 5
"668" "A" 0.08 -0.45375 0.34 0 0 2000 1 5 1.07880966137193 5 1000 5449 5
"669" "A" 0.08 -0.33 0.13375 1 1 2000 1 5 2.01178289320602 5 1000 4974 5
"670" "A" 0.008 -0.53625 0.62875 0 1 2000 1 5 0.464021557568188 5 1000 2043 5
"671" "A" 0.008 -0.2475 0.175 0 1 2000 1 5 1.74296930505862 5 1000 927 5
"672" "A" 0.008 -0.0825 0.29875 0 0.5 2000 1 5 1.20814817573642 5 1000 344 5
"673" "A" 0.08 -0.61875 0.13375 1 1 2000 1 5 2.01178289320602 5 1000 6024 5
"674" "A" 0.008 -0.5775 0.79375 1 1 2000 1 5 0.230986728775236 5 1000 2220 5
"675" "A" 0.008 -0.20625 0.29875 1 1 2000 1 5 1.20814817573642 5 1000 798 5
"676" "A" 0.08 -0.7425 0.175 0 0 2000 1 5 1.74296930505862 5 1000 6475 5
"677" "A" 0.008 -0.86625 0.54625 1 1 2000 1 5 0.604678532572337 5 1000 3234 5
"678" "A" 0.08 -0.66 0.5875 1 0.5 2000 1 5 0.531879032963823 5 1000 6239 5
"679" "A" 0.008 -0.99 0.46375 0 0.5 2000 1 5 0.768409665060492 5 1000 3668 5
"680" "A" 0.08 -0.825 0.0925 1 0 2000 1 5 2.38054663446376 5 1000 6766 5
"681" "A" 0.08 -0.78375 0.4225 0 0 2000 1 5 0.861565832184908 5 1000 6661 5
"682" "A" 0.008 -0.495 0.01 0 0 2000 1 5 4.60517018598809 5 1000 1801 5
"683" "A" 0.008 -0.66 0.46375 1 0 2000 1 5 0.768409665060492 5 1000 2470 5
"684" "A" 0.008 -0.99 0.87625 1 1 2000 1 5 0.132103840633337 5 1000 3732 5
"685" "A" 0.008 -0.94875 0.29875 0 0.5 2000 1 5 1.20814817573642 5 1000 3494 5
"686" "A" 0.008 -0.7425 0.71125 1 0 2000 1 5 0.340731293541596 5 1000 2806 5
"687" "A" 0.08 -0.61875 0.7525 1 0 2000 1 5 0.284354282359106 5 1000 6112 5
"688" "A" 0.008 -0.20625 0.01 1 1 2000 1 5 4.60517018598809 5 1000 756 5
"689" "A" 0.08 -0.53625 0.54625 1 0.5 2000 1 5 0.604678532572337 5 1000 5783 5
"690" "A" 0.008 -0.61875 0.79375 1 0.5 2000 1 5 0.230986728775236 5 1000 2369 5
"691" "A" 0.008 -0.0825 0.175 1 1 2000 1 5 1.74296930505862 5 1000 330 5
"692" "A" 0.008 -0.33 0.46375 1 0.5 2000 1 5 0.768409665060492 5 1000 1271 5
"693" "A" 0.08 -0.9075 0.95875 1 1 2000 1 5 0.042124926300671 5 1000 7194 5
"694" "A" 0.008 -0.2475 0.835 1 0.5 2000 1 5 0.180323554131281 5 1000 1025 5
"695" "A" 0.08 -0.20625 0.175 1 1 2000 1 5 1.74296930505862 5 1000 4530 5
"696" "A" 0.008 -0.9075 0.54625 1 1 2000 1 5 0.604678532572337 5 1000 3384 5
"697" "A" 0.008 -0.4125 0.05125 1 1 2000 1 5 2.97103966096362 5 1000 1512 5
"698" "A" 0.08 -0.4125 0.95875 0 1 2000 1 5 0.042124926300671 5 1000 5391 5
"699" "A" 0.08 -0.61875 0.95875 0 0.5 2000 1 5 0.042124926300671 5 1000 6140 5
"700" "A" 0.008 -0.94875 0.0925 1 0.5 2000 1 5 2.38054663446376 5 1000 3467 5
"701" "A" 0.008 -0.7425 0.0925 1 1 2000 1 5 2.38054663446376 5 1000 2718 5
"702" "A" 0.008 -0.53625 0.2575 1 0.5 2000 1 5 1.35673555887835 5 1000 1991 5
"703" "A" 0.08 -0.70125 0.7525 0 0 2000 1 5 0.284354282359106 5 1000 6409 5
"704" "A" 0.008 -0.2475 0.9175 0 0 2000 1 5 0.0861026990534116 5 1000 1033 5
"705" "A" 0.008 -0.94875 0.21625 1 0.5 2000 1 5 1.53132013317015 5 1000 3485 5
"706" "A" 0.008 -0.78375 0.175 1 0 2000 1 5 1.74296930505862 5 1000 2878 5
"707" "A" 0.008 -0.99 0.01 0 0 2000 1 5 4.60517018598809 5 1000 3601 5
"708" "A" 0.08 -0.5775 0.505 0 1 2000 1 5 0.683196849706777 5 1000 5925 5
"709" "A" 0.008 -0.12375 1 0 1 2000 1 5 0 5 1000 597 5
"710" "A" 0.08 -0.165 0.67 1 0 2000 1 5 0.400477566597125 5 1000 4450 5
"711" "A" 0.08 0 0.46375 0 0.5 2000 1 5 0.768409665060492 5 1000 3818 5
"712" "A" 0.008 0 0.13375 0 1 2000 1 5 2.01178289320602 5 1000 21 5
"713" "A" 0.008 -0.70125 0.79375 0 0 2000 1 5 0.230986728775236 5 1000 2665 5
"714" "A" 0.08 -0.61875 0.4225 1 0 2000 1 5 0.861565832184908 5 1000 6064 5
"715" "A" 0.08 -0.4125 0.21625 0 1 2000 1 5 1.53132013317015 5 1000 5283 5
"716" "A" 0.008 -0.53625 1 1 0.5 2000 1 5 0 5 1000 2099 5
"717" "A" 0.008 -0.33 0.05125 0 0.5 2000 1 5 2.97103966096362 5 1000 1208 5
"718" "A" 0.008 -0.9075 0.67 1 0 2000 1 5 0.400477566597125 5 1000 3400 5
"719" "A" 0.08 -0.37125 0.67 1 1 2000 1 5 0.400477566597125 5 1000 5202 5
"720" "A" 0.008 -0.66 0.505 0 0.5 2000 1 5 0.683196849706777 5 1000 2474 5
"721" "A" 0.008 -0.33 0.835 0 0 2000 1 5 0.180323554131281 5 1000 1321 5
"722" "A" 0.008 -0.495 0.95875 0 0 2000 1 5 0.042124926300671 5 1000 1939 5
"723" "A" 0.008 -0.9075 0.34 0 0 2000 1 5 1.07880966137193 5 1000 3349 5
"724" "A" 0.08 -0.33 0.05125 1 0 2000 1 5 2.97103966096362 5 1000 4960 5
"725" "A" 0.008 -0.165 0.46375 1 0 2000 1 5 0.768409665060492 5 1000 670 5
"726" "A" 0.008 -0.94875 0.175 0 0 2000 1 5 1.74296930505862 5 1000 3475 5
"727" "A" 0.008 -0.28875 0.2575 1 0.5 2000 1 5 1.35673555887835 5 1000 1091 5
"728" "A" 0.08 -0.12375 0.13375 1 1 2000 1 5 2.01178289320602 5 1000 4224 5
"729" "A" 0.008 -0.12375 0.175 1 0.5 2000 1 5 1.74296930505862 5 1000 479 5
"730" "A" 0.008 -0.61875 0.38125 1 1 2000 1 5 0.964299951060516 5 1000 2310 5
"731" "A" 0.08 -0.7425 0.05125 0 0.5 2000 1 5 2.97103966096362 5 1000 6458 5
"732" "A" 0.08 -0.37125 0.05125 0 0.5 2000 1 5 2.97103966096362 5 1000 5108 5
"733" "A" 0.008 -0.28875 1 0 0.5 2000 1 5 0 5 1000 1196 5
"734" "A" 0.008 0 0.175 0 0.5 2000 1 5 1.74296930505862 5 1000 26 5
"735" "A" 0.008 -0.20625 0.9175 1 0.5 2000 1 5 0.0861026990534116 5 1000 887 5
"736" "A" 0.008 -0.45375 0.4225 0 1 2000 1 5 0.861565832184908 5 1000 1713 5
"737" "A" 0.08 -0.99 0.71125 1 0.5 2000 1 5 0.340731293541596 5 1000 7457 5
"738" "A" 0.008 -0.04125 0.71125 1 0.5 2000 1 5 0.340731293541596 5 1000 257 5
"739" "A" 0.08 -0.61875 0.835 0 0 2000 1 5 0.180323554131281 5 1000 6121 5
"740" "A" 0.08 0 0.29875 0 0 2000 1 5 1.20814817573642 5 1000 3793 5
"741" "A" 0.008 -0.4125 0.67 1 0 2000 1 5 0.400477566597125 5 1000 1600 5
"742" "A" 0.08 -0.0825 0.34 0 1 2000 1 5 1.07880966137193 5 1000 4101 5
"743" "A" 0.008 -0.45375 0.13375 1 1 2000 1 5 2.01178289320602 5 1000 1674 5
"744" "A" 0.008 -0.7425 0.38125 0 0 2000 1 5 0.964299951060516 5 1000 2755 5
"745" "A" 0.008 -0.37125 0.9175 0 0 2000 1 5 0.0861026990534116 5 1000 1483 5
"746" "A" 0.008 -0.99 0.4225 0 0 2000 1 5 0.861565832184908 5 1000 3661 5
"747" "A" 0.008 -0.61875 0.46375 0 0 2000 1 5 0.768409665060492 5 1000 2317 5
"748" "A" 0.08 -0.2475 0.67 1 0 2000 1 5 0.400477566597125 5 1000 4750 5
"749" "A" 0.08 -0.0825 0.79375 1 0.5 2000 1 5 0.230986728775236 5 1000 4169 5
"750" "A" 0.08 -0.61875 0.13375 0 1 2000 1 5 2.01178289320602 5 1000 6021 5
"751" "A" 0.08 -0.78375 0.62875 0 0.5 2000 1 5 0.464021557568188 5 1000 6692 5
"752" "A" 0.008 -0.70125 0.01 0 0 2000 1 5 4.60517018598809 5 1000 2551 5
"753" "A" 0.008 -0.4125 0.46375 1 0.5 2000 1 5 0.768409665060492 5 1000 1571 5
"754" "A" 0.008 -0.70125 0.46375 1 0.5 2000 1 5 0.768409665060492 5 1000 2621 5
"755" "A" 0.008 -0.37125 0.46375 1 1 2000 1 5 0.768409665060492 5 1000 1422 5
"756" "A" 0.008 -0.33 0.505 1 0 2000 1 5 0.683196849706777 5 1000 1276 5
"757" "A" 0.08 -0.70125 0.62875 1 0 2000 1 5 0.464021557568188 5 1000 6394 5
"758" "A" 0.08 -0.12375 0.62875 0 0 2000 1 5 0.464021557568188 5 1000 4291 5
"759" "A" 0.008 -0.20625 1 1 0.5 2000 1 5 0 5 1000 899 5
"760" "A" 0.08 -0.66 0.54625 0 1 2000 1 5 0.604678532572337 5 1000 6231 5
"761" "A" 0.008 -0.45375 0.67 1 1 2000 1 5 0.400477566597125 5 1000 1752 5
"762" "A" 0.008 -0.66 0.13375 0 1 2000 1 5 2.01178289320602 5 1000 2421 5
"763" "A" 0.08 -0.86625 0.71125 0 1 2000 1 5 0.340731293541596 5 1000 7005 5
"764" "A" 0.008 -0.7425 0.05125 1 0.5 2000 1 5 2.97103966096362 5 1000 2711 5
"765" "A" 0.08 -0.7425 0.05125 1 0.5 2000 1 5 2.97103966096362 5 1000 6461 5
"766" "A" 0.008 -0.45375 0.34 0 1 2000 1 5 1.07880966137193 5 1000 1701 5
"767" "A" 0.008 -0.66 0.01 0 1 2000 1 5 4.60517018598809 5 1000 2403 5
"768" "A" 0.008 -0.37125 0.95875 0 0 2000 1 5 0.042124926300671 5 1000 1489 5
"769" "A" 0.08 -0.4125 0.175 1 0 2000 1 5 1.74296930505862 5 1000 5278 5
"770" "A" 0.08 -0.37125 0.95875 0 0 2000 1 5 0.042124926300671 5 1000 5239 5
"771" "A" 0.008 -0.825 0.29875 1 1 2000 1 5 1.20814817573642 5 1000 3048 5
"772" "A" 0.008 -0.825 0.62875 0 0 2000 1 5 0.464021557568188 5 1000 3091 5
"773" "A" 0.08 -0.7425 0.9175 1 0.5 2000 1 5 0.0861026990534116 5 1000 6587 5
"774" "A" 0.008 -0.4125 0.835 0 0 2000 1 5 0.180323554131281 5 1000 1621 5
"775" "A" 0.008 -0.61875 0.05125 0 0 2000 1 5 2.97103966096362 5 1000 2257 5
"776" "A" 0.008 -0.7425 0.175 0 0 2000 1 5 1.74296930505862 5 1000 2725 5
"777" "A" 0.08 -0.7425 0.505 0 0.5 2000 1 5 0.683196849706777 5 1000 6524 5
"778" "A" 0.008 -0.99 0.835 1 0 2000 1 5 0.180323554131281 5 1000 3724 5
"779" "A" 0.008 -0.86625 0.0925 0 0 2000 1 5 2.38054663446376 5 1000 3163 5
"780" "A" 0.008 -0.12375 0.5875 0 1 2000 1 5 0.531879032963823 5 1000 537 5
"781" "A" 0.008 -0.45375 0.71125 1 1 2000 1 5 0.340731293541596 5 1000 1758 5
"782" "A" 0.08 -0.04125 0.505 1 0 2000 1 5 0.683196849706777 5 1000 3976 5
"783" "A" 0.008 -0.20625 0.5875 1 0.5 2000 1 5 0.531879032963823 5 1000 839 5
"784" "A" 0.008 -0.4125 0.175 1 1 2000 1 5 1.74296930505862 5 1000 1530 5
"785" "A" 0.08 -0.495 0.2575 1 0 2000 1 5 1.35673555887835 5 1000 5590 5
"786" "A" 0.008 0 1 0 1 2000 1 5 0 5 1000 147 5
"787" "A" 0.08 -0.86625 0.38125 1 0.5 2000 1 5 0.964299951060516 5 1000 6959 5
"788" "A" 0.008 -0.2475 0.01 0 0 2000 1 5 4.60517018598809 5 1000 901 5
"789" "A" 0.008 -0.37125 0.21625 0 0 2000 1 5 1.53132013317015 5 1000 1381 5
"790" "A" 0.08 -0.2475 0.29875 0 0 2000 1 5 1.20814817573642 5 1000 4693 5
"791" "A" 0.008 -0.7425 0.5875 0 0.5 2000 1 5 0.531879032963823 5 1000 2786 5
"792" "A" 0.008 -0.28875 0.4225 1 0 2000 1 5 0.861565832184908 5 1000 1114 5
"793" "A" 0.08 -0.53625 0.175 1 1 2000 1 5 1.74296930505862 5 1000 5730 5
"794" "A" 0.008 -0.70125 0.01 1 0 2000 1 5 4.60517018598809 5 1000 2554 5
"795" "A" 0.008 -0.04125 0.0925 1 1 2000 1 5 2.38054663446376 5 1000 168 5
"796" "A" 0.08 -0.86625 0.46375 0 0.5 2000 1 5 0.768409665060492 5 1000 6968 5
"797" "A" 0.008 -0.33 0.2575 0 0.5 2000 1 5 1.35673555887835 5 1000 1238 5
"798" "A" 0.008 -0.165 0.175 0 0 2000 1 5 1.74296930505862 5 1000 625 5
"799" "A" 0.08 -0.86625 0.175 1 0.5 2000 1 5 1.74296930505862 5 1000 6929 5
"800" "A" 0.08 -0.99 0.87625 1 1 2000 1 5 0.132103840633337 5 1000 7482 5
"801" "A" 0.008 -0.53625 0.29875 1 1 2000 1 5 1.20814817573642 5 1000 1998 5
"802" "A" 0.008 -0.33 0.62875 0 1 2000 1 5 0.464021557568188 5 1000 1293 5
"803" "A" 0.08 -0.495 0.79375 1 0.5 2000 1 5 0.230986728775236 5 1000 5669 5
"804" "A" 0.08 -0.20625 0.67 1 0.5 2000 1 5 0.400477566597125 5 1000 4601 5
"805" "A" 0.008 -0.0825 0.175 1 0 2000 1 5 1.74296930505862 5 1000 328 5
"806" "A" 0.08 -0.825 0.71125 0 1 2000 1 5 0.340731293541596 5 1000 6855 5
"807" "A" 0.008 -0.70125 1 1 0.5 2000 1 5 0 5 1000 2699 5
"808" "A" 0.008 -0.9075 0.38125 0 1 2000 1 5 0.964299951060516 5 1000 3357 5
"809" "A" 0.008 -0.7425 0.9175 0 0 2000 1 5 0.0861026990534116 5 1000 2833 5
"810" "A" 0.08 -0.61875 0.54625 1 0.5 2000 1 5 0.604678532572337 5 1000 6083 5
"811" "A" 0.008 -0.04125 0.5875 1 0.5 2000 1 5 0.531879032963823 5 1000 239 5
"812" "A" 0.08 -0.94875 0.175 0 0.5 2000 1 5 1.74296930505862 5 1000 7226 5
"813" "A" 0.08 -0.7425 0.835 1 0.5 2000 1 5 0.180323554131281 5 1000 6575 5
"814" "A" 0.08 -0.0825 0.95875 0 1 2000 1 5 0.042124926300671 5 1000 4191 5
"815" "A" 0.08 -0.04125 0.2575 0 0.5 2000 1 5 1.35673555887835 5 1000 3938 5
"816" "A" 0.08 -0.86625 0.5875 1 1 2000 1 5 0.531879032963823 5 1000 6990 5
"817" "A" 0.08 -0.28875 0.2575 0 0.5 2000 1 5 1.35673555887835 5 1000 4838 5
"818" "A" 0.008 -0.2475 0.4225 1 0.5 2000 1 5 0.861565832184908 5 1000 965 5
"819" "A" 0.08 -0.04125 1 0 0 2000 1 5 0 5 1000 4045 5
"820" "A" 0.08 -0.9075 0.5875 0 0.5 2000 1 5 0.531879032963823 5 1000 7136 5
"821" "A" 0.08 -0.825 0.87625 0 0 2000 1 5 0.132103840633337 5 1000 6877 5
"822" "A" 0.08 -0.37125 0.46375 0 0 2000 1 5 0.768409665060492 5 1000 5167 5
"823" "A" 0.08 -0.0825 0.34 0 0.5 2000 1 5 1.07880966137193 5 1000 4100 5
"824" "A" 0.008 -0.20625 0.54625 1 0 2000 1 5 0.604678532572337 5 1000 832 5
"825" "A" 0.08 -0.9075 0.505 1 0.5 2000 1 5 0.683196849706777 5 1000 7127 5
"826" "A" 0.008 -0.70125 0.9175 1 1 2000 1 5 0.0861026990534116 5 1000 2688 5
"827" "A" 0.008 -0.20625 0.79375 1 1 2000 1 5 0.230986728775236 5 1000 870 5
"828" "A" 0.008 -0.20625 0.46375 1 0.5 2000 1 5 0.768409665060492 5 1000 821 5
"829" "A" 0.008 -0.4125 0.54625 1 1 2000 1 5 0.604678532572337 5 1000 1584 5
"830" "A" 0.008 -0.33 0.175 1 1 2000 1 5 1.74296930505862 5 1000 1230 5
"831" "A" 0.008 -0.28875 0.5875 0 0.5 2000 1 5 0.531879032963823 5 1000 1136 5
"832" "A" 0.08 -0.99 0.175 0 0.5 2000 1 5 1.74296930505862 5 1000 7376 5
"833" "A" 0.08 -0.9075 0.71125 1 1 2000 1 5 0.340731293541596 5 1000 7158 5
"834" "A" 0.008 -0.28875 0.175 1 1 2000 1 5 1.74296930505862 5 1000 1080 5
"835" "A" 0.08 -0.99 0.67 1 0 2000 1 5 0.400477566597125 5 1000 7450 5
"836" "A" 0.008 -0.37125 0.87625 1 0 2000 1 5 0.132103840633337 5 1000 1480 5
"837" "A" 0.08 -0.12375 0.54625 1 0.5 2000 1 5 0.604678532572337 5 1000 4283 5
"838" "A" 0.08 -0.33 0.67 1 0 2000 1 5 0.400477566597125 5 1000 5050 5
"839" "A" 0.08 -0.825 0.79375 1 0.5 2000 1 5 0.230986728775236 5 1000 6869 5
"840" "A" 0.008 -0.99 0.79375 0 0.5 2000 1 5 0.230986728775236 5 1000 3716 5
"841" "A" 0.008 -0.33 0.505 1 0.5 2000 1 5 0.683196849706777 5 1000 1277 5
"842" "A" 0.08 -0.4125 0.0925 1 0.5 2000 1 5 2.38054663446376 5 1000 5267 5
"843" "A" 0.008 -0.61875 0.835 1 0.5 2000 1 5 0.180323554131281 5 1000 2375 5
"844" "A" 0.08 -0.94875 0.5875 0 1 2000 1 5 0.531879032963823 5 1000 7287 5
"845" "A" 0.08 -0.37125 0.71125 0 1 2000 1 5 0.340731293541596 5 1000 5205 5
"846" "A" 0.008 -0.66 0.38125 0 0.5 2000 1 5 0.964299951060516 5 1000 2456 5
"847" "A" 0.08 -0.66 0.5875 1 0 2000 1 5 0.531879032963823 5 1000 6238 5
"848" "A" 0.008 -0.495 0.05125 0 0 2000 1 5 2.97103966096362 5 1000 1807 5
"849" "A" 0.008 -0.37125 0.54625 1 0.5 2000 1 5 0.604678532572337 5 1000 1433 5
"850" "A" 0.008 -0.165 0.54625 1 0.5 2000 1 5 0.604678532572337 5 1000 683 5
"851" "A" 0.008 -0.0825 0.95875 1 0 2000 1 5 0.042124926300671 5 1000 442 5
"852" "A" 0.08 -0.165 0.46375 1 0 2000 1 5 0.768409665060492 5 1000 4420 5
"853" "A" 0.08 -0.53625 0.5875 0 1 2000 1 5 0.531879032963823 5 1000 5787 5
"854" "A" 0.008 -0.5775 0.62875 1 0.5 2000 1 5 0.464021557568188 5 1000 2195 5
"855" "A" 0.08 -0.33 0.62875 0 0 2000 1 5 0.464021557568188 5 1000 5041 5
"856" "A" 0.008 -0.4125 0.46375 1 1 2000 1 5 0.768409665060492 5 1000 1572 5
"857" "A" 0.008 -0.2475 0.5875 0 0 2000 1 5 0.531879032963823 5 1000 985 5
"858" "A" 0.08 -0.53625 0.835 0 0.5 2000 1 5 0.180323554131281 5 1000 5822 5
"859" "A" 0.008 -0.70125 0.5875 1 0.5 2000 1 5 0.531879032963823 5 1000 2639 5
"860" "A" 0.008 -0.825 0.21625 1 1 2000 1 5 1.53132013317015 5 1000 3036 5
"861" "A" 0.008 -0.7425 0.38125 0 0.5 2000 1 5 0.964299951060516 5 1000 2756 5
"862" "A" 0.08 -0.99 0.7525 1 0.5 2000 1 5 0.284354282359106 5 1000 7463 5
"863" "A" 0.08 -0.33 0.2575 1 0.5 2000 1 5 1.35673555887835 5 1000 4991 5
"864" "A" 0.008 -0.53625 0.46375 1 0 2000 1 5 0.768409665060492 5 1000 2020 5
"865" "A" 0.08 -0.37125 0.5875 0 1 2000 1 5 0.531879032963823 5 1000 5187 5
"866" "A" 0.08 -0.04125 0.38125 0 0 2000 1 5 0.964299951060516 5 1000 3955 5
"867" "A" 0.08 -0.5775 0.38125 1 0.5 2000 1 5 0.964299951060516 5 1000 5909 5
"868" "A" 0.008 -0.53625 0.34 0 1 2000 1 5 1.07880966137193 5 1000 2001 5
"869" "A" 0.008 -0.165 0.87625 0 0 2000 1 5 0.132103840633337 5 1000 727 5
"870" "A" 0.008 -0.78375 0.38125 1 1 2000 1 5 0.964299951060516 5 1000 2910 5
"871" "A" 0.08 -0.78375 0.0925 1 1 2000 1 5 2.38054663446376 5 1000 6618 5
"872" "A" 0.008 -0.61875 0.2575 1 1 2000 1 5 1.35673555887835 5 1000 2292 5
"873" "A" 0.008 -0.825 0.38125 1 0 2000 1 5 0.964299951060516 5 1000 3058 5
"874" "A" 0.08 -0.86625 0.0925 0 1 2000 1 5 2.38054663446376 5 1000 6915 5
"875" "A" 0.008 -0.165 0.62875 0 0 2000 1 5 0.464021557568188 5 1000 691 5
"876" "A" 0.008 -0.99 0.13375 0 1 2000 1 5 2.01178289320602 5 1000 3621 5
"877" "A" 0.08 -0.5775 1 1 0.5 2000 1 5 0 5 1000 5999 5
"878" "A" 0.08 -0.5775 0.71125 0 0 2000 1 5 0.340731293541596 5 1000 5953 5
"879" "A" 0.08 -0.12375 1 1 0.5 2000 1 5 0 5 1000 4349 5
"880" "A" 0.08 -0.28875 0.4225 1 1 2000 1 5 0.861565832184908 5 1000 4866 5
"881" "A" 0.08 0 0.46375 1 1 2000 1 5 0.768409665060492 5 1000 3822 5
"882" "A" 0.008 -0.0825 0.87625 1 1 2000 1 5 0.132103840633337 5 1000 432 5
"883" "A" 0.008 -0.5775 1 0 1 2000 1 5 0 5 1000 2247 5
"884" "A" 0.008 -0.20625 0.29875 1 0.5 2000 1 5 1.20814817573642 5 1000 797 5
"885" "A" 0.08 0 0.87625 1 1 2000 1 5 0.132103840633337 5 1000 3882 5
"886" "A" 0.08 -0.78375 0.29875 0 1 2000 1 5 1.20814817573642 5 1000 6645 5
"887" "A" 0.008 -0.66 0.29875 1 0.5 2000 1 5 1.20814817573642 5 1000 2447 5
"888" "A" 0.08 -0.12375 0.4225 0 0.5 2000 1 5 0.861565832184908 5 1000 4262 5
"889" "A" 0.008 -0.78375 0.29875 1 0 2000 1 5 1.20814817573642 5 1000 2896 5
"890" "A" 0.08 -0.37125 1 0 1 2000 1 5 0 5 1000 5247 5
"891" "A" 0.08 -0.9075 0.29875 1 1 2000 1 5 1.20814817573642 5 1000 7098 5
"892" "A" 0.08 -0.165 0.175 1 0 2000 1 5 1.74296930505862 5 1000 4378 5
"893" "A" 0.08 -0.165 0.54625 0 0 2000 1 5 0.604678532572337 5 1000 4429 5
"894" "A" 0.008 -0.04125 0.21625 0 0 2000 1 5 1.53132013317015 5 1000 181 5
"895" "A" 0.08 -0.66 0.62875 1 0 2000 1 5 0.464021557568188 5 1000 6244 5
"896" "A" 0.008 -0.86625 0.54625 1 0.5 2000 1 5 0.604678532572337 5 1000 3233 5
"897" "A" 0.08 -0.99 0.29875 1 0.5 2000 1 5 1.20814817573642 5 1000 7397 5
"898" "A" 0.08 -0.2475 0.54625 1 0 2000 1 5 0.604678532572337 5 1000 4732 5
"899" "A" 0.08 -0.165 1 1 0 2000 1 5 0 5 1000 4498 5
"900" "A" 0.008 -0.165 0.62875 1 0 2000 1 5 0.464021557568188 5 1000 694 5
"901" "A" 0.08 -0.165 0.67 0 0 2000 1 5 0.400477566597125 5 1000 4447 5
"902" "A" 0.008 -0.86625 0.5875 1 0 2000 1 5 0.531879032963823 5 1000 3238 5
"903" "A" 0.08 -0.9075 0.54625 0 0 2000 1 5 0.604678532572337 5 1000 7129 5
"904" "A" 0.008 -0.9075 0.5875 0 1 2000 1 5 0.531879032963823 5 1000 3387 5
"905" "A" 0.008 -0.2475 0.67 0 0.5 2000 1 5 0.400477566597125 5 1000 998 5
"906" "A" 0.08 -0.9075 0.46375 0 0.5 2000 1 5 0.768409665060492 5 1000 7118 5
"907" "A" 0.08 -0.12375 0.0925 1 1 2000 1 5 2.38054663446376 5 1000 4218 5
"908" "A" 0.008 -0.20625 0.2575 0 1 2000 1 5 1.35673555887835 5 1000 789 5
"909" "A" 0.08 -0.53625 1 1 0.5 2000 1 5 0 5 1000 5849 5
"910" "A" 0.08 -0.70125 0.835 1 1 2000 1 5 0.180323554131281 5 1000 6426 5
"911" "A" 0.008 -0.825 0.5875 1 1 2000 1 5 0.531879032963823 5 1000 3090 5
"912" "A" 0.08 -0.2475 0.38125 1 0.5 2000 1 5 0.964299951060516 5 1000 4709 5
"913" "A" 0.08 -0.61875 0.38125 0 0 2000 1 5 0.964299951060516 5 1000 6055 5
"914" "A" 0.008 -0.37125 0.01 0 0 2000 1 5 4.60517018598809 5 1000 1351 5
"915" "A" 0.08 -0.99 0.54625 1 0 2000 1 5 0.604678532572337 5 1000 7432 5
"916" "A" 0.008 -0.61875 1 0 1 2000 1 5 0 5 1000 2397 5
"917" "A" 0.008 -0.78375 0.05125 0 0 2000 1 5 2.97103966096362 5 1000 2857 5
"918" "A" 0.008 0 0.67 0 0.5 2000 1 5 0.400477566597125 5 1000 98 5
"919" "A" 0.08 -0.66 0.4225 1 0 2000 1 5 0.861565832184908 5 1000 6214 5
"920" "A" 0.008 -0.86625 0.29875 1 0 2000 1 5 1.20814817573642 5 1000 3196 5
"921" "A" 0.08 -0.12375 0.05125 1 0 2000 1 5 2.97103966096362 5 1000 4210 5
"922" "A" 0.008 -0.66 0.95875 1 0 2000 1 5 0.042124926300671 5 1000 2542 5
"923" "A" 0.08 -0.0825 0.29875 1 1 2000 1 5 1.20814817573642 5 1000 4098 5
"924" "A" 0.008 -0.495 0.9175 0 1 2000 1 5 0.0861026990534116 5 1000 1935 5
"925" "A" 0.008 -0.45375 0.79375 1 0.5 2000 1 5 0.230986728775236 5 1000 1769 5
"926" "A" 0.008 -0.165 0.79375 1 0.5 2000 1 5 0.230986728775236 5 1000 719 5
"927" "A" 0.08 -0.04125 0.71125 1 1 2000 1 5 0.340731293541596 5 1000 4008 5
"928" "A" 0.08 -0.33 0.2575 1 1 2000 1 5 1.35673555887835 5 1000 4992 5
"929" "A" 0.008 -0.2475 0.54625 0 0.5 2000 1 5 0.604678532572337 5 1000 980 5
"930" "A" 0.008 -0.495 1 1 0 2000 1 5 0 5 1000 1948 5
"931" "A" 0.08 -0.165 0.01 0 1 2000 1 5 4.60517018598809 5 1000 4353 5
"932" "A" 0.08 -0.825 0.34 1 0 2000 1 5 1.07880966137193 5 1000 6802 5
"933" "A" 0.008 -0.78375 0.01 1 1 2000 1 5 4.60517018598809 5 1000 2856 5
"934" "A" 0.08 -0.7425 0.87625 1 1 2000 1 5 0.132103840633337 5 1000 6582 5
"935" "A" 0.008 -0.78375 0.9175 1 1 2000 1 5 0.0861026990534116 5 1000 2988 5
"936" "A" 0.008 -0.33 0.9175 0 0.5 2000 1 5 0.0861026990534116 5 1000 1334 5
"937" "A" 0.008 -0.7425 0.87625 0 0 2000 1 5 0.132103840633337 5 1000 2827 5
"938" "A" 0.008 -0.5775 0.13375 1 0.5 2000 1 5 2.01178289320602 5 1000 2123 5
"939" "A" 0.08 -0.12375 0.5875 0 1 2000 1 5 0.531879032963823 5 1000 4287 5
"940" "A" 0.008 -0.9075 0.0925 1 0 2000 1 5 2.38054663446376 5 1000 3316 5
"941" "A" 0.08 -0.45375 0.175 1 0 2000 1 5 1.74296930505862 5 1000 5428 5
"942" "A" 0.08 -0.45375 0.79375 0 0.5 2000 1 5 0.230986728775236 5 1000 5516 5
"943" "A" 0.08 -0.9075 0.9175 1 1 2000 1 5 0.0861026990534116 5 1000 7188 5
"944" "A" 0.08 -0.165 0.9175 1 0.5 2000 1 5 0.0861026990534116 5 1000 4487 5
"945" "A" 0.008 -0.66 0.79375 1 1 2000 1 5 0.230986728775236 5 1000 2520 5
"946" "A" 0.08 -0.12375 0.13375 0 1 2000 1 5 2.01178289320602 5 1000 4221 5
"947" "A" 0.008 -0.825 0.7525 0 1 2000 1 5 0.284354282359106 5 1000 3111 5
"948" "A" 0.08 -0.9075 0.67 0 0.5 2000 1 5 0.400477566597125 5 1000 7148 5
"949" "A" 0.08 -0.12375 0.79375 0 1 2000 1 5 0.230986728775236 5 1000 4317 5
"950" "A" 0.08 -0.94875 0.7525 0 1 2000 1 5 0.284354282359106 5 1000 7311 5
"951" "A" 0.08 -0.2475 0.2575 0 1 2000 1 5 1.35673555887835 5 1000 4689 5
"952" "A" 0.008 -0.66 0.4225 0 0.5 2000 1 5 0.861565832184908 5 1000 2462 5
"953" "A" 0.008 -0.7425 0.2575 0 0 2000 1 5 1.35673555887835 5 1000 2737 5
"954" "A" 0.08 -0.86625 0.05125 0 0.5 2000 1 5 2.97103966096362 5 1000 6908 5
"955" "A" 0.08 -0.86625 0.05125 1 0 2000 1 5 2.97103966096362 5 1000 6910 5
"956" "A" 0.08 -0.20625 0.505 0 0 2000 1 5 0.683196849706777 5 1000 4573 5
"957" "A" 0.08 -0.7425 0.175 1 0 2000 1 5 1.74296930505862 5 1000 6478 5
"958" "A" 0.08 -0.45375 0.505 0 0 2000 1 5 0.683196849706777 5 1000 5473 5
"959" "A" 0.008 -0.7425 0.13375 0 0 2000 1 5 2.01178289320602 5 1000 2719 5
"960" "A" 0.08 -0.7425 0.0925 1 1 2000 1 5 2.38054663446376 5 1000 6468 5
"961" "A" 0.08 -0.2475 0.835 1 0.5 2000 1 5 0.180323554131281 5 1000 4775 5
"962" "A" 0.08 -0.0825 0.05125 1 0 2000 1 5 2.97103966096362 5 1000 4060 5
"963" "A" 0.08 0 0.87625 0 0.5 2000 1 5 0.132103840633337 5 1000 3878 5
"964" "A" 0.008 -0.2475 0.2575 0 0 2000 1 5 1.35673555887835 5 1000 937 5
"965" "A" 0.008 -0.61875 0.62875 1 1 2000 1 5 0.464021557568188 5 1000 2346 5
"966" "A" 0.008 0 0.29875 0 0.5 2000 1 5 1.20814817573642 5 1000 44 5
"967" "A" 0.08 0 0.29875 1 1 2000 1 5 1.20814817573642 5 1000 3798 5
"968" "A" 0.08 -0.99 0.505 0 0 2000 1 5 0.683196849706777 5 1000 7423 5
"969" "A" 0.08 -0.825 0.7525 0 1 2000 1 5 0.284354282359106 5 1000 6861 5
"970" "A" 0.08 -0.70125 0.13375 1 0.5 2000 1 5 2.01178289320602 5 1000 6323 5
"971" "A" 0.008 -0.9075 0.505 1 1 2000 1 5 0.683196849706777 5 1000 3378 5
"972" "A" 0.008 -0.04125 0.29875 0 1 2000 1 5 1.20814817573642 5 1000 195 5
"973" "A" 0.008 -0.20625 0.71125 1 0 2000 1 5 0.340731293541596 5 1000 856 5
"974" "A" 0.008 -0.4125 0.21625 1 0.5 2000 1 5 1.53132013317015 5 1000 1535 5
"975" "A" 0.08 -0.61875 0.13375 0 0.5 2000 1 5 2.01178289320602 5 1000 6020 5
"976" "A" 0.08 -0.7425 0.13375 0 0 2000 1 5 2.01178289320602 5 1000 6469 5
"977" "A" 0.008 -0.66 0.38125 1 1 2000 1 5 0.964299951060516 5 1000 2460 5
"978" "A" 0.08 -0.53625 0.4225 0 0 2000 1 5 0.861565832184908 5 1000 5761 5
"979" "A" 0.008 -0.2475 1 1 0.5 2000 1 5 0 5 1000 1049 5
"980" "A" 0.008 -0.20625 0.13375 0 1 2000 1 5 2.01178289320602 5 1000 771 5
"981" "A" 0.08 0 0.21625 0 0 2000 1 5 1.53132013317015 5 1000 3781 5
"982" "A" 0.008 -0.7425 0.95875 0 0.5 2000 1 5 0.042124926300671 5 1000 2840 5
"983" "A" 0.008 -0.94875 0.7525 0 0 2000 1 5 0.284354282359106 5 1000 3559 5
"984" "A" 0.08 -0.04125 0.835 1 1 2000 1 5 0.180323554131281 5 1000 4026 5
"985" "A" 0.08 -0.45375 0.67 1 0 2000 1 5 0.400477566597125 5 1000 5500 5
"986" "A" 0.008 -0.61875 0.46375 0 0.5 2000 1 5 0.768409665060492 5 1000 2318 5
"987" "A" 0.08 -0.70125 0.505 0 0.5 2000 1 5 0.683196849706777 5 1000 6374 5
"988" "A" 0.08 -0.2475 0.46375 1 0 2000 1 5 0.768409665060492 5 1000 4720 5
"989" "A" 0.08 -0.12375 1 1 0 2000 1 5 0 5 1000 4348 5
"990" "A" 0.008 -0.495 0.21625 0 1 2000 1 5 1.53132013317015 5 1000 1833 5
"991" "A" 0.008 -0.78375 0.87625 1 0.5 2000 1 5 0.132103840633337 5 1000 2981 5
"992" "A" 0.008 -0.94875 0.01 0 0 2000 1 5 4.60517018598809 5 1000 3451 5
"993" "A" 0.008 -0.66 0.79375 0 1 2000 1 5 0.230986728775236 5 1000 2517 5
"994" "A" 0.008 -0.99 0.4225 0 1 2000 1 5 0.861565832184908 5 1000 3663 5
"995" "A" 0.008 -0.04125 0.0925 0 1 2000 1 5 2.38054663446376 5 1000 165 5
"996" "A" 0.008 -0.78375 0.95875 1 1 2000 1 5 0.042124926300671 5 1000 2994 5
"997" "A" 0.008 -0.4125 0.21625 1 0 2000 1 5 1.53132013317015 5 1000 1534 5
"998" "A" 0.008 -0.5775 0.13375 0 1 2000 1 5 2.01178289320602 5 1000 2121 5
"999" "A" 0.008 -0.28875 0.01 0 1 2000 1 5 4.60517018598809 5 1000 1053 5
"1000" "A" 0.08 -0.825 0.54625 0 0 2000 1 5 0.604678532572337 5 1000 6829 5
"1001" "A" 0.008 -0.165 0.7525 0 0.5 2000 1 5 0.284354282359106 5 1000 710 5
"1002" "A" 0.08 -0.99 1 0 0 2000 1 5 0 5 1000 7495 5
"1003" "A" 0.08 -0.37125 0.175 1 1 2000 1 5 1.74296930505862 5 1000 5130 5
"1004" "A" 0.008 -0.61875 0.79375 0 1 2000 1 5 0.230986728775236 5 1000 2367 5
"1005" "A" 0.008 -0.66 0.9175 1 0 2000 1 5 0.0861026990534116 5 1000 2536 5
"1006" "A" 0.008 -0.2475 0.29875 1 0.5 2000 1 5 1.20814817573642 5 1000 947 5
"1007" "A" 0.08 -0.825 0.95875 1 0.5 2000 1 5 0.042124926300671 5 1000 6893 5
"1008" "A" 0.08 -0.165 0.01 0 0.5 2000 1 5 4.60517018598809 5 1000 4352 5
"1009" "A" 0.008 -0.2475 0.71125 0 0 2000 1 5 0.340731293541596 5 1000 1003 5
"1010" "A" 0.008 -0.20625 0.21625 1 1 2000 1 5 1.53132013317015 5 1000 786 5
"1011" "A" 0.008 -0.37125 0.67 0 0.5 2000 1 5 0.400477566597125 5 1000 1448 5
"1012" "A" 0.008 -0.9075 0.34 0 0.5 2000 1 5 1.07880966137193 5 1000 3350 5
"1013" "A" 0.08 -0.495 0.13375 1 0 2000 1 5 2.01178289320602 5 1000 5572 5
"1014" "A" 0.008 -0.5775 0.54625 0 1 2000 1 5 0.604678532572337 5 1000 2181 5
"1015" "A" 0.08 -0.2475 0.21625 0 0.5 2000 1 5 1.53132013317015 5 1000 4682 5
"1016" "A" 0.08 -0.2475 0.13375 0 0 2000 1 5 2.01178289320602 5 1000 4669 5
"1017" "A" 0.08 -0.20625 0.01 1 0.5 2000 1 5 4.60517018598809 5 1000 4505 5
"1018" "A" 0.008 -0.04125 0.54625 0 0 2000 1 5 0.604678532572337 5 1000 229 5
"1019" "A" 0.008 -0.165 0.13375 0 1 2000 1 5 2.01178289320602 5 1000 621 5
"1020" "A" 0.008 -0.20625 0.4225 1 1 2000 1 5 0.861565832184908 5 1000 816 5
"1021" "A" 0.08 -0.78375 0.79375 1 0 2000 1 5 0.230986728775236 5 1000 6718 5
"1022" "A" 0.008 -0.78375 0.21625 1 0.5 2000 1 5 1.53132013317015 5 1000 2885 5
"1023" "A" 0.008 -0.94875 0.95875 0 0.5 2000 1 5 0.042124926300671 5 1000 3590 5
"1024" "A" 0.08 -0.33 0.175 0 1 2000 1 5 1.74296930505862 5 1000 4977 5
"1025" "A" 0.08 -0.165 0.835 0 0.5 2000 1 5 0.180323554131281 5 1000 4472 5
"1026" "A" 0.08 0 0.46375 1 0 2000 1 5 0.768409665060492 5 1000 3820 5
"1027" "A" 0.008 -0.78375 0.54625 1 0 2000 1 5 0.604678532572337 5 1000 2932 5
"1028" "A" 0.08 -0.12375 0.34 0 1 2000 1 5 1.07880966137193 5 1000 4251 5
"1029" "A" 0.08 0 0.62875 0 1 2000 1 5 0.464021557568188 5 1000 3843 5
"1030" "A" 0.08 -0.20625 0.505 1 0 2000 1 5 0.683196849706777 5 1000 4576 5
"1031" "A" 0.008 -0.28875 0.505 0 1 2000 1 5 0.683196849706777 5 1000 1125 5
"1032" "A" 0.08 -0.61875 0.67 0 0 2000 1 5 0.400477566597125 5 1000 6097 5
"1033" "A" 0.08 -0.53625 0.79375 1 0.5 2000 1 5 0.230986728775236 5 1000 5819 5
"1034" "A" 0.08 -0.825 0.175 0 0.5 2000 1 5 1.74296930505862 5 1000 6776 5
"1035" "A" 0.08 -0.825 0.05125 0 0 2000 1 5 2.97103966096362 5 1000 6757 5
"1036" "A" 0.08 -0.66 0.5875 1 1 2000 1 5 0.531879032963823 5 1000 6240 5
"1037" "A" 0.08 -0.70125 0.71125 1 1 2000 1 5 0.340731293541596 5 1000 6408 5
"1038" "A" 0.008 -0.61875 0.87625 0 1 2000 1 5 0.132103840633337 5 1000 2379 5
"1039" "A" 0.008 -0.9075 0.62875 1 0 2000 1 5 0.464021557568188 5 1000 3394 5
"1040" "A" 0.008 -0.45375 0.5875 1 1 2000 1 5 0.531879032963823 5 1000 1740 5
"1041" "A" 0.008 -0.04125 0.13375 1 0.5 2000 1 5 2.01178289320602 5 1000 173 5
"1042" "A" 0.008 -0.78375 0.175 1 0.5 2000 1 5 1.74296930505862 5 1000 2879 5
"1043" "A" 0.008 -0.0825 0.54625 1 1 2000 1 5 0.604678532572337 5 1000 384 5
"1044" "A" 0.08 -0.0825 0.95875 0 0.5 2000 1 5 0.042124926300671 5 1000 4190 5
"1045" "A" 0.08 -0.5775 0.95875 1 0.5 2000 1 5 0.042124926300671 5 1000 5993 5
"1046" "A" 0.08 -0.7425 0.79375 0 0.5 2000 1 5 0.230986728775236 5 1000 6566 5
"1047" "A" 0.008 -0.7425 0.71125 1 0.5 2000 1 5 0.340731293541596 5 1000 2807 5
"1048" "A" 0.08 -0.7425 0.67 0 0 2000 1 5 0.400477566597125 5 1000 6547 5
"1049" "A" 0.008 -0.70125 0.29875 1 0 2000 1 5 1.20814817573642 5 1000 2596 5
"1050" "A" 0.08 -0.825 0.505 1 1 2000 1 5 0.683196849706777 5 1000 6828 5
"1051" "A" 0.008 -0.12375 0.71125 0 0 2000 1 5 0.340731293541596 5 1000 553 5
"1052" "A" 0.008 -0.33 0.835 1 1 2000 1 5 0.180323554131281 5 1000 1326 5
"1053" "A" 0.08 -0.165 0.38125 0 1 2000 1 5 0.964299951060516 5 1000 4407 5
"1054" "A" 0.08 -0.20625 0.71125 1 0.5 2000 1 5 0.340731293541596 5 1000 4607 5
"1055" "A" 0.008 0 0.0925 0 1 2000 1 5 2.38054663446376 5 1000 15 5
"1056" "A" 0.008 -0.04125 0.2575 0 1 2000 1 5 1.35673555887835 5 1000 189 5
"1057" "A" 0.08 -0.20625 0.95875 0 1 2000 1 5 0.042124926300671 5 1000 4641 5
"1058" "A" 0.008 -0.2475 0.13375 1 0 2000 1 5 2.01178289320602 5 1000 922 5
"1059" "A" 0.08 -0.4125 0.95875 1 0 2000 1 5 0.042124926300671 5 1000 5392 5
"1060" "A" 0.008 -0.20625 0.38125 1 0 2000 1 5 0.964299951060516 5 1000 808 5
"1061" "A" 0.008 -0.28875 0.38125 0 1 2000 1 5 0.964299951060516 5 1000 1107 5
"1062" "A" 0.008 -0.04125 0.87625 1 0.5 2000 1 5 0.132103840633337 5 1000 281 5
"1063" "A" 0.008 -0.70125 0.0925 0 0 2000 1 5 2.38054663446376 5 1000 2563 5
"1064" "A" 0.008 -0.66 0.62875 1 0 2000 1 5 0.464021557568188 5 1000 2494 5
"1065" "A" 0.08 -0.37125 0.175 1 0 2000 1 5 1.74296930505862 5 1000 5128 5
"1066" "A" 0.008 -0.495 0.29875 0 1 2000 1 5 1.20814817573642 5 1000 1845 5
"1067" "A" 0.08 -0.495 0.9175 1 1 2000 1 5 0.0861026990534116 5 1000 5688 5
"1068" "A" 0.08 -0.04125 0.71125 0 1 2000 1 5 0.340731293541596 5 1000 4005 5
"1069" "A" 0.008 -0.99 0.38125 1 0.5 2000 1 5 0.964299951060516 5 1000 3659 5
"1070" "A" 0.08 -0.0825 0.46375 1 1 2000 1 5 0.768409665060492 5 1000 4122 5
"1071" "A" 0.008 -0.165 0.05125 0 0 2000 1 5 2.97103966096362 5 1000 607 5
"1072" "A" 0.08 -0.86625 0.2575 1 1 2000 1 5 1.35673555887835 5 1000 6942 5
"1073" "A" 0.008 -0.37125 0.21625 1 0 2000 1 5 1.53132013317015 5 1000 1384 5
"1074" "A" 0.08 -0.495 0.79375 0 1 2000 1 5 0.230986728775236 5 1000 5667 5
"1075" "A" 0.08 -0.53625 0.5875 0 0 2000 1 5 0.531879032963823 5 1000 5785 5
"1076" "A" 0.08 -0.0825 0.38125 1 0.5 2000 1 5 0.964299951060516 5 1000 4109 5
"1077" "A" 0.08 -0.61875 0.67 0 1 2000 1 5 0.400477566597125 5 1000 6099 5
"1078" "A" 0.08 -0.12375 1 1 1 2000 1 5 0 5 1000 4350 5
"1079" "A" 0.008 -0.7425 0.21625 1 0 2000 1 5 1.53132013317015 5 1000 2734 5
"1080" "A" 0.08 -0.66 0.5875 0 0 2000 1 5 0.531879032963823 5 1000 6235 5
"1081" "A" 0.08 -0.495 0.79375 0 0.5 2000 1 5 0.230986728775236 5 1000 5666 5
"1082" "A" 0.08 -0.5775 0.175 1 0 2000 1 5 1.74296930505862 5 1000 5878 5
"1083" "A" 0.08 -0.94875 0.2575 0 0 2000 1 5 1.35673555887835 5 1000 7237 5
"1084" "A" 0.08 -0.45375 0.0925 1 0.5 2000 1 5 2.38054663446376 5 1000 5417 5
"1085" "A" 0.08 -0.165 0.13375 0 1 2000 1 5 2.01178289320602 5 1000 4371 5
"1086" "A" 0.008 -0.5775 0.13375 1 1 2000 1 5 2.01178289320602 5 1000 2124 5
"1087" "A" 0.08 -0.0825 0.5875 1 0.5 2000 1 5 0.531879032963823 5 1000 4139 5
"1088" "A" 0.008 -0.825 0.0925 1 1 2000 1 5 2.38054663446376 5 1000 3018 5
"1089" "A" 0.008 -0.99 0.67 1 1 2000 1 5 0.400477566597125 5 1000 3702 5
"1090" "A" 0.08 -0.61875 0.21625 1 1 2000 1 5 1.53132013317015 5 1000 6036 5
"1091" "A" 0.008 -0.495 0.71125 1 0.5 2000 1 5 0.340731293541596 5 1000 1907 5
"1092" "A" 0.08 -0.66 0.21625 0 1 2000 1 5 1.53132013317015 5 1000 6183 5
"1093" "A" 0.008 -0.825 0.2575 0 1 2000 1 5 1.35673555887835 5 1000 3039 5
"1094" "A" 0.08 -0.495 0.54625 0 1 2000 1 5 0.604678532572337 5 1000 5631 5
"1095" "A" 0.08 -0.4125 0.21625 1 0 2000 1 5 1.53132013317015 5 1000 5284 5
"1096" "A" 0.08 -0.5775 0.175 0 0.5 2000 1 5 1.74296930505862 5 1000 5876 5
"1097" "A" 0.008 -0.45375 0.21625 0 0 2000 1 5 1.53132013317015 5 1000 1681 5
"1098" "A" 0.008 -0.61875 0.0925 1 1 2000 1 5 2.38054663446376 5 1000 2268 5
"1099" "A" 0.08 -0.70125 0.38125 0 0 2000 1 5 0.964299951060516 5 1000 6355 5
"1100" "A" 0.08 -0.2475 0.0925 1 0.5 2000 1 5 2.38054663446376 5 1000 4667 5
"1101" "A" 0.08 -0.0825 0.67 1 1 2000 1 5 0.400477566597125 5 1000 4152 5
"1102" "A" 0.008 0 0.175 1 0.5 2000 1 5 1.74296930505862 5 1000 29 5
"1103" "A" 0.08 -0.4125 0.9175 1 0 2000 1 5 0.0861026990534116 5 1000 5386 5
"1104" "A" 0.008 -0.70125 0.29875 0 0.5 2000 1 5 1.20814817573642 5 1000 2594 5
"1105" "A" 0.08 -0.4125 0.87625 0 0 2000 1 5 0.132103840633337 5 1000 5377 5
"1106" "A" 0.08 -0.495 0.4225 1 0.5 2000 1 5 0.861565832184908 5 1000 5615 5
"1107" "A" 0.08 -0.70125 0.7525 1 0.5 2000 1 5 0.284354282359106 5 1000 6413 5
"1108" "A" 0.008 -0.78375 0.505 1 0 2000 1 5 0.683196849706777 5 1000 2926 5
"1109" "A" 0.08 0 0.01 0 1 2000 1 5 4.60517018598809 5 1000 3753 5
"1110" "A" 0.008 -0.12375 0.0925 1 1 2000 1 5 2.38054663446376 5 1000 468 5
"1111" "A" 0.08 -0.165 1 1 1 2000 1 5 0 5 1000 4500 5
"1112" "A" 0.08 -0.37125 0.7525 1 0 2000 1 5 0.284354282359106 5 1000 5212 5
"1113" "A" 0.008 -0.99 0.67 0 0 2000 1 5 0.400477566597125 5 1000 3697 5
"1114" "A" 0.08 -0.12375 0.46375 1 0 2000 1 5 0.768409665060492 5 1000 4270 5
"1115" "A" 0.008 -0.66 0.46375 0 0 2000 1 5 0.768409665060492 5 1000 2467 5
"1116" "A" 0.008 -0.495 0.95875 1 0 2000 1 5 0.042124926300671 5 1000 1942 5
"1117" "A" 0.08 -0.66 0.21625 0 0.5 2000 1 5 1.53132013317015 5 1000 6182 5
"1118" "A" 0.008 -0.61875 0.71125 0 1 2000 1 5 0.340731293541596 5 1000 2355 5
"1119" "A" 0.08 -0.9075 0.0925 0 0 2000 1 5 2.38054663446376 5 1000 7063 5
"1120" "A" 0.008 -0.825 0.505 0 0 2000 1 5 0.683196849706777 5 1000 3073 5
"1121" "A" 0.008 -0.86625 0.505 1 0 2000 1 5 0.683196849706777 5 1000 3226 5
"1122" "A" 0.008 -0.45375 0.505 1 0.5 2000 1 5 0.683196849706777 5 1000 1727 5
"1123" "A" 0.008 -0.66 0.34 1 0 2000 1 5 1.07880966137193 5 1000 2452 5
"1124" "A" 0.008 -0.2475 0.05125 0 1 2000 1 5 2.97103966096362 5 1000 909 5
"1125" "A" 0.008 -0.33 0.34 0 0 2000 1 5 1.07880966137193 5 1000 1249 5
"1126" "A" 0.08 -0.9075 1 1 0 2000 1 5 0 5 1000 7198 5
"1127" "A" 0.008 -0.4125 0.29875 0 1 2000 1 5 1.20814817573642 5 1000 1545 5
"1128" "A" 0.08 -0.495 0.9175 1 0 2000 1 5 0.0861026990534116 5 1000 5686 5
"1129" "A" 0.008 -0.7425 0.0925 1 0 2000 1 5 2.38054663446376 5 1000 2716 5
"1130" "A" 0.008 -0.99 0.7525 0 1 2000 1 5 0.284354282359106 5 1000 3711 5
"1131" "A" 0.008 -0.495 0.46375 0 0.5 2000 1 5 0.768409665060492 5 1000 1868 5
"1132" "A" 0.08 -0.45375 0.0925 0 0 2000 1 5 2.38054663446376 5 1000 5413 5
"1133" "A" 0.008 -0.61875 0.2575 0 0.5 2000 1 5 1.35673555887835 5 1000 2288 5
"1134" "A" 0.008 -0.165 0.29875 0 1 2000 1 5 1.20814817573642 5 1000 645 5
"1135" "A" 0.08 -0.4125 0.95875 0 0 2000 1 5 0.042124926300671 5 1000 5389 5
"1136" "A" 0.008 -0.0825 0.54625 1 0.5 2000 1 5 0.604678532572337 5 1000 383 5
"1137" "A" 0.008 -0.825 0.67 1 1 2000 1 5 0.400477566597125 5 1000 3102 5
"1138" "A" 0.008 -0.33 0.71125 0 0 2000 1 5 0.340731293541596 5 1000 1303 5
"1139" "A" 0.08 -0.9075 0.835 1 0.5 2000 1 5 0.180323554131281 5 1000 7175 5
"1140" "A" 0.08 0 0.0925 0 0 2000 1 5 2.38054663446376 5 1000 3763 5
"1141" "A" 0.08 -0.45375 0.5875 0 0 2000 1 5 0.531879032963823 5 1000 5485 5
"1142" "A" 0.08 -0.94875 0.71125 1 0.5 2000 1 5 0.340731293541596 5 1000 7307 5
"1143" "A" 0.008 -0.825 0.0925 0 0.5 2000 1 5 2.38054663446376 5 1000 3014 5
"1144" "A" 0.08 -0.825 0.05125 1 1 2000 1 5 2.97103966096362 5 1000 6762 5
"1145" "A" 0.08 -0.61875 0.29875 0 0.5 2000 1 5 1.20814817573642 5 1000 6044 5
"1146" "A" 0.08 -0.66 0.0925 1 0 2000 1 5 2.38054663446376 5 1000 6166 5
"1147" "A" 0.08 -0.20625 0.87625 1 0 2000 1 5 0.132103840633337 5 1000 4630 5
"1148" "A" 0.008 -0.78375 0.46375 0 0 2000 1 5 0.768409665060492 5 1000 2917 5
"1149" "A" 0.008 -0.37125 0.87625 0 1 2000 1 5 0.132103840633337 5 1000 1479 5
"1150" "A" 0.008 -0.61875 0.29875 1 1 2000 1 5 1.20814817573642 5 1000 2298 5
"1151" "A" 0.08 -0.78375 0.79375 1 0.5 2000 1 5 0.230986728775236 5 1000 6719 5
"1152" "A" 0.008 -0.53625 0.5875 1 0.5 2000 1 5 0.531879032963823 5 1000 2039 5
"1153" "A" 0.008 -0.78375 0.46375 1 1 2000 1 5 0.768409665060492 5 1000 2922 5
"1154" "A" 0.08 -0.7425 0.67 0 0.5 2000 1 5 0.400477566597125 5 1000 6548 5
"1155" "A" 0.08 -0.495 0.87625 0 0.5 2000 1 5 0.132103840633337 5 1000 5678 5
"1156" "A" 0.08 -0.0825 0.05125 0 0 2000 1 5 2.97103966096362 5 1000 4057 5
"1157" "A" 0.008 -0.66 1 1 0.5 2000 1 5 0 5 1000 2549 5
"1158" "A" 0.08 -0.66 0.67 0 1 2000 1 5 0.400477566597125 5 1000 6249 5
"1159" "A" 0.008 -0.165 0.62875 0 1 2000 1 5 0.464021557568188 5 1000 693 5
"1160" "A" 0.08 -0.66 0.29875 0 0 2000 1 5 1.20814817573642 5 1000 6193 5
"1161" "A" 0.08 -0.94875 0.54625 1 0 2000 1 5 0.604678532572337 5 1000 7282 5
"1162" "A" 0.08 -0.45375 0.505 1 0 2000 1 5 0.683196849706777 5 1000 5476 5
"1163" "A" 0.08 -0.78375 1 0 0 2000 1 5 0 5 1000 6745 5
"1164" "A" 0.008 -0.53625 0.0925 1 0 2000 1 5 2.38054663446376 5 1000 1966 5
"1165" "A" 0.08 -0.4125 1 1 1 2000 1 5 0 5 1000 5400 5
"1166" "A" 0.008 0 0.7525 1 0 2000 1 5 0.284354282359106 5 1000 112 5
"1167" "A" 0.008 -0.5775 0.835 0 1 2000 1 5 0.180323554131281 5 1000 2223 5
"1168" "A" 0.08 -0.825 0.9175 1 0 2000 1 5 0.0861026990534116 5 1000 6886 5
"1169" "A" 0.08 -0.99 0.5875 0 1 2000 1 5 0.531879032963823 5 1000 7437 5
"1170" "A" 0.008 -0.165 0.46375 1 0.5 2000 1 5 0.768409665060492 5 1000 671 5
"1171" "A" 0.008 0 0.62875 0 1 2000 1 5 0.464021557568188 5 1000 93 5
"1172" "A" 0.08 -0.28875 0.54625 0 0 2000 1 5 0.604678532572337 5 1000 4879 5
"1173" "A" 0.08 -0.165 0.95875 0 0 2000 1 5 0.042124926300671 5 1000 4489 5
"1174" "A" 0.008 0 0.505 1 0 2000 1 5 0.683196849706777 5 1000 76 5
"1175" "A" 0.08 -0.78375 0.87625 1 0 2000 1 5 0.132103840633337 5 1000 6730 5
"1176" "A" 0.008 -0.825 1 0 0.5 2000 1 5 0 5 1000 3146 5
"1177" "A" 0.008 -0.4125 0.05125 0 1 2000 1 5 2.97103966096362 5 1000 1509 5
"1178" "A" 0.08 -0.37125 0.175 0 0.5 2000 1 5 1.74296930505862 5 1000 5126 5
"1179" "A" 0.08 -0.70125 0.9175 0 0 2000 1 5 0.0861026990534116 5 1000 6433 5
"1180" "A" 0.008 -0.12375 0.21625 0 1 2000 1 5 1.53132013317015 5 1000 483 5
"1181" "A" 0.008 -0.4125 0.2575 1 0 2000 1 5 1.35673555887835 5 1000 1540 5
"1182" "A" 0.008 -0.99 0.01 1 0 2000 1 5 4.60517018598809 5 1000 3604 5
"1183" "A" 0.08 -0.86625 0.7525 1 0.5 2000 1 5 0.284354282359106 5 1000 7013 5
"1184" "A" 0.08 0 0.67 1 0.5 2000 1 5 0.400477566597125 5 1000 3851 5
"1185" "A" 0.08 -0.5775 0.7525 0 0 2000 1 5 0.284354282359106 5 1000 5959 5
"1186" "A" 0.08 -0.33 0.4225 0 0.5 2000 1 5 0.861565832184908 5 1000 5012 5
"1187" "A" 0.08 -0.9075 0.7525 1 1 2000 1 5 0.284354282359106 5 1000 7164 5
"1188" "A" 0.008 -0.20625 0.505 0 1 2000 1 5 0.683196849706777 5 1000 825 5
"1189" "A" 0.008 -0.28875 0.13375 1 0.5 2000 1 5 2.01178289320602 5 1000 1073 5
"1190" "A" 0.008 -0.7425 0.2575 0 0.5 2000 1 5 1.35673555887835 5 1000 2738 5
"1191" "A" 0.008 -0.70125 0.46375 1 1 2000 1 5 0.768409665060492 5 1000 2622 5
"1192" "A" 0.008 -0.165 0.175 0 1 2000 1 5 1.74296930505862 5 1000 627 5
"1193" "A" 0.008 -0.4125 0.38125 0 0 2000 1 5 0.964299951060516 5 1000 1555 5
"1194" "A" 0.08 -0.7425 0.21625 0 1 2000 1 5 1.53132013317015 5 1000 6483 5
"1195" "A" 0.08 -0.28875 0.46375 0 0 2000 1 5 0.768409665060492 5 1000 4867 5
"1196" "A" 0.008 -0.12375 0.95875 1 1 2000 1 5 0.042124926300671 5 1000 594 5
"1197" "A" 0.008 -0.9075 0.62875 1 1 2000 1 5 0.464021557568188 5 1000 3396 5
"1198" "A" 0.08 -0.7425 0.835 0 1 2000 1 5 0.180323554131281 5 1000 6573 5
"1199" "A" 0.008 -0.2475 0.79375 1 0 2000 1 5 0.230986728775236 5 1000 1018 5
"1200" "A" 0.08 -0.70125 0.21625 0 1 2000 1 5 1.53132013317015 5 1000 6333 5
"1201" "A" 0.08 -0.99 0.29875 0 0 2000 1 5 1.20814817573642 5 1000 7393 5
"1202" "A" 0.08 -0.4125 0.95875 1 0.5 2000 1 5 0.042124926300671 5 1000 5393 5
"1203" "A" 0.08 -0.04125 0.67 0 0.5 2000 1 5 0.400477566597125 5 1000 3998 5
"1204" "A" 0.08 -0.495 0.38125 0 1 2000 1 5 0.964299951060516 5 1000 5607 5
"1205" "A" 0.008 -0.66 0.95875 1 1 2000 1 5 0.042124926300671 5 1000 2544 5
"1206" "A" 0.08 -0.33 0.5875 1 1 2000 1 5 0.531879032963823 5 1000 5040 5
"1207" "A" 0.08 -0.78375 0.87625 0 0.5 2000 1 5 0.132103840633337 5 1000 6728 5
"1208" "A" 0.008 -0.70125 0.79375 1 0.5 2000 1 5 0.230986728775236 5 1000 2669 5
"1209" "A" 0.008 -0.825 0.13375 1 0.5 2000 1 5 2.01178289320602 5 1000 3023 5
"1210" "A" 0.008 -0.20625 0.79375 0 0 2000 1 5 0.230986728775236 5 1000 865 5
"1211" "A" 0.08 -0.0825 0.34 1 1 2000 1 5 1.07880966137193 5 1000 4104 5
"1212" "A" 0.008 -0.0825 0.38125 1 0 2000 1 5 0.964299951060516 5 1000 358 5
"1213" "A" 0.008 -0.61875 0.5875 1 0 2000 1 5 0.531879032963823 5 1000 2338 5
"1214" "A" 0.008 -0.20625 0.79375 0 0.5 2000 1 5 0.230986728775236 5 1000 866 5
"1215" "A" 0.008 -0.70125 0.0925 1 1 2000 1 5 2.38054663446376 5 1000 2568 5
"1216" "A" 0.008 -0.04125 0.835 1 1 2000 1 5 0.180323554131281 5 1000 276 5
"1217" "A" 0.008 -0.61875 0.01 1 0.5 2000 1 5 4.60517018598809 5 1000 2255 5
"1218" "A" 0.008 -0.28875 0.29875 0 1 2000 1 5 1.20814817573642 5 1000 1095 5
"1219" "A" 0.08 -0.04125 0.7525 0 0 2000 1 5 0.284354282359106 5 1000 4009 5
"1220" "A" 0.008 -0.0825 1 1 0 2000 1 5 0 5 1000 448 5
"1221" "A" 0.008 -0.20625 0.67 1 0.5 2000 1 5 0.400477566597125 5 1000 851 5
"1222" "A" 0.008 -0.0825 0.46375 0 0.5 2000 1 5 0.768409665060492 5 1000 368 5
"1223" "A" 0.008 -0.33 0.21625 0 0.5 2000 1 5 1.53132013317015 5 1000 1232 5
"1224" "A" 0.008 -0.2475 0.62875 0 0 2000 1 5 0.464021557568188 5 1000 991 5
"1225" "A" 0.08 -0.2475 0.79375 0 0 2000 1 5 0.230986728775236 5 1000 4765 5
"1226" "A" 0.08 -0.495 0.34 0 0.5 2000 1 5 1.07880966137193 5 1000 5600 5
"1227" "A" 0.08 -0.495 0.62875 1 1 2000 1 5 0.464021557568188 5 1000 5646 5
"1228" "A" 0.008 -0.61875 0.95875 0 0 2000 1 5 0.042124926300671 5 1000 2389 5
"1229" "A" 0.008 -0.04125 0.46375 1 1 2000 1 5 0.768409665060492 5 1000 222 5
"1230" "A" 0.008 -0.9075 0.62875 0 0.5 2000 1 5 0.464021557568188 5 1000 3392 5
"1231" "A" 0.08 -0.61875 0.79375 0 1 2000 1 5 0.230986728775236 5 1000 6117 5
"1232" "A" 0.008 -0.9075 0.01 1 0 2000 1 5 4.60517018598809 5 1000 3304 5
"1233" "A" 0.08 -0.37125 0.05125 0 0 2000 1 5 2.97103966096362 5 1000 5107 5
"1234" "A" 0.08 -0.33 0.0925 1 1 2000 1 5 2.38054663446376 5 1000 4968 5
"1235" "A" 0.08 -0.37125 0.21625 1 0 2000 1 5 1.53132013317015 5 1000 5134 5
"1236" "A" 0.008 -0.9075 0.29875 0 0.5 2000 1 5 1.20814817573642 5 1000 3344 5
"1237" "A" 0.008 -0.04125 0.2575 0 0.5 2000 1 5 1.35673555887835 5 1000 188 5
"1238" "A" 0.008 -0.53625 1 0 0 2000 1 5 0 5 1000 2095 5
"1239" "A" 0.08 -0.99 0.21625 0 1 2000 1 5 1.53132013317015 5 1000 7383 5
"1240" "A" 0.008 -0.2475 0.21625 1 0 2000 1 5 1.53132013317015 5 1000 934 5
"1241" "A" 0.08 -0.78375 0.505 1 1 2000 1 5 0.683196849706777 5 1000 6678 5
"1242" "A" 0.008 -0.99 1 0 1 2000 1 5 0 5 1000 3747 5
"1243" "A" 0.008 -0.45375 0.2575 0 0.5 2000 1 5 1.35673555887835 5 1000 1688 5
"1244" "A" 0.008 -0.2475 0.67 1 0.5 2000 1 5 0.400477566597125 5 1000 1001 5
"1245" "A" 0.08 -0.5775 0.835 0 0.5 2000 1 5 0.180323554131281 5 1000 5972 5
"1246" "A" 0.08 -0.12375 0.21625 1 1 2000 1 5 1.53132013317015 5 1000 4236 5
"1247" "A" 0.008 -0.495 0.175 0 0 2000 1 5 1.74296930505862 5 1000 1825 5
"1248" "A" 0.08 -0.86625 0.9175 0 0 2000 1 5 0.0861026990534116 5 1000 7033 5
"1249" "A" 0.008 -0.4125 0.01 1 0.5 2000 1 5 4.60517018598809 5 1000 1505 5
"1250" "A" 0.008 -0.12375 0.34 1 1 2000 1 5 1.07880966137193 5 1000 504 5
"1251" "A" 0.08 -0.70125 0.67 0 1 2000 1 5 0.400477566597125 5 1000 6399 5
"1252" "A" 0.008 0 0.46375 1 0 2000 1 5 0.768409665060492 5 1000 70 5
"1253" "A" 0.008 -0.99 0.13375 0 0 2000 1 5 2.01178289320602 5 1000 3619 5
"1254" "A" 0.08 -0.495 0.46375 1 1 2000 1 5 0.768409665060492 5 1000 5622 5
"1255" "A" 0.08 -0.78375 0.54625 0 0.5 2000 1 5 0.604678532572337 5 1000 6680 5
"1256" "A" 0.08 -0.165 0.38125 1 0.5 2000 1 5 0.964299951060516 5 1000 4409 5
"1257" "A" 0.008 -0.4125 0.0925 1 1 2000 1 5 2.38054663446376 5 1000 1518 5
"1258" "A" 0.008 -0.495 0.9175 1 0.5 2000 1 5 0.0861026990534116 5 1000 1937 5
"1259" "A" 0.008 -0.61875 0.71125 1 0 2000 1 5 0.340731293541596 5 1000 2356 5
"1260" "A" 0.008 -0.33 0.54625 0 0.5 2000 1 5 0.604678532572337 5 1000 1280 5
"1261" "A" 0.008 -0.28875 0.835 0 0.5 2000 1 5 0.180323554131281 5 1000 1172 5
"1262" "A" 0.08 -0.78375 0.0925 0 0 2000 1 5 2.38054663446376 5 1000 6613 5
"1263" "A" 0.08 -0.99 0.95875 1 1 2000 1 5 0.042124926300671 5 1000 7494 5
"1264" "A" 0.08 -0.0825 0.79375 0 0.5 2000 1 5 0.230986728775236 5 1000 4166 5
"1265" "A" 0.008 0 0.38125 1 0 2000 1 5 0.964299951060516 5 1000 58 5
"1266" "A" 0.008 -0.5775 0.87625 1 1 2000 1 5 0.132103840633337 5 1000 2232 5
"1267" "A" 0.008 -0.78375 0.05125 1 0 2000 1 5 2.97103966096362 5 1000 2860 5
"1268" "A" 0.008 -0.0825 0.29875 0 0 2000 1 5 1.20814817573642 5 1000 343 5
"1269" "A" 0.008 -0.37125 0.505 0 0 2000 1 5 0.683196849706777 5 1000 1423 5
"1270" "A" 0.08 -0.825 0.4225 1 0 2000 1 5 0.861565832184908 5 1000 6814 5
"1271" "A" 0.008 0 0.05125 1 0.5 2000 1 5 2.97103966096362 5 1000 11 5
"1272" "A" 0.08 -0.33 1 1 0 2000 1 5 0 5 1000 5098 5
"1273" "A" 0.008 -0.37125 0.5875 0 0 2000 1 5 0.531879032963823 5 1000 1435 5
"1274" "A" 0.008 0 0.34 0 0 2000 1 5 1.07880966137193 5 1000 49 5
"1275" "A" 0.08 -0.0825 0.13375 1 0 2000 1 5 2.01178289320602 5 1000 4072 5
"1276" "A" 0.08 -0.5775 0.71125 0 1 2000 1 5 0.340731293541596 5 1000 5955 5
"1277" "A" 0.08 -0.45375 0.62875 0 0 2000 1 5 0.464021557568188 5 1000 5491 5
"1278" "A" 0.08 -0.99 0.4225 0 0 2000 1 5 0.861565832184908 5 1000 7411 5
"1279" "A" 0.008 -0.66 0.67 0 0.5 2000 1 5 0.400477566597125 5 1000 2498 5
"1280" "A" 0.08 -0.37125 0.9175 1 1 2000 1 5 0.0861026990534116 5 1000 5238 5
"1281" "A" 0.008 -0.04125 0.13375 0 0 2000 1 5 2.01178289320602 5 1000 169 5
"1282" "A" 0.08 -0.28875 0.5875 0 0 2000 1 5 0.531879032963823 5 1000 4885 5
"1283" "A" 0.08 -0.53625 0.5875 1 0.5 2000 1 5 0.531879032963823 5 1000 5789 5
"1284" "A" 0.008 -0.04125 0.62875 0 0 2000 1 5 0.464021557568188 5 1000 241 5
"1285" "A" 0.008 -0.61875 0.5875 0 0 2000 1 5 0.531879032963823 5 1000 2335 5
"1286" "A" 0.08 -0.94875 0.13375 0 0 2000 1 5 2.01178289320602 5 1000 7219 5
"1287" "A" 0.008 -0.66 0.29875 0 0 2000 1 5 1.20814817573642 5 1000 2443 5
"1288" "A" 0.008 -0.61875 0.87625 0 0.5 2000 1 5 0.132103840633337 5 1000 2378 5
"1289" "A" 0.08 0 0.05125 0 0.5 2000 1 5 2.97103966096362 5 1000 3758 5
"1290" "A" 0.08 -0.86625 0.505 0 0 2000 1 5 0.683196849706777 5 1000 6973 5
"1291" "A" 0.08 -0.37125 0.4225 1 0 2000 1 5 0.861565832184908 5 1000 5164 5
"1292" "A" 0.008 -0.12375 0.21625 1 0.5 2000 1 5 1.53132013317015 5 1000 485 5
"1293" "A" 0.008 -0.9075 0.175 1 0.5 2000 1 5 1.74296930505862 5 1000 3329 5
"1294" "A" 0.008 0 0.0925 1 1 2000 1 5 2.38054663446376 5 1000 18 5
"1295" "A" 0.008 -0.99 0.54625 0 1 2000 1 5 0.604678532572337 5 1000 3681 5
"1296" "A" 0.08 -0.20625 0.4225 1 0.5 2000 1 5 0.861565832184908 5 1000 4565 5
"1297" "A" 0.008 -0.165 0.7525 1 0 2000 1 5 0.284354282359106 5 1000 712 5
"1298" "A" 0.008 -0.0825 0.38125 0 1 2000 1 5 0.964299951060516 5 1000 357 5
"1299" "A" 0.08 -0.37125 0.9175 0 0.5 2000 1 5 0.0861026990534116 5 1000 5234 5
"1300" "A" 0.08 -0.86625 0.79375 0 0.5 2000 1 5 0.230986728775236 5 1000 7016 5
"1301" "A" 0.008 -0.04125 0.87625 1 1 2000 1 5 0.132103840633337 5 1000 282 5
"1302" "A" 0.08 -0.5775 0.54625 0 0 2000 1 5 0.604678532572337 5 1000 5929 5
"1303" "A" 0.008 -0.4125 0.13375 0 0 2000 1 5 2.01178289320602 5 1000 1519 5
"1304" "A" 0.08 -0.04125 0.29875 0 1 2000 1 5 1.20814817573642 5 1000 3945 5
"1305" "A" 0.08 -0.7425 0.505 0 1 2000 1 5 0.683196849706777 5 1000 6525 5
"1306" "A" 0.08 -0.165 0.21625 0 0 2000 1 5 1.53132013317015 5 1000 4381 5
"1307" "A" 0.08 -0.45375 0.175 0 0 2000 1 5 1.74296930505862 5 1000 5425 5
"1308" "A" 0.008 -0.66 0.505 0 1 2000 1 5 0.683196849706777 5 1000 2475 5
"1309" "A" 0.08 -0.825 0.5875 1 0 2000 1 5 0.531879032963823 5 1000 6838 5
"1310" "A" 0.08 -0.825 0.38125 0 1 2000 1 5 0.964299951060516 5 1000 6807 5
"1311" "A" 0.08 -0.04125 1 1 0 2000 1 5 0 5 1000 4048 5
"1312" "A" 0.008 -0.20625 0.835 1 0.5 2000 1 5 0.180323554131281 5 1000 875 5
"1313" "A" 0.08 -0.825 0.175 1 1 2000 1 5 1.74296930505862 5 1000 6780 5
"1314" "A" 0.08 -0.4125 0.13375 0 0.5 2000 1 5 2.01178289320602 5 1000 5270 5
"1315" "A" 0.08 -0.86625 0.34 0 1 2000 1 5 1.07880966137193 5 1000 6951 5
"1316" "A" 0.08 -0.37125 0.13375 0 1 2000 1 5 2.01178289320602 5 1000 5121 5
"1317" "A" 0.008 -0.20625 0.34 0 1 2000 1 5 1.07880966137193 5 1000 801 5
"1318" "A" 0.008 -0.78375 0.38125 1 0 2000 1 5 0.964299951060516 5 1000 2908 5
"1319" "A" 0.008 -0.61875 0.9175 1 0 2000 1 5 0.0861026990534116 5 1000 2386 5
"1320" "A" 0.008 -0.495 1 0 0 2000 1 5 0 5 1000 1945 5
"1321" "A" 0.08 -0.0825 0.95875 1 0.5 2000 1 5 0.042124926300671 5 1000 4193 5
"1322" "A" 0.008 -0.12375 0.505 0 0 2000 1 5 0.683196849706777 5 1000 523 5
"1323" "A" 0.008 -0.0825 0.5875 1 1 2000 1 5 0.531879032963823 5 1000 390 5
"1324" "A" 0.08 -0.33 0.9175 0 1 2000 1 5 0.0861026990534116 5 1000 5085 5
"1325" "A" 0.008 -0.20625 0.38125 0 0.5 2000 1 5 0.964299951060516 5 1000 806 5
"1326" "A" 0.08 -0.7425 0.79375 1 1 2000 1 5 0.230986728775236 5 1000 6570 5
"1327" "A" 0.008 -0.61875 0.21625 0 0 2000 1 5 1.53132013317015 5 1000 2281 5
"1328" "A" 0.08 -0.7425 0.01 1 0 2000 1 5 4.60517018598809 5 1000 6454 5
"1329" "A" 0.08 -0.825 0.79375 0 0.5 2000 1 5 0.230986728775236 5 1000 6866 5
"1330" "A" 0.008 -0.7425 0.9175 0 0.5 2000 1 5 0.0861026990534116 5 1000 2834 5
"1331" "A" 0.08 -0.0825 0.87625 0 0.5 2000 1 5 0.132103840633337 5 1000 4178 5
"1332" "A" 0.08 -0.66 0.01 0 0 2000 1 5 4.60517018598809 5 1000 6151 5
"1333" "A" 0.08 -0.4125 0.29875 1 0 2000 1 5 1.20814817573642 5 1000 5296 5
"1334" "A" 0.008 -0.4125 0.505 1 1 2000 1 5 0.683196849706777 5 1000 1578 5
"1335" "A" 0.008 -0.2475 0.01 1 0.5 2000 1 5 4.60517018598809 5 1000 905 5
"1336" "A" 0.08 -0.53625 0.9175 0 0 2000 1 5 0.0861026990534116 5 1000 5833 5
"1337" "A" 0.008 -0.37125 0.62875 1 0.5 2000 1 5 0.464021557568188 5 1000 1445 5
"1338" "A" 0.08 -0.86625 0.5875 0 0 2000 1 5 0.531879032963823 5 1000 6985 5
"1339" "A" 0.08 -0.33 0.71125 1 1 2000 1 5 0.340731293541596 5 1000 5058 5
"1340" "A" 0.08 -0.5775 0.05125 0 1 2000 1 5 2.97103966096362 5 1000 5859 5
"1341" "A" 0.08 -0.2475 0.54625 1 0.5 2000 1 5 0.604678532572337 5 1000 4733 5
"1342" "A" 0.08 -0.45375 0.5875 1 0 2000 1 5 0.531879032963823 5 1000 5488 5
"1343" "A" 0.08 -0.37125 0.87625 1 0 2000 1 5 0.132103840633337 5 1000 5230 5
"1344" "A" 0.08 -0.28875 0.175 0 0 2000 1 5 1.74296930505862 5 1000 4825 5
"1345" "A" 0.008 -0.7425 0.87625 1 1 2000 1 5 0.132103840633337 5 1000 2832 5
"1346" "A" 0.08 -0.2475 0.34 0 0 2000 1 5 1.07880966137193 5 1000 4699 5
"1347" "A" 0.08 -0.66 0.01 1 0.5 2000 1 5 4.60517018598809 5 1000 6155 5
"1348" "A" 0.008 -0.99 0.79375 0 1 2000 1 5 0.230986728775236 5 1000 3717 5
"1349" "A" 0.008 -0.28875 0.62875 1 0.5 2000 1 5 0.464021557568188 5 1000 1145 5
"1350" "A" 0.008 -0.04125 0.835 0 0.5 2000 1 5 0.180323554131281 5 1000 272 5
"1351" "A" 0.08 -0.45375 0.29875 0 0 2000 1 5 1.20814817573642 5 1000 5443 5
"1352" "A" 0.008 -0.4125 0.2575 1 1 2000 1 5 1.35673555887835 5 1000 1542 5
"1353" "A" 0.008 -0.2475 0.175 1 0 2000 1 5 1.74296930505862 5 1000 928 5
"1354" "A" 0.008 -0.9075 0.21625 0 1 2000 1 5 1.53132013317015 5 1000 3333 5
"1355" "A" 0.08 -0.78375 0.62875 1 1 2000 1 5 0.464021557568188 5 1000 6696 5
"1356" "A" 0.08 -0.4125 0.38125 0 0 2000 1 5 0.964299951060516 5 1000 5305 5
"1357" "A" 0.008 -0.61875 0.46375 1 0.5 2000 1 5 0.768409665060492 5 1000 2321 5
"1358" "A" 0.08 -0.33 1 0 0 2000 1 5 0 5 1000 5095 5
"1359" "A" 0.08 -0.0825 1 1 0.5 2000 1 5 0 5 1000 4199 5
"1360" "A" 0.08 -0.78375 0.38125 0 1 2000 1 5 0.964299951060516 5 1000 6657 5
"1361" "A" 0.08 -0.37125 0.05125 0 1 2000 1 5 2.97103966096362 5 1000 5109 5
"1362" "A" 0.008 -0.2475 0.5875 1 0.5 2000 1 5 0.531879032963823 5 1000 989 5
"1363" "A" 0.08 -0.04125 0.0925 1 0.5 2000 1 5 2.38054663446376 5 1000 3917 5
"1364" "A" 0.08 -0.28875 0.05125 1 0.5 2000 1 5 2.97103966096362 5 1000 4811 5
"1365" "A" 0.008 -0.5775 0.175 0 0.5 2000 1 5 1.74296930505862 5 1000 2126 5
"1366" "A" 0.08 -0.94875 0.34 1 1 2000 1 5 1.07880966137193 5 1000 7254 5
"1367" "A" 0.08 -0.45375 0.71125 0 0 2000 1 5 0.340731293541596 5 1000 5503 5
"1368" "A" 0.08 -0.0825 0.21625 1 0 2000 1 5 1.53132013317015 5 1000 4084 5
"1369" "A" 0.08 -0.99 0.13375 1 1 2000 1 5 2.01178289320602 5 1000 7374 5
"1370" "A" 0.08 -0.33 0.0925 0 0 2000 1 5 2.38054663446376 5 1000 4963 5
"1371" "A" 0.08 -0.53625 0.79375 0 1 2000 1 5 0.230986728775236 5 1000 5817 5
"1372" "A" 0.008 -0.66 0.67 0 0 2000 1 5 0.400477566597125 5 1000 2497 5
"1373" "A" 0.008 -0.825 0.62875 1 0 2000 1 5 0.464021557568188 5 1000 3094 5
"1374" "A" 0.008 -0.2475 0.0925 0 0.5 2000 1 5 2.38054663446376 5 1000 914 5
"1375" "A" 0.008 -0.4125 0.05125 1 0 2000 1 5 2.97103966096362 5 1000 1510 5
"1376" "A" 0.008 -0.04125 1 0 0 2000 1 5 0 5 1000 295 5
"1377" "A" 0.08 -0.2475 0.9175 1 0 2000 1 5 0.0861026990534116 5 1000 4786 5
"1378" "A" 0.008 -0.45375 0.5875 0 0.5 2000 1 5 0.531879032963823 5 1000 1736 5
"1379" "A" 0.08 -0.66 0.54625 0 0 2000 1 5 0.604678532572337 5 1000 6229 5
"1380" "A" 0.008 -0.04125 0.13375 1 1 2000 1 5 2.01178289320602 5 1000 174 5
"1381" "A" 0.08 -0.61875 0.7525 1 1 2000 1 5 0.284354282359106 5 1000 6114 5
"1382" "A" 0.08 -0.33 0.87625 0 0 2000 1 5 0.132103840633337 5 1000 5077 5
"1383" "A" 0.008 -0.7425 0.13375 0 1 2000 1 5 2.01178289320602 5 1000 2721 5
"1384" "A" 0.08 -0.33 0.505 1 0.5 2000 1 5 0.683196849706777 5 1000 5027 5
"1385" "A" 0.08 -0.2475 0.46375 0 1 2000 1 5 0.768409665060492 5 1000 4719 5
"1386" "A" 0.008 -0.45375 0.95875 0 0 2000 1 5 0.042124926300671 5 1000 1789 5
"1387" "A" 0.008 -0.825 0.4225 1 0 2000 1 5 0.861565832184908 5 1000 3064 5
"1388" "A" 0.008 -0.12375 0.29875 0 1 2000 1 5 1.20814817573642 5 1000 495 5
"1389" "A" 0.008 0 0.34 0 0.5 2000 1 5 1.07880966137193 5 1000 50 5
"1390" "A" 0.008 -0.70125 0.835 1 1 2000 1 5 0.180323554131281 5 1000 2676 5
"1391" "A" 0.08 -0.86625 0.67 1 1 2000 1 5 0.400477566597125 5 1000 7002 5
"1392" "A" 0.008 -0.33 0.13375 1 0.5 2000 1 5 2.01178289320602 5 1000 1223 5
"1393" "A" 0.008 -0.66 0.01 1 1 2000 1 5 4.60517018598809 5 1000 2406 5
"1394" "A" 0.08 -0.4125 0.29875 0 1 2000 1 5 1.20814817573642 5 1000 5295 5
"1395" "A" 0.08 -0.825 0.29875 0 1 2000 1 5 1.20814817573642 5 1000 6795 5
"1396" "A" 0.08 -0.70125 0.21625 1 0.5 2000 1 5 1.53132013317015 5 1000 6335 5
"1397" "A" 0.008 -0.53625 0.9175 0 0.5 2000 1 5 0.0861026990534116 5 1000 2084 5
"1398" "A" 0.008 -0.78375 0.13375 0 0 2000 1 5 2.01178289320602 5 1000 2869 5
"1399" "A" 0.08 -0.9075 0.13375 1 0.5 2000 1 5 2.01178289320602 5 1000 7073 5
"1400" "A" 0.008 -0.5775 0.01 0 0 2000 1 5 4.60517018598809 5 1000 2101 5
"1401" "A" 0.008 -0.20625 1 0 1 2000 1 5 0 5 1000 897 5
"1402" "A" 0.08 -0.825 0.67 1 0 2000 1 5 0.400477566597125 5 1000 6850 5
"1403" "A" 0.08 -0.61875 0.87625 0 0 2000 1 5 0.132103840633337 5 1000 6127 5
"1404" "A" 0.008 -0.9075 0.21625 0 0.5 2000 1 5 1.53132013317015 5 1000 3332 5
"1405" "A" 0.008 -0.5775 0.87625 0 0.5 2000 1 5 0.132103840633337 5 1000 2228 5
"1406" "A" 0.08 -0.70125 0.4225 0 1 2000 1 5 0.861565832184908 5 1000 6363 5
"1407" "A" 0.008 -0.94875 0.01 1 0 2000 1 5 4.60517018598809 5 1000 3454 5
"1408" "A" 0.08 -0.825 0.4225 1 0.5 2000 1 5 0.861565832184908 5 1000 6815 5
"1409" "A" 0.08 -0.825 0.7525 1 0 2000 1 5 0.284354282359106 5 1000 6862 5
"1410" "A" 0.08 -0.28875 0.46375 0 0.5 2000 1 5 0.768409665060492 5 1000 4868 5
"1411" "A" 0.008 -0.12375 0.46375 0 0.5 2000 1 5 0.768409665060492 5 1000 518 5
"1412" "A" 0.08 -0.0825 0.95875 1 1 2000 1 5 0.042124926300671 5 1000 4194 5
"1413" "A" 0.008 -0.99 1 1 0.5 2000 1 5 0 5 1000 3749 5
"1414" "A" 0.008 -0.28875 0.67 1 0.5 2000 1 5 0.400477566597125 5 1000 1151 5
"1415" "A" 0.008 -0.0825 0.71125 0 1 2000 1 5 0.340731293541596 5 1000 405 5
"1416" "A" 0.008 -0.5775 0.87625 0 1 2000 1 5 0.132103840633337 5 1000 2229 5
"1417" "A" 0.008 -0.165 0.38125 0 1 2000 1 5 0.964299951060516 5 1000 657 5
"1418" "A" 0.08 -0.70125 0.67 1 1 2000 1 5 0.400477566597125 5 1000 6402 5
"1419" "A" 0.08 -0.99 0.13375 1 0.5 2000 1 5 2.01178289320602 5 1000 7373 5
"1420" "A" 0.08 -0.2475 1 0 0 2000 1 5 0 5 1000 4795 5
"1421" "A" 0.008 -0.495 0.13375 1 0 2000 1 5 2.01178289320602 5 1000 1822 5
"1422" "A" 0.008 -0.94875 0.79375 1 0.5 2000 1 5 0.230986728775236 5 1000 3569 5
"1423" "A" 0.08 -0.825 0.7525 0 0.5 2000 1 5 0.284354282359106 5 1000 6860 5
"1424" "A" 0.008 -0.94875 0.0925 0 0 2000 1 5 2.38054663446376 5 1000 3463 5
"1425" "A" 0.008 -0.61875 0.21625 1 1 2000 1 5 1.53132013317015 5 1000 2286 5
"1426" "A" 0.008 -0.45375 0.05125 0 0 2000 1 5 2.97103966096362 5 1000 1657 5
"1427" "A" 0.08 -0.86625 0.05125 1 0.5 2000 1 5 2.97103966096362 5 1000 6911 5
"1428" "A" 0.008 -0.78375 0.34 0 0 2000 1 5 1.07880966137193 5 1000 2899 5
"1429" "A" 0.008 -0.45375 0.79375 1 0 2000 1 5 0.230986728775236 5 1000 1768 5
"1430" "A" 0.008 0 0.01 1 0.5 2000 1 5 4.60517018598809 5 1000 5 5
"1431" "A" 0.008 -0.495 0.46375 1 1 2000 1 5 0.768409665060492 5 1000 1872 5
"1432" "A" 0.08 -0.165 0.7525 0 1 2000 1 5 0.284354282359106 5 1000 4461 5
"1433" "A" 0.008 -0.7425 0.2575 1 0 2000 1 5 1.35673555887835 5 1000 2740 5
"1434" "A" 0.08 -0.825 0.46375 1 1 2000 1 5 0.768409665060492 5 1000 6822 5
"1435" "A" 0.08 0 0.2575 0 1 2000 1 5 1.35673555887835 5 1000 3789 5
"1436" "A" 0.08 -0.7425 0.87625 0 1 2000 1 5 0.132103840633337 5 1000 6579 5
"1437" "A" 0.08 -0.495 0.95875 1 1 2000 1 5 0.042124926300671 5 1000 5694 5
"1438" "A" 0.008 -0.66 0.175 0 0.5 2000 1 5 1.74296930505862 5 1000 2426 5
"1439" "A" 0.008 -0.4125 0.67 1 0.5 2000 1 5 0.400477566597125 5 1000 1601 5
"1440" "A" 0.08 -0.66 0.505 0 1 2000 1 5 0.683196849706777 5 1000 6225 5
"1441" "A" 0.08 0 0.54625 1 0.5 2000 1 5 0.604678532572337 5 1000 3833 5
"1442" "A" 0.008 -0.165 0.0925 0 1 2000 1 5 2.38054663446376 5 1000 615 5
"1443" "A" 0.08 -0.45375 0.46375 0 1 2000 1 5 0.768409665060492 5 1000 5469 5
"1444" "A" 0.008 -0.5775 0.505 0 0.5 2000 1 5 0.683196849706777 5 1000 2174 5
"1445" "A" 0.08 -0.61875 0.9175 1 1 2000 1 5 0.0861026990534116 5 1000 6138 5
"1446" "A" 0.008 -0.66 0.2575 0 0 2000 1 5 1.35673555887835 5 1000 2437 5
"1447" "A" 0.008 0 0.9175 1 0 2000 1 5 0.0861026990534116 5 1000 136 5
"1448" "A" 0.08 -0.33 0.71125 1 0 2000 1 5 0.340731293541596 5 1000 5056 5
"1449" "A" 0.008 -0.5775 0.38125 1 0 2000 1 5 0.964299951060516 5 1000 2158 5
"1450" "A" 0.008 -0.2475 0.9175 0 0.5 2000 1 5 0.0861026990534116 5 1000 1034 5
"1451" "A" 0.08 -0.45375 0.71125 1 1 2000 1 5 0.340731293541596 5 1000 5508 5
"1452" "A" 0.08 -0.61875 0.71125 1 0.5 2000 1 5 0.340731293541596 5 1000 6107 5
"1453" "A" 0.08 -0.99 0.0925 0 0 2000 1 5 2.38054663446376 5 1000 7363 5
"1454" "A" 0.08 -0.37125 0.21625 0 0.5 2000 1 5 1.53132013317015 5 1000 5132 5
"1455" "A" 0.08 -0.5775 0.505 1 1 2000 1 5 0.683196849706777 5 1000 5928 5
"1456" "A" 0.008 -0.0825 1 0 1 2000 1 5 0 5 1000 447 5
"1457" "A" 0.008 -0.12375 0.95875 0 0 2000 1 5 0.042124926300671 5 1000 589 5
"1458" "A" 0.08 -0.7425 0.34 1 0.5 2000 1 5 1.07880966137193 5 1000 6503 5
"1459" "A" 0.008 -0.61875 0.62875 1 0.5 2000 1 5 0.464021557568188 5 1000 2345 5
"1460" "A" 0.008 -0.94875 0.2575 0 0.5 2000 1 5 1.35673555887835 5 1000 3488 5
"1461" "A" 0.08 -0.78375 0.71125 0 0.5 2000 1 5 0.340731293541596 5 1000 6704 5
"1462" "A" 0.08 -0.45375 0.505 1 1 2000 1 5 0.683196849706777 5 1000 5478 5
"1463" "A" 0.008 -0.4125 1 1 1 2000 1 5 0 5 1000 1650 5
"1464" "A" 0.008 -0.165 0.87625 1 1 2000 1 5 0.132103840633337 5 1000 732 5
"1465" "A" 0.08 -0.53625 0.71125 0 1 2000 1 5 0.340731293541596 5 1000 5805 5
"1466" "A" 0.08 -0.28875 0.01 0 0.5 2000 1 5 4.60517018598809 5 1000 4802 5
"1467" "A" 0.08 -0.4125 0.01 0 0 2000 1 5 4.60517018598809 5 1000 5251 5
"1468" "A" 0.08 -0.70125 0.835 0 1 2000 1 5 0.180323554131281 5 1000 6423 5
"1469" "A" 0.008 -0.12375 0.71125 1 1 2000 1 5 0.340731293541596 5 1000 558 5
"1470" "A" 0.08 -0.94875 0.54625 0 0.5 2000 1 5 0.604678532572337 5 1000 7280 5
"1471" "A" 0.08 -0.825 0.175 0 1 2000 1 5 1.74296930505862 5 1000 6777 5
"1472" "A" 0.08 -0.825 0.0925 0 0.5 2000 1 5 2.38054663446376 5 1000 6764 5
"1473" "A" 0.008 -0.94875 0.5875 1 0 2000 1 5 0.531879032963823 5 1000 3538 5
"1474" "A" 0.08 -0.04125 0.5875 0 1 2000 1 5 0.531879032963823 5 1000 3987 5
"1475" "A" 0.08 -0.4125 0.01 1 0 2000 1 5 4.60517018598809 5 1000 5254 5
"1476" "A" 0.008 -0.66 0.9175 1 0.5 2000 1 5 0.0861026990534116 5 1000 2537 5
"1477" "A" 0.008 -0.12375 0.87625 0 1 2000 1 5 0.132103840633337 5 1000 579 5
"1478" "A" 0.008 -0.33 0.175 0 0.5 2000 1 5 1.74296930505862 5 1000 1226 5
"1479" "A" 0.08 -0.495 0.71125 1 0.5 2000 1 5 0.340731293541596 5 1000 5657 5
"1480" "A" 0.08 -0.33 0.5875 1 0.5 2000 1 5 0.531879032963823 5 1000 5039 5
"1481" "A" 0.008 -0.53625 0.4225 1 1 2000 1 5 0.861565832184908 5 1000 2016 5
"1482" "A" 0.08 -0.2475 0.21625 1 1 2000 1 5 1.53132013317015 5 1000 4686 5
"1483" "A" 0.008 -0.0825 0.54625 1 0 2000 1 5 0.604678532572337 5 1000 382 5
"1484" "A" 0.008 -0.37125 0.95875 1 1 2000 1 5 0.042124926300671 5 1000 1494 5
"1485" "A" 0.08 -0.61875 0.46375 0 0.5 2000 1 5 0.768409665060492 5 1000 6068 5
"1486" "A" 0.08 -0.70125 1 0 0.5 2000 1 5 0 5 1000 6446 5
"1487" "A" 0.008 0 0.0925 1 0 2000 1 5 2.38054663446376 5 1000 16 5
"1488" "A" 0.08 -0.0825 0.4225 1 0 2000 1 5 0.861565832184908 5 1000 4114 5
"1489" "A" 0.008 -0.2475 0.54625 1 0.5 2000 1 5 0.604678532572337 5 1000 983 5
"1490" "A" 0.08 -0.04125 0.79375 1 0 2000 1 5 0.230986728775236 5 1000 4018 5
"1491" "A" 0.008 -0.99 0.175 1 0.5 2000 1 5 1.74296930505862 5 1000 3629 5
"1492" "A" 0.008 -0.94875 0.13375 1 0.5 2000 1 5 2.01178289320602 5 1000 3473 5
"1493" "A" 0.008 -0.45375 0.175 0 0.5 2000 1 5 1.74296930505862 5 1000 1676 5
"1494" "A" 0.008 -0.33 0.54625 1 0 2000 1 5 0.604678532572337 5 1000 1282 5
"1495" "A" 0.008 0 0.62875 0 0 2000 1 5 0.464021557568188 5 1000 91 5
"1496" "A" 0.008 -0.37125 0.34 0 1 2000 1 5 1.07880966137193 5 1000 1401 5
"1497" "A" 0.008 -0.2475 0.21625 1 1 2000 1 5 1.53132013317015 5 1000 936 5
"1498" "A" 0.008 -0.825 0.95875 1 1 2000 1 5 0.042124926300671 5 1000 3144 5
"1499" "A" 0.08 -0.86625 0.13375 1 0.5 2000 1 5 2.01178289320602 5 1000 6923 5
"1500" "A" 0.008 -0.37125 0.05125 0 0.5 2000 1 5 2.97103966096362 5 1000 1358 5
"1501" "A" 0.008 -0.2475 0.38125 0 0.5 2000 1 5 0.964299951060516 5 1000 956 5
"1502" "A" 0.08 -0.45375 0.21625 0 1 2000 1 5 1.53132013317015 5 1000 5433 5
"1503" "A" 0.008 -0.495 0.5875 0 0.5 2000 1 5 0.531879032963823 5 1000 1886 5
"1504" "A" 0.08 -0.825 0.2575 1 0.5 2000 1 5 1.35673555887835 5 1000 6791 5
"1505" "A" 0.08 -0.495 0.62875 0 1 2000 1 5 0.464021557568188 5 1000 5643 5
"1506" "A" 0.08 -0.0825 0.4225 0 0.5 2000 1 5 0.861565832184908 5 1000 4112 5
"1507" "A" 0.08 -0.86625 0.21625 1 1 2000 1 5 1.53132013317015 5 1000 6936 5
"1508" "A" 0.008 -0.99 0.54625 0 0 2000 1 5 0.604678532572337 5 1000 3679 5
"1509" "A" 0.08 -0.61875 0.01 0 0 2000 1 5 4.60517018598809 5 1000 6001 5
"1510" "A" 0.08 -0.99 0.71125 1 1 2000 1 5 0.340731293541596 5 1000 7458 5
"1511" "A" 0.08 -0.78375 0.5875 0 1 2000 1 5 0.531879032963823 5 1000 6687 5
"1512" "A" 0.08 -0.4125 0.29875 0 0.5 2000 1 5 1.20814817573642 5 1000 5294 5
"1513" "A" 0.008 -0.2475 0.835 0 0.5 2000 1 5 0.180323554131281 5 1000 1022 5
"1514" "A" 0.008 -0.94875 0.05125 1 0 2000 1 5 2.97103966096362 5 1000 3460 5
"1515" "A" 0.08 -0.61875 0.54625 0 0.5 2000 1 5 0.604678532572337 5 1000 6080 5
"1516" "A" 0.008 -0.53625 0.95875 0 0.5 2000 1 5 0.042124926300671 5 1000 2090 5
"1517" "A" 0.008 -0.0825 0.505 1 0 2000 1 5 0.683196849706777 5 1000 376 5
"1518" "A" 0.008 -0.165 0.13375 0 0.5 2000 1 5 2.01178289320602 5 1000 620 5
"1519" "A" 0.008 -0.45375 0.46375 0 0.5 2000 1 5 0.768409665060492 5 1000 1718 5
"1520" "A" 0.08 -0.7425 0.4225 1 0 2000 1 5 0.861565832184908 5 1000 6514 5
"1521" "A" 0.008 -0.825 0.29875 0 1 2000 1 5 1.20814817573642 5 1000 3045 5
"1522" "A" 0.008 -0.33 0.835 0 0.5 2000 1 5 0.180323554131281 5 1000 1322 5
"1523" "A" 0.08 -0.37125 0.505 0 1 2000 1 5 0.683196849706777 5 1000 5175 5
"1524" "A" 0.08 -0.165 0.46375 0 0.5 2000 1 5 0.768409665060492 5 1000 4418 5
"1525" "A" 0.008 -0.7425 0.505 1 0.5 2000 1 5 0.683196849706777 5 1000 2777 5
"1526" "A" 0.08 -0.9075 0.46375 0 0 2000 1 5 0.768409665060492 5 1000 7117 5
"1527" "A" 0.08 -0.94875 0.95875 0 0 2000 1 5 0.042124926300671 5 1000 7339 5
"1528" "A" 0.08 -0.37125 0.38125 0 1 2000 1 5 0.964299951060516 5 1000 5157 5
"1529" "A" 0.008 -0.28875 1 1 0 2000 1 5 0 5 1000 1198 5
"1530" "A" 0.008 -0.4125 0.87625 1 0 2000 1 5 0.132103840633337 5 1000 1630 5
"1531" "A" 0.08 -0.825 0.5875 0 1 2000 1 5 0.531879032963823 5 1000 6837 5
"1532" "A" 0.08 -0.0825 0.13375 1 0.5 2000 1 5 2.01178289320602 5 1000 4073 5
"1533" "A" 0.008 -0.5775 0.21625 1 0 2000 1 5 1.53132013317015 5 1000 2134 5
"1534" "A" 0.08 -0.99 0.62875 1 0 2000 1 5 0.464021557568188 5 1000 7444 5
"1535" "A" 0.08 -0.9075 0.505 0 1 2000 1 5 0.683196849706777 5 1000 7125 5
"1536" "A" 0.008 0 0.505 1 1 2000 1 5 0.683196849706777 5 1000 78 5
"1537" "A" 0.008 -0.04125 0.79375 1 1 2000 1 5 0.230986728775236 5 1000 270 5
"1538" "A" 0.008 -0.94875 0.95875 0 0 2000 1 5 0.042124926300671 5 1000 3589 5
"1539" "A" 0.08 -0.2475 0.9175 0 0.5 2000 1 5 0.0861026990534116 5 1000 4784 5
"1540" "A" 0.08 -0.2475 0.4225 1 0.5 2000 1 5 0.861565832184908 5 1000 4715 5
"1541" "A" 0.08 -0.78375 0.4225 1 0.5 2000 1 5 0.861565832184908 5 1000 6665 5
"1542" "A" 0.008 -0.20625 0.62875 0 0.5 2000 1 5 0.464021557568188 5 1000 842 5
"1543" "A" 0.008 -0.86625 0.9175 1 0.5 2000 1 5 0.0861026990534116 5 1000 3287 5
"1544" "A" 0.08 -0.28875 0.95875 0 0.5 2000 1 5 0.042124926300671 5 1000 4940 5
"1545" "A" 0.08 -0.5775 0.13375 0 0.5 2000 1 5 2.01178289320602 5 1000 5870 5
"1546" "A" 0.08 -0.86625 0.46375 1 0 2000 1 5 0.768409665060492 5 1000 6970 5
"1547" "A" 0.008 -0.165 0.29875 0 0.5 2000 1 5 1.20814817573642 5 1000 644 5
"1548" "A" 0.08 -0.12375 0.13375 1 0.5 2000 1 5 2.01178289320602 5 1000 4223 5
"1549" "A" 0.08 -0.825 0.38125 0 0.5 2000 1 5 0.964299951060516 5 1000 6806 5
"1550" "A" 0.08 -0.4125 0.29875 1 1 2000 1 5 1.20814817573642 5 1000 5298 5
"1551" "A" 0.008 -0.94875 0.67 1 0.5 2000 1 5 0.400477566597125 5 1000 3551 5
"1552" "A" 0.08 -0.94875 0.62875 1 0.5 2000 1 5 0.464021557568188 5 1000 7295 5
"1553" "A" 0.08 -0.9075 0.34 1 0 2000 1 5 1.07880966137193 5 1000 7102 5
"1554" "A" 0.08 -0.94875 0.13375 0 1 2000 1 5 2.01178289320602 5 1000 7221 5
"1555" "A" 0.008 -0.61875 0.505 0 0 2000 1 5 0.683196849706777 5 1000 2323 5
"1556" "A" 0.08 -0.53625 0.0925 1 0.5 2000 1 5 2.38054663446376 5 1000 5717 5
"1557" "A" 0.008 -0.28875 0.71125 1 0.5 2000 1 5 0.340731293541596 5 1000 1157 5
"1558" "A" 0.08 -0.495 0.21625 0 1 2000 1 5 1.53132013317015 5 1000 5583 5
"1559" "A" 0.008 -0.2475 0.7525 0 1 2000 1 5 0.284354282359106 5 1000 1011 5
"1560" "A" 0.08 -0.33 0.05125 1 1 2000 1 5 2.97103966096362 5 1000 4962 5
"1561" "A" 0.08 -0.53625 0.01 0 0.5 2000 1 5 4.60517018598809 5 1000 5702 5
"1562" "A" 0.08 -0.04125 0.79375 1 0.5 2000 1 5 0.230986728775236 5 1000 4019 5
"1563" "A" 0.008 0 0.01 0 0.5 2000 1 5 4.60517018598809 5 1000 2 5
"1564" "A" 0.08 -0.495 0.2575 0 0 2000 1 5 1.35673555887835 5 1000 5587 5
"1565" "A" 0.008 -0.70125 0.46375 0 0.5 2000 1 5 0.768409665060492 5 1000 2618 5
"1566" "A" 0.008 -0.4125 0.87625 1 1 2000 1 5 0.132103840633337 5 1000 1632 5
"1567" "A" 0.08 -0.61875 0.2575 0 0 2000 1 5 1.35673555887835 5 1000 6037 5
"1568" "A" 0.008 -0.5775 0.29875 0 0 2000 1 5 1.20814817573642 5 1000 2143 5
"1569" "A" 0.08 -0.825 0.4225 0 0.5 2000 1 5 0.861565832184908 5 1000 6812 5
"1570" "A" 0.008 -0.99 0.29875 1 0.5 2000 1 5 1.20814817573642 5 1000 3647 5
"1571" "A" 0.008 -0.7425 0.54625 0 0.5 2000 1 5 0.604678532572337 5 1000 2780 5
"1572" "A" 0.08 -0.78375 0.13375 0 1 2000 1 5 2.01178289320602 5 1000 6621 5
"1573" "A" 0.008 -0.495 0.29875 1 0.5 2000 1 5 1.20814817573642 5 1000 1847 5
"1574" "A" 0.08 -0.2475 0.175 1 1 2000 1 5 1.74296930505862 5 1000 4680 5
"1575" "A" 0.008 -0.66 0.9175 0 0 2000 1 5 0.0861026990534116 5 1000 2533 5
"1576" "A" 0.008 -0.165 0.9175 1 0 2000 1 5 0.0861026990534116 5 1000 736 5
"1577" "A" 0.08 -0.94875 0.505 1 1 2000 1 5 0.683196849706777 5 1000 7278 5
"1578" "A" 0.008 -0.825 0.5875 0 0 2000 1 5 0.531879032963823 5 1000 3085 5
"1579" "A" 0.008 -0.4125 0.62875 1 0.5 2000 1 5 0.464021557568188 5 1000 1595 5
"1580" "A" 0.008 -0.37125 0.46375 1 0 2000 1 5 0.768409665060492 5 1000 1420 5
"1581" "A" 0.008 -0.33 0.67 0 1 2000 1 5 0.400477566597125 5 1000 1299 5
"1582" "A" 0.08 -0.9075 0.05125 0 0.5 2000 1 5 2.97103966096362 5 1000 7058 5
"1583" "A" 0.08 -0.94875 0.46375 1 1 2000 1 5 0.768409665060492 5 1000 7272 5
"1584" "A" 0.08 -0.825 0.71125 0 0.5 2000 1 5 0.340731293541596 5 1000 6854 5
"1585" "A" 0.08 -0.53625 0.46375 1 0 2000 1 5 0.768409665060492 5 1000 5770 5
"1586" "A" 0.008 -0.0825 0.05125 0 1 2000 1 5 2.97103966096362 5 1000 309 5
"1587" "A" 0.008 -0.37125 0.21625 0 0.5 2000 1 5 1.53132013317015 5 1000 1382 5
"1588" "A" 0.008 -0.5775 0.5875 1 0.5 2000 1 5 0.531879032963823 5 1000 2189 5
"1589" "A" 0.008 -0.99 0.9175 0 0.5 2000 1 5 0.0861026990534116 5 1000 3734 5
"1590" "A" 0.08 -0.12375 0.9175 1 0 2000 1 5 0.0861026990534116 5 1000 4336 5
"1591" "A" 0.008 -0.0825 0.67 1 0 2000 1 5 0.400477566597125 5 1000 400 5
"1592" "A" 0.008 -0.99 0.2575 1 1 2000 1 5 1.35673555887835 5 1000 3642 5
"1593" "A" 0.008 -0.94875 0.34 0 0 2000 1 5 1.07880966137193 5 1000 3499 5
"1594" "A" 0.008 -0.5775 0.2575 1 1 2000 1 5 1.35673555887835 5 1000 2142 5
"1595" "A" 0.008 -0.37125 1 0 1 2000 1 5 0 5 1000 1497 5
"1596" "A" 0.08 -0.20625 0.01 0 1 2000 1 5 4.60517018598809 5 1000 4503 5
"1597" "A" 0.008 -0.28875 0.54625 0 1 2000 1 5 0.604678532572337 5 1000 1131 5
"1598" "A" 0.008 -0.86625 0.29875 0 0.5 2000 1 5 1.20814817573642 5 1000 3194 5
"1599" "A" 0.008 -0.825 0.01 1 1 2000 1 5 4.60517018598809 5 1000 3006 5
"1600" "A" 0.008 -0.86625 0.87625 0 0 2000 1 5 0.132103840633337 5 1000 3277 5
"1601" "A" 0.08 -0.495 0.87625 0 1 2000 1 5 0.132103840633337 5 1000 5679 5
"1602" "A" 0.008 -0.495 0.4225 1 1 2000 1 5 0.861565832184908 5 1000 1866 5
"1603" "A" 0.08 -0.61875 1 0 1 2000 1 5 0 5 1000 6147 5
"1604" "A" 0.008 -0.53625 0.0925 0 1 2000 1 5 2.38054663446376 5 1000 1965 5
"1605" "A" 0.008 -0.86625 0.67 1 0.5 2000 1 5 0.400477566597125 5 1000 3251 5
"1606" "A" 0.08 -0.825 0.835 1 1 2000 1 5 0.180323554131281 5 1000 6876 5
"1607" "A" 0.08 -0.66 0.505 1 1 2000 1 5 0.683196849706777 5 1000 6228 5
"1608" "A" 0.08 -0.5775 0.01 1 1 2000 1 5 4.60517018598809 5 1000 5856 5
"1609" "A" 0.08 -0.70125 0.71125 1 0 2000 1 5 0.340731293541596 5 1000 6406 5
"1610" "A" 0.008 -0.86625 1 1 1 2000 1 5 0 5 1000 3300 5
"1611" "A" 0.08 0 0.67 0 0 2000 1 5 0.400477566597125 5 1000 3847 5
"1612" "A" 0.08 -0.9075 0.21625 0 0 2000 1 5 1.53132013317015 5 1000 7081 5
"1613" "A" 0.008 -0.165 0.46375 0 0 2000 1 5 0.768409665060492 5 1000 667 5
"1614" "A" 0.08 -0.825 0.29875 1 0 2000 1 5 1.20814817573642 5 1000 6796 5
"1615" "A" 0.08 -0.12375 0.01 0 0.5 2000 1 5 4.60517018598809 5 1000 4202 5
"1616" "A" 0.008 -0.04125 0.05125 1 0.5 2000 1 5 2.97103966096362 5 1000 161 5
"1617" "A" 0.08 -0.78375 0.0925 1 0.5 2000 1 5 2.38054663446376 5 1000 6617 5
"1618" "A" 0.08 -0.61875 0.29875 1 0.5 2000 1 5 1.20814817573642 5 1000 6047 5
"1619" "A" 0.08 0 0.79375 1 0 2000 1 5 0.230986728775236 5 1000 3868 5
"1620" "A" 0.008 -0.04125 0.67 1 0 2000 1 5 0.400477566597125 5 1000 250 5
"1621" "A" 0.008 -0.37125 0.46375 0 0 2000 1 5 0.768409665060492 5 1000 1417 5
"1622" "A" 0.008 -0.61875 0.87625 1 0.5 2000 1 5 0.132103840633337 5 1000 2381 5
"1623" "A" 0.08 -0.94875 0.175 0 1 2000 1 5 1.74296930505862 5 1000 7227 5
"1624" "A" 0.08 -0.33 0.835 1 1 2000 1 5 0.180323554131281 5 1000 5076 5
"1625" "A" 0.08 -0.33 0.5875 1 0 2000 1 5 0.531879032963823 5 1000 5038 5
"1626" "A" 0.08 -0.0825 0.79375 1 1 2000 1 5 0.230986728775236 5 1000 4170 5
"1627" "A" 0.08 -0.45375 0.95875 1 0.5 2000 1 5 0.042124926300671 5 1000 5543 5
"1628" "A" 0.08 -0.94875 0.95875 1 1 2000 1 5 0.042124926300671 5 1000 7344 5
"1629" "A" 0.008 -0.04125 0.29875 1 0.5 2000 1 5 1.20814817573642 5 1000 197 5
"1630" "A" 0.008 -0.825 0.67 1 0 2000 1 5 0.400477566597125 5 1000 3100 5
"1631" "A" 0.008 -0.37125 0.2575 0 1 2000 1 5 1.35673555887835 5 1000 1389 5
"1632" "A" 0.008 0 0.9175 1 1 2000 1 5 0.0861026990534116 5 1000 138 5
"1633" "A" 0.08 -0.20625 0.7525 0 0 2000 1 5 0.284354282359106 5 1000 4609 5
"1634" "A" 0.008 -0.9075 0.505 1 0 2000 1 5 0.683196849706777 5 1000 3376 5
"1635" "A" 0.008 -0.53625 0.62875 1 1 2000 1 5 0.464021557568188 5 1000 2046 5
"1636" "A" 0.08 -0.495 0.46375 0 1 2000 1 5 0.768409665060492 5 1000 5619 5
"1637" "A" 0.008 -0.4125 0.95875 1 0.5 2000 1 5 0.042124926300671 5 1000 1643 5
"1638" "A" 0.008 -0.86625 0.54625 0 1 2000 1 5 0.604678532572337 5 1000 3231 5
"1639" "A" 0.08 -0.7425 0.21625 1 0 2000 1 5 1.53132013317015 5 1000 6484 5
"1640" "A" 0.008 -0.70125 1 0 0 2000 1 5 0 5 1000 2695 5
"1641" "A" 0.008 -0.9075 0.87625 0 0 2000 1 5 0.132103840633337 5 1000 3427 5
"1642" "A" 0.08 0 0.62875 1 0.5 2000 1 5 0.464021557568188 5 1000 3845 5
"1643" "A" 0.008 -0.825 0.01 1 0 2000 1 5 4.60517018598809 5 1000 3004 5
"1644" "A" 0.08 -0.94875 0.01 0 1 2000 1 5 4.60517018598809 5 1000 7203 5
"1645" "A" 0.008 -0.825 0.505 1 0 2000 1 5 0.683196849706777 5 1000 3076 5
"1646" "A" 0.008 -0.28875 0.71125 0 1 2000 1 5 0.340731293541596 5 1000 1155 5
"1647" "A" 0.008 -0.53625 0.9175 0 1 2000 1 5 0.0861026990534116 5 1000 2085 5
"1648" "A" 0.08 -0.12375 0.01 1 1 2000 1 5 4.60517018598809 5 1000 4206 5
"1649" "A" 0.08 -0.78375 0.62875 1 0.5 2000 1 5 0.464021557568188 5 1000 6695 5
"1650" "A" 0.008 -0.94875 0.13375 0 1 2000 1 5 2.01178289320602 5 1000 3471 5
"1651" "A" 0.008 -0.86625 0.175 0 0 2000 1 5 1.74296930505862 5 1000 3175 5
"1652" "A" 0.008 -0.70125 0.29875 0 1 2000 1 5 1.20814817573642 5 1000 2595 5
"1653" "A" 0.08 -0.99 0.79375 1 0 2000 1 5 0.230986728775236 5 1000 7468 5
"1654" "A" 0.008 -0.7425 0.13375 1 0.5 2000 1 5 2.01178289320602 5 1000 2723 5
"1655" "A" 0.008 -0.4125 0.46375 0 0.5 2000 1 5 0.768409665060492 5 1000 1568 5
"1656" "A" 0.008 -0.7425 0.05125 0 0 2000 1 5 2.97103966096362 5 1000 2707 5
"1657" "A" 0.08 -0.04125 0.95875 1 0 2000 1 5 0.042124926300671 5 1000 4042 5
"1658" "A" 0.08 -0.28875 0.29875 0 0.5 2000 1 5 1.20814817573642 5 1000 4844 5
"1659" "A" 0.08 -0.0825 0.175 1 1 2000 1 5 1.74296930505862 5 1000 4080 5
"1660" "A" 0.008 -0.66 1 1 0 2000 1 5 0 5 1000 2548 5
"1661" "A" 0.08 -0.04125 0.71125 0 0 2000 1 5 0.340731293541596 5 1000 4003 5
"1662" "A" 0.08 -0.4125 0.79375 1 1 2000 1 5 0.230986728775236 5 1000 5370 5
"1663" "A" 0.08 -0.9075 0.2575 1 0.5 2000 1 5 1.35673555887835 5 1000 7091 5
"1664" "A" 0.08 -0.61875 0.5875 1 0.5 2000 1 5 0.531879032963823 5 1000 6089 5
"1665" "A" 0.08 -0.33 0.38125 1 1 2000 1 5 0.964299951060516 5 1000 5010 5
"1666" "A" 0.008 -0.4125 0.505 0 0.5 2000 1 5 0.683196849706777 5 1000 1574 5
"1667" "A" 0.08 -0.2475 0.29875 1 1 2000 1 5 1.20814817573642 5 1000 4698 5
"1668" "A" 0.08 -0.94875 0.67 0 1 2000 1 5 0.400477566597125 5 1000 7299 5
"1669" "A" 0.08 0 0.21625 1 1 2000 1 5 1.53132013317015 5 1000 3786 5
"1670" "A" 0.08 -0.86625 0.7525 0 0 2000 1 5 0.284354282359106 5 1000 7009 5
"1671" "A" 0.08 -0.66 0.9175 0 0 2000 1 5 0.0861026990534116 5 1000 6283 5
"1672" "A" 0.08 -0.70125 1 0 1 2000 1 5 0 5 1000 6447 5
"1673" "A" 0.008 -0.61875 0.7525 1 0 2000 1 5 0.284354282359106 5 1000 2362 5
"1674" "A" 0.008 -0.12375 0.38125 0 1 2000 1 5 0.964299951060516 5 1000 507 5
"1675" "A" 0.08 -0.94875 0.46375 1 0 2000 1 5 0.768409665060492 5 1000 7270 5
"1676" "A" 0.008 -0.495 0.34 1 0 2000 1 5 1.07880966137193 5 1000 1852 5
"1677" "A" 0.008 -0.33 0.62875 0 0 2000 1 5 0.464021557568188 5 1000 1291 5
"1678" "A" 0.008 -0.825 0.67 1 0.5 2000 1 5 0.400477566597125 5 1000 3101 5
"1679" "A" 0.08 -0.0825 0.835 0 0 2000 1 5 0.180323554131281 5 1000 4171 5
"1680" "A" 0.08 -0.9075 0.79375 0 0.5 2000 1 5 0.230986728775236 5 1000 7166 5
"1681" "A" 0.08 -0.37125 0.2575 1 1 2000 1 5 1.35673555887835 5 1000 5142 5
"1682" "A" 0.08 -0.61875 0.62875 0 0 2000 1 5 0.464021557568188 5 1000 6091 5
"1683" "A" 0.08 -0.94875 0.67 1 1 2000 1 5 0.400477566597125 5 1000 7302 5
"1684" "A" 0.008 -0.165 0.01 0 0 2000 1 5 4.60517018598809 5 1000 601 5
"1685" "A" 0.08 -0.28875 0.9175 0 0 2000 1 5 0.0861026990534116 5 1000 4933 5
"1686" "A" 0.08 -0.99 0.38125 0 0.5 2000 1 5 0.964299951060516 5 1000 7406 5
"1687" "A" 0.008 -0.12375 0.87625 1 1 2000 1 5 0.132103840633337 5 1000 582 5
"1688" "A" 0.008 -0.165 0.54625 1 0 2000 1 5 0.604678532572337 5 1000 682 5
"1689" "A" 0.08 -0.66 0.05125 0 0.5 2000 1 5 2.97103966096362 5 1000 6158 5
"1690" "A" 0.008 -0.78375 1 0 1 2000 1 5 0 5 1000 2997 5
"1691" "A" 0.008 -0.45375 0.34 1 0 2000 1 5 1.07880966137193 5 1000 1702 5
"1692" "A" 0.08 -0.61875 0.4225 0 0 2000 1 5 0.861565832184908 5 1000 6061 5
"1693" "A" 0.008 -0.0825 0.175 1 0.5 2000 1 5 1.74296930505862 5 1000 329 5
"1694" "A" 0.08 -0.04125 0.4225 1 0 2000 1 5 0.861565832184908 5 1000 3964 5
"1695" "A" 0.008 -0.33 1 1 0.5 2000 1 5 0 5 1000 1349 5
"1696" "A" 0.008 -0.45375 0.7525 1 1 2000 1 5 0.284354282359106 5 1000 1764 5
"1697" "A" 0.008 -0.12375 0.05125 0 0.5 2000 1 5 2.97103966096362 5 1000 458 5
"1698" "A" 0.008 -0.61875 0.2575 1 0.5 2000 1 5 1.35673555887835 5 1000 2291 5
"1699" "A" 0.08 -0.61875 0.01 1 0 2000 1 5 4.60517018598809 5 1000 6004 5
"1700" "A" 0.008 -0.99 0.62875 1 1 2000 1 5 0.464021557568188 5 1000 3696 5
"1701" "A" 0.008 -0.70125 0.71125 1 1 2000 1 5 0.340731293541596 5 1000 2658 5
"1702" "A" 0.008 -0.20625 0.38125 0 0 2000 1 5 0.964299951060516 5 1000 805 5
"1703" "A" 0.08 -0.5775 1 0 0.5 2000 1 5 0 5 1000 5996 5
"1704" "A" 0.008 -0.2475 0.505 0 1 2000 1 5 0.683196849706777 5 1000 975 5
"1705" "A" 0.008 -0.37125 0.29875 1 0.5 2000 1 5 1.20814817573642 5 1000 1397 5
"1706" "A" 0.008 -0.12375 0.175 0 1 2000 1 5 1.74296930505862 5 1000 477 5
"1707" "A" 0.08 -0.70125 0.29875 1 0 2000 1 5 1.20814817573642 5 1000 6346 5
"1708" "A" 0.008 -0.495 0.05125 0 0.5 2000 1 5 2.97103966096362 5 1000 1808 5
"1709" "A" 0.08 0 0.38125 1 0 2000 1 5 0.964299951060516 5 1000 3808 5
"1710" "A" 0.08 -0.2475 0.4225 0 0 2000 1 5 0.861565832184908 5 1000 4711 5
"1711" "A" 0.008 -0.45375 0.38125 1 0.5 2000 1 5 0.964299951060516 5 1000 1709 5
"1712" "A" 0.008 -0.94875 0.5875 0 0.5 2000 1 5 0.531879032963823 5 1000 3536 5
"1713" "A" 0.08 -0.86625 0.505 1 0 2000 1 5 0.683196849706777 5 1000 6976 5
"1714" "A" 0.008 -0.12375 0.46375 1 0 2000 1 5 0.768409665060492 5 1000 520 5
"1715" "A" 0.08 -0.37125 0.95875 0 1 2000 1 5 0.042124926300671 5 1000 5241 5
"1716" "A" 0.08 -0.165 0.505 0 0 2000 1 5 0.683196849706777 5 1000 4423 5
"1717" "A" 0.008 -0.495 0.505 1 0 2000 1 5 0.683196849706777 5 1000 1876 5
"1718" "A" 0.008 -0.825 0.21625 0 0.5 2000 1 5 1.53132013317015 5 1000 3032 5
"1719" "A" 0.08 -0.5775 0.7525 0 1 2000 1 5 0.284354282359106 5 1000 5961 5
"1720" "A" 0.08 -0.7425 0.2575 1 0 2000 1 5 1.35673555887835 5 1000 6490 5
"1721" "A" 0.08 -0.825 0.13375 1 0 2000 1 5 2.01178289320602 5 1000 6772 5
"1722" "A" 0.008 -0.2475 0.2575 1 0.5 2000 1 5 1.35673555887835 5 1000 941 5
"1723" "A" 0.008 -0.45375 1 0 0 2000 1 5 0 5 1000 1795 5
"1724" "A" 0.008 -0.78375 0.38125 0 0 2000 1 5 0.964299951060516 5 1000 2905 5
"1725" "A" 0.008 -0.20625 0.46375 0 1 2000 1 5 0.768409665060492 5 1000 819 5
"1726" "A" 0.008 -0.70125 0.62875 1 0.5 2000 1 5 0.464021557568188 5 1000 2645 5
"1727" "A" 0.08 -0.4125 0.0925 1 1 2000 1 5 2.38054663446376 5 1000 5268 5
"1728" "A" 0.08 -0.4125 0.175 0 1 2000 1 5 1.74296930505862 5 1000 5277 5
"1729" "A" 0.008 -0.825 0.175 0 0.5 2000 1 5 1.74296930505862 5 1000 3026 5
"1730" "A" 0.008 -0.86625 0.05125 1 0.5 2000 1 5 2.97103966096362 5 1000 3161 5
"1731" "A" 0.008 0 0.95875 1 0 2000 1 5 0.042124926300671 5 1000 142 5
"1732" "A" 0.008 -0.4125 0.71125 0 0 2000 1 5 0.340731293541596 5 1000 1603 5
"1733" "A" 0.08 -0.4125 0.54625 0 0.5 2000 1 5 0.604678532572337 5 1000 5330 5
"1734" "A" 0.08 -0.20625 0.79375 0 0.5 2000 1 5 0.230986728775236 5 1000 4616 5
"1735" "A" 0.08 -0.28875 0.21625 0 0 2000 1 5 1.53132013317015 5 1000 4831 5
"1736" "A" 0.008 -0.66 0.34 0 0.5 2000 1 5 1.07880966137193 5 1000 2450 5
"1737" "A" 0.008 -0.61875 0.505 0 0.5 2000 1 5 0.683196849706777 5 1000 2324 5
"1738" "A" 0.008 -0.12375 0.54625 1 1 2000 1 5 0.604678532572337 5 1000 534 5
"1739" "A" 0.008 -0.7425 0.79375 0 0.5 2000 1 5 0.230986728775236 5 1000 2816 5
"1740" "A" 0.08 -0.78375 0.01 0 1 2000 1 5 4.60517018598809 5 1000 6603 5
"1741" "A" 0.08 -0.4125 0.5875 1 0.5 2000 1 5 0.531879032963823 5 1000 5339 5
"1742" "A" 0.08 -0.66 0.835 1 0 2000 1 5 0.180323554131281 5 1000 6274 5
"1743" "A" 0.08 -0.12375 0.38125 0 0.5 2000 1 5 0.964299951060516 5 1000 4256 5
"1744" "A" 0.08 -0.12375 0.175 1 0.5 2000 1 5 1.74296930505862 5 1000 4229 5
"1745" "A" 0.008 -0.99 0.2575 1 0 2000 1 5 1.35673555887835 5 1000 3640 5
"1746" "A" 0.08 -0.99 0.87625 1 0 2000 1 5 0.132103840633337 5 1000 7480 5
"1747" "A" 0.08 -0.5775 0.34 1 0.5 2000 1 5 1.07880966137193 5 1000 5903 5
"1748" "A" 0.008 -0.53625 0.13375 1 0.5 2000 1 5 2.01178289320602 5 1000 1973 5
"1749" "A" 0.08 -0.825 0.4225 0 1 2000 1 5 0.861565832184908 5 1000 6813 5
"1750" "A" 0.008 -0.78375 0.21625 0 0.5 2000 1 5 1.53132013317015 5 1000 2882 5
"1751" "A" 0.008 -0.37125 0.95875 0 0.5 2000 1 5 0.042124926300671 5 1000 1490 5
"1752" "A" 0.08 -0.20625 0.62875 1 0.5 2000 1 5 0.464021557568188 5 1000 4595 5
"1753" "A" 0.08 -0.66 0.71125 1 0.5 2000 1 5 0.340731293541596 5 1000 6257 5
"1754" "A" 0.08 -0.53625 0.13375 1 1 2000 1 5 2.01178289320602 5 1000 5724 5
"1755" "A" 0.08 -0.70125 0.79375 1 1 2000 1 5 0.230986728775236 5 1000 6420 5
"1756" "A" 0.008 -0.53625 0.05125 0 0.5 2000 1 5 2.97103966096362 5 1000 1958 5
"1757" "A" 0.08 -0.5775 0.95875 1 0 2000 1 5 0.042124926300671 5 1000 5992 5
"1758" "A" 0.08 -0.12375 0.38125 0 1 2000 1 5 0.964299951060516 5 1000 4257 5
"1759" "A" 0.008 -0.165 0.29875 1 1 2000 1 5 1.20814817573642 5 1000 648 5
"1760" "A" 0.008 -0.66 0.79375 0 0.5 2000 1 5 0.230986728775236 5 1000 2516 5
"1761" "A" 0.008 -0.12375 0.01 1 0.5 2000 1 5 4.60517018598809 5 1000 455 5
"1762" "A" 0.08 -0.9075 0.54625 1 0.5 2000 1 5 0.604678532572337 5 1000 7133 5
"1763" "A" 0.008 -0.86625 0.95875 1 0.5 2000 1 5 0.042124926300671 5 1000 3293 5
"1764" "A" 0.08 -0.495 1 0 1 2000 1 5 0 5 1000 5697 5
"1765" "A" 0.08 -0.12375 0.4225 0 0 2000 1 5 0.861565832184908 5 1000 4261 5
"1766" "A" 0.08 -0.495 0.2575 0 0.5 2000 1 5 1.35673555887835 5 1000 5588 5
"1767" "A" 0.08 -0.0825 0.62875 0 1 2000 1 5 0.464021557568188 5 1000 4143 5
"1768" "A" 0.08 -0.61875 0.835 1 1 2000 1 5 0.180323554131281 5 1000 6126 5
"1769" "A" 0.008 -0.78375 1 1 1 2000 1 5 0 5 1000 3000 5
"1770" "A" 0.08 -0.86625 0.29875 1 0.5 2000 1 5 1.20814817573642 5 1000 6947 5
"1771" "A" 0.008 -0.165 0.05125 0 0.5 2000 1 5 2.97103966096362 5 1000 608 5
"1772" "A" 0.008 -0.7425 0.5875 0 0 2000 1 5 0.531879032963823 5 1000 2785 5
"1773" "A" 0.08 -0.78375 0.505 0 0.5 2000 1 5 0.683196849706777 5 1000 6674 5
"1774" "A" 0.08 -0.53625 1 1 0 2000 1 5 0 5 1000 5848 5
"1775" "A" 0.08 -0.04125 0.05125 0 1 2000 1 5 2.97103966096362 5 1000 3909 5
"1776" "A" 0.08 -0.53625 0.95875 1 0 2000 1 5 0.042124926300671 5 1000 5842 5
"1777" "A" 0.008 -0.825 0.34 0 0 2000 1 5 1.07880966137193 5 1000 3049 5
"1778" "A" 0.008 -0.37125 1 0 0 2000 1 5 0 5 1000 1495 5
"1779" "A" 0.08 -0.86625 0.54625 0 0 2000 1 5 0.604678532572337 5 1000 6979 5
"1780" "A" 0.008 -0.78375 0.62875 1 0 2000 1 5 0.464021557568188 5 1000 2944 5
"1781" "A" 0.08 -0.86625 0.835 1 0.5 2000 1 5 0.180323554131281 5 1000 7025 5
"1782" "A" 0.008 -0.78375 0.79375 1 0 2000 1 5 0.230986728775236 5 1000 2968 5
"1783" "A" 0.008 -0.61875 0.7525 1 1 2000 1 5 0.284354282359106 5 1000 2364 5
"1784" "A" 0.008 -0.78375 0.2575 1 0.5 2000 1 5 1.35673555887835 5 1000 2891 5
"1785" "A" 0.08 -0.495 0.38125 1 0.5 2000 1 5 0.964299951060516 5 1000 5609 5
"1786" "A" 0.008 -0.37125 0.46375 1 0.5 2000 1 5 0.768409665060492 5 1000 1421 5
"1787" "A" 0.008 -0.7425 0.175 1 1 2000 1 5 1.74296930505862 5 1000 2730 5
"1788" "A" 0.008 -0.99 0.05125 1 0.5 2000 1 5 2.97103966096362 5 1000 3611 5
"1789" "A" 0.008 -0.37125 0.13375 1 0.5 2000 1 5 2.01178289320602 5 1000 1373 5
"1790" "A" 0.008 -0.495 0.505 0 1 2000 1 5 0.683196849706777 5 1000 1875 5
"1791" "A" 0.008 -0.28875 0.13375 0 0 2000 1 5 2.01178289320602 5 1000 1069 5
"1792" "A" 0.08 -0.53625 0.71125 1 0 2000 1 5 0.340731293541596 5 1000 5806 5
"1793" "A" 0.08 -0.99 0.9175 1 0.5 2000 1 5 0.0861026990534116 5 1000 7487 5
"1794" "A" 0.08 -0.33 0.87625 1 0 2000 1 5 0.132103840633337 5 1000 5080 5
"1795" "A" 0.008 -0.2475 0.2575 1 0 2000 1 5 1.35673555887835 5 1000 940 5
"1796" "A" 0.008 -0.0825 0.9175 1 0.5 2000 1 5 0.0861026990534116 5 1000 437 5
"1797" "A" 0.08 0 0.62875 0 0 2000 1 5 0.464021557568188 5 1000 3841 5
"1798" "A" 0.008 -0.12375 0.175 1 0 2000 1 5 1.74296930505862 5 1000 478 5
"1799" "A" 0.08 -0.5775 1 0 0 2000 1 5 0 5 1000 5995 5
"1800" "A" 0.08 -0.37125 0.79375 1 0.5 2000 1 5 0.230986728775236 5 1000 5219 5
"1801" "A" 0.08 -0.94875 0.29875 0 0 2000 1 5 1.20814817573642 5 1000 7243 5
"1802" "A" 0.008 -0.825 0.175 0 1 2000 1 5 1.74296930505862 5 1000 3027 5
"1803" "A" 0.008 -0.37125 0.4225 1 1 2000 1 5 0.861565832184908 5 1000 1416 5
"1804" "A" 0.08 -0.165 0.62875 0 0.5 2000 1 5 0.464021557568188 5 1000 4442 5
"1805" "A" 0.008 -0.86625 0.9175 1 0 2000 1 5 0.0861026990534116 5 1000 3286 5
"1806" "A" 0.008 -0.825 1 1 0 2000 1 5 0 5 1000 3148 5
"1807" "A" 0.008 -0.495 0.79375 1 1 2000 1 5 0.230986728775236 5 1000 1920 5
"1808" "A" 0.08 -0.165 0.62875 1 0 2000 1 5 0.464021557568188 5 1000 4444 5
"1809" "A" 0.08 -0.7425 0.175 1 0.5 2000 1 5 1.74296930505862 5 1000 6479 5
"1810" "A" 0.08 -0.37125 0.13375 1 0.5 2000 1 5 2.01178289320602 5 1000 5123 5
"1811" "A" 0.008 -0.66 0.34 0 1 2000 1 5 1.07880966137193 5 1000 2451 5
"1812" "A" 0.08 -0.2475 0.13375 0 1 2000 1 5 2.01178289320602 5 1000 4671 5
"1813" "A" 0.08 -0.53625 0.21625 0 1 2000 1 5 1.53132013317015 5 1000 5733 5
"1814" "A" 0.008 -0.28875 0.835 0 1 2000 1 5 0.180323554131281 5 1000 1173 5
"1815" "A" 0.008 -0.61875 0.21625 0 1 2000 1 5 1.53132013317015 5 1000 2283 5
"1816" "A" 0.008 -0.0825 0.29875 1 0 2000 1 5 1.20814817573642 5 1000 346 5
"1817" "A" 0.08 -0.70125 0.34 1 1 2000 1 5 1.07880966137193 5 1000 6354 5
"1818" "A" 0.008 -0.4125 0.4225 1 0.5 2000 1 5 0.861565832184908 5 1000 1565 5
"1819" "A" 0.08 -0.94875 1 0 1 2000 1 5 0 5 1000 7347 5
"1820" "A" 0.08 -0.9075 0.71125 1 0.5 2000 1 5 0.340731293541596 5 1000 7157 5
"1821" "A" 0.008 -0.99 0.835 0 0 2000 1 5 0.180323554131281 5 1000 3721 5
"1822" "A" 0.08 -0.99 0.7525 0 1 2000 1 5 0.284354282359106 5 1000 7461 5
"1823" "A" 0.08 -0.86625 1 1 0.5 2000 1 5 0 5 1000 7049 5
"1824" "A" 0.008 -0.9075 0.67 0 0 2000 1 5 0.400477566597125 5 1000 3397 5
"1825" "A" 0.008 -0.37125 0.835 1 1 2000 1 5 0.180323554131281 5 1000 1476 5
"1826" "A" 0.008 -0.86625 0.79375 1 1 2000 1 5 0.230986728775236 5 1000 3270 5
"1827" "A" 0.08 0 0.71125 1 0.5 2000 1 5 0.340731293541596 5 1000 3857 5
"1828" "A" 0.08 -0.86625 0.67 1 0.5 2000 1 5 0.400477566597125 5 1000 7001 5
"1829" "A" 0.08 -0.4125 0.2575 1 0.5 2000 1 5 1.35673555887835 5 1000 5291 5
"1830" "A" 0.008 -0.78375 0.87625 0 0.5 2000 1 5 0.132103840633337 5 1000 2978 5
"1831" "A" 0.008 -0.45375 0.13375 1 0 2000 1 5 2.01178289320602 5 1000 1672 5
"1832" "A" 0.08 -0.4125 1 0 0 2000 1 5 0 5 1000 5395 5
"1833" "A" 0.08 -0.61875 0.79375 0 0.5 2000 1 5 0.230986728775236 5 1000 6116 5
"1834" "A" 0.008 -0.33 0.4225 1 1 2000 1 5 0.861565832184908 5 1000 1266 5
"1835" "A" 0.08 0 0.5875 1 0.5 2000 1 5 0.531879032963823 5 1000 3839 5
"1836" "A" 0.008 -0.28875 0.9175 0 0.5 2000 1 5 0.0861026990534116 5 1000 1184 5
"1837" "A" 0.08 -0.28875 0.2575 0 1 2000 1 5 1.35673555887835 5 1000 4839 5
"1838" "A" 0.08 -0.70125 0.2575 1 0.5 2000 1 5 1.35673555887835 5 1000 6341 5
"1839" "A" 0.008 -0.99 0.21625 1 0.5 2000 1 5 1.53132013317015 5 1000 3635 5
"1840" "A" 0.08 -0.99 0.13375 0 0.5 2000 1 5 2.01178289320602 5 1000 7370 5
"1841" "A" 0.08 -0.94875 1 1 1 2000 1 5 0 5 1000 7350 5
"1842" "A" 0.008 -0.66 0.5875 0 0.5 2000 1 5 0.531879032963823 5 1000 2486 5
"1843" "A" 0.08 -0.53625 0.21625 1 0.5 2000 1 5 1.53132013317015 5 1000 5735 5
"1844" "A" 0.08 -0.45375 0.54625 0 0.5 2000 1 5 0.604678532572337 5 1000 5480 5
"1845" "A" 0.08 -0.78375 0.4225 1 1 2000 1 5 0.861565832184908 5 1000 6666 5
"1846" "A" 0.08 -0.5775 0.175 1 0.5 2000 1 5 1.74296930505862 5 1000 5879 5
"1847" "A" 0.008 -0.165 0.01 1 1 2000 1 5 4.60517018598809 5 1000 606 5
"1848" "A" 0.08 -0.495 0.505 1 0.5 2000 1 5 0.683196849706777 5 1000 5627 5
"1849" "A" 0.008 -0.2475 0.71125 0 1 2000 1 5 0.340731293541596 5 1000 1005 5
"1850" "A" 0.08 -0.66 0.175 0 1 2000 1 5 1.74296930505862 5 1000 6177 5
"1851" "A" 0.008 -0.0825 0.67 1 0.5 2000 1 5 0.400477566597125 5 1000 401 5
"1852" "A" 0.08 -0.7425 0.71125 0 1 2000 1 5 0.340731293541596 5 1000 6555 5
"1853" "A" 0.08 -0.37125 0.38125 0 0 2000 1 5 0.964299951060516 5 1000 5155 5
"1854" "A" 0.008 -0.28875 0.54625 1 0.5 2000 1 5 0.604678532572337 5 1000 1133 5
"1855" "A" 0.008 -0.86625 0.67 0 0.5 2000 1 5 0.400477566597125 5 1000 3248 5
"1856" "A" 0.08 -0.66 0.79375 0 1 2000 1 5 0.230986728775236 5 1000 6267 5
"1857" "A" 0.008 -0.66 0.95875 1 0.5 2000 1 5 0.042124926300671 5 1000 2543 5
"1858" "A" 0.08 -0.12375 0.87625 1 0 2000 1 5 0.132103840633337 5 1000 4330 5
"1859" "A" 0.008 -0.7425 0.21625 0 0.5 2000 1 5 1.53132013317015 5 1000 2732 5
"1860" "A" 0.008 -0.28875 0.505 1 1 2000 1 5 0.683196849706777 5 1000 1128 5
"1861" "A" 0.008 -0.28875 0.05125 0 1 2000 1 5 2.97103966096362 5 1000 1059 5
"1862" "A" 0.08 -0.0825 0.0925 1 0 2000 1 5 2.38054663446376 5 1000 4066 5
"1863" "A" 0.08 -0.66 0.7525 0 1 2000 1 5 0.284354282359106 5 1000 6261 5
"1864" "A" 0.008 -0.70125 0.01 0 1 2000 1 5 4.60517018598809 5 1000 2553 5
"1865" "A" 0.008 -0.495 0.79375 0 0 2000 1 5 0.230986728775236 5 1000 1915 5
"1866" "A" 0.08 0 0.2575 0 0 2000 1 5 1.35673555887835 5 1000 3787 5
"1867" "A" 0.08 -0.2475 0.21625 0 1 2000 1 5 1.53132013317015 5 1000 4683 5
"1868" "A" 0.008 -0.0825 0.2575 1 0.5 2000 1 5 1.35673555887835 5 1000 341 5
"1869" "A" 0.08 -0.61875 0.67 1 1 2000 1 5 0.400477566597125 5 1000 6102 5
"1870" "A" 0.08 -0.28875 0.34 1 0 2000 1 5 1.07880966137193 5 1000 4852 5
"1871" "A" 0.008 -0.94875 0.62875 0 0 2000 1 5 0.464021557568188 5 1000 3541 5
"1872" "A" 0.008 -0.86625 0.13375 0 0.5 2000 1 5 2.01178289320602 5 1000 3170 5
"1873" "A" 0.08 -0.45375 0.5875 1 1 2000 1 5 0.531879032963823 5 1000 5490 5
"1874" "A" 0.008 -0.99 0.175 1 0 2000 1 5 1.74296930505862 5 1000 3628 5
"1875" "A" 0.008 -0.61875 0.95875 1 0 2000 1 5 0.042124926300671 5 1000 2392 5
"1876" "A" 0.08 -0.2475 0.05125 0 0 2000 1 5 2.97103966096362 5 1000 4657 5
"1877" "A" 0.008 -0.53625 0.54625 1 1 2000 1 5 0.604678532572337 5 1000 2034 5
"1878" "A" 0.008 -0.495 0.01 0 0.5 2000 1 5 4.60517018598809 5 1000 1802 5
"1879" "A" 0.08 -0.66 0.0925 1 0.5 2000 1 5 2.38054663446376 5 1000 6167 5
"1880" "A" 0.08 -0.66 0.21625 1 0.5 2000 1 5 1.53132013317015 5 1000 6185 5
"1881" "A" 0.08 -0.70125 0.46375 0 0 2000 1 5 0.768409665060492 5 1000 6367 5
"1882" "A" 0.008 -0.45375 0.54625 1 0 2000 1 5 0.604678532572337 5 1000 1732 5
"1883" "A" 0.08 -0.86625 0.71125 1 1 2000 1 5 0.340731293541596 5 1000 7008 5
"1884" "A" 0.008 -0.7425 0.01 0 0.5 2000 1 5 4.60517018598809 5 1000 2702 5
"1885" "A" 0.08 -0.12375 0.5875 1 1 2000 1 5 0.531879032963823 5 1000 4290 5
"1886" "A" 0.008 -0.495 0.505 0 0.5 2000 1 5 0.683196849706777 5 1000 1874 5
"1887" "A" 0.08 -0.9075 0.29875 1 0.5 2000 1 5 1.20814817573642 5 1000 7097 5
"1888" "A" 0.08 -0.495 0.5875 0 1 2000 1 5 0.531879032963823 5 1000 5637 5
"1889" "A" 0.008 -0.04125 0.0925 0 0.5 2000 1 5 2.38054663446376 5 1000 164 5
"1890" "A" 0.08 -0.20625 0.5875 0 1 2000 1 5 0.531879032963823 5 1000 4587 5
"1891" "A" 0.08 -0.4125 0.71125 1 1 2000 1 5 0.340731293541596 5 1000 5358 5
"1892" "A" 0.08 -0.5775 0.29875 1 1 2000 1 5 1.20814817573642 5 1000 5898 5
"1893" "A" 0.008 -0.45375 0.46375 0 1 2000 1 5 0.768409665060492 5 1000 1719 5
"1894" "A" 0.08 -0.28875 0.01 1 0 2000 1 5 4.60517018598809 5 1000 4804 5
"1895" "A" 0.08 -0.165 0.835 0 0 2000 1 5 0.180323554131281 5 1000 4471 5
"1896" "A" 0.008 -0.86625 0.67 1 0 2000 1 5 0.400477566597125 5 1000 3250 5
"1897" "A" 0.08 -0.78375 0.01 1 1 2000 1 5 4.60517018598809 5 1000 6606 5
"1898" "A" 0.008 -0.78375 0.0925 0 1 2000 1 5 2.38054663446376 5 1000 2865 5
"1899" "A" 0.008 -0.9075 0.79375 1 0.5 2000 1 5 0.230986728775236 5 1000 3419 5
"1900" "A" 0.008 -0.53625 0.9175 1 0 2000 1 5 0.0861026990534116 5 1000 2086 5
"1901" "A" 0.008 -0.37125 0.175 1 0 2000 1 5 1.74296930505862 5 1000 1378 5
"1902" "A" 0.008 -0.9075 0.29875 0 0 2000 1 5 1.20814817573642 5 1000 3343 5
"1903" "A" 0.08 -0.9075 0.4225 1 0.5 2000 1 5 0.861565832184908 5 1000 7115 5
"1904" "A" 0.08 -0.66 0.0925 1 1 2000 1 5 2.38054663446376 5 1000 6168 5
"1905" "A" 0.008 -0.37125 0.0925 0 0.5 2000 1 5 2.38054663446376 5 1000 1364 5
"1906" "A" 0.008 -0.94875 0.62875 1 1 2000 1 5 0.464021557568188 5 1000 3546 5
"1907" "A" 0.008 -0.9075 0.46375 1 1 2000 1 5 0.768409665060492 5 1000 3372 5
"1908" "A" 0.008 -0.0825 0.54625 0 0.5 2000 1 5 0.604678532572337 5 1000 380 5
"1909" "A" 0.08 -0.70125 0.2575 1 1 2000 1 5 1.35673555887835 5 1000 6342 5
"1910" "A" 0.08 -0.04125 0.13375 1 1 2000 1 5 2.01178289320602 5 1000 3924 5
"1911" "A" 0.008 -0.99 0.835 1 1 2000 1 5 0.180323554131281 5 1000 3726 5
"1912" "A" 0.08 -0.04125 0.13375 0 1 2000 1 5 2.01178289320602 5 1000 3921 5
"1913" "A" 0.08 -0.9075 0.505 1 1 2000 1 5 0.683196849706777 5 1000 7128 5
"1914" "A" 0.08 -0.78375 0.38125 1 0 2000 1 5 0.964299951060516 5 1000 6658 5
"1915" "A" 0.008 -0.5775 0.46375 1 0.5 2000 1 5 0.768409665060492 5 1000 2171 5
"1916" "A" 0.08 -0.9075 0.71125 0 1 2000 1 5 0.340731293541596 5 1000 7155 5
"1917" "A" 0.008 -0.53625 0.62875 1 0.5 2000 1 5 0.464021557568188 5 1000 2045 5
"1918" "A" 0.008 -0.45375 0.87625 1 1 2000 1 5 0.132103840633337 5 1000 1782 5
"1919" "A" 0.08 -0.78375 0.9175 1 1 2000 1 5 0.0861026990534116 5 1000 6738 5
"1920" "A" 0.08 -0.04125 0.13375 0 0 2000 1 5 2.01178289320602 5 1000 3919 5
"1921" "A" 0.08 -0.33 0.67 0 0 2000 1 5 0.400477566597125 5 1000 5047 5
"1922" "A" 0.008 -0.28875 0.95875 0 1 2000 1 5 0.042124926300671 5 1000 1191 5
"1923" "A" 0.008 -0.61875 0.67 1 0.5 2000 1 5 0.400477566597125 5 1000 2351 5
"1924" "A" 0.008 -0.33 0.67 0 0.5 2000 1 5 0.400477566597125 5 1000 1298 5
"1925" "A" 0.08 -0.7425 0.175 0 0.5 2000 1 5 1.74296930505862 5 1000 6476 5
"1926" "A" 0.08 -0.20625 0.29875 0 0.5 2000 1 5 1.20814817573642 5 1000 4544 5
"1927" "A" 0.08 -0.33 0.71125 1 0.5 2000 1 5 0.340731293541596 5 1000 5057 5
"1928" "A" 0.008 -0.165 0.34 0 0.5 2000 1 5 1.07880966137193 5 1000 650 5
"1929" "A" 0.08 -0.94875 0.87625 0 0 2000 1 5 0.132103840633337 5 1000 7327 5
"1930" "A" 0.008 -0.53625 0.34 0 0 2000 1 5 1.07880966137193 5 1000 1999 5
"1931" "A" 0.08 -0.4125 0.34 1 1 2000 1 5 1.07880966137193 5 1000 5304 5
"1932" "A" 0.08 -0.99 0.79375 0 1 2000 1 5 0.230986728775236 5 1000 7467 5
"1933" "A" 0.008 -0.12375 0.0925 0 0 2000 1 5 2.38054663446376 5 1000 463 5
"1934" "A" 0.008 -0.94875 0.67 0 1 2000 1 5 0.400477566597125 5 1000 3549 5
"1935" "A" 0.008 -0.04125 0.4225 0 0 2000 1 5 0.861565832184908 5 1000 211 5
"1936" "A" 0.008 -0.86625 0.4225 1 0 2000 1 5 0.861565832184908 5 1000 3214 5
"1937" "A" 0.008 -0.12375 0.21625 0 0 2000 1 5 1.53132013317015 5 1000 481 5
"1938" "A" 0.008 -0.0825 0.95875 1 0.5 2000 1 5 0.042124926300671 5 1000 443 5
"1939" "A" 0.08 -0.61875 1 0 0 2000 1 5 0 5 1000 6145 5
"1940" "A" 0.08 -0.28875 0.34 0 1 2000 1 5 1.07880966137193 5 1000 4851 5
"1941" "A" 0.008 -0.4125 0.62875 1 0 2000 1 5 0.464021557568188 5 1000 1594 5
"1942" "A" 0.008 -0.12375 0.34 0 1 2000 1 5 1.07880966137193 5 1000 501 5
"1943" "A" 0.08 -0.5775 0.46375 0 1 2000 1 5 0.768409665060492 5 1000 5919 5
"1944" "A" 0.08 -0.70125 0.13375 1 1 2000 1 5 2.01178289320602 5 1000 6324 5
"1945" "A" 0.08 -0.70125 1 0 0 2000 1 5 0 5 1000 6445 5
"1946" "A" 0.08 -0.4125 0.7525 0 1 2000 1 5 0.284354282359106 5 1000 5361 5
"1947" "A" 0.008 -0.5775 0.38125 1 1 2000 1 5 0.964299951060516 5 1000 2160 5
"1948" "A" 0.08 -0.04125 0.62875 1 0 2000 1 5 0.464021557568188 5 1000 3994 5
"1949" "A" 0.008 -0.495 0.7525 1 1 2000 1 5 0.284354282359106 5 1000 1914 5
"1950" "A" 0.08 -0.28875 0.01 1 1 2000 1 5 4.60517018598809 5 1000 4806 5
"1951" "A" 0.08 -0.61875 0.46375 0 0 2000 1 5 0.768409665060492 5 1000 6067 5
"1952" "A" 0.008 -0.53625 0.4225 1 0.5 2000 1 5 0.861565832184908 5 1000 2015 5
"1953" "A" 0.08 -0.61875 0.13375 1 0 2000 1 5 2.01178289320602 5 1000 6022 5
"1954" "A" 0.008 -0.2475 0.21625 0 0 2000 1 5 1.53132013317015 5 1000 931 5
"1955" "A" 0.008 -0.20625 0.0925 0 0.5 2000 1 5 2.38054663446376 5 1000 764 5
"1956" "A" 0.008 -0.99 0.21625 0 0.5 2000 1 5 1.53132013317015 5 1000 3632 5
"1957" "A" 0.008 -0.7425 0.71125 0 0.5 2000 1 5 0.340731293541596 5 1000 2804 5
"1958" "A" 0.08 -0.4125 0.87625 0 1 2000 1 5 0.132103840633337 5 1000 5379 5
"1959" "A" 0.008 -0.66 0.4225 1 0 2000 1 5 0.861565832184908 5 1000 2464 5
"1960" "A" 0.08 -0.99 0.38125 1 0 2000 1 5 0.964299951060516 5 1000 7408 5
"1961" "A" 0.08 -0.20625 0.0925 1 1 2000 1 5 2.38054663446376 5 1000 4518 5
"1962" "A" 0.008 -0.12375 0.9175 1 0 2000 1 5 0.0861026990534116 5 1000 586 5
"1963" "A" 0.008 -0.825 0.2575 0 0 2000 1 5 1.35673555887835 5 1000 3037 5
"1964" "A" 0.008 -0.66 0.29875 0 0.5 2000 1 5 1.20814817573642 5 1000 2444 5
"1965" "A" 0.08 -0.5775 0.13375 0 1 2000 1 5 2.01178289320602 5 1000 5871 5
"1966" "A" 0.008 -0.70125 0.835 1 0.5 2000 1 5 0.180323554131281 5 1000 2675 5
"1967" "A" 0.08 -0.7425 0.38125 0 1 2000 1 5 0.964299951060516 5 1000 6507 5
"1968" "A" 0.08 -0.94875 0.21625 1 1 2000 1 5 1.53132013317015 5 1000 7236 5
"1969" "A" 0.008 -0.61875 0.46375 0 1 2000 1 5 0.768409665060492 5 1000 2319 5
"1970" "A" 0.08 0 0.4225 0 1 2000 1 5 0.861565832184908 5 1000 3813 5
"1971" "A" 0.08 -0.66 0.7525 0 0.5 2000 1 5 0.284354282359106 5 1000 6260 5
"1972" "A" 0.008 -0.9075 0.62875 1 0.5 2000 1 5 0.464021557568188 5 1000 3395 5
"1973" "A" 0.008 -0.825 0.54625 1 1 2000 1 5 0.604678532572337 5 1000 3084 5
"1974" "A" 0.08 -0.12375 0.01 1 0.5 2000 1 5 4.60517018598809 5 1000 4205 5
"1975" "A" 0.008 -0.94875 0.2575 1 0 2000 1 5 1.35673555887835 5 1000 3490 5
"1976" "A" 0.08 -0.61875 0.01 1 1 2000 1 5 4.60517018598809 5 1000 6006 5
"1977" "A" 0.08 -0.12375 0.46375 0 0.5 2000 1 5 0.768409665060492 5 1000 4268 5
"1978" "A" 0.08 -0.61875 0.71125 1 1 2000 1 5 0.340731293541596 5 1000 6108 5
"1979" "A" 0.008 -0.04125 0.7525 1 0.5 2000 1 5 0.284354282359106 5 1000 263 5
"1980" "A" 0.08 -0.9075 0.79375 1 1 2000 1 5 0.230986728775236 5 1000 7170 5
"1981" "A" 0.08 -0.86625 1 1 0 2000 1 5 0 5 1000 7048 5
"1982" "A" 0.008 -0.70125 0.38125 0 1 2000 1 5 0.964299951060516 5 1000 2607 5
"1983" "A" 0.08 -0.33 0.2575 1 0 2000 1 5 1.35673555887835 5 1000 4990 5
"1984" "A" 0.08 -0.165 0.505 1 0.5 2000 1 5 0.683196849706777 5 1000 4427 5
"1985" "A" 0.08 -0.2475 0.5875 1 0 2000 1 5 0.531879032963823 5 1000 4738 5
"1986" "A" 0.08 -0.94875 0.835 1 0 2000 1 5 0.180323554131281 5 1000 7324 5
"1987" "A" 0.08 -0.61875 0.9175 0 0.5 2000 1 5 0.0861026990534116 5 1000 6134 5
"1988" "A" 0.008 -0.99 0.21625 0 1 2000 1 5 1.53132013317015 5 1000 3633 5
"1989" "A" 0.08 -0.99 0.05125 1 1 2000 1 5 2.97103966096362 5 1000 7362 5
"1990" "A" 0.008 -0.45375 0.95875 0 1 2000 1 5 0.042124926300671 5 1000 1791 5
"1991" "A" 0.08 -0.4125 0.62875 0 0 2000 1 5 0.464021557568188 5 1000 5341 5
"1992" "A" 0.008 -0.45375 0.9175 1 0.5 2000 1 5 0.0861026990534116 5 1000 1787 5
"1993" "A" 0.08 -0.7425 0.67 0 1 2000 1 5 0.400477566597125 5 1000 6549 5
"1994" "A" 0.08 -0.70125 0.21625 1 1 2000 1 5 1.53132013317015 5 1000 6336 5
"1995" "A" 0.008 -0.495 0.9175 0 0.5 2000 1 5 0.0861026990534116 5 1000 1934 5
"1996" "A" 0.008 -0.28875 0.46375 1 0 2000 1 5 0.768409665060492 5 1000 1120 5
"1997" "A" 0.08 -0.2475 0.5875 1 1 2000 1 5 0.531879032963823 5 1000 4740 5
"1998" "A" 0.08 -0.86625 0.62875 1 0 2000 1 5 0.464021557568188 5 1000 6994 5
"1999" "A" 0.008 -0.495 0.62875 0 1 2000 1 5 0.464021557568188 5 1000 1893 5
"2000" "A" 0.008 -0.78375 0.2575 1 0 2000 1 5 1.35673555887835 5 1000 2890 5
"2001" "A" 0.08 -0.2475 0.9175 0 0 2000 1 5 0.0861026990534116 5 1000 4783 5
"2002" "A" 0.08 -0.61875 0.05125 1 1 2000 1 5 2.97103966096362 5 1000 6012 5
"2003" "A" 0.008 -0.495 0.0925 1 0.5 2000 1 5 2.38054663446376 5 1000 1817 5
"2004" "A" 0.008 -0.2475 0.95875 1 0 2000 1 5 0.042124926300671 5 1000 1042 5
"2005" "A" 0.08 -0.4125 0.835 1 0.5 2000 1 5 0.180323554131281 5 1000 5375 5
"2006" "A" 0.008 -0.61875 0.34 0 0 2000 1 5 1.07880966137193 5 1000 2299 5
"2007" "A" 0.08 -0.53625 0.05125 1 0 2000 1 5 2.97103966096362 5 1000 5710 5
"2008" "A" 0.08 -0.4125 0.13375 1 0.5 2000 1 5 2.01178289320602 5 1000 5273 5
"2009" "A" 0.08 -0.7425 0.05125 1 1 2000 1 5 2.97103966096362 5 1000 6462 5
"2010" "A" 0.008 -0.99 0.7525 0 0 2000 1 5 0.284354282359106 5 1000 3709 5
"2011" "A" 0.008 -0.94875 0.05125 1 1 2000 1 5 2.97103966096362 5 1000 3462 5
"2012" "A" 0.08 -0.94875 0.2575 0 0.5 2000 1 5 1.35673555887835 5 1000 7238 5
"2013" "A" 0.08 -0.28875 0.21625 1 0.5 2000 1 5 1.53132013317015 5 1000 4835 5
"2014" "A" 0.08 -0.33 0.38125 1 0 2000 1 5 0.964299951060516 5 1000 5008 5
"2015" "A" 0.08 -0.5775 0.34 0 0 2000 1 5 1.07880966137193 5 1000 5899 5
"2016" "A" 0.008 -0.66 0.05125 0 0.5 2000 1 5 2.97103966096362 5 1000 2408 5
"2017" "A" 0.08 -0.5775 1 0 1 2000 1 5 0 5 1000 5997 5
"2018" "A" 0.08 -0.9075 0.54625 1 1 2000 1 5 0.604678532572337 5 1000 7134 5
"2019" "A" 0.08 -0.66 0.4225 0 0.5 2000 1 5 0.861565832184908 5 1000 6212 5
"2020" "A" 0.008 -0.5775 0.54625 0 0 2000 1 5 0.604678532572337 5 1000 2179 5
"2021" "A" 0.008 -0.66 0.01 1 0 2000 1 5 4.60517018598809 5 1000 2404 5
"2022" "A" 0.008 -0.45375 0.2575 1 1 2000 1 5 1.35673555887835 5 1000 1692 5
"2023" "A" 0.008 -0.04125 0.79375 0 0.5 2000 1 5 0.230986728775236 5 1000 266 5
"2024" "A" 0.008 -0.33 0.95875 0 0.5 2000 1 5 0.042124926300671 5 1000 1340 5
"2025" "A" 0.08 -0.5775 0.79375 0 1 2000 1 5 0.230986728775236 5 1000 5967 5
"2026" "A" 0.008 -0.20625 0.9175 0 0.5 2000 1 5 0.0861026990534116 5 1000 884 5
"2027" "A" 0.08 -0.495 0.34 0 1 2000 1 5 1.07880966137193 5 1000 5601 5
"2028" "A" 0.008 -0.61875 0.79375 0 0 2000 1 5 0.230986728775236 5 1000 2365 5
"2029" "A" 0.008 -0.37125 0.2575 1 0 2000 1 5 1.35673555887835 5 1000 1390 5
"2030" "A" 0.008 -0.33 0.95875 1 0 2000 1 5 0.042124926300671 5 1000 1342 5
"2031" "A" 0.08 -0.66 0.0925 0 1 2000 1 5 2.38054663446376 5 1000 6165 5
"2032" "A" 0.08 -0.165 0.7525 0 0 2000 1 5 0.284354282359106 5 1000 4459 5
"2033" "A" 0.08 -0.70125 0.54625 0 0 2000 1 5 0.604678532572337 5 1000 6379 5
"2034" "A" 0.008 -0.61875 0.9175 0 0 2000 1 5 0.0861026990534116 5 1000 2383 5
"2035" "A" 0.008 -0.53625 0.71125 0 0 2000 1 5 0.340731293541596 5 1000 2053 5
"2036" "A" 0.08 -0.33 0.5875 0 1 2000 1 5 0.531879032963823 5 1000 5037 5
"2037" "A" 0.008 -0.66 0.0925 0 1 2000 1 5 2.38054663446376 5 1000 2415 5
"2038" "A" 0.008 -0.165 0.4225 1 0 2000 1 5 0.861565832184908 5 1000 664 5
"2039" "A" 0.08 -0.53625 0.54625 1 1 2000 1 5 0.604678532572337 5 1000 5784 5
"2040" "A" 0.08 -0.5775 0.29875 1 0.5 2000 1 5 1.20814817573642 5 1000 5897 5
"2041" "A" 0.08 -0.45375 0.4225 0 1 2000 1 5 0.861565832184908 5 1000 5463 5
"2042" "A" 0.08 -0.94875 0.835 0 1 2000 1 5 0.180323554131281 5 1000 7323 5
"2043" "A" 0.08 -0.78375 0.0925 0 1 2000 1 5 2.38054663446376 5 1000 6615 5
"2044" "A" 0.008 -0.495 0.835 1 0 2000 1 5 0.180323554131281 5 1000 1924 5
"2045" "A" 0.008 -0.165 0.67 0 0.5 2000 1 5 0.400477566597125 5 1000 698 5
"2046" "A" 0.008 -0.86625 0.835 1 0.5 2000 1 5 0.180323554131281 5 1000 3275 5
"2047" "A" 0.08 -0.20625 0.505 0 0.5 2000 1 5 0.683196849706777 5 1000 4574 5
"2048" "A" 0.08 -0.7425 0.79375 1 0 2000 1 5 0.230986728775236 5 1000 6568 5
"2049" "A" 0.008 -0.12375 0.0925 0 0.5 2000 1 5 2.38054663446376 5 1000 464 5
"2050" "A" 0.08 -0.70125 0.5875 0 1 2000 1 5 0.531879032963823 5 1000 6387 5
"2051" "A" 0.008 -0.33 0.9175 1 1 2000 1 5 0.0861026990534116 5 1000 1338 5
"2052" "A" 0.008 -0.04125 0.34 0 0 2000 1 5 1.07880966137193 5 1000 199 5
"2053" "A" 0.008 -0.2475 0.29875 0 0 2000 1 5 1.20814817573642 5 1000 943 5
"2054" "A" 0.08 -0.33 0.79375 0 1 2000 1 5 0.230986728775236 5 1000 5067 5
"2055" "A" 0.08 -0.0825 0.9175 1 1 2000 1 5 0.0861026990534116 5 1000 4188 5
"2056" "A" 0.08 -0.70125 0.0925 0 0.5 2000 1 5 2.38054663446376 5 1000 6314 5
"2057" "A" 0.08 -0.20625 0.54625 0 1 2000 1 5 0.604678532572337 5 1000 4581 5
"2058" "A" 0.008 -0.825 0.01 1 0.5 2000 1 5 4.60517018598809 5 1000 3005 5
"2059" "A" 0.008 -0.61875 1 1 0.5 2000 1 5 0 5 1000 2399 5
"2060" "A" 0.08 -0.70125 0.38125 0 0.5 2000 1 5 0.964299951060516 5 1000 6356 5
"2061" "A" 0.08 -0.94875 0.5875 1 0 2000 1 5 0.531879032963823 5 1000 7288 5
"2062" "A" 0.08 -0.4125 0.21625 0 0.5 2000 1 5 1.53132013317015 5 1000 5282 5
"2063" "A" 0.008 -0.28875 1 0 1 2000 1 5 0 5 1000 1197 5
"2064" "A" 0.008 -0.165 0.175 0 0.5 2000 1 5 1.74296930505862 5 1000 626 5
"2065" "A" 0.008 -0.33 0.62875 1 1 2000 1 5 0.464021557568188 5 1000 1296 5
"2066" "A" 0.08 -0.99 0.9175 0 0.5 2000 1 5 0.0861026990534116 5 1000 7484 5
"2067" "A" 0.08 0 0.01 1 1 2000 1 5 4.60517018598809 5 1000 3756 5
"2068" "A" 0.008 -0.495 0.38125 1 0.5 2000 1 5 0.964299951060516 5 1000 1859 5
"2069" "A" 0.008 -0.70125 0.79375 0 1 2000 1 5 0.230986728775236 5 1000 2667 5
"2070" "A" 0.008 -0.94875 0.67 0 0.5 2000 1 5 0.400477566597125 5 1000 3548 5
"2071" "A" 0.08 -0.70125 0.95875 1 1 2000 1 5 0.042124926300671 5 1000 6444 5
"2072" "A" 0.08 -0.495 0.05125 1 0 2000 1 5 2.97103966096362 5 1000 5560 5
"2073" "A" 0.08 -0.78375 0.05125 0 1 2000 1 5 2.97103966096362 5 1000 6609 5
"2074" "A" 0.08 -0.7425 0.05125 0 1 2000 1 5 2.97103966096362 5 1000 6459 5
"2075" "A" 0.008 -0.0825 0.7525 1 0.5 2000 1 5 0.284354282359106 5 1000 413 5
"2076" "A" 0.08 -0.20625 0.13375 1 1 2000 1 5 2.01178289320602 5 1000 4524 5
"2077" "A" 0.08 -0.94875 0.0925 1 1 2000 1 5 2.38054663446376 5 1000 7218 5
"2078" "A" 0.08 -0.94875 0.9175 0 0.5 2000 1 5 0.0861026990534116 5 1000 7334 5
"2079" "A" 0.08 -0.33 0.54625 1 0 2000 1 5 0.604678532572337 5 1000 5032 5
"2080" "A" 0.08 -0.04125 0.29875 0 0 2000 1 5 1.20814817573642 5 1000 3943 5
"2081" "A" 0.08 -0.45375 0.21625 1 0 2000 1 5 1.53132013317015 5 1000 5434 5
"2082" "A" 0.008 -0.78375 0.2575 0 1 2000 1 5 1.35673555887835 5 1000 2889 5
"2083" "A" 0.08 -0.45375 0.2575 0 1 2000 1 5 1.35673555887835 5 1000 5439 5
"2084" "A" 0.008 -0.37125 0.29875 1 1 2000 1 5 1.20814817573642 5 1000 1398 5
"2085" "A" 0.08 -0.4125 0.175 0 0.5 2000 1 5 1.74296930505862 5 1000 5276 5
"2086" "A" 0.08 -0.99 0.54625 1 0.5 2000 1 5 0.604678532572337 5 1000 7433 5
"2087" "A" 0.08 -0.04125 0.175 1 0.5 2000 1 5 1.74296930505862 5 1000 3929 5
"2088" "A" 0.08 -0.37125 0.62875 1 0.5 2000 1 5 0.464021557568188 5 1000 5195 5
"2089" "A" 0.008 -0.94875 0.79375 1 0 2000 1 5 0.230986728775236 5 1000 3568 5
"2090" "A" 0.008 -0.4125 0.21625 1 1 2000 1 5 1.53132013317015 5 1000 1536 5
"2091" "A" 0.08 -0.45375 0.62875 0 1 2000 1 5 0.464021557568188 5 1000 5493 5
"2092" "A" 0.008 -0.45375 0.835 1 0 2000 1 5 0.180323554131281 5 1000 1774 5
"2093" "A" 0.008 -0.37125 0.7525 1 0.5 2000 1 5 0.284354282359106 5 1000 1463 5
"2094" "A" 0.008 -0.12375 0.54625 0 0 2000 1 5 0.604678532572337 5 1000 529 5
"2095" "A" 0.008 -0.53625 0.05125 1 0 2000 1 5 2.97103966096362 5 1000 1960 5
"2096" "A" 0.08 -0.94875 0.21625 1 0.5 2000 1 5 1.53132013317015 5 1000 7235 5
"2097" "A" 0.008 -0.2475 0.05125 0 0 2000 1 5 2.97103966096362 5 1000 907 5
"2098" "A" 0.008 -0.99 0.54625 1 0 2000 1 5 0.604678532572337 5 1000 3682 5
"2099" "A" 0.008 -0.9075 0.67 1 1 2000 1 5 0.400477566597125 5 1000 3402 5
"2100" "A" 0.08 -0.70125 0.34 0 0.5 2000 1 5 1.07880966137193 5 1000 6350 5
"2101" "A" 0.008 -0.86625 0.505 1 0.5 2000 1 5 0.683196849706777 5 1000 3227 5
"2102" "A" 0.08 -0.2475 0.38125 1 1 2000 1 5 0.964299951060516 5 1000 4710 5
"2103" "A" 0.08 -0.66 0.7525 1 0 2000 1 5 0.284354282359106 5 1000 6262 5
"2104" "A" 0.008 -0.495 0.95875 0 0.5 2000 1 5 0.042124926300671 5 1000 1940 5
"2105" "A" 0.08 -0.70125 0.175 0 1 2000 1 5 1.74296930505862 5 1000 6327 5
"2106" "A" 0.08 -0.78375 0.13375 0 0.5 2000 1 5 2.01178289320602 5 1000 6620 5
"2107" "A" 0.08 -0.7425 0.0925 0 0.5 2000 1 5 2.38054663446376 5 1000 6464 5
"2108" "A" 0.008 -0.20625 0.7525 0 1 2000 1 5 0.284354282359106 5 1000 861 5
"2109" "A" 0.008 -0.94875 0.835 1 0 2000 1 5 0.180323554131281 5 1000 3574 5
"2110" "A" 0.008 -0.45375 0.7525 0 0 2000 1 5 0.284354282359106 5 1000 1759 5
"2111" "A" 0.08 -0.5775 0.71125 1 0.5 2000 1 5 0.340731293541596 5 1000 5957 5
"2112" "A" 0.08 -0.04125 0.95875 0 0 2000 1 5 0.042124926300671 5 1000 4039 5
"2113" "A" 0.008 -0.33 1 1 1 2000 1 5 0 5 1000 1350 5
"2114" "A" 0.008 -0.5775 0.87625 1 0.5 2000 1 5 0.132103840633337 5 1000 2231 5
"2115" "A" 0.008 -0.53625 0.13375 0 0.5 2000 1 5 2.01178289320602 5 1000 1970 5
"2116" "A" 0.08 -0.45375 0.87625 0 1 2000 1 5 0.132103840633337 5 1000 5529 5
"2117" "A" 0.008 -0.5775 0.71125 1 0 2000 1 5 0.340731293541596 5 1000 2206 5
"2118" "A" 0.08 -0.165 0.62875 1 0.5 2000 1 5 0.464021557568188 5 1000 4445 5
"2119" "A" 0.08 -0.04125 0.13375 1 0 2000 1 5 2.01178289320602 5 1000 3922 5
"2120" "A" 0.008 -0.0825 0.5875 0 0 2000 1 5 0.531879032963823 5 1000 385 5
"2121" "A" 0.008 -0.33 1 1 0 2000 1 5 0 5 1000 1348 5
"2122" "A" 0.008 -0.70125 0.54625 0 0 2000 1 5 0.604678532572337 5 1000 2629 5
"2123" "A" 0.08 -0.5775 0.835 1 0 2000 1 5 0.180323554131281 5 1000 5974 5
"2124" "A" 0.08 -0.45375 0.0925 1 1 2000 1 5 2.38054663446376 5 1000 5418 5
"2125" "A" 0.008 -0.165 0.5875 1 1 2000 1 5 0.531879032963823 5 1000 690 5
"2126" "A" 0.08 -0.825 0.505 0 1 2000 1 5 0.683196849706777 5 1000 6825 5
"2127" "A" 0.08 -0.825 0.79375 0 1 2000 1 5 0.230986728775236 5 1000 6867 5
"2128" "A" 0.08 -0.12375 0.95875 0 0.5 2000 1 5 0.042124926300671 5 1000 4340 5
"2129" "A" 0.008 0 0.21625 0 0 2000 1 5 1.53132013317015 5 1000 31 5
"2130" "A" 0.008 -0.825 1 1 0.5 2000 1 5 0 5 1000 3149 5
"2131" "A" 0.008 -0.86625 0.54625 0 0 2000 1 5 0.604678532572337 5 1000 3229 5
"2132" "A" 0.08 -0.9075 0.01 1 1 2000 1 5 4.60517018598809 5 1000 7056 5
"2133" "A" 0.08 -0.70125 0.2575 1 0 2000 1 5 1.35673555887835 5 1000 6340 5
"2134" "A" 0.008 -0.86625 0.5875 1 0.5 2000 1 5 0.531879032963823 5 1000 3239 5
"2135" "A" 0.08 0 0.05125 0 1 2000 1 5 2.97103966096362 5 1000 3759 5
"2136" "A" 0.008 -0.04125 0.34 0 1 2000 1 5 1.07880966137193 5 1000 201 5
"2137" "A" 0.08 -0.4125 0.71125 0 0.5 2000 1 5 0.340731293541596 5 1000 5354 5
"2138" "A" 0.008 -0.53625 0.9175 1 0.5 2000 1 5 0.0861026990534116 5 1000 2087 5
"2139" "A" 0.08 -0.9075 0.62875 0 1 2000 1 5 0.464021557568188 5 1000 7143 5
"2140" "A" 0.08 0 0.67 0 0.5 2000 1 5 0.400477566597125 5 1000 3848 5
"2141" "A" 0.008 0 0.79375 1 0.5 2000 1 5 0.230986728775236 5 1000 119 5
"2142" "A" 0.08 -0.5775 0.87625 1 0 2000 1 5 0.132103840633337 5 1000 5980 5
"2143" "A" 0.008 -0.20625 0.7525 1 0.5 2000 1 5 0.284354282359106 5 1000 863 5
"2144" "A" 0.08 -0.165 1 0 0 2000 1 5 0 5 1000 4495 5
"2145" "A" 0.08 -0.165 0.505 0 1 2000 1 5 0.683196849706777 5 1000 4425 5
"2146" "A" 0.008 -0.7425 0.2575 1 1 2000 1 5 1.35673555887835 5 1000 2742 5
"2147" "A" 0.008 -0.78375 0.0925 1 1 2000 1 5 2.38054663446376 5 1000 2868 5
"2148" "A" 0.08 -0.20625 0.34 0 0 2000 1 5 1.07880966137193 5 1000 4549 5
"2149" "A" 0.08 -0.45375 0.38125 0 0.5 2000 1 5 0.964299951060516 5 1000 5456 5
"2150" "A" 0.08 -0.53625 0.01 0 1 2000 1 5 4.60517018598809 5 1000 5703 5
"2151" "A" 0.08 -0.33 0.46375 1 0.5 2000 1 5 0.768409665060492 5 1000 5021 5
"2152" "A" 0.008 -0.28875 0.71125 1 0 2000 1 5 0.340731293541596 5 1000 1156 5
"2153" "A" 0.008 -0.2475 0.21625 1 0.5 2000 1 5 1.53132013317015 5 1000 935 5
"2154" "A" 0.08 -0.61875 0.38125 1 1 2000 1 5 0.964299951060516 5 1000 6060 5
"2155" "A" 0.08 -0.45375 0.21625 1 1 2000 1 5 1.53132013317015 5 1000 5436 5
"2156" "A" 0.008 -0.94875 0.67 0 0 2000 1 5 0.400477566597125 5 1000 3547 5
"2157" "A" 0.008 -0.7425 0.46375 0 0 2000 1 5 0.768409665060492 5 1000 2767 5
"2158" "A" 0.008 -0.20625 0.7525 1 1 2000 1 5 0.284354282359106 5 1000 864 5
"2159" "A" 0.08 -0.61875 0.505 0 1 2000 1 5 0.683196849706777 5 1000 6075 5
"2160" "A" 0.08 -0.165 0.5875 0 1 2000 1 5 0.531879032963823 5 1000 4437 5
"2161" "A" 0.008 -0.2475 0.7525 0 0 2000 1 5 0.284354282359106 5 1000 1009 5
"2162" "A" 0.008 -0.5775 0.67 0 0 2000 1 5 0.400477566597125 5 1000 2197 5
"2163" "A" 0.08 -0.94875 0.2575 1 0 2000 1 5 1.35673555887835 5 1000 7240 5
"2164" "A" 0.008 -0.28875 0.67 1 1 2000 1 5 0.400477566597125 5 1000 1152 5
"2165" "A" 0.08 -0.5775 0.62875 1 0 2000 1 5 0.464021557568188 5 1000 5944 5
"2166" "A" 0.008 -0.4125 0.05125 0 0.5 2000 1 5 2.97103966096362 5 1000 1508 5
"2167" "A" 0.008 -0.86625 0.0925 0 1 2000 1 5 2.38054663446376 5 1000 3165 5
"2168" "A" 0.08 -0.825 0.87625 0 0.5 2000 1 5 0.132103840633337 5 1000 6878 5
"2169" "A" 0.08 -0.94875 0.505 0 0.5 2000 1 5 0.683196849706777 5 1000 7274 5
"2170" "A" 0.008 -0.61875 0.175 1 1 2000 1 5 1.74296930505862 5 1000 2280 5
"2171" "A" 0.08 -0.45375 0.38125 1 0.5 2000 1 5 0.964299951060516 5 1000 5459 5
"2172" "A" 0.08 -0.0825 0.05125 1 1 2000 1 5 2.97103966096362 5 1000 4062 5
"2173" "A" 0.08 -0.61875 0.175 0 1 2000 1 5 1.74296930505862 5 1000 6027 5
"2174" "A" 0.008 -0.61875 0.95875 0 0.5 2000 1 5 0.042124926300671 5 1000 2390 5
"2175" "A" 0.08 -0.45375 0.835 1 1 2000 1 5 0.180323554131281 5 1000 5526 5
"2176" "A" 0.008 -0.165 0.38125 0 0.5 2000 1 5 0.964299951060516 5 1000 656 5
"2177" "A" 0.08 -0.04125 0.71125 1 0 2000 1 5 0.340731293541596 5 1000 4006 5
"2178" "A" 0.008 -0.12375 0.21625 1 1 2000 1 5 1.53132013317015 5 1000 486 5
"2179" "A" 0.008 -0.86625 0.05125 0 0 2000 1 5 2.97103966096362 5 1000 3157 5
"2180" "A" 0.008 -0.28875 0.29875 1 0.5 2000 1 5 1.20814817573642 5 1000 1097 5
"2181" "A" 0.008 -0.04125 0.5875 1 1 2000 1 5 0.531879032963823 5 1000 240 5
"2182" "A" 0.008 -0.4125 0.29875 0 0 2000 1 5 1.20814817573642 5 1000 1543 5
"2183" "A" 0.008 -0.37125 0.67 1 0.5 2000 1 5 0.400477566597125 5 1000 1451 5
"2184" "A" 0.08 -0.20625 0.38125 0 1 2000 1 5 0.964299951060516 5 1000 4557 5
"2185" "A" 0.008 -0.99 0.175 1 1 2000 1 5 1.74296930505862 5 1000 3630 5
"2186" "A" 0.08 -0.20625 0.71125 0 1 2000 1 5 0.340731293541596 5 1000 4605 5
"2187" "A" 0.008 -0.2475 0.05125 0 0.5 2000 1 5 2.97103966096362 5 1000 908 5
"2188" "A" 0.008 -0.12375 0.835 1 0 2000 1 5 0.180323554131281 5 1000 574 5
"2189" "A" 0.008 -0.04125 0.62875 1 0 2000 1 5 0.464021557568188 5 1000 244 5
"2190" "A" 0.008 -0.94875 0.54625 0 0 2000 1 5 0.604678532572337 5 1000 3529 5
"2191" "A" 0.08 -0.86625 0.62875 1 1 2000 1 5 0.464021557568188 5 1000 6996 5
"2192" "A" 0.008 -0.825 0.5875 1 0 2000 1 5 0.531879032963823 5 1000 3088 5
"2193" "A" 0.008 -0.66 0.13375 0 0.5 2000 1 5 2.01178289320602 5 1000 2420 5
"2194" "A" 0.008 -0.33 0.01 0 0 2000 1 5 4.60517018598809 5 1000 1201 5
"2195" "A" 0.08 -0.20625 0.54625 0 0.5 2000 1 5 0.604678532572337 5 1000 4580 5
"2196" "A" 0.08 -0.45375 0.4225 0 0 2000 1 5 0.861565832184908 5 1000 5461 5
"2197" "A" 0.008 -0.53625 0.0925 1 0.5 2000 1 5 2.38054663446376 5 1000 1967 5
"2198" "A" 0.08 -0.9075 0.505 1 0 2000 1 5 0.683196849706777 5 1000 7126 5
"2199" "A" 0.08 -0.495 0.34 1 1 2000 1 5 1.07880966137193 5 1000 5604 5
"2200" "A" 0.008 -0.9075 0.2575 0 1 2000 1 5 1.35673555887835 5 1000 3339 5
"2201" "A" 0.008 -0.78375 0.21625 1 1 2000 1 5 1.53132013317015 5 1000 2886 5
"2202" "A" 0.08 -0.53625 0.54625 0 1 2000 1 5 0.604678532572337 5 1000 5781 5
"2203" "A" 0.008 -0.825 0.54625 0 0.5 2000 1 5 0.604678532572337 5 1000 3080 5
"2204" "A" 0.08 -0.45375 0.79375 0 0 2000 1 5 0.230986728775236 5 1000 5515 5
"2205" "A" 0.08 -0.66 0.95875 0 1 2000 1 5 0.042124926300671 5 1000 6291 5
"2206" "A" 0.08 -0.86625 0.67 1 0 2000 1 5 0.400477566597125 5 1000 7000 5
"2207" "A" 0.08 -0.61875 0.21625 0 0 2000 1 5 1.53132013317015 5 1000 6031 5
"2208" "A" 0.008 -0.825 0.175 0 0 2000 1 5 1.74296930505862 5 1000 3025 5
"2209" "A" 0.08 -0.495 0.54625 1 1 2000 1 5 0.604678532572337 5 1000 5634 5
"2210" "A" 0.08 -0.66 0.87625 0 0 2000 1 5 0.132103840633337 5 1000 6277 5
"2211" "A" 0.008 -0.0825 0.2575 0 0.5 2000 1 5 1.35673555887835 5 1000 338 5
"2212" "A" 0.008 -0.70125 0.46375 0 1 2000 1 5 0.768409665060492 5 1000 2619 5
"2213" "A" 0.08 -0.28875 1 1 1 2000 1 5 0 5 1000 4950 5
"2214" "A" 0.008 -0.165 0.0925 0 0.5 2000 1 5 2.38054663446376 5 1000 614 5
"2215" "A" 0.08 -0.20625 0.71125 1 1 2000 1 5 0.340731293541596 5 1000 4608 5
"2216" "A" 0.008 -0.2475 0.71125 1 1 2000 1 5 0.340731293541596 5 1000 1008 5
"2217" "A" 0.08 -0.37125 1 1 0 2000 1 5 0 5 1000 5248 5
"2218" "A" 0.008 -0.0825 0.62875 0 0 2000 1 5 0.464021557568188 5 1000 391 5
"2219" "A" 0.08 -0.12375 0.29875 0 1 2000 1 5 1.20814817573642 5 1000 4245 5
"2220" "A" 0.08 -0.20625 0.2575 0 0.5 2000 1 5 1.35673555887835 5 1000 4538 5
"2221" "A" 0.008 -0.45375 0.71125 0 0 2000 1 5 0.340731293541596 5 1000 1753 5
"2222" "A" 0.008 -0.04125 0.01 1 1 2000 1 5 4.60517018598809 5 1000 156 5
"2223" "A" 0.08 -0.28875 0.29875 1 0.5 2000 1 5 1.20814817573642 5 1000 4847 5
"2224" "A" 0.08 -0.28875 0.46375 1 0 2000 1 5 0.768409665060492 5 1000 4870 5
"2225" "A" 0.08 -0.45375 0.34 1 1 2000 1 5 1.07880966137193 5 1000 5454 5
"2226" "A" 0.08 -0.9075 0.29875 0 1 2000 1 5 1.20814817573642 5 1000 7095 5
"2227" "A" 0.08 -0.33 0.46375 0 0 2000 1 5 0.768409665060492 5 1000 5017 5
"2228" "A" 0.008 -0.9075 0.67 1 0.5 2000 1 5 0.400477566597125 5 1000 3401 5
"2229" "A" 0.08 -0.70125 0.95875 0 0.5 2000 1 5 0.042124926300671 5 1000 6440 5
"2230" "A" 0.08 -0.20625 0.05125 1 0.5 2000 1 5 2.97103966096362 5 1000 4511 5
"2231" "A" 0.08 -0.20625 0.46375 1 0 2000 1 5 0.768409665060492 5 1000 4570 5
"2232" "A" 0.008 0 0.5875 0 1 2000 1 5 0.531879032963823 5 1000 87 5
"2233" "A" 0.08 -0.61875 0.87625 1 1 2000 1 5 0.132103840633337 5 1000 6132 5
"2234" "A" 0.08 -0.04125 0.0925 0 0 2000 1 5 2.38054663446376 5 1000 3913 5
"2235" "A" 0.008 -0.9075 0.95875 0 0 2000 1 5 0.042124926300671 5 1000 3439 5
"2236" "A" 0.008 -0.0825 0.87625 1 0 2000 1 5 0.132103840633337 5 1000 430 5
"2237" "A" 0.08 -0.86625 0.4225 1 0.5 2000 1 5 0.861565832184908 5 1000 6965 5
"2238" "A" 0.008 -0.99 0.34 0 0 2000 1 5 1.07880966137193 5 1000 3649 5
"2239" "A" 0.008 -0.28875 0.21625 0 0.5 2000 1 5 1.53132013317015 5 1000 1082 5
"2240" "A" 0.008 -0.66 0.71125 0 0 2000 1 5 0.340731293541596 5 1000 2503 5
"2241" "A" 0.08 -0.61875 0.505 1 1 2000 1 5 0.683196849706777 5 1000 6078 5
"2242" "A" 0.008 -0.28875 0.62875 0 1 2000 1 5 0.464021557568188 5 1000 1143 5
"2243" "A" 0.08 -0.495 0.835 1 0.5 2000 1 5 0.180323554131281 5 1000 5675 5
"2244" "A" 0.008 -0.70125 0.95875 0 1 2000 1 5 0.042124926300671 5 1000 2691 5
"2245" "A" 0.008 -0.37125 0.95875 1 0.5 2000 1 5 0.042124926300671 5 1000 1493 5
"2246" "A" 0.08 -0.9075 0.0925 1 0.5 2000 1 5 2.38054663446376 5 1000 7067 5
"2247" "A" 0.08 -0.7425 0.29875 1 0 2000 1 5 1.20814817573642 5 1000 6496 5
"2248" "A" 0.008 -0.2475 0.71125 1 0.5 2000 1 5 0.340731293541596 5 1000 1007 5
"2249" "A" 0.008 -0.28875 0.175 1 0 2000 1 5 1.74296930505862 5 1000 1078 5
"2250" "A" 0.008 -0.53625 0.505 0 0.5 2000 1 5 0.683196849706777 5 1000 2024 5
"2251" "A" 0.008 -0.825 0.46375 1 0 2000 1 5 0.768409665060492 5 1000 3070 5
"2252" "A" 0.08 -0.61875 0.34 1 0.5 2000 1 5 1.07880966137193 5 1000 6053 5
"2253" "A" 0.008 -0.0825 0.95875 1 1 2000 1 5 0.042124926300671 5 1000 444 5
"2254" "A" 0.008 -0.04125 1 1 1 2000 1 5 0 5 1000 300 5
"2255" "A" 0.08 -0.825 0.95875 1 0 2000 1 5 0.042124926300671 5 1000 6892 5
"2256" "A" 0.08 -0.61875 0.835 0 1 2000 1 5 0.180323554131281 5 1000 6123 5
"2257" "A" 0.08 -0.4125 0.38125 1 1 2000 1 5 0.964299951060516 5 1000 5310 5
"2258" "A" 0.008 -0.28875 0.9175 1 0 2000 1 5 0.0861026990534116 5 1000 1186 5
"2259" "A" 0.008 -0.5775 0.46375 0 1 2000 1 5 0.768409665060492 5 1000 2169 5
"2260" "A" 0.008 -0.53625 0.38125 0 0.5 2000 1 5 0.964299951060516 5 1000 2006 5
"2261" "A" 0.08 -0.0825 0.29875 0 1 2000 1 5 1.20814817573642 5 1000 4095 5
"2262" "A" 0.008 -0.86625 0.2575 0 0.5 2000 1 5 1.35673555887835 5 1000 3188 5
"2263" "A" 0.008 -0.825 0.9175 1 1 2000 1 5 0.0861026990534116 5 1000 3138 5
"2264" "A" 0.008 -0.12375 0.79375 0 1 2000 1 5 0.230986728775236 5 1000 567 5
"2265" "A" 0.08 -0.86625 0.21625 1 0 2000 1 5 1.53132013317015 5 1000 6934 5
"2266" "A" 0.008 -0.37125 0.505 1 0 2000 1 5 0.683196849706777 5 1000 1426 5
"2267" "A" 0.008 -0.9075 0.54625 1 0.5 2000 1 5 0.604678532572337 5 1000 3383 5
"2268" "A" 0.008 -0.2475 0.34 1 0.5 2000 1 5 1.07880966137193 5 1000 953 5
"2269" "A" 0.008 -0.78375 0.29875 1 0.5 2000 1 5 1.20814817573642 5 1000 2897 5
"2270" "A" 0.08 -0.66 0.01 1 1 2000 1 5 4.60517018598809 5 1000 6156 5
"2271" "A" 0.008 -0.61875 0.01 0 0.5 2000 1 5 4.60517018598809 5 1000 2252 5
"2272" "A" 0.08 -0.165 0.34 1 0 2000 1 5 1.07880966137193 5 1000 4402 5
"2273" "A" 0.008 -0.495 0.05125 1 0 2000 1 5 2.97103966096362 5 1000 1810 5
"2274" "A" 0.008 -0.495 0.29875 1 1 2000 1 5 1.20814817573642 5 1000 1848 5
"2275" "A" 0.008 -0.99 0.05125 1 0 2000 1 5 2.97103966096362 5 1000 3610 5
"2276" "A" 0.008 -0.45375 0.46375 1 0 2000 1 5 0.768409665060492 5 1000 1720 5
"2277" "A" 0.008 -0.2475 1 0 0 2000 1 5 0 5 1000 1045 5
"2278" "A" 0.08 -0.04125 0.4225 0 0.5 2000 1 5 0.861565832184908 5 1000 3962 5
"2279" "A" 0.008 -0.825 0.79375 1 0.5 2000 1 5 0.230986728775236 5 1000 3119 5
"2280" "A" 0.008 -0.53625 0.21625 0 0.5 2000 1 5 1.53132013317015 5 1000 1982 5
"2281" "A" 0.08 -0.20625 0.67 1 0 2000 1 5 0.400477566597125 5 1000 4600 5
"2282" "A" 0.008 -0.4125 0.5875 0 0.5 2000 1 5 0.531879032963823 5 1000 1586 5
"2283" "A" 0.08 -0.495 0.34 0 0 2000 1 5 1.07880966137193 5 1000 5599 5
"2284" "A" 0.008 -0.825 0.9175 1 0.5 2000 1 5 0.0861026990534116 5 1000 3137 5
"2285" "A" 0.08 -0.2475 0.95875 1 0 2000 1 5 0.042124926300671 5 1000 4792 5
"2286" "A" 0.008 -0.45375 0.62875 0 0.5 2000 1 5 0.464021557568188 5 1000 1742 5
"2287" "A" 0.008 -0.66 0.67 1 1 2000 1 5 0.400477566597125 5 1000 2502 5
"2288" "A" 0.008 -0.33 0.2575 0 1 2000 1 5 1.35673555887835 5 1000 1239 5
"2289" "A" 0.08 -0.61875 1 1 0.5 2000 1 5 0 5 1000 6149 5
"2290" "A" 0.008 -0.7425 0.79375 1 0.5 2000 1 5 0.230986728775236 5 1000 2819 5
"2291" "A" 0.008 -0.28875 0.175 0 0.5 2000 1 5 1.74296930505862 5 1000 1076 5
"2292" "A" 0.08 -0.94875 0.38125 1 0.5 2000 1 5 0.964299951060516 5 1000 7259 5
"2293" "A" 0.008 -0.20625 0.05125 0 0.5 2000 1 5 2.97103966096362 5 1000 758 5
"2294" "A" 0.008 -0.2475 0.29875 1 0 2000 1 5 1.20814817573642 5 1000 946 5
"2295" "A" 0.008 -0.99 0.38125 0 0 2000 1 5 0.964299951060516 5 1000 3655 5
"2296" "A" 0.008 -0.61875 0.9175 0 0.5 2000 1 5 0.0861026990534116 5 1000 2384 5
"2297" "A" 0.08 -0.61875 0.46375 1 0.5 2000 1 5 0.768409665060492 5 1000 6071 5
"2298" "A" 0.008 -0.28875 0.95875 1 1 2000 1 5 0.042124926300671 5 1000 1194 5
"2299" "A" 0.008 -0.94875 0.29875 0 1 2000 1 5 1.20814817573642 5 1000 3495 5
"2300" "A" 0.08 -0.4125 0.01 0 1 2000 1 5 4.60517018598809 5 1000 5253 5
"2301" "A" 0.008 -0.37125 0.62875 1 1 2000 1 5 0.464021557568188 5 1000 1446 5
"2302" "A" 0.08 -0.12375 0.13375 0 0.5 2000 1 5 2.01178289320602 5 1000 4220 5
"2303" "A" 0.08 0 1 1 0 2000 1 5 0 5 1000 3898 5
"2304" "A" 0.008 -0.99 0.87625 0 0 2000 1 5 0.132103840633337 5 1000 3727 5
"2305" "A" 0.08 -0.2475 0.175 1 0.5 2000 1 5 1.74296930505862 5 1000 4679 5
"2306" "A" 0.08 -0.33 0.62875 1 1 2000 1 5 0.464021557568188 5 1000 5046 5
"2307" "A" 0.008 -0.825 0.0925 0 1 2000 1 5 2.38054663446376 5 1000 3015 5
"2308" "A" 0.008 -0.28875 0.01 0 0.5 2000 1 5 4.60517018598809 5 1000 1052 5
"2309" "A" 0.008 -0.04125 0.0925 0 0 2000 1 5 2.38054663446376 5 1000 163 5
"2310" "A" 0.08 -0.53625 0.87625 0 1 2000 1 5 0.132103840633337 5 1000 5829 5
"2311" "A" 0.08 -0.99 0.175 1 0 2000 1 5 1.74296930505862 5 1000 7378 5
"2312" "A" 0.008 -0.45375 0.87625 0 1 2000 1 5 0.132103840633337 5 1000 1779 5
"2313" "A" 0.008 -0.9075 0.13375 1 0.5 2000 1 5 2.01178289320602 5 1000 3323 5
"2314" "A" 0.008 -0.45375 0.4225 0 0.5 2000 1 5 0.861565832184908 5 1000 1712 5
"2315" "A" 0.008 -0.9075 0.34 1 0 2000 1 5 1.07880966137193 5 1000 3352 5
"2316" "A" 0.008 -0.33 0.505 1 1 2000 1 5 0.683196849706777 5 1000 1278 5
"2317" "A" 0.08 -0.2475 0.01 0 1 2000 1 5 4.60517018598809 5 1000 4653 5
"2318" "A" 0.008 -0.12375 0.34 1 0 2000 1 5 1.07880966137193 5 1000 502 5
"2319" "A" 0.08 -0.28875 1 0 1 2000 1 5 0 5 1000 4947 5
"2320" "A" 0.08 -0.165 0.29875 1 1 2000 1 5 1.20814817573642 5 1000 4398 5
"2321" "A" 0.008 -0.165 0.79375 1 0 2000 1 5 0.230986728775236 5 1000 718 5
"2322" "A" 0.008 -0.94875 0.505 1 0 2000 1 5 0.683196849706777 5 1000 3526 5
"2323" "A" 0.008 -0.94875 0.175 1 0.5 2000 1 5 1.74296930505862 5 1000 3479 5
"2324" "A" 0.008 -0.28875 0.79375 1 0 2000 1 5 0.230986728775236 5 1000 1168 5
"2325" "A" 0.008 -0.165 0.0925 1 1 2000 1 5 2.38054663446376 5 1000 618 5
"2326" "A" 0.008 -0.66 0.29875 1 0 2000 1 5 1.20814817573642 5 1000 2446 5
"2327" "A" 0.008 -0.9075 0.0925 0 0.5 2000 1 5 2.38054663446376 5 1000 3314 5
"2328" "A" 0.008 -0.45375 0.62875 0 1 2000 1 5 0.464021557568188 5 1000 1743 5
"2329" "A" 0.008 -0.66 0.4225 1 0.5 2000 1 5 0.861565832184908 5 1000 2465 5
"2330" "A" 0.008 -0.5775 0.62875 0 0.5 2000 1 5 0.464021557568188 5 1000 2192 5
"2331" "A" 0.008 -0.28875 0.38125 1 0.5 2000 1 5 0.964299951060516 5 1000 1109 5
"2332" "A" 0.008 -0.495 0.71125 0 1 2000 1 5 0.340731293541596 5 1000 1905 5
"2333" "A" 0.08 -0.20625 0.5875 1 1 2000 1 5 0.531879032963823 5 1000 4590 5
"2334" "A" 0.08 -0.9075 0.01 1 0 2000 1 5 4.60517018598809 5 1000 7054 5
"2335" "A" 0.08 -0.61875 0.7525 0 0.5 2000 1 5 0.284354282359106 5 1000 6110 5
"2336" "A" 0.008 -0.825 0.95875 1 0 2000 1 5 0.042124926300671 5 1000 3142 5
"2337" "A" 0.008 -0.78375 0.95875 0 0.5 2000 1 5 0.042124926300671 5 1000 2990 5
"2338" "A" 0.08 -0.66 0.54625 1 1 2000 1 5 0.604678532572337 5 1000 6234 5
"2339" "A" 0.008 -0.70125 0.34 0 0.5 2000 1 5 1.07880966137193 5 1000 2600 5
"2340" "A" 0.08 -0.78375 0.9175 0 0 2000 1 5 0.0861026990534116 5 1000 6733 5
"2341" "A" 0.08 -0.0825 0.46375 0 1 2000 1 5 0.768409665060492 5 1000 4119 5
"2342" "A" 0.08 -0.53625 0.62875 0 0 2000 1 5 0.464021557568188 5 1000 5791 5
"2343" "A" 0.008 -0.45375 0.29875 0 0.5 2000 1 5 1.20814817573642 5 1000 1694 5
"2344" "A" 0.08 -0.28875 0.2575 1 0 2000 1 5 1.35673555887835 5 1000 4840 5
"2345" "A" 0.008 -0.7425 0.71125 1 1 2000 1 5 0.340731293541596 5 1000 2808 5
"2346" "A" 0.08 -0.37125 0.87625 0 1 2000 1 5 0.132103840633337 5 1000 5229 5
"2347" "A" 0.08 -0.37125 0.0925 0 0 2000 1 5 2.38054663446376 5 1000 5113 5
"2348" "A" 0.08 -0.7425 0.34 0 0 2000 1 5 1.07880966137193 5 1000 6499 5
"2349" "A" 0.08 -0.9075 0.01 1 0.5 2000 1 5 4.60517018598809 5 1000 7055 5
"2350" "A" 0.008 -0.78375 0.7525 1 0.5 2000 1 5 0.284354282359106 5 1000 2963 5
"2351" "A" 0.08 0 0.79375 0 0.5 2000 1 5 0.230986728775236 5 1000 3866 5
"2352" "A" 0.08 -0.37125 0.505 1 0 2000 1 5 0.683196849706777 5 1000 5176 5
"2353" "A" 0.08 -0.20625 0.62875 1 1 2000 1 5 0.464021557568188 5 1000 4596 5
"2354" "A" 0.08 -0.4125 0.71125 0 1 2000 1 5 0.340731293541596 5 1000 5355 5
"2355" "A" 0.008 -0.20625 0.175 0 1 2000 1 5 1.74296930505862 5 1000 777 5
"2356" "A" 0.008 -0.9075 0.71125 0 0.5 2000 1 5 0.340731293541596 5 1000 3404 5
"2357" "A" 0.008 -0.20625 0.62875 0 0 2000 1 5 0.464021557568188 5 1000 841 5
"2358" "A" 0.08 -0.825 0.38125 0 0 2000 1 5 0.964299951060516 5 1000 6805 5
"2359" "A" 0.008 -0.9075 1 0 0 2000 1 5 0 5 1000 3445 5
"2360" "A" 0.008 -0.825 0.4225 1 0.5 2000 1 5 0.861565832184908 5 1000 3065 5
"2361" "A" 0.08 -0.66 0.01 1 0 2000 1 5 4.60517018598809 5 1000 6154 5
"2362" "A" 0.08 -0.28875 0.5875 1 0.5 2000 1 5 0.531879032963823 5 1000 4889 5
"2363" "A" 0.08 -0.2475 0.34 0 0.5 2000 1 5 1.07880966137193 5 1000 4700 5
"2364" "A" 0.08 -0.04125 0.21625 0 1 2000 1 5 1.53132013317015 5 1000 3933 5
"2365" "A" 0.08 -0.2475 0.79375 0 1 2000 1 5 0.230986728775236 5 1000 4767 5
"2366" "A" 0.08 -0.45375 0.5875 1 0.5 2000 1 5 0.531879032963823 5 1000 5489 5
"2367" "A" 0.08 -0.9075 0.4225 1 0 2000 1 5 0.861565832184908 5 1000 7114 5
"2368" "A" 0.08 -0.66 0.38125 0 0.5 2000 1 5 0.964299951060516 5 1000 6206 5
"2369" "A" 0.008 -0.45375 0.5875 0 1 2000 1 5 0.531879032963823 5 1000 1737 5
"2370" "A" 0.008 -0.86625 0.34 1 0 2000 1 5 1.07880966137193 5 1000 3202 5
"2371" "A" 0.008 -0.99 0.13375 0 0.5 2000 1 5 2.01178289320602 5 1000 3620 5
"2372" "A" 0.008 -0.825 0.34 1 0.5 2000 1 5 1.07880966137193 5 1000 3053 5
"2373" "A" 0.08 -0.70125 0.71125 0 1 2000 1 5 0.340731293541596 5 1000 6405 5
"2374" "A" 0.008 -0.33 0.9175 0 0 2000 1 5 0.0861026990534116 5 1000 1333 5
"2375" "A" 0.008 -0.04125 0.13375 0 1 2000 1 5 2.01178289320602 5 1000 171 5
"2376" "A" 0.008 -0.37125 0.5875 0 1 2000 1 5 0.531879032963823 5 1000 1437 5
"2377" "A" 0.08 -0.12375 0.05125 1 1 2000 1 5 2.97103966096362 5 1000 4212 5
"2378" "A" 0.08 -0.7425 0.2575 0 1 2000 1 5 1.35673555887835 5 1000 6489 5
"2379" "A" 0.08 -0.2475 1 1 0 2000 1 5 0 5 1000 4798 5
"2380" "A" 0.08 -0.5775 0.2575 0 0.5 2000 1 5 1.35673555887835 5 1000 5888 5
"2381" "A" 0.08 -0.78375 1 1 0 2000 1 5 0 5 1000 6748 5
"2382" "A" 0.008 -0.37125 0.835 0 1 2000 1 5 0.180323554131281 5 1000 1473 5
"2383" "A" 0.008 -0.78375 0.175 1 1 2000 1 5 1.74296930505862 5 1000 2880 5
"2384" "A" 0.08 -0.4125 0.2575 0 0 2000 1 5 1.35673555887835 5 1000 5287 5
"2385" "A" 0.08 -0.99 0.62875 0 1 2000 1 5 0.464021557568188 5 1000 7443 5
"2386" "A" 0.08 -0.78375 0.67 1 0.5 2000 1 5 0.400477566597125 5 1000 6701 5
"2387" "A" 0.08 -0.9075 0.0925 0 0.5 2000 1 5 2.38054663446376 5 1000 7064 5
"2388" "A" 0.008 -0.12375 0.05125 1 0.5 2000 1 5 2.97103966096362 5 1000 461 5
"2389" "A" 0.08 -0.66 0.95875 1 0 2000 1 5 0.042124926300671 5 1000 6292 5
"2390" "A" 0.08 -0.66 0.505 1 0.5 2000 1 5 0.683196849706777 5 1000 6227 5
"2391" "A" 0.008 -0.70125 0.13375 1 0.5 2000 1 5 2.01178289320602 5 1000 2573 5
"2392" "A" 0.008 -0.12375 0.62875 0 0.5 2000 1 5 0.464021557568188 5 1000 542 5
"2393" "A" 0.08 -0.53625 0.95875 0 0.5 2000 1 5 0.042124926300671 5 1000 5840 5
"2394" "A" 0.008 -0.9075 0.05125 0 1 2000 1 5 2.97103966096362 5 1000 3309 5
"2395" "A" 0.08 -0.99 0.2575 1 1 2000 1 5 1.35673555887835 5 1000 7392 5
"2396" "A" 0.008 -0.20625 0.2575 1 0 2000 1 5 1.35673555887835 5 1000 790 5
"2397" "A" 0.08 -0.5775 0.34 0 0.5 2000 1 5 1.07880966137193 5 1000 5900 5
"2398" "A" 0.08 -0.94875 0.175 0 0 2000 1 5 1.74296930505862 5 1000 7225 5
"2399" "A" 0.008 -0.78375 1 1 0 2000 1 5 0 5 1000 2998 5
"2400" "A" 0.008 -0.28875 0.505 1 0 2000 1 5 0.683196849706777 5 1000 1126 5
"2401" "A" 0.008 -0.825 0.2575 1 0.5 2000 1 5 1.35673555887835 5 1000 3041 5
"2402" "A" 0.008 -0.28875 0.9175 0 0 2000 1 5 0.0861026990534116 5 1000 1183 5
"2403" "A" 0.008 -0.33 0.67 1 0 2000 1 5 0.400477566597125 5 1000 1300 5
"2404" "A" 0.08 -0.70125 0.62875 0 1 2000 1 5 0.464021557568188 5 1000 6393 5
"2405" "A" 0.08 -0.99 0.21625 1 0 2000 1 5 1.53132013317015 5 1000 7384 5
"2406" "A" 0.08 -0.04125 0.67 1 1 2000 1 5 0.400477566597125 5 1000 4002 5
"2407" "A" 0.008 -0.94875 0.46375 0 1 2000 1 5 0.768409665060492 5 1000 3519 5
"2408" "A" 0.08 -0.37125 0.79375 1 1 2000 1 5 0.230986728775236 5 1000 5220 5
"2409" "A" 0.08 -0.2475 0.34 1 0.5 2000 1 5 1.07880966137193 5 1000 4703 5
"2410" "A" 0.08 -0.78375 0.67 1 1 2000 1 5 0.400477566597125 5 1000 6702 5
"2411" "A" 0.008 -0.86625 0.5875 0 0.5 2000 1 5 0.531879032963823 5 1000 3236 5
"2412" "A" 0.08 -0.12375 0.87625 0 1 2000 1 5 0.132103840633337 5 1000 4329 5
"2413" "A" 0.08 -0.53625 1 0 0 2000 1 5 0 5 1000 5845 5
"2414" "A" 0.008 -0.37125 0.87625 0 0.5 2000 1 5 0.132103840633337 5 1000 1478 5
"2415" "A" 0.08 -0.53625 0.13375 0 0.5 2000 1 5 2.01178289320602 5 1000 5720 5
"2416" "A" 0.008 -0.9075 0.175 1 0 2000 1 5 1.74296930505862 5 1000 3328 5
"2417" "A" 0.08 -0.4125 0.46375 1 1 2000 1 5 0.768409665060492 5 1000 5322 5
"2418" "A" 0.08 -0.825 0.05125 0 0.5 2000 1 5 2.97103966096362 5 1000 6758 5
"2419" "A" 0.008 -0.165 0.05125 1 0.5 2000 1 5 2.97103966096362 5 1000 611 5
"2420" "A" 0.008 -0.4125 0.54625 1 0 2000 1 5 0.604678532572337 5 1000 1582 5
"2421" "A" 0.008 -0.7425 0.62875 0 0 2000 1 5 0.464021557568188 5 1000 2791 5
"2422" "A" 0.08 -0.78375 0.62875 0 1 2000 1 5 0.464021557568188 5 1000 6693 5
"2423" "A" 0.008 -0.12375 0.9175 0 0 2000 1 5 0.0861026990534116 5 1000 583 5
"2424" "A" 0.008 -0.99 0.67 0 1 2000 1 5 0.400477566597125 5 1000 3699 5
"2425" "A" 0.08 -0.66 0.79375 0 0 2000 1 5 0.230986728775236 5 1000 6265 5
"2426" "A" 0.08 -0.45375 0.54625 0 0 2000 1 5 0.604678532572337 5 1000 5479 5
"2427" "A" 0.008 -0.12375 0.46375 0 1 2000 1 5 0.768409665060492 5 1000 519 5
"2428" "A" 0.008 -0.7425 1 1 0.5 2000 1 5 0 5 1000 2849 5
"2429" "A" 0.008 -0.78375 0.87625 0 0 2000 1 5 0.132103840633337 5 1000 2977 5
"2430" "A" 0.008 -0.2475 0.175 1 0.5 2000 1 5 1.74296930505862 5 1000 929 5
"2431" "A" 0.08 -0.99 0.34 1 1 2000 1 5 1.07880966137193 5 1000 7404 5
"2432" "A" 0.008 -0.86625 0.9175 0 0.5 2000 1 5 0.0861026990534116 5 1000 3284 5
"2433" "A" 0.008 -0.165 1 1 0.5 2000 1 5 0 5 1000 749 5
"2434" "A" 0.08 -0.12375 0.13375 1 0 2000 1 5 2.01178289320602 5 1000 4222 5
"2435" "A" 0.008 -0.165 0.54625 0 0.5 2000 1 5 0.604678532572337 5 1000 680 5
"2436" "A" 0.08 -0.165 0.13375 0 0.5 2000 1 5 2.01178289320602 5 1000 4370 5
"2437" "A" 0.08 -0.165 0.71125 0 0.5 2000 1 5 0.340731293541596 5 1000 4454 5
"2438" "A" 0.008 -0.37125 0.5875 1 1 2000 1 5 0.531879032963823 5 1000 1440 5
"2439" "A" 0.08 -0.66 0.13375 1 0 2000 1 5 2.01178289320602 5 1000 6172 5
"2440" "A" 0.008 -0.20625 0.71125 1 0.5 2000 1 5 0.340731293541596 5 1000 857 5
"2441" "A" 0.008 0 0.29875 1 0.5 2000 1 5 1.20814817573642 5 1000 47 5
"2442" "A" 0.008 -0.28875 0.54625 1 0 2000 1 5 0.604678532572337 5 1000 1132 5
"2443" "A" 0.08 -0.165 0.2575 1 1 2000 1 5 1.35673555887835 5 1000 4392 5
"2444" "A" 0.08 -0.9075 1 1 1 2000 1 5 0 5 1000 7200 5
"2445" "A" 0.008 -0.45375 0.4225 0 0 2000 1 5 0.861565832184908 5 1000 1711 5
"2446" "A" 0.008 -0.7425 0.7525 1 0.5 2000 1 5 0.284354282359106 5 1000 2813 5
"2447" "A" 0.08 -0.9075 0.79375 0 1 2000 1 5 0.230986728775236 5 1000 7167 5
"2448" "A" 0.008 -0.37125 0.835 0 0 2000 1 5 0.180323554131281 5 1000 1471 5
"2449" "A" 0.008 -0.495 0.4225 1 0 2000 1 5 0.861565832184908 5 1000 1864 5
"2450" "A" 0.08 -0.53625 0.54625 0 0.5 2000 1 5 0.604678532572337 5 1000 5780 5
"2451" "A" 0.08 -0.4125 1 1 0 2000 1 5 0 5 1000 5398 5
"2452" "A" 0.008 -0.33 0.05125 0 0 2000 1 5 2.97103966096362 5 1000 1207 5
"2453" "A" 0.08 -0.99 0.79375 1 0.5 2000 1 5 0.230986728775236 5 1000 7469 5
"2454" "A" 0.08 -0.04125 0.0925 0 0.5 2000 1 5 2.38054663446376 5 1000 3914 5
"2455" "A" 0.008 -0.12375 0.835 1 0.5 2000 1 5 0.180323554131281 5 1000 575 5
"2456" "A" 0.008 0 0.46375 1 1 2000 1 5 0.768409665060492 5 1000 72 5
"2457" "A" 0.008 -0.99 0.38125 1 1 2000 1 5 0.964299951060516 5 1000 3660 5
"2458" "A" 0.008 -0.165 0.79375 0 1 2000 1 5 0.230986728775236 5 1000 717 5
"2459" "A" 0.008 -0.4125 1 0 0.5 2000 1 5 0 5 1000 1646 5
"2460" "A" 0.08 -0.66 0.2575 1 1 2000 1 5 1.35673555887835 5 1000 6192 5
"2461" "A" 0.08 -0.165 0.0925 0 0 2000 1 5 2.38054663446376 5 1000 4363 5
"2462" "A" 0.008 -0.99 0.29875 0 1 2000 1 5 1.20814817573642 5 1000 3645 5
"2463" "A" 0.008 -0.9075 0.4225 0 1 2000 1 5 0.861565832184908 5 1000 3363 5
"2464" "A" 0.08 -0.4125 0.175 0 0 2000 1 5 1.74296930505862 5 1000 5275 5
"2465" "A" 0.08 -0.86625 0.54625 1 0.5 2000 1 5 0.604678532572337 5 1000 6983 5
"2466" "A" 0.008 -0.78375 0.7525 1 1 2000 1 5 0.284354282359106 5 1000 2964 5
"2467" "A" 0.08 -0.28875 0.175 1 0 2000 1 5 1.74296930505862 5 1000 4828 5
"2468" "A" 0.008 -0.86625 0.79375 0 0.5 2000 1 5 0.230986728775236 5 1000 3266 5
"2469" "A" 0.008 -0.2475 0.34 0 0 2000 1 5 1.07880966137193 5 1000 949 5
"2470" "A" 0.08 -0.9075 0.9175 1 0 2000 1 5 0.0861026990534116 5 1000 7186 5
"2471" "A" 0.08 0 0.71125 1 1 2000 1 5 0.340731293541596 5 1000 3858 5
"2472" "A" 0.08 -0.7425 0.21625 1 1 2000 1 5 1.53132013317015 5 1000 6486 5
"2473" "A" 0.008 -0.86625 0.87625 1 0.5 2000 1 5 0.132103840633337 5 1000 3281 5
"2474" "A" 0.008 -0.33 0.95875 1 1 2000 1 5 0.042124926300671 5 1000 1344 5
"2475" "A" 0.08 -0.70125 0.46375 1 0.5 2000 1 5 0.768409665060492 5 1000 6371 5
"2476" "A" 0.08 -0.0825 0.0925 1 1 2000 1 5 2.38054663446376 5 1000 4068 5
"2477" "A" 0.08 -0.61875 0.5875 0 0.5 2000 1 5 0.531879032963823 5 1000 6086 5
"2478" "A" 0.08 -0.94875 0.9175 1 0.5 2000 1 5 0.0861026990534116 5 1000 7337 5
"2479" "A" 0.08 -0.70125 0.79375 0 1 2000 1 5 0.230986728775236 5 1000 6417 5
"2480" "A" 0.08 -0.9075 0.21625 0 0.5 2000 1 5 1.53132013317015 5 1000 7082 5
"2481" "A" 0.08 -0.12375 0.505 0 0 2000 1 5 0.683196849706777 5 1000 4273 5
"2482" "A" 0.08 -0.70125 0.9175 1 1 2000 1 5 0.0861026990534116 5 1000 6438 5
"2483" "A" 0.08 -0.825 0.79375 1 1 2000 1 5 0.230986728775236 5 1000 6870 5
"2484" "A" 0.08 -0.12375 0.2575 1 0.5 2000 1 5 1.35673555887835 5 1000 4241 5
"2485" "A" 0.008 -0.4125 1 1 0 2000 1 5 0 5 1000 1648 5
"2486" "A" 0.08 -0.33 0.505 1 0 2000 1 5 0.683196849706777 5 1000 5026 5
"2487" "A" 0.008 -0.94875 0.5875 0 0 2000 1 5 0.531879032963823 5 1000 3535 5
"2488" "A" 0.08 -0.53625 0.05125 1 1 2000 1 5 2.97103966096362 5 1000 5712 5
"2489" "A" 0.008 -0.53625 0.7525 0 0 2000 1 5 0.284354282359106 5 1000 2059 5
"2490" "A" 0.08 -0.53625 0.175 1 0 2000 1 5 1.74296930505862 5 1000 5728 5
"2491" "A" 0.008 -0.20625 0.505 1 0.5 2000 1 5 0.683196849706777 5 1000 827 5
"2492" "A" 0.08 -0.61875 0.835 1 0.5 2000 1 5 0.180323554131281 5 1000 6125 5
"2493" "A" 0.08 0 0.38125 1 1 2000 1 5 0.964299951060516 5 1000 3810 5
"2494" "A" 0.08 -0.86625 0.4225 1 1 2000 1 5 0.861565832184908 5 1000 6966 5
"2495" "A" 0.008 -0.04125 0.71125 1 1 2000 1 5 0.340731293541596 5 1000 258 5
"2496" "A" 0.08 -0.45375 0.0925 0 0.5 2000 1 5 2.38054663446376 5 1000 5414 5
"2497" "A" 0.008 -0.4125 0.46375 0 1 2000 1 5 0.768409665060492 5 1000 1569 5
"2498" "A" 0.08 -0.165 0.9175 1 0 2000 1 5 0.0861026990534116 5 1000 4486 5
"2499" "A" 0.008 -0.20625 0.2575 1 1 2000 1 5 1.35673555887835 5 1000 792 5
"2500" "A" 0.008 -0.70125 0.4225 1 0.5 2000 1 5 0.861565832184908 5 1000 2615 5
"2501" "A" 0.008 -0.99 0.71125 1 0 2000 1 5 0.340731293541596 5 1000 3706 5
"2502" "A" 0.008 -0.495 0.13375 0 0.5 2000 1 5 2.01178289320602 5 1000 1820 5
"2503" "A" 0.008 -0.45375 0.9175 0 1 2000 1 5 0.0861026990534116 5 1000 1785 5
"2504" "A" 0.08 -0.495 0.13375 0 1 2000 1 5 2.01178289320602 5 1000 5571 5
"2505" "A" 0.008 -0.53625 0.46375 0 0.5 2000 1 5 0.768409665060492 5 1000 2018 5
"2506" "A" 0.08 -0.4125 0.05125 0 0.5 2000 1 5 2.97103966096362 5 1000 5258 5
"2507" "A" 0.08 -0.825 0.71125 1 1 2000 1 5 0.340731293541596 5 1000 6858 5
"2508" "A" 0.08 -0.45375 0.79375 1 1 2000 1 5 0.230986728775236 5 1000 5520 5
"2509" "A" 0.08 -0.70125 0.71125 0 0 2000 1 5 0.340731293541596 5 1000 6403 5
"2510" "A" 0.08 -0.2475 0.01 0 0 2000 1 5 4.60517018598809 5 1000 4651 5
"2511" "A" 0.08 -0.37125 0.34 0 1 2000 1 5 1.07880966137193 5 1000 5151 5
"2512" "A" 0.008 -0.4125 0.5875 0 1 2000 1 5 0.531879032963823 5 1000 1587 5
"2513" "A" 0.008 -0.37125 0.2575 0 0.5 2000 1 5 1.35673555887835 5 1000 1388 5
"2514" "A" 0.008 -0.9075 0.29875 1 0.5 2000 1 5 1.20814817573642 5 1000 3347 5
"2515" "A" 0.008 -0.495 0.175 0 1 2000 1 5 1.74296930505862 5 1000 1827 5
"2516" "A" 0.008 -0.4125 0.67 0 1 2000 1 5 0.400477566597125 5 1000 1599 5
"2517" "A" 0.08 -0.7425 0.835 0 0 2000 1 5 0.180323554131281 5 1000 6571 5
"2518" "A" 0.08 -0.9075 0.46375 0 1 2000 1 5 0.768409665060492 5 1000 7119 5
"2519" "A" 0.008 -0.99 0.9175 1 1 2000 1 5 0.0861026990534116 5 1000 3738 5
"2520" "A" 0.08 -0.4125 0.21625 0 0 2000 1 5 1.53132013317015 5 1000 5281 5
"2521" "A" 0.08 -0.28875 0.835 0 0.5 2000 1 5 0.180323554131281 5 1000 4922 5
"2522" "A" 0.008 -0.70125 0.9175 0 0 2000 1 5 0.0861026990534116 5 1000 2683 5
"2523" "A" 0.008 -0.33 0.9175 1 0.5 2000 1 5 0.0861026990534116 5 1000 1337 5
"2524" "A" 0.008 -0.33 0.79375 1 0.5 2000 1 5 0.230986728775236 5 1000 1319 5
"2525" "A" 0.008 -0.94875 0.95875 1 1 2000 1 5 0.042124926300671 5 1000 3594 5
"2526" "A" 0.008 -0.495 0.87625 0 1 2000 1 5 0.132103840633337 5 1000 1929 5
"2527" "A" 0.08 -0.495 0.0925 0 0.5 2000 1 5 2.38054663446376 5 1000 5564 5
"2528" "A" 0.08 -0.70125 0.0925 1 1 2000 1 5 2.38054663446376 5 1000 6318 5
"2529" "A" 0.08 -0.33 0.46375 0 0.5 2000 1 5 0.768409665060492 5 1000 5018 5
"2530" "A" 0.008 -0.53625 0.5875 1 0 2000 1 5 0.531879032963823 5 1000 2038 5
"2531" "A" 0.08 -0.20625 0.835 0 0.5 2000 1 5 0.180323554131281 5 1000 4622 5
"2532" "A" 0.08 -0.45375 0.79375 0 1 2000 1 5 0.230986728775236 5 1000 5517 5
"2533" "A" 0.08 -0.53625 0.67 1 0 2000 1 5 0.400477566597125 5 1000 5800 5
"2534" "A" 0.008 -0.04125 0.95875 1 1 2000 1 5 0.042124926300671 5 1000 294 5
"2535" "A" 0.08 -0.53625 0.2575 0 0.5 2000 1 5 1.35673555887835 5 1000 5738 5
"2536" "A" 0.08 -0.61875 0.0925 1 0.5 2000 1 5 2.38054663446376 5 1000 6017 5
"2537" "A" 0.008 -0.4125 1 1 0.5 2000 1 5 0 5 1000 1649 5
"2538" "A" 0.008 -0.165 0.5875 1 0.5 2000 1 5 0.531879032963823 5 1000 689 5
"2539" "A" 0.008 -0.61875 0.0925 0 0.5 2000 1 5 2.38054663446376 5 1000 2264 5
"2540" "A" 0.08 -0.86625 0.62875 0 1 2000 1 5 0.464021557568188 5 1000 6993 5
"2541" "A" 0.008 -0.165 0.34 0 0 2000 1 5 1.07880966137193 5 1000 649 5
"2542" "A" 0.008 -0.99 0.29875 0 0.5 2000 1 5 1.20814817573642 5 1000 3644 5
"2543" "A" 0.08 -0.45375 0.29875 0 1 2000 1 5 1.20814817573642 5 1000 5445 5
"2544" "A" 0.008 -0.94875 0.21625 0 1 2000 1 5 1.53132013317015 5 1000 3483 5
"2545" "A" 0.08 -0.04125 0.38125 1 1 2000 1 5 0.964299951060516 5 1000 3960 5
"2546" "A" 0.008 -0.78375 0.2575 1 1 2000 1 5 1.35673555887835 5 1000 2892 5
"2547" "A" 0.008 -0.2475 0.7525 1 0 2000 1 5 0.284354282359106 5 1000 1012 5
"2548" "A" 0.08 -0.53625 0.95875 0 1 2000 1 5 0.042124926300671 5 1000 5841 5
"2549" "A" 0.008 -0.165 0.05125 1 1 2000 1 5 2.97103966096362 5 1000 612 5
"2550" "A" 0.008 -0.495 0.835 0 0 2000 1 5 0.180323554131281 5 1000 1921 5
"2551" "A" 0.08 -0.2475 0.34 1 0 2000 1 5 1.07880966137193 5 1000 4702 5
"2552" "A" 0.008 -0.825 0.175 1 0 2000 1 5 1.74296930505862 5 1000 3028 5
"2553" "A" 0.008 -0.0825 0.05125 0 0.5 2000 1 5 2.97103966096362 5 1000 308 5
"2554" "A" 0.08 -0.20625 0.71125 1 0 2000 1 5 0.340731293541596 5 1000 4606 5
"2555" "A" 0.008 -0.66 0.34 1 0.5 2000 1 5 1.07880966137193 5 1000 2453 5
"2556" "A" 0.08 -0.825 0.46375 0 0.5 2000 1 5 0.768409665060492 5 1000 6818 5
"2557" "A" 0.08 -0.45375 0.34 0 0.5 2000 1 5 1.07880966137193 5 1000 5450 5
"2558" "A" 0.008 -0.7425 0.4225 0 0 2000 1 5 0.861565832184908 5 1000 2761 5
"2559" "A" 0.08 -0.12375 0.79375 0 0.5 2000 1 5 0.230986728775236 5 1000 4316 5
"2560" "A" 0.008 -0.61875 0.835 1 1 2000 1 5 0.180323554131281 5 1000 2376 5
"2561" "A" 0.008 -0.2475 0.67 0 1 2000 1 5 0.400477566597125 5 1000 999 5
"2562" "A" 0.08 -0.0825 1 0 1 2000 1 5 0 5 1000 4197 5
"2563" "A" 0.008 -0.04125 0.175 0 0 2000 1 5 1.74296930505862 5 1000 175 5
"2564" "A" 0.008 -0.7425 0.175 0 1 2000 1 5 1.74296930505862 5 1000 2727 5
"2565" "A" 0.08 -0.45375 0.05125 1 1 2000 1 5 2.97103966096362 5 1000 5412 5
"2566" "A" 0.008 -0.9075 0.46375 1 0.5 2000 1 5 0.768409665060492 5 1000 3371 5
"2567" "A" 0.08 -0.70125 0.34 1 0.5 2000 1 5 1.07880966137193 5 1000 6353 5
"2568" "A" 0.008 -0.4125 0.0925 0 0 2000 1 5 2.38054663446376 5 1000 1513 5
"2569" "A" 0.008 -0.9075 0.67 0 0.5 2000 1 5 0.400477566597125 5 1000 3398 5
"2570" "A" 0.008 -0.20625 0.79375 1 0 2000 1 5 0.230986728775236 5 1000 868 5
"2571" "A" 0.08 -0.86625 0.13375 0 0 2000 1 5 2.01178289320602 5 1000 6919 5
"2572" "A" 0.08 -0.7425 0.46375 0 0.5 2000 1 5 0.768409665060492 5 1000 6518 5
"2573" "A" 0.08 -0.66 0.87625 1 0.5 2000 1 5 0.132103840633337 5 1000 6281 5
"2574" "A" 0.08 -0.86625 0.505 1 1 2000 1 5 0.683196849706777 5 1000 6978 5
"2575" "A" 0.08 -0.86625 0.87625 1 0.5 2000 1 5 0.132103840633337 5 1000 7031 5
"2576" "A" 0.08 -0.825 0.05125 1 0 2000 1 5 2.97103966096362 5 1000 6760 5
"2577" "A" 0.08 -0.99 0.67 1 0.5 2000 1 5 0.400477566597125 5 1000 7451 5
"2578" "A" 0.008 -0.61875 0.13375 1 0.5 2000 1 5 2.01178289320602 5 1000 2273 5
"2579" "A" 0.008 -0.45375 0.05125 1 1 2000 1 5 2.97103966096362 5 1000 1662 5
"2580" "A" 0.008 -0.28875 0.05125 1 1 2000 1 5 2.97103966096362 5 1000 1062 5
"2581" "A" 0.008 -0.45375 0.87625 0 0.5 2000 1 5 0.132103840633337 5 1000 1778 5
"2582" "A" 0.08 -0.9075 0.71125 1 0 2000 1 5 0.340731293541596 5 1000 7156 5
"2583" "A" 0.008 -0.495 0.505 0 0 2000 1 5 0.683196849706777 5 1000 1873 5
"2584" "A" 0.08 -0.04125 0.0925 1 1 2000 1 5 2.38054663446376 5 1000 3918 5
"2585" "A" 0.08 -0.28875 0.4225 1 0.5 2000 1 5 0.861565832184908 5 1000 4865 5
"2586" "A" 0.08 -0.04125 0.21625 0 0.5 2000 1 5 1.53132013317015 5 1000 3932 5
"2587" "A" 0.008 -0.7425 0.54625 1 1 2000 1 5 0.604678532572337 5 1000 2784 5
"2588" "A" 0.008 -0.495 0.46375 0 1 2000 1 5 0.768409665060492 5 1000 1869 5
"2589" "A" 0.008 -0.825 0.71125 0 0 2000 1 5 0.340731293541596 5 1000 3103 5
"2590" "A" 0.08 -0.53625 0.46375 0 0.5 2000 1 5 0.768409665060492 5 1000 5768 5
"2591" "A" 0.008 -0.99 0.95875 1 1 2000 1 5 0.042124926300671 5 1000 3744 5
"2592" "A" 0.08 -0.99 0.175 1 1 2000 1 5 1.74296930505862 5 1000 7380 5
"2593" "A" 0.08 -0.12375 0.54625 0 1 2000 1 5 0.604678532572337 5 1000 4281 5
"2594" "A" 0.008 -0.61875 0.13375 1 1 2000 1 5 2.01178289320602 5 1000 2274 5
"2595" "A" 0.08 -0.9075 0.46375 1 1 2000 1 5 0.768409665060492 5 1000 7122 5
"2596" "A" 0.008 -0.04125 0.67 0 0 2000 1 5 0.400477566597125 5 1000 247 5
"2597" "A" 0.008 -0.4125 0.9175 1 0.5 2000 1 5 0.0861026990534116 5 1000 1637 5
"2598" "A" 0.008 -0.37125 0.5875 1 0 2000 1 5 0.531879032963823 5 1000 1438 5
"2599" "A" 0.08 -0.165 0.38125 1 0 2000 1 5 0.964299951060516 5 1000 4408 5
"2600" "A" 0.008 -0.37125 0.4225 0 0.5 2000 1 5 0.861565832184908 5 1000 1412 5
"2601" "A" 0.08 -0.78375 0.38125 1 0.5 2000 1 5 0.964299951060516 5 1000 6659 5
"2602" "A" 0.008 -0.37125 0.0925 1 1 2000 1 5 2.38054663446376 5 1000 1368 5
"2603" "A" 0.08 -0.04125 0.9175 1 0 2000 1 5 0.0861026990534116 5 1000 4036 5
"2604" "A" 0.08 -0.45375 0.34 1 0 2000 1 5 1.07880966137193 5 1000 5452 5
"2605" "A" 0.008 -0.94875 0.2575 0 0 2000 1 5 1.35673555887835 5 1000 3487 5
"2606" "A" 0.08 -0.0825 0.67 0 1 2000 1 5 0.400477566597125 5 1000 4149 5
"2607" "A" 0.08 -0.28875 0.2575 1 0.5 2000 1 5 1.35673555887835 5 1000 4841 5
"2608" "A" 0.008 -0.9075 1 1 1 2000 1 5 0 5 1000 3450 5
"2609" "A" 0.008 -0.0825 0.67 1 1 2000 1 5 0.400477566597125 5 1000 402 5
"2610" "A" 0.008 -0.33 0.38125 0 0 2000 1 5 0.964299951060516 5 1000 1255 5
"2611" "A" 0.08 -0.7425 0.38125 1 0 2000 1 5 0.964299951060516 5 1000 6508 5
"2612" "A" 0.008 -0.37125 0.95875 1 0 2000 1 5 0.042124926300671 5 1000 1492 5
"2613" "A" 0.08 0 0.7525 1 0.5 2000 1 5 0.284354282359106 5 1000 3863 5
"2614" "A" 0.08 -0.825 1 1 1 2000 1 5 0 5 1000 6900 5
"2615" "A" 0.08 -0.61875 0.0925 1 1 2000 1 5 2.38054663446376 5 1000 6018 5
"2616" "A" 0.08 -0.78375 0.34 1 0 2000 1 5 1.07880966137193 5 1000 6652 5
"2617" "A" 0.008 -0.66 0.95875 0 1 2000 1 5 0.042124926300671 5 1000 2541 5
"2618" "A" 0.08 -0.9075 0.9175 0 0 2000 1 5 0.0861026990534116 5 1000 7183 5
"2619" "A" 0.008 -0.86625 0.62875 0 0.5 2000 1 5 0.464021557568188 5 1000 3242 5
"2620" "A" 0.08 -0.66 0.95875 0 0 2000 1 5 0.042124926300671 5 1000 6289 5
"2621" "A" 0.008 -0.28875 0.4225 0 0 2000 1 5 0.861565832184908 5 1000 1111 5
"2622" "A" 0.008 -0.0825 0.71125 1 0.5 2000 1 5 0.340731293541596 5 1000 407 5
"2623" "A" 0.08 -0.0825 0.7525 1 0.5 2000 1 5 0.284354282359106 5 1000 4163 5
"2624" "A" 0.008 -0.0825 0.5875 0 1 2000 1 5 0.531879032963823 5 1000 387 5
"2625" "A" 0.08 -0.94875 0.7525 0 0.5 2000 1 5 0.284354282359106 5 1000 7310 5
"2626" "A" 0.08 -0.33 0.54625 0 1 2000 1 5 0.604678532572337 5 1000 5031 5
"2627" "A" 0.08 -0.20625 0.38125 0 0.5 2000 1 5 0.964299951060516 5 1000 4556 5
"2628" "A" 0.008 -0.53625 0.7525 0 0.5 2000 1 5 0.284354282359106 5 1000 2060 5
"2629" "A" 0.08 -0.2475 0.67 0 1 2000 1 5 0.400477566597125 5 1000 4749 5
"2630" "A" 0.08 -0.495 0.835 0 0.5 2000 1 5 0.180323554131281 5 1000 5672 5
"2631" "A" 0.08 -0.165 0.835 0 1 2000 1 5 0.180323554131281 5 1000 4473 5
"2632" "A" 0.008 -0.12375 0.05125 0 1 2000 1 5 2.97103966096362 5 1000 459 5
"2633" "A" 0.008 -0.78375 0.62875 1 1 2000 1 5 0.464021557568188 5 1000 2946 5
"2634" "A" 0.08 -0.28875 0.05125 0 1 2000 1 5 2.97103966096362 5 1000 4809 5
"2635" "A" 0.08 -0.45375 0.95875 1 1 2000 1 5 0.042124926300671 5 1000 5544 5
"2636" "A" 0.08 -0.37125 0.505 1 0.5 2000 1 5 0.683196849706777 5 1000 5177 5
"2637" "A" 0.008 -0.33 0.0925 0 0.5 2000 1 5 2.38054663446376 5 1000 1214 5
"2638" "A" 0.008 -0.5775 0.7525 0 1 2000 1 5 0.284354282359106 5 1000 2211 5
"2639" "A" 0.08 -0.9075 0.34 1 1 2000 1 5 1.07880966137193 5 1000 7104 5
"2640" "A" 0.008 -0.33 1 0 0.5 2000 1 5 0 5 1000 1346 5
"2641" "A" 0.08 -0.20625 0.4225 0 0.5 2000 1 5 0.861565832184908 5 1000 4562 5
"2642" "A" 0.08 -0.70125 0.38125 1 0 2000 1 5 0.964299951060516 5 1000 6358 5
"2643" "A" 0.008 -0.0825 0.71125 0 0.5 2000 1 5 0.340731293541596 5 1000 404 5
"2644" "A" 0.008 -0.2475 0.0925 1 0.5 2000 1 5 2.38054663446376 5 1000 917 5
"2645" "A" 0.008 -0.7425 0.21625 1 1 2000 1 5 1.53132013317015 5 1000 2736 5
"2646" "A" 0.08 -0.495 0.34 1 0 2000 1 5 1.07880966137193 5 1000 5602 5
"2647" "A" 0.08 -0.12375 0.38125 0 0 2000 1 5 0.964299951060516 5 1000 4255 5
"2648" "A" 0.08 -0.45375 0.505 1 0.5 2000 1 5 0.683196849706777 5 1000 5477 5
"2649" "A" 0.08 -0.66 0.62875 0 0 2000 1 5 0.464021557568188 5 1000 6241 5
"2650" "A" 0.08 -0.825 0.62875 1 1 2000 1 5 0.464021557568188 5 1000 6846 5
"2651" "A" 0.008 -0.7425 0.05125 1 0 2000 1 5 2.97103966096362 5 1000 2710 5
"2652" "A" 0.08 -0.53625 0.34 1 0.5 2000 1 5 1.07880966137193 5 1000 5753 5
"2653" "A" 0.08 -0.12375 0.34 0 0.5 2000 1 5 1.07880966137193 5 1000 4250 5
"2654" "A" 0.008 -0.9075 0.21625 1 0 2000 1 5 1.53132013317015 5 1000 3334 5
"2655" "A" 0.008 -0.825 0.46375 1 1 2000 1 5 0.768409665060492 5 1000 3072 5
"2656" "A" 0.008 -0.12375 0.67 0 0 2000 1 5 0.400477566597125 5 1000 547 5
"2657" "A" 0.08 -0.61875 0.4225 0 1 2000 1 5 0.861565832184908 5 1000 6063 5
"2658" "A" 0.08 -0.165 0.0925 1 0 2000 1 5 2.38054663446376 5 1000 4366 5
"2659" "A" 0.008 -0.45375 0.0925 1 0.5 2000 1 5 2.38054663446376 5 1000 1667 5
"2660" "A" 0.008 -0.78375 0.34 1 1 2000 1 5 1.07880966137193 5 1000 2904 5
"2661" "A" 0.08 -0.0825 0.175 0 0.5 2000 1 5 1.74296930505862 5 1000 4076 5
"2662" "A" 0.08 -0.45375 0.21625 0 0.5 2000 1 5 1.53132013317015 5 1000 5432 5
"2663" "A" 0.08 -0.33 0.38125 1 0.5 2000 1 5 0.964299951060516 5 1000 5009 5
"2664" "A" 0.008 -0.04125 1 1 0 2000 1 5 0 5 1000 298 5
"2665" "A" 0.08 -0.7425 0.505 1 0.5 2000 1 5 0.683196849706777 5 1000 6527 5
"2666" "A" 0.008 -0.5775 0.13375 1 0 2000 1 5 2.01178289320602 5 1000 2122 5
"2667" "A" 0.008 -0.66 0.79375 1 0.5 2000 1 5 0.230986728775236 5 1000 2519 5
"2668" "A" 0.08 -0.37125 0.87625 1 1 2000 1 5 0.132103840633337 5 1000 5232 5
"2669" "A" 0.08 -0.53625 0.5875 1 1 2000 1 5 0.531879032963823 5 1000 5790 5
"2670" "A" 0.008 -0.2475 1 1 0 2000 1 5 0 5 1000 1048 5
"2671" "A" 0.08 -0.04125 0.95875 0 0.5 2000 1 5 0.042124926300671 5 1000 4040 5
"2672" "A" 0.08 -0.165 0.34 0 0.5 2000 1 5 1.07880966137193 5 1000 4400 5
"2673" "A" 0.008 -0.53625 0.2575 1 0 2000 1 5 1.35673555887835 5 1000 1990 5
"2674" "A" 0.08 -0.165 0.21625 0 0.5 2000 1 5 1.53132013317015 5 1000 4382 5
"2675" "A" 0.08 -0.20625 0.54625 0 0 2000 1 5 0.604678532572337 5 1000 4579 5
"2676" "A" 0.08 -0.99 0.175 0 1 2000 1 5 1.74296930505862 5 1000 7377 5
"2677" "A" 0.08 -0.70125 0.87625 1 0.5 2000 1 5 0.132103840633337 5 1000 6431 5
"2678" "A" 0.008 -0.5775 0.13375 0 0.5 2000 1 5 2.01178289320602 5 1000 2120 5
"2679" "A" 0.08 -0.53625 0.29875 1 1 2000 1 5 1.20814817573642 5 1000 5748 5
"2680" "A" 0.08 -0.33 0.21625 1 1 2000 1 5 1.53132013317015 5 1000 4986 5
"2681" "A" 0.008 -0.61875 0.67 1 1 2000 1 5 0.400477566597125 5 1000 2352 5
"2682" "A" 0.008 -0.5775 0.01 0 0.5 2000 1 5 4.60517018598809 5 1000 2102 5
"2683" "A" 0.08 -0.2475 0.71125 0 1 2000 1 5 0.340731293541596 5 1000 4755 5
"2684" "A" 0.08 0 0.505 0 1 2000 1 5 0.683196849706777 5 1000 3825 5
"2685" "A" 0.008 -0.86625 0.7525 0 0.5 2000 1 5 0.284354282359106 5 1000 3260 5
"2686" "A" 0.08 -0.66 0.2575 0 1 2000 1 5 1.35673555887835 5 1000 6189 5
"2687" "A" 0.08 -0.4125 0.505 0 1 2000 1 5 0.683196849706777 5 1000 5325 5
"2688" "A" 0.08 -0.70125 0.505 1 0.5 2000 1 5 0.683196849706777 5 1000 6377 5
"2689" "A" 0.08 -0.61875 0.4225 1 0.5 2000 1 5 0.861565832184908 5 1000 6065 5
"2690" "A" 0.08 -0.20625 0.54625 1 1 2000 1 5 0.604678532572337 5 1000 4584 5
"2691" "A" 0.008 -0.86625 0.5875 0 0 2000 1 5 0.531879032963823 5 1000 3235 5
"2692" "A" 0.008 -0.825 0.01 0 1 2000 1 5 4.60517018598809 5 1000 3003 5
"2693" "A" 0.08 -0.495 0.38125 0 0 2000 1 5 0.964299951060516 5 1000 5605 5
"2694" "A" 0.008 -0.66 0.21625 0 0 2000 1 5 1.53132013317015 5 1000 2431 5
"2695" "A" 0.08 -0.12375 0.62875 1 0 2000 1 5 0.464021557568188 5 1000 4294 5
"2696" "A" 0.008 -0.7425 0.21625 0 1 2000 1 5 1.53132013317015 5 1000 2733 5
"2697" "A" 0.008 -0.12375 0.05125 1 1 2000 1 5 2.97103966096362 5 1000 462 5
"2698" "A" 0.08 -0.33 0.7525 0 1 2000 1 5 0.284354282359106 5 1000 5061 5
"2699" "A" 0.08 -0.2475 0.175 0 0.5 2000 1 5 1.74296930505862 5 1000 4676 5
"2700" "A" 0.008 -0.61875 0.71125 0 0 2000 1 5 0.340731293541596 5 1000 2353 5
"2701" "A" 0.008 -0.7425 0.54625 1 0 2000 1 5 0.604678532572337 5 1000 2782 5
"2702" "A" 0.008 -0.04125 0.0925 1 0 2000 1 5 2.38054663446376 5 1000 166 5
"2703" "A" 0.008 -0.66 0.5875 1 1 2000 1 5 0.531879032963823 5 1000 2490 5
"2704" "A" 0.08 -0.20625 0.835 1 0.5 2000 1 5 0.180323554131281 5 1000 4625 5
"2705" "A" 0.08 -0.04125 0.46375 1 0.5 2000 1 5 0.768409665060492 5 1000 3971 5
"2706" "A" 0.08 -0.99 0.95875 0 1 2000 1 5 0.042124926300671 5 1000 7491 5
"2707" "A" 0.008 -0.0825 0.01 0 0.5 2000 1 5 4.60517018598809 5 1000 302 5
"2708" "A" 0.08 -0.33 0.34 1 0 2000 1 5 1.07880966137193 5 1000 5002 5
"2709" "A" 0.008 -0.04125 0.4225 1 0.5 2000 1 5 0.861565832184908 5 1000 215 5
"2710" "A" 0.008 -0.5775 0.505 0 0 2000 1 5 0.683196849706777 5 1000 2173 5
"2711" "A" 0.008 -0.2475 0.05125 1 0 2000 1 5 2.97103966096362 5 1000 910 5
"2712" "A" 0.08 -0.94875 0.7525 1 0.5 2000 1 5 0.284354282359106 5 1000 7313 5
"2713" "A" 0.08 -0.61875 0.67 0 0.5 2000 1 5 0.400477566597125 5 1000 6098 5
"2714" "A" 0.008 -0.45375 0.505 0 0.5 2000 1 5 0.683196849706777 5 1000 1724 5
"2715" "A" 0.08 -0.86625 0.79375 0 1 2000 1 5 0.230986728775236 5 1000 7017 5
"2716" "A" 0.08 -0.2475 0.4225 1 0 2000 1 5 0.861565832184908 5 1000 4714 5
"2717" "A" 0.08 -0.04125 0.13375 1 0.5 2000 1 5 2.01178289320602 5 1000 3923 5
"2718" "A" 0.08 -0.78375 0.34 0 1 2000 1 5 1.07880966137193 5 1000 6651 5
"2719" "A" 0.08 -0.825 0.13375 1 0.5 2000 1 5 2.01178289320602 5 1000 6773 5
"2720" "A" 0.08 -0.7425 0.34 1 0 2000 1 5 1.07880966137193 5 1000 6502 5
"2721" "A" 0.08 -0.61875 0.2575 1 0.5 2000 1 5 1.35673555887835 5 1000 6041 5
"2722" "A" 0.08 -0.86625 0.67 0 0.5 2000 1 5 0.400477566597125 5 1000 6998 5
"2723" "A" 0.008 -0.28875 0.34 0 0.5 2000 1 5 1.07880966137193 5 1000 1100 5
"2724" "A" 0.008 -0.70125 0.2575 1 0 2000 1 5 1.35673555887835 5 1000 2590 5
"2725" "A" 0.08 -0.94875 0.79375 0 1 2000 1 5 0.230986728775236 5 1000 7317 5
"2726" "A" 0.08 0 0.79375 0 0 2000 1 5 0.230986728775236 5 1000 3865 5
"2727" "A" 0.008 -0.4125 0.505 0 0 2000 1 5 0.683196849706777 5 1000 1573 5
"2728" "A" 0.008 -0.86625 0.13375 0 1 2000 1 5 2.01178289320602 5 1000 3171 5
"2729" "A" 0.008 -0.4125 0.54625 0 1 2000 1 5 0.604678532572337 5 1000 1581 5
"2730" "A" 0.08 -0.99 0.62875 1 1 2000 1 5 0.464021557568188 5 1000 7446 5
"2731" "A" 0.008 -0.0825 0.71125 1 1 2000 1 5 0.340731293541596 5 1000 408 5
"2732" "A" 0.008 -0.66 1 0 0 2000 1 5 0 5 1000 2545 5
"2733" "A" 0.08 -0.70125 0.38125 1 0.5 2000 1 5 0.964299951060516 5 1000 6359 5
"2734" "A" 0.008 -0.37125 0.505 0 1 2000 1 5 0.683196849706777 5 1000 1425 5
"2735" "A" 0.008 -0.86625 0.71125 0 0.5 2000 1 5 0.340731293541596 5 1000 3254 5
"2736" "A" 0.08 -0.45375 0.835 0 0 2000 1 5 0.180323554131281 5 1000 5521 5
"2737" "A" 0.008 -0.5775 0.05125 1 0 2000 1 5 2.97103966096362 5 1000 2110 5
"2738" "A" 0.08 -0.20625 0.9175 1 1 2000 1 5 0.0861026990534116 5 1000 4638 5
"2739" "A" 0.008 -0.165 0.175 1 1 2000 1 5 1.74296930505862 5 1000 630 5
"2740" "A" 0.08 -0.495 0.29875 1 0.5 2000 1 5 1.20814817573642 5 1000 5597 5
"2741" "A" 0.008 -0.53625 0.79375 1 1 2000 1 5 0.230986728775236 5 1000 2070 5
"2742" "A" 0.008 -0.20625 0.05125 1 0.5 2000 1 5 2.97103966096362 5 1000 761 5
"2743" "A" 0.08 -0.7425 0.4225 0 0 2000 1 5 0.861565832184908 5 1000 6511 5
"2744" "A" 0.08 -0.12375 0.835 1 0 2000 1 5 0.180323554131281 5 1000 4324 5
"2745" "A" 0.08 -0.9075 0.835 0 0.5 2000 1 5 0.180323554131281 5 1000 7172 5
"2746" "A" 0.008 -0.12375 0.2575 1 1 2000 1 5 1.35673555887835 5 1000 492 5
"2747" "A" 0.008 -0.28875 0.34 0 1 2000 1 5 1.07880966137193 5 1000 1101 5
"2748" "A" 0.08 -0.20625 0.54625 1 0 2000 1 5 0.604678532572337 5 1000 4582 5
"2749" "A" 0.08 -0.7425 0.13375 0 0.5 2000 1 5 2.01178289320602 5 1000 6470 5
"2750" "A" 0.08 -0.99 0.13375 0 0 2000 1 5 2.01178289320602 5 1000 7369 5
"2751" "A" 0.008 -0.78375 0.9175 1 0.5 2000 1 5 0.0861026990534116 5 1000 2987 5
"2752" "A" 0.008 -0.99 0.505 0 0.5 2000 1 5 0.683196849706777 5 1000 3674 5
"2753" "A" 0.008 -0.9075 0.46375 0 0 2000 1 5 0.768409665060492 5 1000 3367 5
"2754" "A" 0.08 -0.45375 0.01 0 0 2000 1 5 4.60517018598809 5 1000 5401 5
"2755" "A" 0.08 -0.37125 0.67 0 0.5 2000 1 5 0.400477566597125 5 1000 5198 5
"2756" "A" 0.08 -0.12375 0.34 1 0.5 2000 1 5 1.07880966137193 5 1000 4253 5
"2757" "A" 0.008 -0.165 0.95875 0 0 2000 1 5 0.042124926300671 5 1000 739 5
"2758" "A" 0.008 -0.20625 0.0925 1 0 2000 1 5 2.38054663446376 5 1000 766 5
"2759" "A" 0.008 -0.825 0.835 1 1 2000 1 5 0.180323554131281 5 1000 3126 5
"2760" "A" 0.008 -0.5775 0.4225 1 0.5 2000 1 5 0.861565832184908 5 1000 2165 5
"2761" "A" 0.008 -0.78375 0.95875 0 0 2000 1 5 0.042124926300671 5 1000 2989 5
"2762" "A" 0.08 -0.7425 0.505 1 0 2000 1 5 0.683196849706777 5 1000 6526 5
"2763" "A" 0.008 -0.9075 0.01 1 1 2000 1 5 4.60517018598809 5 1000 3306 5
"2764" "A" 0.008 0 0.9175 0 0 2000 1 5 0.0861026990534116 5 1000 133 5
"2765" "A" 0.08 -0.45375 0.34 0 1 2000 1 5 1.07880966137193 5 1000 5451 5
"2766" "A" 0.08 -0.70125 0.87625 1 1 2000 1 5 0.132103840633337 5 1000 6432 5
"2767" "A" 0.008 -0.165 0.54625 1 1 2000 1 5 0.604678532572337 5 1000 684 5
"2768" "A" 0.008 -0.53625 0.175 0 0.5 2000 1 5 1.74296930505862 5 1000 1976 5
"2769" "A" 0.008 -0.53625 0.0925 1 1 2000 1 5 2.38054663446376 5 1000 1968 5
"2770" "A" 0.008 -0.78375 0.34 1 0.5 2000 1 5 1.07880966137193 5 1000 2903 5
"2771" "A" 0.008 -0.86625 0.4225 0 0.5 2000 1 5 0.861565832184908 5 1000 3212 5
"2772" "A" 0.008 0 0.13375 1 1 2000 1 5 2.01178289320602 5 1000 24 5
"2773" "A" 0.08 -0.20625 0.01 1 0 2000 1 5 4.60517018598809 5 1000 4504 5
"2774" "A" 0.008 -0.33 0.95875 0 0 2000 1 5 0.042124926300671 5 1000 1339 5
"2775" "A" 0.008 -0.86625 0.38125 0 0 2000 1 5 0.964299951060516 5 1000 3205 5
"2776" "A" 0.008 -0.12375 0.2575 0 0 2000 1 5 1.35673555887835 5 1000 487 5
"2777" "A" 0.08 -0.86625 0.34 1 0 2000 1 5 1.07880966137193 5 1000 6952 5
"2778" "A" 0.08 -0.78375 0.05125 1 0 2000 1 5 2.97103966096362 5 1000 6610 5
"2779" "A" 0.08 -0.20625 0.87625 0 0.5 2000 1 5 0.132103840633337 5 1000 4628 5
"2780" "A" 0.008 -0.5775 0.2575 1 0.5 2000 1 5 1.35673555887835 5 1000 2141 5
"2781" "A" 0.008 -0.61875 0.54625 0 0.5 2000 1 5 0.604678532572337 5 1000 2330 5
"2782" "A" 0.08 -0.53625 0.0925 1 1 2000 1 5 2.38054663446376 5 1000 5718 5
"2783" "A" 0.008 -0.61875 0.87625 0 0 2000 1 5 0.132103840633337 5 1000 2377 5
"2784" "A" 0.008 -0.78375 0.505 1 1 2000 1 5 0.683196849706777 5 1000 2928 5
"2785" "A" 0.008 -0.9075 0.05125 1 0.5 2000 1 5 2.97103966096362 5 1000 3311 5
"2786" "A" 0.008 -0.165 0.21625 1 0.5 2000 1 5 1.53132013317015 5 1000 635 5
"2787" "A" 0.08 -0.70125 0.13375 1 0 2000 1 5 2.01178289320602 5 1000 6322 5
"2788" "A" 0.08 -0.94875 0.505 1 0 2000 1 5 0.683196849706777 5 1000 7276 5
"2789" "A" 0.008 0 0.7525 1 1 2000 1 5 0.284354282359106 5 1000 114 5
"2790" "A" 0.008 -0.28875 0.87625 0 0.5 2000 1 5 0.132103840633337 5 1000 1178 5
"2791" "A" 0.08 -0.70125 0.87625 1 0 2000 1 5 0.132103840633337 5 1000 6430 5
"2792" "A" 0.08 -0.86625 0.175 0 0 2000 1 5 1.74296930505862 5 1000 6925 5
"2793" "A" 0.008 -0.12375 0.54625 1 0.5 2000 1 5 0.604678532572337 5 1000 533 5
"2794" "A" 0.008 -0.37125 0.21625 1 1 2000 1 5 1.53132013317015 5 1000 1386 5
"2795" "A" 0.008 -0.7425 0.505 1 0 2000 1 5 0.683196849706777 5 1000 2776 5
"2796" "A" 0.08 -0.99 0.05125 0 0.5 2000 1 5 2.97103966096362 5 1000 7358 5
"2797" "A" 0.08 -0.99 0.835 0 0 2000 1 5 0.180323554131281 5 1000 7471 5
"2798" "A" 0.008 -0.99 0.29875 1 0 2000 1 5 1.20814817573642 5 1000 3646 5
"2799" "A" 0.008 -0.66 0.62875 1 0.5 2000 1 5 0.464021557568188 5 1000 2495 5
"2800" "A" 0.008 0 1 1 0 2000 1 5 0 5 1000 148 5
"2801" "A" 0.008 -0.4125 0.835 1 1 2000 1 5 0.180323554131281 5 1000 1626 5
"2802" "A" 0.008 -0.7425 0.46375 1 0.5 2000 1 5 0.768409665060492 5 1000 2771 5
"2803" "A" 0.008 -0.9075 0.95875 0 1 2000 1 5 0.042124926300671 5 1000 3441 5
"2804" "A" 0.008 -0.78375 0.54625 0 0.5 2000 1 5 0.604678532572337 5 1000 2930 5
"2805" "A" 0.008 -0.12375 0.38125 1 0.5 2000 1 5 0.964299951060516 5 1000 509 5
"2806" "A" 0.008 -0.70125 0.87625 0 0 2000 1 5 0.132103840633337 5 1000 2677 5
"2807" "A" 0.008 -0.2475 0.38125 1 0.5 2000 1 5 0.964299951060516 5 1000 959 5
"2808" "A" 0.008 -0.86625 0.7525 1 0 2000 1 5 0.284354282359106 5 1000 3262 5
"2809" "A" 0.08 -0.2475 0.05125 1 0 2000 1 5 2.97103966096362 5 1000 4660 5
"2810" "A" 0.08 -0.94875 0.13375 0 0.5 2000 1 5 2.01178289320602 5 1000 7220 5
"2811" "A" 0.08 -0.5775 0.4225 1 1 2000 1 5 0.861565832184908 5 1000 5916 5
"2812" "A" 0.08 -0.4125 0.79375 0 1 2000 1 5 0.230986728775236 5 1000 5367 5
"2813" "A" 0.08 -0.99 0.5875 1 1 2000 1 5 0.531879032963823 5 1000 7440 5
"2814" "A" 0.08 -0.20625 0.05125 0 0 2000 1 5 2.97103966096362 5 1000 4507 5
"2815" "A" 0.08 -0.45375 0.87625 1 0.5 2000 1 5 0.132103840633337 5 1000 5531 5
"2816" "A" 0.08 -0.165 0.34 0 1 2000 1 5 1.07880966137193 5 1000 4401 5
"2817" "A" 0.008 -0.165 0.79375 0 0.5 2000 1 5 0.230986728775236 5 1000 716 5
"2818" "A" 0.08 -0.2475 0.5875 0 0.5 2000 1 5 0.531879032963823 5 1000 4736 5
"2819" "A" 0.08 -0.495 0.62875 1 0.5 2000 1 5 0.464021557568188 5 1000 5645 5
"2820" "A" 0.08 -0.37125 0.62875 0 1 2000 1 5 0.464021557568188 5 1000 5193 5
"2821" "A" 0.08 -0.45375 0.46375 1 0.5 2000 1 5 0.768409665060492 5 1000 5471 5
"2822" "A" 0.008 -0.53625 0.7525 1 1 2000 1 5 0.284354282359106 5 1000 2064 5
"2823" "A" 0.008 -0.66 0.67 0 1 2000 1 5 0.400477566597125 5 1000 2499 5
"2824" "A" 0.008 -0.45375 0.05125 1 0 2000 1 5 2.97103966096362 5 1000 1660 5
"2825" "A" 0.08 -0.45375 0.79375 1 0.5 2000 1 5 0.230986728775236 5 1000 5519 5
"2826" "A" 0.08 -0.20625 0.13375 1 0 2000 1 5 2.01178289320602 5 1000 4522 5
"2827" "A" 0.08 -0.86625 0.87625 0 0.5 2000 1 5 0.132103840633337 5 1000 7028 5
"2828" "A" 0.08 -0.94875 0.4225 0 1 2000 1 5 0.861565832184908 5 1000 7263 5
"2829" "A" 0.08 -0.0825 0.54625 0 0.5 2000 1 5 0.604678532572337 5 1000 4130 5
"2830" "A" 0.008 -0.94875 0.13375 1 1 2000 1 5 2.01178289320602 5 1000 3474 5
"2831" "A" 0.008 -0.45375 0.95875 1 0.5 2000 1 5 0.042124926300671 5 1000 1793 5
"2832" "A" 0.008 -0.37125 0.38125 1 0 2000 1 5 0.964299951060516 5 1000 1408 5
"2833" "A" 0.008 0 0.21625 1 0 2000 1 5 1.53132013317015 5 1000 34 5
"2834" "A" 0.008 -0.94875 0.71125 1 1 2000 1 5 0.340731293541596 5 1000 3558 5
"2835" "A" 0.08 -0.9075 0.67 0 1 2000 1 5 0.400477566597125 5 1000 7149 5
"2836" "A" 0.008 -0.165 0.7525 0 0 2000 1 5 0.284354282359106 5 1000 709 5
"2837" "A" 0.08 -0.99 0.9175 0 1 2000 1 5 0.0861026990534116 5 1000 7485 5
"2838" "A" 0.08 -0.94875 0.7525 1 0 2000 1 5 0.284354282359106 5 1000 7312 5
"2839" "A" 0.008 -0.86625 0.13375 1 0 2000 1 5 2.01178289320602 5 1000 3172 5
"2840" "A" 0.008 -0.495 0.05125 1 1 2000 1 5 2.97103966096362 5 1000 1812 5
"2841" "A" 0.008 -0.20625 0.13375 0 0.5 2000 1 5 2.01178289320602 5 1000 770 5
"2842" "A" 0.008 -0.37125 0.05125 1 0.5 2000 1 5 2.97103966096362 5 1000 1361 5
"2843" "A" 0.008 -0.0825 0.2575 0 0 2000 1 5 1.35673555887835 5 1000 337 5
"2844" "A" 0.08 -0.165 0.46375 0 1 2000 1 5 0.768409665060492 5 1000 4419 5
"2845" "A" 0.08 -0.825 0.71125 0 0 2000 1 5 0.340731293541596 5 1000 6853 5
"2846" "A" 0.08 -0.9075 0.175 0 0.5 2000 1 5 1.74296930505862 5 1000 7076 5
"2847" "A" 0.008 -0.45375 0.54625 1 1 2000 1 5 0.604678532572337 5 1000 1734 5
"2848" "A" 0.08 -0.37125 0.87625 0 0.5 2000 1 5 0.132103840633337 5 1000 5228 5
"2849" "A" 0.008 -0.99 0.62875 1 0.5 2000 1 5 0.464021557568188 5 1000 3695 5
"2850" "A" 0.08 -0.9075 0.7525 1 0.5 2000 1 5 0.284354282359106 5 1000 7163 5
"2851" "A" 0.008 -0.825 0.2575 0 0.5 2000 1 5 1.35673555887835 5 1000 3038 5
"2852" "A" 0.008 -0.5775 0.62875 1 1 2000 1 5 0.464021557568188 5 1000 2196 5
"2853" "A" 0.008 -0.0825 0.505 1 0.5 2000 1 5 0.683196849706777 5 1000 377 5
"2854" "A" 0.08 -0.4125 0.9175 0 0.5 2000 1 5 0.0861026990534116 5 1000 5384 5
"2855" "A" 0.08 -0.7425 0.71125 0 0.5 2000 1 5 0.340731293541596 5 1000 6554 5
"2856" "A" 0.08 -0.12375 0.05125 0 0 2000 1 5 2.97103966096362 5 1000 4207 5
"2857" "A" 0.08 -0.78375 0.79375 0 0 2000 1 5 0.230986728775236 5 1000 6715 5
"2858" "A" 0.008 0 0.67 1 0.5 2000 1 5 0.400477566597125 5 1000 101 5
"2859" "A" 0.08 -0.99 0.34 0 0.5 2000 1 5 1.07880966137193 5 1000 7400 5
"2860" "A" 0.08 -0.61875 0.2575 1 1 2000 1 5 1.35673555887835 5 1000 6042 5
"2861" "A" 0.08 -0.5775 0.79375 0 0 2000 1 5 0.230986728775236 5 1000 5965 5
"2862" "A" 0.008 -0.66 0.54625 0 0.5 2000 1 5 0.604678532572337 5 1000 2480 5
"2863" "A" 0.08 -0.165 0.62875 1 1 2000 1 5 0.464021557568188 5 1000 4446 5
"2864" "A" 0.008 -0.9075 1 1 0.5 2000 1 5 0 5 1000 3449 5
"2865" "A" 0.008 -0.99 0.4225 1 1 2000 1 5 0.861565832184908 5 1000 3666 5
"2866" "A" 0.008 -0.45375 0.175 0 1 2000 1 5 1.74296930505862 5 1000 1677 5
"2867" "A" 0.08 -0.61875 0.05125 0 1 2000 1 5 2.97103966096362 5 1000 6009 5
"2868" "A" 0.008 -0.99 0.95875 0 1 2000 1 5 0.042124926300671 5 1000 3741 5
"2869" "A" 0.08 -0.825 0.01 1 1 2000 1 5 4.60517018598809 5 1000 6756 5
"2870" "A" 0.008 -0.78375 0.29875 0 0.5 2000 1 5 1.20814817573642 5 1000 2894 5
"2871" "A" 0.08 -0.86625 0.87625 0 0 2000 1 5 0.132103840633337 5 1000 7027 5
"2872" "A" 0.08 -0.33 0.13375 1 0 2000 1 5 2.01178289320602 5 1000 4972 5
"2873" "A" 0.008 -0.99 0.79375 1 0 2000 1 5 0.230986728775236 5 1000 3718 5
"2874" "A" 0.008 -0.20625 0.2575 0 0 2000 1 5 1.35673555887835 5 1000 787 5
"2875" "A" 0.08 0 0.71125 1 0 2000 1 5 0.340731293541596 5 1000 3856 5
"2876" "A" 0.08 -0.66 0.95875 0 0.5 2000 1 5 0.042124926300671 5 1000 6290 5
"2877" "A" 0.08 -0.20625 0.95875 1 0 2000 1 5 0.042124926300671 5 1000 4642 5
"2878" "A" 0.08 -0.2475 0.21625 0 0 2000 1 5 1.53132013317015 5 1000 4681 5
"2879" "A" 0.008 -0.28875 0.0925 1 1 2000 1 5 2.38054663446376 5 1000 1068 5
"2880" "A" 0.008 -0.70125 0.13375 1 0 2000 1 5 2.01178289320602 5 1000 2572 5
"2881" "A" 0.008 -0.7425 0.835 0 1 2000 1 5 0.180323554131281 5 1000 2823 5
"2882" "A" 0.008 -0.28875 0.95875 0 0 2000 1 5 0.042124926300671 5 1000 1189 5
"2883" "A" 0.08 -0.78375 0.175 1 0 2000 1 5 1.74296930505862 5 1000 6628 5
"2884" "A" 0.08 -0.33 0.05125 1 0.5 2000 1 5 2.97103966096362 5 1000 4961 5
"2885" "A" 0.008 -0.28875 0.46375 0 0.5 2000 1 5 0.768409665060492 5 1000 1118 5
"2886" "A" 0.008 -0.9075 0.79375 1 1 2000 1 5 0.230986728775236 5 1000 3420 5
"2887" "A" 0.008 -0.4125 0.05125 0 0 2000 1 5 2.97103966096362 5 1000 1507 5
"2888" "A" 0.08 -0.53625 0.175 0 0.5 2000 1 5 1.74296930505862 5 1000 5726 5
"2889" "A" 0.008 -0.99 0.34 1 0 2000 1 5 1.07880966137193 5 1000 3652 5
"2890" "A" 0.008 -0.495 0.87625 1 1 2000 1 5 0.132103840633337 5 1000 1932 5
"2891" "A" 0.008 -0.825 0.0925 0 0 2000 1 5 2.38054663446376 5 1000 3013 5
"2892" "A" 0.08 -0.61875 0.2575 0 1 2000 1 5 1.35673555887835 5 1000 6039 5
"2893" "A" 0.08 -0.45375 0.67 0 1 2000 1 5 0.400477566597125 5 1000 5499 5
"2894" "A" 0.008 -0.28875 0.67 0 0.5 2000 1 5 0.400477566597125 5 1000 1148 5
"2895" "A" 0.008 -0.825 0.175 1 1 2000 1 5 1.74296930505862 5 1000 3030 5
"2896" "A" 0.008 -0.28875 0.62875 0 0.5 2000 1 5 0.464021557568188 5 1000 1142 5
"2897" "A" 0.008 -0.33 0.835 1 0.5 2000 1 5 0.180323554131281 5 1000 1325 5
"2898" "A" 0.08 -0.70125 0.9175 0 1 2000 1 5 0.0861026990534116 5 1000 6435 5
"2899" "A" 0.008 -0.99 0.79375 1 1 2000 1 5 0.230986728775236 5 1000 3720 5
"2900" "A" 0.08 -0.53625 0.2575 0 0 2000 1 5 1.35673555887835 5 1000 5737 5
"2901" "A" 0.008 -0.2475 0.13375 0 1 2000 1 5 2.01178289320602 5 1000 921 5
"2902" "A" 0.08 -0.165 0.46375 1 1 2000 1 5 0.768409665060492 5 1000 4422 5
"2903" "A" 0.08 -0.33 0.95875 1 0.5 2000 1 5 0.042124926300671 5 1000 5093 5
"2904" "A" 0.008 -0.12375 0.5875 1 0 2000 1 5 0.531879032963823 5 1000 538 5
"2905" "A" 0.008 -0.70125 0.9175 1 0 2000 1 5 0.0861026990534116 5 1000 2686 5
"2906" "A" 0.08 -0.495 0.175 1 1 2000 1 5 1.74296930505862 5 1000 5580 5
"2907" "A" 0.08 -0.45375 0.46375 1 0 2000 1 5 0.768409665060492 5 1000 5470 5
"2908" "A" 0.08 -0.78375 0.87625 0 1 2000 1 5 0.132103840633337 5 1000 6729 5
"2909" "A" 0.008 -0.20625 0.0925 0 1 2000 1 5 2.38054663446376 5 1000 765 5
"2910" "A" 0.08 -0.66 0.7525 1 1 2000 1 5 0.284354282359106 5 1000 6264 5
"2911" "A" 0.08 -0.20625 0.05125 0 1 2000 1 5 2.97103966096362 5 1000 4509 5
"2912" "A" 0.08 -0.94875 0.71125 1 0 2000 1 5 0.340731293541596 5 1000 7306 5
"2913" "A" 0.008 -0.94875 0.34 1 0 2000 1 5 1.07880966137193 5 1000 3502 5
"2914" "A" 0.008 -0.86625 0.34 0 0.5 2000 1 5 1.07880966137193 5 1000 3200 5
"2915" "A" 0.008 -0.12375 0.7525 1 1 2000 1 5 0.284354282359106 5 1000 564 5
"2916" "A" 0.008 -0.78375 0.95875 1 0 2000 1 5 0.042124926300671 5 1000 2992 5
"2917" "A" 0.008 -0.28875 0.5875 0 0 2000 1 5 0.531879032963823 5 1000 1135 5
"2918" "A" 0.08 -0.61875 0.835 1 0 2000 1 5 0.180323554131281 5 1000 6124 5
"2919" "A" 0.08 -0.94875 0.95875 0 1 2000 1 5 0.042124926300671 5 1000 7341 5
"2920" "A" 0.008 -0.4125 0.29875 1 0.5 2000 1 5 1.20814817573642 5 1000 1547 5
"2921" "A" 0.008 -0.825 0.95875 0 0.5 2000 1 5 0.042124926300671 5 1000 3140 5
"2922" "A" 0.008 -0.7425 0.2575 1 0.5 2000 1 5 1.35673555887835 5 1000 2741 5
"2923" "A" 0.008 -0.70125 0.4225 0 0 2000 1 5 0.861565832184908 5 1000 2611 5
"2924" "A" 0.008 -0.2475 0.13375 1 0.5 2000 1 5 2.01178289320602 5 1000 923 5
"2925" "A" 0.008 -0.99 0.13375 1 0.5 2000 1 5 2.01178289320602 5 1000 3623 5
"2926" "A" 0.08 -0.9075 0.13375 1 1 2000 1 5 2.01178289320602 5 1000 7074 5
"2927" "A" 0.08 -0.495 0.29875 0 0 2000 1 5 1.20814817573642 5 1000 5593 5
"2928" "A" 0.008 -0.33 0.67 1 0.5 2000 1 5 0.400477566597125 5 1000 1301 5
"2929" "A" 0.08 0 0.38125 0 0 2000 1 5 0.964299951060516 5 1000 3805 5
"2930" "A" 0.008 -0.20625 0.54625 1 0.5 2000 1 5 0.604678532572337 5 1000 833 5
"2931" "A" 0.08 -0.37125 0.71125 1 1 2000 1 5 0.340731293541596 5 1000 5208 5
"2932" "A" 0.08 -0.86625 0.5875 0 1 2000 1 5 0.531879032963823 5 1000 6987 5
"2933" "A" 0.08 -0.04125 0.01 0 1 2000 1 5 4.60517018598809 5 1000 3903 5
"2934" "A" 0.08 -0.28875 0.9175 1 0.5 2000 1 5 0.0861026990534116 5 1000 4937 5
"2935" "A" 0.008 -0.495 0.0925 1 1 2000 1 5 2.38054663446376 5 1000 1818 5
"2936" "A" 0.008 -0.5775 0.01 1 0.5 2000 1 5 4.60517018598809 5 1000 2105 5
"2937" "A" 0.08 -0.78375 0.2575 0 0.5 2000 1 5 1.35673555887835 5 1000 6638 5
"2938" "A" 0.08 -0.61875 0.0925 1 0 2000 1 5 2.38054663446376 5 1000 6016 5
"2939" "A" 0.008 -0.12375 0.62875 1 0.5 2000 1 5 0.464021557568188 5 1000 545 5
"2940" "A" 0.008 0 0.2575 1 0.5 2000 1 5 1.35673555887835 5 1000 41 5
"2941" "A" 0.008 -0.66 0.71125 0 0.5 2000 1 5 0.340731293541596 5 1000 2504 5
"2942" "A" 0.008 -0.825 0.46375 0 1 2000 1 5 0.768409665060492 5 1000 3069 5
"2943" "A" 0.08 -0.53625 0.505 1 0 2000 1 5 0.683196849706777 5 1000 5776 5
"2944" "A" 0.08 -0.61875 0.9175 1 0 2000 1 5 0.0861026990534116 5 1000 6136 5
"2945" "A" 0.08 -0.9075 0.87625 1 0.5 2000 1 5 0.132103840633337 5 1000 7181 5
"2946" "A" 0.08 -0.53625 0.0925 0 1 2000 1 5 2.38054663446376 5 1000 5715 5
"2947" "A" 0.08 -0.7425 0.175 1 1 2000 1 5 1.74296930505862 5 1000 6480 5
"2948" "A" 0.08 -0.495 0.67 0 0.5 2000 1 5 0.400477566597125 5 1000 5648 5
"2949" "A" 0.008 -0.7425 0.01 1 0.5 2000 1 5 4.60517018598809 5 1000 2705 5
"2950" "A" 0.008 -0.53625 0.5875 1 1 2000 1 5 0.531879032963823 5 1000 2040 5
"2951" "A" 0.008 -0.165 0.54625 0 1 2000 1 5 0.604678532572337 5 1000 681 5
"2952" "A" 0.08 -0.99 0.95875 1 0 2000 1 5 0.042124926300671 5 1000 7492 5
"2953" "A" 0.08 -0.70125 0.29875 0 0.5 2000 1 5 1.20814817573642 5 1000 6344 5
"2954" "A" 0.008 -0.53625 0.2575 0 1 2000 1 5 1.35673555887835 5 1000 1989 5
"2955" "A" 0.008 -0.53625 0.7525 0 1 2000 1 5 0.284354282359106 5 1000 2061 5
"2956" "A" 0.008 -0.78375 0.835 1 1 2000 1 5 0.180323554131281 5 1000 2976 5
"2957" "A" 0.008 -0.9075 0.29875 0 1 2000 1 5 1.20814817573642 5 1000 3345 5
"2958" "A" 0.008 -0.9075 0.79375 1 0 2000 1 5 0.230986728775236 5 1000 3418 5
"2959" "A" 0.008 -0.94875 0.2575 0 1 2000 1 5 1.35673555887835 5 1000 3489 5
"2960" "A" 0.008 0 0.5875 0 0 2000 1 5 0.531879032963823 5 1000 85 5
"2961" "A" 0.08 0 0.79375 1 0.5 2000 1 5 0.230986728775236 5 1000 3869 5
"2962" "A" 0.008 -0.0825 1 1 1 2000 1 5 0 5 1000 450 5
"2963" "A" 0.008 -0.37125 0.0925 1 0 2000 1 5 2.38054663446376 5 1000 1366 5
"2964" "A" 0.008 -0.04125 0.67 0 1 2000 1 5 0.400477566597125 5 1000 249 5
"2965" "A" 0.008 -0.78375 0.87625 1 0 2000 1 5 0.132103840633337 5 1000 2980 5
"2966" "A" 0.008 -0.28875 0.21625 0 1 2000 1 5 1.53132013317015 5 1000 1083 5
"2967" "A" 0.008 -0.45375 0.38125 0 0 2000 1 5 0.964299951060516 5 1000 1705 5
"2968" "A" 0.08 -0.495 0.87625 1 0 2000 1 5 0.132103840633337 5 1000 5680 5
"2969" "A" 0.008 -0.37125 0.54625 0 0.5 2000 1 5 0.604678532572337 5 1000 1430 5
"2970" "A" 0.08 -0.5775 0.5875 1 1 2000 1 5 0.531879032963823 5 1000 5940 5
"2971" "A" 0.008 -0.61875 0.54625 1 0 2000 1 5 0.604678532572337 5 1000 2332 5
"2972" "A" 0.08 -0.20625 0.95875 1 1 2000 1 5 0.042124926300671 5 1000 4644 5
"2973" "A" 0.08 -0.33 0.54625 0 0.5 2000 1 5 0.604678532572337 5 1000 5030 5
"2974" "A" 0.008 -0.9075 1 1 0 2000 1 5 0 5 1000 3448 5
"2975" "A" 0.008 -0.0825 0.7525 1 1 2000 1 5 0.284354282359106 5 1000 414 5
"2976" "A" 0.08 -0.5775 0.62875 0 0.5 2000 1 5 0.464021557568188 5 1000 5942 5
"2977" "A" 0.08 -0.0825 0.7525 0 1 2000 1 5 0.284354282359106 5 1000 4161 5
"2978" "A" 0.08 -0.45375 0.05125 0 1 2000 1 5 2.97103966096362 5 1000 5409 5
"2979" "A" 0.08 -0.825 0.505 1 0 2000 1 5 0.683196849706777 5 1000 6826 5
"2980" "A" 0.08 -0.495 0.54625 1 0.5 2000 1 5 0.604678532572337 5 1000 5633 5
"2981" "A" 0.08 -0.33 0.05125 0 1 2000 1 5 2.97103966096362 5 1000 4959 5
"2982" "A" 0.08 -0.2475 1 1 0.5 2000 1 5 0 5 1000 4799 5
"2983" "A" 0.008 -0.165 0.38125 1 1 2000 1 5 0.964299951060516 5 1000 660 5
"2984" "A" 0.08 -0.04125 0.67 0 1 2000 1 5 0.400477566597125 5 1000 3999 5
"2985" "A" 0.08 -0.94875 0.95875 1 0 2000 1 5 0.042124926300671 5 1000 7342 5
"2986" "A" 0.008 -0.99 0.87625 0 0.5 2000 1 5 0.132103840633337 5 1000 3728 5
"2987" "A" 0.08 -0.86625 0.2575 1 0 2000 1 5 1.35673555887835 5 1000 6940 5
"2988" "A" 0.008 -0.78375 0.87625 1 1 2000 1 5 0.132103840633337 5 1000 2982 5
"2989" "A" 0.008 -0.70125 0.87625 1 0 2000 1 5 0.132103840633337 5 1000 2680 5
"2990" "A" 0.08 0 0.9175 0 0 2000 1 5 0.0861026990534116 5 1000 3883 5
"2991" "A" 0.08 -0.7425 0.05125 0 0 2000 1 5 2.97103966096362 5 1000 6457 5
"2992" "A" 0.008 -0.2475 0.46375 0 1 2000 1 5 0.768409665060492 5 1000 969 5
"2993" "A" 0.08 -0.0825 0.01 0 1 2000 1 5 4.60517018598809 5 1000 4053 5
"2994" "A" 0.08 -0.2475 0.62875 1 0.5 2000 1 5 0.464021557568188 5 1000 4745 5
"2995" "A" 0.008 -0.495 0.71125 0 0 2000 1 5 0.340731293541596 5 1000 1903 5
"2996" "A" 0.08 -0.33 0.505 0 0 2000 1 5 0.683196849706777 5 1000 5023 5
"2997" "A" 0.008 -0.37125 0.505 1 0.5 2000 1 5 0.683196849706777 5 1000 1427 5
"2998" "A" 0.008 -0.45375 0.01 1 1 2000 1 5 4.60517018598809 5 1000 1656 5
"2999" "A" 0.08 -0.94875 0.71125 0 0.5 2000 1 5 0.340731293541596 5 1000 7304 5
"3000" "A" 0.08 -0.825 0.87625 1 0 2000 1 5 0.132103840633337 5 1000 6880 5
"3001" "A" 0.08 -0.2475 0.34 1 1 2000 1 5 1.07880966137193 5 1000 4704 5
"3002" "A" 0.008 -0.99 0.175 0 0.5 2000 1 5 1.74296930505862 5 1000 3626 5
"3003" "A" 0.008 -0.165 0.835 1 1 2000 1 5 0.180323554131281 5 1000 726 5
"3004" "A" 0.08 -0.78375 0.38125 0 0.5 2000 1 5 0.964299951060516 5 1000 6656 5
"3005" "A" 0.08 0 0.95875 0 1 2000 1 5 0.042124926300671 5 1000 3891 5
"3006" "A" 0.008 -0.4125 0.01 0 1 2000 1 5 4.60517018598809 5 1000 1503 5
"3007" "A" 0.008 -0.94875 0.21625 0 0.5 2000 1 5 1.53132013317015 5 1000 3482 5
"3008" "A" 0.08 -0.53625 0.95875 0 0 2000 1 5 0.042124926300671 5 1000 5839 5
"3009" "A" 0.08 -0.20625 0.2575 0 0 2000 1 5 1.35673555887835 5 1000 4537 5
"3010" "A" 0.008 -0.45375 0.29875 1 0 2000 1 5 1.20814817573642 5 1000 1696 5
"3011" "A" 0.08 -0.99 0.13375 1 0 2000 1 5 2.01178289320602 5 1000 7372 5
"3012" "A" 0.08 -0.20625 0.34 0 1 2000 1 5 1.07880966137193 5 1000 4551 5
"3013" "A" 0.008 -0.7425 0.29875 0 0.5 2000 1 5 1.20814817573642 5 1000 2744 5
"3014" "A" 0.08 0 0.0925 0 1 2000 1 5 2.38054663446376 5 1000 3765 5
"3015" "A" 0.08 -0.20625 0.29875 1 1 2000 1 5 1.20814817573642 5 1000 4548 5
"3016" "A" 0.08 -0.94875 0.0925 0 1 2000 1 5 2.38054663446376 5 1000 7215 5
"3017" "A" 0.08 -0.78375 0.67 0 0 2000 1 5 0.400477566597125 5 1000 6697 5
"3018" "A" 0.08 -0.70125 0.05125 1 0.5 2000 1 5 2.97103966096362 5 1000 6311 5
"3019" "A" 0.08 -0.165 0.05125 1 1 2000 1 5 2.97103966096362 5 1000 4362 5
"3020" "A" 0.08 -0.61875 0.71125 1 0 2000 1 5 0.340731293541596 5 1000 6106 5
"3021" "A" 0.008 -0.165 0.9175 1 0.5 2000 1 5 0.0861026990534116 5 1000 737 5
"3022" "A" 0.008 -0.99 0.34 0 0.5 2000 1 5 1.07880966137193 5 1000 3650 5
"3023" "A" 0.08 -0.825 0.01 1 0.5 2000 1 5 4.60517018598809 5 1000 6755 5
"3024" "A" 0.08 -0.7425 0.5875 1 1 2000 1 5 0.531879032963823 5 1000 6540 5
"3025" "A" 0.008 -0.20625 0.46375 1 0 2000 1 5 0.768409665060492 5 1000 820 5
"3026" "A" 0.08 -0.2475 0.01 1 0 2000 1 5 4.60517018598809 5 1000 4654 5
"3027" "A" 0.08 -0.5775 0.71125 0 0.5 2000 1 5 0.340731293541596 5 1000 5954 5
"3028" "A" 0.08 -0.70125 0.01 0 1 2000 1 5 4.60517018598809 5 1000 6303 5
"3029" "A" 0.08 -0.45375 0.835 0 0.5 2000 1 5 0.180323554131281 5 1000 5522 5
"3030" "A" 0.008 -0.94875 0.9175 0 0 2000 1 5 0.0861026990534116 5 1000 3583 5
"3031" "A" 0.008 -0.33 0.5875 0 1 2000 1 5 0.531879032963823 5 1000 1287 5
"3032" "A" 0.008 -0.94875 1 0 0.5 2000 1 5 0 5 1000 3596 5
"3033" "A" 0.08 -0.37125 0.71125 1 0 2000 1 5 0.340731293541596 5 1000 5206 5
"3034" "A" 0.08 -0.66 0.29875 1 0 2000 1 5 1.20814817573642 5 1000 6196 5
"3035" "A" 0.008 -0.04125 0.79375 0 1 2000 1 5 0.230986728775236 5 1000 267 5
"3036" "A" 0.08 -0.70125 0.21625 1 0 2000 1 5 1.53132013317015 5 1000 6334 5
"3037" "A" 0.008 -0.20625 0.9175 1 1 2000 1 5 0.0861026990534116 5 1000 888 5
"3038" "A" 0.008 -0.53625 0.95875 0 1 2000 1 5 0.042124926300671 5 1000 2091 5
"3039" "A" 0.08 -0.94875 0.5875 1 1 2000 1 5 0.531879032963823 5 1000 7290 5
"3040" "A" 0.08 -0.04125 0.2575 0 0 2000 1 5 1.35673555887835 5 1000 3937 5
"3041" "A" 0.08 -0.33 0.175 1 0 2000 1 5 1.74296930505862 5 1000 4978 5
"3042" "A" 0.008 -0.70125 0.13375 1 1 2000 1 5 2.01178289320602 5 1000 2574 5
"3043" "A" 0.08 -0.825 0.34 0 1 2000 1 5 1.07880966137193 5 1000 6801 5
"3044" "A" 0.008 -0.94875 0.7525 0 0.5 2000 1 5 0.284354282359106 5 1000 3560 5
"3045" "A" 0.08 -0.2475 0.0925 1 1 2000 1 5 2.38054663446376 5 1000 4668 5
"3046" "A" 0.08 -0.2475 0.95875 1 0.5 2000 1 5 0.042124926300671 5 1000 4793 5
"3047" "A" 0.08 -0.825 0.0925 0 0 2000 1 5 2.38054663446376 5 1000 6763 5
"3048" "A" 0.08 -0.28875 0.9175 0 1 2000 1 5 0.0861026990534116 5 1000 4935 5
"3049" "A" 0.08 -0.4125 0.01 0 0.5 2000 1 5 4.60517018598809 5 1000 5252 5
"3050" "A" 0.008 -0.825 0.34 0 0.5 2000 1 5 1.07880966137193 5 1000 3050 5
"3051" "A" 0.008 -0.37125 0.05125 1 1 2000 1 5 2.97103966096362 5 1000 1362 5
"3052" "A" 0.008 -0.9075 0.71125 1 0.5 2000 1 5 0.340731293541596 5 1000 3407 5
"3053" "A" 0.008 -0.70125 0.05125 1 1 2000 1 5 2.97103966096362 5 1000 2562 5
"3054" "A" 0.08 -0.5775 0.9175 1 0 2000 1 5 0.0861026990534116 5 1000 5986 5
"3055" "A" 0.08 -0.28875 0.62875 0 1 2000 1 5 0.464021557568188 5 1000 4893 5
"3056" "A" 0.008 -0.4125 0.95875 1 0 2000 1 5 0.042124926300671 5 1000 1642 5
"3057" "A" 0.008 -0.94875 0.4225 0 0.5 2000 1 5 0.861565832184908 5 1000 3512 5
"3058" "A" 0.008 -0.825 0.62875 1 0.5 2000 1 5 0.464021557568188 5 1000 3095 5
"3059" "A" 0.08 -0.53625 0.4225 1 0.5 2000 1 5 0.861565832184908 5 1000 5765 5
"3060" "A" 0.008 -0.7425 0.7525 1 1 2000 1 5 0.284354282359106 5 1000 2814 5
"3061" "A" 0.08 -0.45375 0.54625 1 1 2000 1 5 0.604678532572337 5 1000 5484 5
"3062" "A" 0.008 -0.20625 0.87625 0 1 2000 1 5 0.132103840633337 5 1000 879 5
"3063" "A" 0.008 -0.28875 0.4225 1 0.5 2000 1 5 0.861565832184908 5 1000 1115 5
"3064" "A" 0.008 0 0.95875 1 1 2000 1 5 0.042124926300671 5 1000 144 5
"3065" "A" 0.008 -0.99 0.71125 1 0.5 2000 1 5 0.340731293541596 5 1000 3707 5
"3066" "A" 0.008 0 0.87625 1 0.5 2000 1 5 0.132103840633337 5 1000 131 5
"3067" "A" 0.008 -0.94875 0.505 1 1 2000 1 5 0.683196849706777 5 1000 3528 5
"3068" "A" 0.008 -0.94875 0.46375 0 0.5 2000 1 5 0.768409665060492 5 1000 3518 5
"3069" "A" 0.008 -0.53625 0.67 0 0 2000 1 5 0.400477566597125 5 1000 2047 5
"3070" "A" 0.08 -0.37125 0.34 1 0.5 2000 1 5 1.07880966137193 5 1000 5153 5
"3071" "A" 0.08 -0.20625 0.67 0 0.5 2000 1 5 0.400477566597125 5 1000 4598 5
"3072" "A" 0.008 -0.78375 0.71125 0 0.5 2000 1 5 0.340731293541596 5 1000 2954 5
"3073" "A" 0.08 -0.0825 0.21625 1 0.5 2000 1 5 1.53132013317015 5 1000 4085 5
"3074" "A" 0.008 -0.12375 0.01 0 0 2000 1 5 4.60517018598809 5 1000 451 5
"3075" "A" 0.08 -0.0825 0.62875 0 0.5 2000 1 5 0.464021557568188 5 1000 4142 5
"3076" "A" 0.08 -0.825 0.835 0 1 2000 1 5 0.180323554131281 5 1000 6873 5
"3077" "A" 0.008 -0.37125 0.38125 0 0.5 2000 1 5 0.964299951060516 5 1000 1406 5
"3078" "A" 0.08 -0.0825 0.2575 0 0 2000 1 5 1.35673555887835 5 1000 4087 5
"3079" "A" 0.008 -0.33 0.175 0 0 2000 1 5 1.74296930505862 5 1000 1225 5
"3080" "A" 0.08 -0.33 0.01 1 0 2000 1 5 4.60517018598809 5 1000 4954 5
"3081" "A" 0.008 -0.5775 0.79375 1 0.5 2000 1 5 0.230986728775236 5 1000 2219 5
"3082" "A" 0.008 -0.04125 0.7525 0 1 2000 1 5 0.284354282359106 5 1000 261 5
"3083" "A" 0.008 -0.20625 0.87625 1 0.5 2000 1 5 0.132103840633337 5 1000 881 5
"3084" "A" 0.08 -0.12375 0.21625 0 0.5 2000 1 5 1.53132013317015 5 1000 4232 5
"3085" "A" 0.08 -0.2475 0.2575 0 0 2000 1 5 1.35673555887835 5 1000 4687 5
"3086" "A" 0.08 -0.53625 0.7525 0 0.5 2000 1 5 0.284354282359106 5 1000 5810 5
"3087" "A" 0.008 -0.37125 0.34 1 0.5 2000 1 5 1.07880966137193 5 1000 1403 5
"3088" "A" 0.08 -0.04125 0.87625 1 1 2000 1 5 0.132103840633337 5 1000 4032 5
"3089" "A" 0.08 -0.7425 0.87625 1 0 2000 1 5 0.132103840633337 5 1000 6580 5
"3090" "A" 0.008 -0.0825 0.62875 1 0 2000 1 5 0.464021557568188 5 1000 394 5
"3091" "A" 0.08 -0.04125 0.5875 1 0 2000 1 5 0.531879032963823 5 1000 3988 5
"3092" "A" 0.08 -0.33 0.79375 1 0.5 2000 1 5 0.230986728775236 5 1000 5069 5
"3093" "A" 0.008 -0.9075 0.71125 1 1 2000 1 5 0.340731293541596 5 1000 3408 5
"3094" "A" 0.008 -0.37125 0.38125 1 0.5 2000 1 5 0.964299951060516 5 1000 1409 5
"3095" "A" 0.08 -0.61875 0.67 1 0.5 2000 1 5 0.400477566597125 5 1000 6101 5
"3096" "A" 0.008 -0.45375 0.71125 0 1 2000 1 5 0.340731293541596 5 1000 1755 5
"3097" "A" 0.008 -0.28875 0.13375 1 0 2000 1 5 2.01178289320602 5 1000 1072 5
"3098" "A" 0.008 -0.53625 0.175 1 1 2000 1 5 1.74296930505862 5 1000 1980 5
"3099" "A" 0.08 -0.12375 0.95875 1 0.5 2000 1 5 0.042124926300671 5 1000 4343 5
"3100" "A" 0.08 -0.12375 0.5875 0 0.5 2000 1 5 0.531879032963823 5 1000 4286 5
"3101" "A" 0.008 -0.495 0.29875 1 0 2000 1 5 1.20814817573642 5 1000 1846 5
"3102" "A" 0.08 -0.86625 0.835 0 0 2000 1 5 0.180323554131281 5 1000 7021 5
"3103" "A" 0.08 -0.61875 0.175 1 0.5 2000 1 5 1.74296930505862 5 1000 6029 5
"3104" "A" 0.08 -0.78375 0.7525 1 1 2000 1 5 0.284354282359106 5 1000 6714 5
"3105" "A" 0.008 -0.28875 0.7525 1 0.5 2000 1 5 0.284354282359106 5 1000 1163 5
"3106" "A" 0.08 -0.33 0.46375 0 1 2000 1 5 0.768409665060492 5 1000 5019 5
"3107" "A" 0.08 -0.4125 0.34 1 0.5 2000 1 5 1.07880966137193 5 1000 5303 5
"3108" "A" 0.008 -0.4125 0.71125 0 1 2000 1 5 0.340731293541596 5 1000 1605 5
"3109" "A" 0.08 -0.9075 0.0925 1 1 2000 1 5 2.38054663446376 5 1000 7068 5
"3110" "A" 0.008 -0.7425 0.87625 1 0 2000 1 5 0.132103840633337 5 1000 2830 5
"3111" "A" 0.008 -0.33 0.87625 1 0.5 2000 1 5 0.132103840633337 5 1000 1331 5
"3112" "A" 0.008 -0.4125 0.7525 1 0.5 2000 1 5 0.284354282359106 5 1000 1613 5
"3113" "A" 0.08 -0.825 0.7525 1 0.5 2000 1 5 0.284354282359106 5 1000 6863 5
"3114" "A" 0.008 -0.45375 0.34 0 0.5 2000 1 5 1.07880966137193 5 1000 1700 5
"3115" "A" 0.008 -0.33 1 0 1 2000 1 5 0 5 1000 1347 5
"3116" "A" 0.008 -0.9075 0.95875 1 0 2000 1 5 0.042124926300671 5 1000 3442 5
"3117" "A" 0.008 -0.495 0.7525 0 1 2000 1 5 0.284354282359106 5 1000 1911 5
"3118" "A" 0.08 -0.70125 0.21625 0 0.5 2000 1 5 1.53132013317015 5 1000 6332 5
"3119" "A" 0.08 -0.04125 0.175 0 0.5 2000 1 5 1.74296930505862 5 1000 3926 5
"3120" "A" 0.08 -0.33 0.95875 0 0.5 2000 1 5 0.042124926300671 5 1000 5090 5
"3121" "A" 0.008 -0.0825 0.54625 0 1 2000 1 5 0.604678532572337 5 1000 381 5
"3122" "A" 0.08 -0.28875 0.62875 1 1 2000 1 5 0.464021557568188 5 1000 4896 5
"3123" "A" 0.08 -0.7425 0.5875 0 0.5 2000 1 5 0.531879032963823 5 1000 6536 5
"3124" "A" 0.08 -0.86625 0.9175 1 0.5 2000 1 5 0.0861026990534116 5 1000 7037 5
"3125" "A" 0.08 -0.28875 0.13375 1 0.5 2000 1 5 2.01178289320602 5 1000 4823 5
"3126" "A" 0.08 -0.33 0.62875 1 0 2000 1 5 0.464021557568188 5 1000 5044 5
"3127" "A" 0.008 -0.70125 0.0925 0 1 2000 1 5 2.38054663446376 5 1000 2565 5
"3128" "A" 0.08 -0.5775 0.835 0 1 2000 1 5 0.180323554131281 5 1000 5973 5
"3129" "A" 0.08 -0.825 0.21625 0 0.5 2000 1 5 1.53132013317015 5 1000 6782 5
"3130" "A" 0.008 -0.9075 0.7525 0 1 2000 1 5 0.284354282359106 5 1000 3411 5
"3131" "A" 0.008 -0.2475 0.46375 1 0.5 2000 1 5 0.768409665060492 5 1000 971 5
"3132" "A" 0.008 -0.5775 0.62875 0 1 2000 1 5 0.464021557568188 5 1000 2193 5
"3133" "A" 0.008 0 0.0925 0 0 2000 1 5 2.38054663446376 5 1000 13 5
"3134" "A" 0.008 -0.70125 0.9175 0 0.5 2000 1 5 0.0861026990534116 5 1000 2684 5
"3135" "A" 0.008 0 0.13375 0 0.5 2000 1 5 2.01178289320602 5 1000 20 5
"3136" "A" 0.08 -0.45375 0.87625 0 0.5 2000 1 5 0.132103840633337 5 1000 5528 5
"3137" "A" 0.08 -0.37125 0.175 1 0.5 2000 1 5 1.74296930505862 5 1000 5129 5
"3138" "A" 0.008 -0.9075 0.5875 0 0 2000 1 5 0.531879032963823 5 1000 3385 5
"3139" "A" 0.08 -0.78375 0.05125 1 0.5 2000 1 5 2.97103966096362 5 1000 6611 5
"3140" "A" 0.008 -0.28875 0.05125 1 0.5 2000 1 5 2.97103966096362 5 1000 1061 5
"3141" "A" 0.08 -0.2475 0.29875 1 0.5 2000 1 5 1.20814817573642 5 1000 4697 5
"3142" "A" 0.008 -0.5775 0.5875 0 0.5 2000 1 5 0.531879032963823 5 1000 2186 5
"3143" "A" 0.08 -0.0825 0.87625 1 0 2000 1 5 0.132103840633337 5 1000 4180 5
"3144" "A" 0.08 -0.9075 0.0925 0 1 2000 1 5 2.38054663446376 5 1000 7065 5
"3145" "A" 0.008 -0.45375 0.71125 0 0.5 2000 1 5 0.340731293541596 5 1000 1754 5
"3146" "A" 0.008 -0.5775 0.175 1 1 2000 1 5 1.74296930505862 5 1000 2130 5
"3147" "A" 0.008 -0.61875 0.01 0 0 2000 1 5 4.60517018598809 5 1000 2251 5
"3148" "A" 0.008 -0.94875 0.9175 1 1 2000 1 5 0.0861026990534116 5 1000 3588 5
"3149" "A" 0.08 -0.0825 0.34 1 0 2000 1 5 1.07880966137193 5 1000 4102 5
"3150" "A" 0.008 -0.86625 0.79375 1 0.5 2000 1 5 0.230986728775236 5 1000 3269 5
"3151" "A" 0.008 -0.53625 0.54625 0 0 2000 1 5 0.604678532572337 5 1000 2029 5
"3152" "A" 0.08 -0.61875 0.71125 0 0.5 2000 1 5 0.340731293541596 5 1000 6104 5
"3153" "A" 0.008 -0.86625 0.505 1 1 2000 1 5 0.683196849706777 5 1000 3228 5
"3154" "A" 0.008 -0.33 0.62875 1 0 2000 1 5 0.464021557568188 5 1000 1294 5
"3155" "A" 0.08 -0.4125 0.21625 1 0.5 2000 1 5 1.53132013317015 5 1000 5285 5
"3156" "A" 0.08 -0.94875 0.67 1 0 2000 1 5 0.400477566597125 5 1000 7300 5
"3157" "A" 0.008 -0.45375 0.4225 1 1 2000 1 5 0.861565832184908 5 1000 1716 5
"3158" "A" 0.008 -0.70125 0.95875 0 0 2000 1 5 0.042124926300671 5 1000 2689 5
"3159" "A" 0.008 -0.94875 0.05125 0 0.5 2000 1 5 2.97103966096362 5 1000 3458 5
"3160" "A" 0.08 -0.78375 0.175 0 0 2000 1 5 1.74296930505862 5 1000 6625 5
"3161" "A" 0.08 -0.99 0.46375 0 0.5 2000 1 5 0.768409665060492 5 1000 7418 5
"3162" "A" 0.08 -0.99 0.46375 1 0 2000 1 5 0.768409665060492 5 1000 7420 5
"3163" "A" 0.08 -0.66 0.67 1 0.5 2000 1 5 0.400477566597125 5 1000 6251 5
"3164" "A" 0.08 0 0.13375 0 0 2000 1 5 2.01178289320602 5 1000 3769 5
"3165" "A" 0.008 -0.94875 0.0925 1 0 2000 1 5 2.38054663446376 5 1000 3466 5
"3166" "A" 0.08 -0.0825 0.13375 0 0.5 2000 1 5 2.01178289320602 5 1000 4070 5
"3167" "A" 0.08 -0.2475 0.9175 0 1 2000 1 5 0.0861026990534116 5 1000 4785 5
"3168" "A" 0.08 -0.5775 0.21625 0 0 2000 1 5 1.53132013317015 5 1000 5881 5
"3169" "A" 0.008 -0.70125 0.38125 1 1 2000 1 5 0.964299951060516 5 1000 2610 5
"3170" "A" 0.08 -0.66 0.835 0 0 2000 1 5 0.180323554131281 5 1000 6271 5
"3171" "A" 0.08 -0.61875 0.175 1 0 2000 1 5 1.74296930505862 5 1000 6028 5
"3172" "A" 0.008 -0.0825 0.4225 1 0.5 2000 1 5 0.861565832184908 5 1000 365 5
"3173" "A" 0.008 -0.04125 0.21625 1 0.5 2000 1 5 1.53132013317015 5 1000 185 5
"3174" "A" 0.008 -0.04125 0.79375 0 0 2000 1 5 0.230986728775236 5 1000 265 5
"3175" "A" 0.08 -0.825 0.835 0 0 2000 1 5 0.180323554131281 5 1000 6871 5
"3176" "A" 0.08 -0.86625 0.95875 1 1 2000 1 5 0.042124926300671 5 1000 7044 5
"3177" "A" 0.008 -0.66 0.54625 1 0.5 2000 1 5 0.604678532572337 5 1000 2483 5
"3178" "A" 0.08 -0.4125 0.5875 1 1 2000 1 5 0.531879032963823 5 1000 5340 5
"3179" "A" 0.008 -0.165 0.34 1 0 2000 1 5 1.07880966137193 5 1000 652 5
"3180" "A" 0.08 -0.94875 0.4225 1 0.5 2000 1 5 0.861565832184908 5 1000 7265 5
"3181" "A" 0.08 -0.2475 0.505 1 0.5 2000 1 5 0.683196849706777 5 1000 4727 5
"3182" "A" 0.008 -0.4125 0.7525 0 0 2000 1 5 0.284354282359106 5 1000 1609 5
"3183" "A" 0.08 -0.53625 0.87625 1 0 2000 1 5 0.132103840633337 5 1000 5830 5
"3184" "A" 0.008 -0.495 0.71125 0 0.5 2000 1 5 0.340731293541596 5 1000 1904 5
"3185" "A" 0.08 -0.04125 0.46375 0 0 2000 1 5 0.768409665060492 5 1000 3967 5
"3186" "A" 0.008 -0.53625 0.21625 1 0 2000 1 5 1.53132013317015 5 1000 1984 5
"3187" "A" 0.008 -0.4125 0.2575 1 0.5 2000 1 5 1.35673555887835 5 1000 1541 5
"3188" "A" 0.008 -0.53625 0.34 1 0 2000 1 5 1.07880966137193 5 1000 2002 5
"3189" "A" 0.008 -0.94875 0.835 0 0 2000 1 5 0.180323554131281 5 1000 3571 5
"3190" "A" 0.08 -0.7425 0.13375 1 0 2000 1 5 2.01178289320602 5 1000 6472 5
"3191" "A" 0.08 0 0.79375 0 1 2000 1 5 0.230986728775236 5 1000 3867 5
"3192" "A" 0.008 -0.94875 0.79375 0 0.5 2000 1 5 0.230986728775236 5 1000 3566 5
"3193" "A" 0.08 -0.78375 0.71125 1 0 2000 1 5 0.340731293541596 5 1000 6706 5
"3194" "A" 0.08 -0.86625 0.87625 1 1 2000 1 5 0.132103840633337 5 1000 7032 5
"3195" "A" 0.008 -0.5775 0.0925 0 1 2000 1 5 2.38054663446376 5 1000 2115 5
"3196" "A" 0.08 -0.70125 0.34 0 0 2000 1 5 1.07880966137193 5 1000 6349 5
"3197" "A" 0.008 -0.53625 0.54625 0 1 2000 1 5 0.604678532572337 5 1000 2031 5
"3198" "A" 0.008 -0.495 0.835 1 0.5 2000 1 5 0.180323554131281 5 1000 1925 5
"3199" "A" 0.008 -0.28875 0.505 0 0.5 2000 1 5 0.683196849706777 5 1000 1124 5
"3200" "A" 0.08 -0.04125 1 0 0.5 2000 1 5 0 5 1000 4046 5
"3201" "A" 0.008 -0.45375 0.29875 0 1 2000 1 5 1.20814817573642 5 1000 1695 5
"3202" "A" 0.08 -0.12375 0.29875 0 0.5 2000 1 5 1.20814817573642 5 1000 4244 5
"3203" "A" 0.08 -0.66 0.05125 1 0.5 2000 1 5 2.97103966096362 5 1000 6161 5
"3204" "A" 0.008 -0.28875 0.54625 0 0 2000 1 5 0.604678532572337 5 1000 1129 5
"3205" "A" 0.008 -0.78375 0.5875 0 0.5 2000 1 5 0.531879032963823 5 1000 2936 5
"3206" "A" 0.008 -0.45375 0.01 1 0.5 2000 1 5 4.60517018598809 5 1000 1655 5
"3207" "A" 0.08 -0.20625 0.505 1 1 2000 1 5 0.683196849706777 5 1000 4578 5
"3208" "A" 0.08 -0.495 0.4225 0 0.5 2000 1 5 0.861565832184908 5 1000 5612 5
"3209" "A" 0.08 -0.45375 0.62875 1 0.5 2000 1 5 0.464021557568188 5 1000 5495 5
"3210" "A" 0.008 -0.495 0.34 0 0 2000 1 5 1.07880966137193 5 1000 1849 5
"3211" "A" 0.08 -0.28875 0.29875 0 1 2000 1 5 1.20814817573642 5 1000 4845 5
"3212" "A" 0.008 -0.37125 1 1 0.5 2000 1 5 0 5 1000 1499 5
"3213" "A" 0.008 -0.70125 0.71125 1 0 2000 1 5 0.340731293541596 5 1000 2656 5
"3214" "A" 0.08 -0.33 0.0925 1 0.5 2000 1 5 2.38054663446376 5 1000 4967 5
"3215" "A" 0.008 -0.28875 0.21625 1 1 2000 1 5 1.53132013317015 5 1000 1086 5
"3216" "A" 0.008 -0.4125 0.4225 0 1 2000 1 5 0.861565832184908 5 1000 1563 5
"3217" "A" 0.08 -0.94875 0.79375 1 1 2000 1 5 0.230986728775236 5 1000 7320 5
"3218" "A" 0.008 -0.825 0.62875 0 0.5 2000 1 5 0.464021557568188 5 1000 3092 5
"3219" "A" 0.08 -0.165 0.0925 1 1 2000 1 5 2.38054663446376 5 1000 4368 5
"3220" "A" 0.008 -0.86625 0.34 1 1 2000 1 5 1.07880966137193 5 1000 3204 5
"3221" "A" 0.008 -0.53625 0.67 1 0 2000 1 5 0.400477566597125 5 1000 2050 5
"3222" "A" 0.008 -0.94875 0.01 1 0.5 2000 1 5 4.60517018598809 5 1000 3455 5
"3223" "A" 0.008 -0.04125 0.21625 1 1 2000 1 5 1.53132013317015 5 1000 186 5
"3224" "A" 0.008 -0.4125 0.2575 0 0 2000 1 5 1.35673555887835 5 1000 1537 5
"3225" "A" 0.08 -0.2475 0.835 0 1 2000 1 5 0.180323554131281 5 1000 4773 5
"3226" "A" 0.08 -0.37125 0.01 0 0.5 2000 1 5 4.60517018598809 5 1000 5102 5
"3227" "A" 0.08 -0.4125 0.13375 0 0 2000 1 5 2.01178289320602 5 1000 5269 5
"3228" "A" 0.008 -0.495 0.87625 1 0 2000 1 5 0.132103840633337 5 1000 1930 5
"3229" "A" 0.08 -0.825 0.29875 0 0 2000 1 5 1.20814817573642 5 1000 6793 5
"3230" "A" 0.08 -0.165 0.505 1 0 2000 1 5 0.683196849706777 5 1000 4426 5
"3231" "A" 0.08 0 0.835 0 1 2000 1 5 0.180323554131281 5 1000 3873 5
"3232" "A" 0.008 -0.20625 0.835 0 1 2000 1 5 0.180323554131281 5 1000 873 5
"3233" "A" 0.08 -0.5775 0.13375 1 0 2000 1 5 2.01178289320602 5 1000 5872 5
"3234" "A" 0.08 -0.9075 0.21625 0 1 2000 1 5 1.53132013317015 5 1000 7083 5
"3235" "A" 0.008 -0.20625 0.835 1 0 2000 1 5 0.180323554131281 5 1000 874 5
"3236" "A" 0.08 -0.78375 0.62875 0 0 2000 1 5 0.464021557568188 5 1000 6691 5
"3237" "A" 0.08 -0.37125 0.5875 1 0 2000 1 5 0.531879032963823 5 1000 5188 5
"3238" "A" 0.008 -0.7425 0.95875 0 1 2000 1 5 0.042124926300671 5 1000 2841 5
"3239" "A" 0.08 -0.4125 0.0925 0 0 2000 1 5 2.38054663446376 5 1000 5263 5
"3240" "A" 0.008 -0.5775 0.01 1 1 2000 1 5 4.60517018598809 5 1000 2106 5
"3241" "A" 0.08 -0.9075 0.13375 0 1 2000 1 5 2.01178289320602 5 1000 7071 5
"3242" "A" 0.008 -0.53625 0.67 0 1 2000 1 5 0.400477566597125 5 1000 2049 5
"3243" "A" 0.008 -0.165 0.67 0 1 2000 1 5 0.400477566597125 5 1000 699 5
"3244" "A" 0.08 -0.4125 0.13375 0 1 2000 1 5 2.01178289320602 5 1000 5271 5
"3245" "A" 0.008 -0.28875 0.46375 1 1 2000 1 5 0.768409665060492 5 1000 1122 5
"3246" "A" 0.08 -0.2475 0.835 1 1 2000 1 5 0.180323554131281 5 1000 4776 5
"3247" "A" 0.008 0 0.67 0 0 2000 1 5 0.400477566597125 5 1000 97 5
"3248" "A" 0.008 -0.825 0.2575 1 0 2000 1 5 1.35673555887835 5 1000 3040 5
"3249" "A" 0.008 -0.4125 0.34 1 0.5 2000 1 5 1.07880966137193 5 1000 1553 5
"3250" "A" 0.008 -0.9075 0.71125 0 1 2000 1 5 0.340731293541596 5 1000 3405 5
"3251" "A" 0.08 -0.9075 0.71125 0 0 2000 1 5 0.340731293541596 5 1000 7153 5
"3252" "A" 0.008 -0.825 0.5875 0 1 2000 1 5 0.531879032963823 5 1000 3087 5
"3253" "A" 0.08 -0.78375 0.46375 1 0.5 2000 1 5 0.768409665060492 5 1000 6671 5
"3254" "A" 0.008 -0.94875 0.95875 1 0 2000 1 5 0.042124926300671 5 1000 3592 5
"3255" "A" 0.08 -0.12375 0.9175 1 1 2000 1 5 0.0861026990534116 5 1000 4338 5
"3256" "A" 0.008 0 0.46375 0 0 2000 1 5 0.768409665060492 5 1000 67 5
"3257" "A" 0.08 -0.86625 0.7525 0 0.5 2000 1 5 0.284354282359106 5 1000 7010 5
"3258" "A" 0.08 -0.04125 0.46375 1 0 2000 1 5 0.768409665060492 5 1000 3970 5
"3259" "A" 0.08 -0.86625 0.62875 0 0.5 2000 1 5 0.464021557568188 5 1000 6992 5
"3260" "A" 0.008 -0.0825 0.2575 1 1 2000 1 5 1.35673555887835 5 1000 342 5
"3261" "A" 0.08 -0.94875 0.4225 0 0 2000 1 5 0.861565832184908 5 1000 7261 5
"3262" "A" 0.08 -0.99 0.0925 1 1 2000 1 5 2.38054663446376 5 1000 7368 5
"3263" "A" 0.08 0 0.13375 1 0.5 2000 1 5 2.01178289320602 5 1000 3773 5
"3264" "A" 0.008 -0.33 0.71125 0 1 2000 1 5 0.340731293541596 5 1000 1305 5
"3265" "A" 0.008 -0.2475 0.38125 1 1 2000 1 5 0.964299951060516 5 1000 960 5
"3266" "A" 0.08 -0.165 0.05125 0 0.5 2000 1 5 2.97103966096362 5 1000 4358 5
"3267" "A" 0.008 -0.0825 0.67 0 1 2000 1 5 0.400477566597125 5 1000 399 5
"3268" "A" 0.008 -0.94875 0.0925 0 0.5 2000 1 5 2.38054663446376 5 1000 3464 5
"3269" "A" 0.008 -0.825 0.13375 1 0 2000 1 5 2.01178289320602 5 1000 3022 5
"3270" "A" 0.08 -0.04125 0.05125 0 0 2000 1 5 2.97103966096362 5 1000 3907 5
"3271" "A" 0.008 -0.86625 0.54625 0 0.5 2000 1 5 0.604678532572337 5 1000 3230 5
"3272" "A" 0.008 -0.20625 0.5875 1 0 2000 1 5 0.531879032963823 5 1000 838 5
"3273" "A" 0.008 -0.28875 0.9175 0 1 2000 1 5 0.0861026990534116 5 1000 1185 5
"3274" "A" 0.008 -0.495 0.21625 1 1 2000 1 5 1.53132013317015 5 1000 1836 5
"3275" "A" 0.008 -0.78375 0.13375 1 1 2000 1 5 2.01178289320602 5 1000 2874 5
"3276" "A" 0.08 -0.66 0.835 1 0.5 2000 1 5 0.180323554131281 5 1000 6275 5
"3277" "A" 0.08 -0.28875 0.71125 0 0.5 2000 1 5 0.340731293541596 5 1000 4904 5
"3278" "A" 0.08 -0.4125 0.835 1 1 2000 1 5 0.180323554131281 5 1000 5376 5
"3279" "A" 0.008 -0.86625 0.01 0 0 2000 1 5 4.60517018598809 5 1000 3151 5
"3280" "A" 0.08 -0.825 0.54625 1 1 2000 1 5 0.604678532572337 5 1000 6834 5
"3281" "A" 0.08 -0.20625 0.4225 0 0 2000 1 5 0.861565832184908 5 1000 4561 5
"3282" "A" 0.08 -0.495 0.21625 1 0 2000 1 5 1.53132013317015 5 1000 5584 5
"3283" "A" 0.08 -0.94875 0.54625 0 0 2000 1 5 0.604678532572337 5 1000 7279 5
"3284" "A" 0.08 -0.04125 0.01 0 0.5 2000 1 5 4.60517018598809 5 1000 3902 5
"3285" "A" 0.008 -0.86625 0.175 0 0.5 2000 1 5 1.74296930505862 5 1000 3176 5
"3286" "A" 0.008 -0.37125 0.4225 1 0.5 2000 1 5 0.861565832184908 5 1000 1415 5
"3287" "A" 0.008 -0.53625 0.01 0 1 2000 1 5 4.60517018598809 5 1000 1953 5
"3288" "A" 0.008 -0.33 0.7525 1 0 2000 1 5 0.284354282359106 5 1000 1312 5
"3289" "A" 0.08 -0.9075 0.95875 0 0 2000 1 5 0.042124926300671 5 1000 7189 5
"3290" "A" 0.008 -0.53625 0.4225 0 1 2000 1 5 0.861565832184908 5 1000 2013 5
"3291" "A" 0.008 -0.12375 0.01 0 1 2000 1 5 4.60517018598809 5 1000 453 5
"3292" "A" 0.08 -0.495 0.13375 1 0.5 2000 1 5 2.01178289320602 5 1000 5573 5
"3293" "A" 0.08 -0.4125 0.05125 0 1 2000 1 5 2.97103966096362 5 1000 5259 5
"3294" "A" 0.08 -0.99 0.2575 1 0 2000 1 5 1.35673555887835 5 1000 7390 5
"3295" "A" 0.08 -0.9075 0.34 0 0 2000 1 5 1.07880966137193 5 1000 7099 5
"3296" "A" 0.008 -0.94875 0.87625 0 0 2000 1 5 0.132103840633337 5 1000 3577 5
"3297" "A" 0.008 -0.33 0.01 1 0.5 2000 1 5 4.60517018598809 5 1000 1205 5
"3298" "A" 0.008 -0.9075 0.71125 0 0 2000 1 5 0.340731293541596 5 1000 3403 5
"3299" "A" 0.08 -0.7425 0.67 1 0.5 2000 1 5 0.400477566597125 5 1000 6551 5
"3300" "A" 0.008 -0.53625 0.835 0 0.5 2000 1 5 0.180323554131281 5 1000 2072 5
"3301" "A" 0.008 -0.04125 0.4225 0 0.5 2000 1 5 0.861565832184908 5 1000 212 5
"3302" "A" 0.08 -0.86625 0.87625 0 1 2000 1 5 0.132103840633337 5 1000 7029 5
"3303" "A" 0.008 -0.33 0.34 0 0.5 2000 1 5 1.07880966137193 5 1000 1250 5
"3304" "A" 0.08 -0.5775 0.13375 1 0.5 2000 1 5 2.01178289320602 5 1000 5873 5
"3305" "A" 0.08 -0.2475 0.835 0 0.5 2000 1 5 0.180323554131281 5 1000 4772 5
"3306" "A" 0.08 -0.20625 0.87625 0 0 2000 1 5 0.132103840633337 5 1000 4627 5
"3307" "A" 0.08 -0.825 0.7525 1 1 2000 1 5 0.284354282359106 5 1000 6864 5
"3308" "A" 0.08 -0.495 0.29875 1 0 2000 1 5 1.20814817573642 5 1000 5596 5
"3309" "A" 0.008 -0.86625 0.79375 1 0 2000 1 5 0.230986728775236 5 1000 3268 5
"3310" "A" 0.08 -0.61875 0.5875 0 1 2000 1 5 0.531879032963823 5 1000 6087 5
"3311" "A" 0.008 -0.12375 0.4225 1 1 2000 1 5 0.861565832184908 5 1000 516 5
"3312" "A" 0.08 -0.33 0.7525 1 1 2000 1 5 0.284354282359106 5 1000 5064 5
"3313" "A" 0.08 -0.78375 0.835 0 0.5 2000 1 5 0.180323554131281 5 1000 6722 5
"3314" "A" 0.08 -0.53625 0.7525 1 1 2000 1 5 0.284354282359106 5 1000 5814 5
"3315" "A" 0.008 -0.37125 0.13375 1 0 2000 1 5 2.01178289320602 5 1000 1372 5
"3316" "A" 0.008 -0.37125 0.01 0 1 2000 1 5 4.60517018598809 5 1000 1353 5
"3317" "A" 0.08 -0.20625 0.95875 1 0.5 2000 1 5 0.042124926300671 5 1000 4643 5
"3318" "A" 0.008 -0.495 0.29875 0 0.5 2000 1 5 1.20814817573642 5 1000 1844 5
"3319" "A" 0.008 -0.165 0.13375 1 0 2000 1 5 2.01178289320602 5 1000 622 5
"3320" "A" 0.008 -0.61875 0.54625 1 0.5 2000 1 5 0.604678532572337 5 1000 2333 5
"3321" "A" 0.08 -0.33 0.9175 1 1 2000 1 5 0.0861026990534116 5 1000 5088 5
"3322" "A" 0.008 -0.5775 0.0925 0 0 2000 1 5 2.38054663446376 5 1000 2113 5
"3323" "A" 0.08 -0.99 0.54625 1 1 2000 1 5 0.604678532572337 5 1000 7434 5
"3324" "A" 0.08 -0.165 0.5875 1 1 2000 1 5 0.531879032963823 5 1000 4440 5
"3325" "A" 0.008 -0.9075 0.0925 0 0 2000 1 5 2.38054663446376 5 1000 3313 5
"3326" "A" 0.08 -0.45375 0.175 0 0.5 2000 1 5 1.74296930505862 5 1000 5426 5
"3327" "A" 0.08 -0.9075 0.95875 1 0 2000 1 5 0.042124926300671 5 1000 7192 5
"3328" "A" 0.008 -0.70125 0.7525 1 0.5 2000 1 5 0.284354282359106 5 1000 2663 5
"3329" "A" 0.08 -0.53625 0.79375 0 0 2000 1 5 0.230986728775236 5 1000 5815 5
"3330" "A" 0.08 0 0.62875 0 0.5 2000 1 5 0.464021557568188 5 1000 3842 5
"3331" "A" 0.08 -0.61875 1 0 0.5 2000 1 5 0 5 1000 6146 5
"3332" "A" 0.008 -0.5775 0.835 1 1 2000 1 5 0.180323554131281 5 1000 2226 5
"3333" "A" 0.008 -0.165 0.21625 0 0.5 2000 1 5 1.53132013317015 5 1000 632 5
"3334" "A" 0.08 -0.28875 0.835 0 0 2000 1 5 0.180323554131281 5 1000 4921 5
"3335" "A" 0.008 0 0.01 1 0 2000 1 5 4.60517018598809 5 1000 4 5
"3336" "A" 0.008 -0.825 1 0 0 2000 1 5 0 5 1000 3145 5
"3337" "A" 0.08 -0.53625 0.7525 0 0 2000 1 5 0.284354282359106 5 1000 5809 5
"3338" "A" 0.008 -0.33 0.13375 1 1 2000 1 5 2.01178289320602 5 1000 1224 5
"3339" "A" 0.008 -0.165 0.29875 1 0.5 2000 1 5 1.20814817573642 5 1000 647 5
"3340" "A" 0.008 -0.7425 0.01 0 1 2000 1 5 4.60517018598809 5 1000 2703 5
"3341" "A" 0.08 -0.04125 0.54625 1 1 2000 1 5 0.604678532572337 5 1000 3984 5
"3342" "A" 0.008 -0.495 0.46375 0 0 2000 1 5 0.768409665060492 5 1000 1867 5
"3343" "A" 0.008 -0.20625 0.21625 0 0.5 2000 1 5 1.53132013317015 5 1000 782 5
"3344" "A" 0.08 -0.825 0.21625 1 0 2000 1 5 1.53132013317015 5 1000 6784 5
"3345" "A" 0.08 -0.2475 0.38125 0 0 2000 1 5 0.964299951060516 5 1000 4705 5
"3346" "A" 0.008 -0.37125 0.01 1 0.5 2000 1 5 4.60517018598809 5 1000 1355 5
"3347" "A" 0.08 -0.2475 0.71125 1 1 2000 1 5 0.340731293541596 5 1000 4758 5
"3348" "A" 0.008 -0.28875 0.87625 1 0 2000 1 5 0.132103840633337 5 1000 1180 5
"3349" "A" 0.08 -0.37125 0.01 0 0 2000 1 5 4.60517018598809 5 1000 5101 5
"3350" "A" 0.08 -0.9075 0.71125 0 0.5 2000 1 5 0.340731293541596 5 1000 7154 5
"3351" "A" 0.008 -0.4125 0.29875 1 1 2000 1 5 1.20814817573642 5 1000 1548 5
"3352" "A" 0.008 -0.28875 0.2575 0 0.5 2000 1 5 1.35673555887835 5 1000 1088 5
"3353" "A" 0.008 -0.53625 0.505 1 1 2000 1 5 0.683196849706777 5 1000 2028 5
"3354" "A" 0.008 -0.45375 0.2575 1 0.5 2000 1 5 1.35673555887835 5 1000 1691 5
"3355" "A" 0.008 -0.70125 0.54625 1 0 2000 1 5 0.604678532572337 5 1000 2632 5
"3356" "A" 0.008 -0.0825 0.54625 0 0 2000 1 5 0.604678532572337 5 1000 379 5
"3357" "A" 0.008 -0.45375 0.38125 0 0.5 2000 1 5 0.964299951060516 5 1000 1706 5
"3358" "A" 0.08 -0.9075 0.835 1 0 2000 1 5 0.180323554131281 5 1000 7174 5
"3359" "A" 0.008 -0.7425 0.7525 0 1 2000 1 5 0.284354282359106 5 1000 2811 5
"3360" "A" 0.08 -0.7425 0.95875 0 1 2000 1 5 0.042124926300671 5 1000 6591 5
"3361" "A" 0.008 0 0.835 0 0.5 2000 1 5 0.180323554131281 5 1000 122 5
"3362" "A" 0.08 -0.99 0.62875 0 0 2000 1 5 0.464021557568188 5 1000 7441 5
"3363" "A" 0.08 -0.7425 1 0 0.5 2000 1 5 0 5 1000 6596 5
"3364" "A" 0.08 -0.9075 0.62875 1 0.5 2000 1 5 0.464021557568188 5 1000 7145 5
"3365" "A" 0.008 -0.2475 0.505 1 0 2000 1 5 0.683196849706777 5 1000 976 5
"3366" "A" 0.08 -0.45375 0.835 1 0 2000 1 5 0.180323554131281 5 1000 5524 5
"3367" "A" 0.008 -0.825 0.71125 0 0.5 2000 1 5 0.340731293541596 5 1000 3104 5
"3368" "A" 0.08 -0.99 0.5875 1 0 2000 1 5 0.531879032963823 5 1000 7438 5
"3369" "A" 0.008 -0.12375 0.835 0 1 2000 1 5 0.180323554131281 5 1000 573 5
"3370" "A" 0.008 -0.0825 0.835 0 0 2000 1 5 0.180323554131281 5 1000 421 5
"3371" "A" 0.008 -0.165 0.95875 1 0 2000 1 5 0.042124926300671 5 1000 742 5
"3372" "A" 0.008 -0.86625 0.38125 1 0.5 2000 1 5 0.964299951060516 5 1000 3209 5
"3373" "A" 0.08 0 0.175 0 0.5 2000 1 5 1.74296930505862 5 1000 3776 5
"3374" "A" 0.08 -0.78375 0.01 1 0 2000 1 5 4.60517018598809 5 1000 6604 5
"3375" "A" 0.08 -0.61875 0.29875 0 1 2000 1 5 1.20814817573642 5 1000 6045 5
"3376" "A" 0.008 -0.12375 0.13375 1 0.5 2000 1 5 2.01178289320602 5 1000 473 5
"3377" "A" 0.008 -0.165 0.505 1 0.5 2000 1 5 0.683196849706777 5 1000 677 5
"3378" "A" 0.008 -0.04125 0.2575 1 0 2000 1 5 1.35673555887835 5 1000 190 5
"3379" "A" 0.08 -0.165 0.79375 0 1 2000 1 5 0.230986728775236 5 1000 4467 5
"3380" "A" 0.08 -0.37125 0.9175 1 0.5 2000 1 5 0.0861026990534116 5 1000 5237 5
"3381" "A" 0.08 -0.4125 0.13375 1 0 2000 1 5 2.01178289320602 5 1000 5272 5
"3382" "A" 0.08 0 0.2575 0 0.5 2000 1 5 1.35673555887835 5 1000 3788 5
"3383" "A" 0.08 -0.9075 0.54625 0 1 2000 1 5 0.604678532572337 5 1000 7131 5
"3384" "A" 0.008 -0.28875 0.01 1 0 2000 1 5 4.60517018598809 5 1000 1054 5
"3385" "A" 0.08 -0.20625 0.7525 1 1 2000 1 5 0.284354282359106 5 1000 4614 5
"3386" "A" 0.08 -0.2475 0.38125 0 0.5 2000 1 5 0.964299951060516 5 1000 4706 5
"3387" "A" 0.008 -0.825 0.38125 1 1 2000 1 5 0.964299951060516 5 1000 3060 5
"3388" "A" 0.008 -0.2475 0.175 0 0 2000 1 5 1.74296930505862 5 1000 925 5
"3389" "A" 0.008 -0.28875 0.2575 0 0 2000 1 5 1.35673555887835 5 1000 1087 5
"3390" "A" 0.08 -0.33 0.29875 0 1 2000 1 5 1.20814817573642 5 1000 4995 5
"3391" "A" 0.08 -0.86625 0.38125 0 0 2000 1 5 0.964299951060516 5 1000 6955 5
"3392" "A" 0.08 -0.66 0.7525 1 0.5 2000 1 5 0.284354282359106 5 1000 6263 5
"3393" "A" 0.008 -0.5775 0.2575 0 1 2000 1 5 1.35673555887835 5 1000 2139 5
"3394" "A" 0.008 -0.61875 0.54625 0 0 2000 1 5 0.604678532572337 5 1000 2329 5
"3395" "A" 0.008 -0.20625 0.7525 1 0 2000 1 5 0.284354282359106 5 1000 862 5
"3396" "A" 0.008 -0.12375 0.13375 1 0 2000 1 5 2.01178289320602 5 1000 472 5
"3397" "A" 0.08 -0.70125 0.01 1 1 2000 1 5 4.60517018598809 5 1000 6306 5
"3398" "A" 0.008 -0.78375 0.7525 0 0 2000 1 5 0.284354282359106 5 1000 2959 5
"3399" "A" 0.008 -0.4125 0.71125 1 0.5 2000 1 5 0.340731293541596 5 1000 1607 5
"3400" "A" 0.08 -0.66 0.46375 1 0.5 2000 1 5 0.768409665060492 5 1000 6221 5
"3401" "A" 0.08 -0.9075 0.87625 1 1 2000 1 5 0.132103840633337 5 1000 7182 5
"3402" "A" 0.008 -0.495 0.2575 1 0 2000 1 5 1.35673555887835 5 1000 1840 5
"3403" "A" 0.008 -0.86625 0.835 0 0 2000 1 5 0.180323554131281 5 1000 3271 5
"3404" "A" 0.008 -0.495 0.54625 1 0.5 2000 1 5 0.604678532572337 5 1000 1883 5
"3405" "A" 0.008 -0.28875 0.13375 1 1 2000 1 5 2.01178289320602 5 1000 1074 5
"3406" "A" 0.008 -0.495 0.13375 0 0 2000 1 5 2.01178289320602 5 1000 1819 5
"3407" "A" 0.08 -0.33 0.175 0 0.5 2000 1 5 1.74296930505862 5 1000 4976 5
"3408" "A" 0.08 -0.28875 0.9175 0 0.5 2000 1 5 0.0861026990534116 5 1000 4934 5
"3409" "A" 0.008 -0.20625 0.71125 0 0.5 2000 1 5 0.340731293541596 5 1000 854 5
"3410" "A" 0.08 -0.33 0.4225 1 1 2000 1 5 0.861565832184908 5 1000 5016 5
"3411" "A" 0.08 -0.33 0.38125 0 1 2000 1 5 0.964299951060516 5 1000 5007 5
"3412" "A" 0.008 -0.20625 0.21625 1 0 2000 1 5 1.53132013317015 5 1000 784 5
"3413" "A" 0.008 -0.28875 0.9175 1 0.5 2000 1 5 0.0861026990534116 5 1000 1187 5
"3414" "A" 0.08 -0.9075 0.62875 1 0 2000 1 5 0.464021557568188 5 1000 7144 5
"3415" "A" 0.008 -0.70125 0.34 1 0 2000 1 5 1.07880966137193 5 1000 2602 5
"3416" "A" 0.008 -0.53625 0.87625 1 1 2000 1 5 0.132103840633337 5 1000 2082 5
"3417" "A" 0.008 -0.37125 0.54625 0 1 2000 1 5 0.604678532572337 5 1000 1431 5
"3418" "A" 0.008 -0.28875 0.2575 1 1 2000 1 5 1.35673555887835 5 1000 1092 5
"3419" "A" 0.008 -0.28875 0.7525 1 1 2000 1 5 0.284354282359106 5 1000 1164 5
"3420" "A" 0.08 -0.20625 0.13375 0 0.5 2000 1 5 2.01178289320602 5 1000 4520 5
"3421" "A" 0.08 -0.2475 0.54625 1 1 2000 1 5 0.604678532572337 5 1000 4734 5
"3422" "A" 0.008 -0.9075 0.505 1 0.5 2000 1 5 0.683196849706777 5 1000 3377 5
"3423" "A" 0.008 -0.61875 0.2575 0 1 2000 1 5 1.35673555887835 5 1000 2289 5
"3424" "A" 0.008 -0.86625 0.835 1 1 2000 1 5 0.180323554131281 5 1000 3276 5
"3425" "A" 0.08 -0.53625 0.505 0 0.5 2000 1 5 0.683196849706777 5 1000 5774 5
"3426" "A" 0.008 -0.5775 0.0925 1 1 2000 1 5 2.38054663446376 5 1000 2118 5
"3427" "A" 0.08 -0.9075 0.05125 0 0 2000 1 5 2.97103966096362 5 1000 7057 5
"3428" "A" 0.08 -0.7425 1 0 1 2000 1 5 0 5 1000 6597 5
"3429" "A" 0.08 -0.66 0.38125 1 0 2000 1 5 0.964299951060516 5 1000 6208 5
"3430" "A" 0.008 -0.28875 0.62875 1 0 2000 1 5 0.464021557568188 5 1000 1144 5
"3431" "A" 0.008 -0.825 0.79375 0 0 2000 1 5 0.230986728775236 5 1000 3115 5
"3432" "A" 0.008 -0.28875 0.38125 1 1 2000 1 5 0.964299951060516 5 1000 1110 5
"3433" "A" 0.008 -0.4125 0.34 0 0 2000 1 5 1.07880966137193 5 1000 1549 5
"3434" "A" 0.08 -0.0825 0.38125 0 1 2000 1 5 0.964299951060516 5 1000 4107 5
"3435" "A" 0.008 -0.5775 0.29875 1 1 2000 1 5 1.20814817573642 5 1000 2148 5
"3436" "A" 0.008 -0.61875 0.46375 1 1 2000 1 5 0.768409665060492 5 1000 2322 5
"3437" "A" 0.008 0 0.13375 0 0 2000 1 5 2.01178289320602 5 1000 19 5
"3438" "A" 0.008 -0.86625 0.21625 1 1 2000 1 5 1.53132013317015 5 1000 3186 5
"3439" "A" 0.008 -0.33 0.79375 1 0 2000 1 5 0.230986728775236 5 1000 1318 5
"3440" "A" 0.008 -0.45375 0.46375 1 0.5 2000 1 5 0.768409665060492 5 1000 1721 5
"3441" "A" 0.008 -0.61875 0.5875 0 0.5 2000 1 5 0.531879032963823 5 1000 2336 5
"3442" "A" 0.08 -0.45375 0.5875 0 0.5 2000 1 5 0.531879032963823 5 1000 5486 5
"3443" "A" 0.08 -0.53625 0.01 1 0 2000 1 5 4.60517018598809 5 1000 5704 5
"3444" "A" 0.008 -0.37125 0.13375 0 1 2000 1 5 2.01178289320602 5 1000 1371 5
"3445" "A" 0.008 -0.94875 0.29875 1 1 2000 1 5 1.20814817573642 5 1000 3498 5
"3446" "A" 0.08 -0.5775 0.54625 1 1 2000 1 5 0.604678532572337 5 1000 5934 5
"3447" "A" 0.08 0 0.21625 0 1 2000 1 5 1.53132013317015 5 1000 3783 5
"3448" "A" 0.008 -0.33 0.7525 0 1 2000 1 5 0.284354282359106 5 1000 1311 5
"3449" "A" 0.008 -0.2475 0.7525 1 0.5 2000 1 5 0.284354282359106 5 1000 1013 5
"3450" "A" 0.008 -0.7425 0.5875 0 1 2000 1 5 0.531879032963823 5 1000 2787 5
"3451" "A" 0.008 -0.45375 0.79375 0 1 2000 1 5 0.230986728775236 5 1000 1767 5
"3452" "A" 0.008 -0.04125 0.05125 1 1 2000 1 5 2.97103966096362 5 1000 162 5
"3453" "A" 0.008 -0.78375 0.835 1 0.5 2000 1 5 0.180323554131281 5 1000 2975 5
"3454" "A" 0.08 -0.2475 0.5875 1 0.5 2000 1 5 0.531879032963823 5 1000 4739 5
"3455" "A" 0.008 -0.33 0.79375 0 1 2000 1 5 0.230986728775236 5 1000 1317 5
"3456" "A" 0.008 -0.70125 0.79375 1 1 2000 1 5 0.230986728775236 5 1000 2670 5
"3457" "A" 0.08 -0.20625 0.87625 1 1 2000 1 5 0.132103840633337 5 1000 4632 5
"3458" "A" 0.008 -0.33 0.9175 1 0 2000 1 5 0.0861026990534116 5 1000 1336 5
"3459" "A" 0.008 -0.4125 0.71125 1 0 2000 1 5 0.340731293541596 5 1000 1606 5
"3460" "A" 0.08 -0.12375 0.0925 1 0 2000 1 5 2.38054663446376 5 1000 4216 5
"3461" "A" 0.008 -0.0825 0.34 0 0 2000 1 5 1.07880966137193 5 1000 349 5
"3462" "A" 0.008 -0.70125 1 1 0 2000 1 5 0 5 1000 2698 5
"3463" "A" 0.08 0 0.38125 1 0.5 2000 1 5 0.964299951060516 5 1000 3809 5
"3464" "A" 0.08 -0.7425 0.62875 1 0.5 2000 1 5 0.464021557568188 5 1000 6545 5
"3465" "A" 0.08 -0.61875 0.7525 0 0 2000 1 5 0.284354282359106 5 1000 6109 5
"3466" "A" 0.008 -0.61875 0.67 0 0 2000 1 5 0.400477566597125 5 1000 2347 5
"3467" "A" 0.08 -0.86625 0.29875 1 0 2000 1 5 1.20814817573642 5 1000 6946 5
"3468" "A" 0.08 -0.70125 0.54625 1 0.5 2000 1 5 0.604678532572337 5 1000 6383 5
"3469" "A" 0.008 -0.12375 1 0 0 2000 1 5 0 5 1000 595 5
"3470" "A" 0.008 -0.9075 0.835 1 1 2000 1 5 0.180323554131281 5 1000 3426 5
"3471" "A" 0.008 -0.86625 0.4225 1 1 2000 1 5 0.861565832184908 5 1000 3216 5
"3472" "A" 0.008 -0.99 0.79375 1 0.5 2000 1 5 0.230986728775236 5 1000 3719 5
"3473" "A" 0.008 -0.20625 0.13375 0 0 2000 1 5 2.01178289320602 5 1000 769 5
"3474" "A" 0.008 -0.5775 0.54625 1 1 2000 1 5 0.604678532572337 5 1000 2184 5
"3475" "A" 0.008 -0.70125 0.87625 1 0.5 2000 1 5 0.132103840633337 5 1000 2681 5
"3476" "A" 0.008 -0.5775 0.835 1 0 2000 1 5 0.180323554131281 5 1000 2224 5
"3477" "A" 0.008 -0.45375 0.175 1 0.5 2000 1 5 1.74296930505862 5 1000 1679 5
"3478" "A" 0.08 -0.165 0.835 1 0.5 2000 1 5 0.180323554131281 5 1000 4475 5
"3479" "A" 0.008 -0.825 0.13375 0 1 2000 1 5 2.01178289320602 5 1000 3021 5
"3480" "A" 0.08 -0.33 0.21625 1 0.5 2000 1 5 1.53132013317015 5 1000 4985 5
"3481" "A" 0.008 -0.4125 0.5875 1 0.5 2000 1 5 0.531879032963823 5 1000 1589 5
"3482" "A" 0.08 -0.4125 0.5875 1 0 2000 1 5 0.531879032963823 5 1000 5338 5
"3483" "A" 0.08 -0.2475 0.62875 0 0.5 2000 1 5 0.464021557568188 5 1000 4742 5
"3484" "A" 0.08 -0.94875 0.0925 1 0 2000 1 5 2.38054663446376 5 1000 7216 5
"3485" "A" 0.008 -0.20625 0.95875 0 0 2000 1 5 0.042124926300671 5 1000 889 5
"3486" "A" 0.008 -0.5775 0.95875 1 0.5 2000 1 5 0.042124926300671 5 1000 2243 5
"3487" "A" 0.008 -0.94875 0.0925 0 1 2000 1 5 2.38054663446376 5 1000 3465 5
"3488" "A" 0.08 -0.4125 0.7525 1 1 2000 1 5 0.284354282359106 5 1000 5364 5
"3489" "A" 0.08 -0.86625 0.38125 1 0 2000 1 5 0.964299951060516 5 1000 6958 5
"3490" "A" 0.008 -0.825 0.21625 1 0 2000 1 5 1.53132013317015 5 1000 3034 5
"3491" "A" 0.08 -0.5775 0.0925 0 0 2000 1 5 2.38054663446376 5 1000 5863 5
"3492" "A" 0.008 -0.9075 0.9175 1 1 2000 1 5 0.0861026990534116 5 1000 3438 5
"3493" "A" 0.08 -0.78375 1 1 0.5 2000 1 5 0 5 1000 6749 5
"3494" "A" 0.08 -0.20625 0.0925 1 0 2000 1 5 2.38054663446376 5 1000 4516 5
"3495" "A" 0.08 -0.28875 0.21625 1 1 2000 1 5 1.53132013317015 5 1000 4836 5
"3496" "A" 0.08 0 0.38125 0 0.5 2000 1 5 0.964299951060516 5 1000 3806 5
"3497" "A" 0.008 -0.04125 0.71125 0 1 2000 1 5 0.340731293541596 5 1000 255 5
"3498" "A" 0.08 -0.94875 0.175 1 0.5 2000 1 5 1.74296930505862 5 1000 7229 5
"3499" "A" 0.08 0 0.67 1 0 2000 1 5 0.400477566597125 5 1000 3850 5
"3500" "A" 0.08 -0.04125 0.54625 0 0 2000 1 5 0.604678532572337 5 1000 3979 5
"3501" "A" 0.008 -0.99 0.01 1 1 2000 1 5 4.60517018598809 5 1000 3606 5
"3502" "A" 0.008 -0.20625 0.46375 1 1 2000 1 5 0.768409665060492 5 1000 822 5
"3503" "A" 0.08 -0.04125 0.54625 0 0.5 2000 1 5 0.604678532572337 5 1000 3980 5
"3504" "A" 0.008 -0.94875 0.71125 0 0 2000 1 5 0.340731293541596 5 1000 3553 5
"3505" "A" 0.08 -0.4125 0.2575 0 1 2000 1 5 1.35673555887835 5 1000 5289 5
"3506" "A" 0.08 -0.99 0.21625 0 0.5 2000 1 5 1.53132013317015 5 1000 7382 5
"3507" "A" 0.08 -0.825 0.95875 0 1 2000 1 5 0.042124926300671 5 1000 6891 5
"3508" "A" 0.008 -0.28875 0.05125 0 0.5 2000 1 5 2.97103966096362 5 1000 1058 5
"3509" "A" 0.008 -0.04125 0.05125 0 1 2000 1 5 2.97103966096362 5 1000 159 5
"3510" "A" 0.008 -0.12375 0.5875 0 0.5 2000 1 5 0.531879032963823 5 1000 536 5
"3511" "A" 0.08 -0.7425 0.95875 1 0 2000 1 5 0.042124926300671 5 1000 6592 5
"3512" "A" 0.008 -0.495 0.0925 0 1 2000 1 5 2.38054663446376 5 1000 1815 5
"3513" "A" 0.08 -0.70125 0.4225 1 1 2000 1 5 0.861565832184908 5 1000 6366 5
"3514" "A" 0.008 -0.70125 0.5875 0 0.5 2000 1 5 0.531879032963823 5 1000 2636 5
"3515" "A" 0.08 -0.12375 0.7525 1 0.5 2000 1 5 0.284354282359106 5 1000 4313 5
"3516" "A" 0.08 -0.7425 0.13375 1 0.5 2000 1 5 2.01178289320602 5 1000 6473 5
"3517" "A" 0.08 -0.4125 0.4225 1 0.5 2000 1 5 0.861565832184908 5 1000 5315 5
"3518" "A" 0.008 -0.825 0.67 0 0.5 2000 1 5 0.400477566597125 5 1000 3098 5
"3519" "A" 0.08 -0.495 0.0925 0 0 2000 1 5 2.38054663446376 5 1000 5563 5
"3520" "A" 0.008 -0.20625 0.01 1 0 2000 1 5 4.60517018598809 5 1000 754 5
"3521" "A" 0.008 -0.12375 0.0925 1 0.5 2000 1 5 2.38054663446376 5 1000 467 5
"3522" "A" 0.008 0 0.67 1 0 2000 1 5 0.400477566597125 5 1000 100 5
"3523" "A" 0.08 -0.495 0.175 0 0 2000 1 5 1.74296930505862 5 1000 5575 5
"3524" "A" 0.08 -0.0825 0.9175 1 0 2000 1 5 0.0861026990534116 5 1000 4186 5
"3525" "A" 0.008 -0.94875 0.7525 1 0.5 2000 1 5 0.284354282359106 5 1000 3563 5
"3526" "A" 0.08 -0.4125 0.46375 1 0.5 2000 1 5 0.768409665060492 5 1000 5321 5
"3527" "A" 0.008 -0.53625 0.95875 0 0 2000 1 5 0.042124926300671 5 1000 2089 5
"3528" "A" 0.08 -0.4125 0.62875 1 0 2000 1 5 0.464021557568188 5 1000 5344 5
"3529" "A" 0.08 -0.20625 0.38125 1 0.5 2000 1 5 0.964299951060516 5 1000 4559 5
"3530" "A" 0.008 -0.495 0.13375 1 1 2000 1 5 2.01178289320602 5 1000 1824 5
"3531" "A" 0.08 -0.2475 0.54625 0 1 2000 1 5 0.604678532572337 5 1000 4731 5
"3532" "A" 0.008 -0.5775 0.4225 0 1 2000 1 5 0.861565832184908 5 1000 2163 5
"3533" "A" 0.008 -0.5775 0.505 1 1 2000 1 5 0.683196849706777 5 1000 2178 5
"3534" "A" 0.008 0 0.21625 0 0.5 2000 1 5 1.53132013317015 5 1000 32 5
"3535" "A" 0.008 -0.78375 0.9175 0 0 2000 1 5 0.0861026990534116 5 1000 2983 5
"3536" "A" 0.008 -0.61875 0.4225 1 0.5 2000 1 5 0.861565832184908 5 1000 2315 5
"3537" "A" 0.08 -0.12375 0.62875 1 0.5 2000 1 5 0.464021557568188 5 1000 4295 5
"3538" "A" 0.08 -0.2475 0.835 0 0 2000 1 5 0.180323554131281 5 1000 4771 5
"3539" "A" 0.08 -0.28875 0.505 1 1 2000 1 5 0.683196849706777 5 1000 4878 5
"3540" "A" 0.008 -0.2475 0.71125 0 0.5 2000 1 5 0.340731293541596 5 1000 1004 5
"3541" "A" 0.008 -0.66 0.2575 0 0.5 2000 1 5 1.35673555887835 5 1000 2438 5
"3542" "A" 0.008 -0.61875 0.835 0 0 2000 1 5 0.180323554131281 5 1000 2371 5
"3543" "A" 0.08 -0.94875 0.05125 0 0.5 2000 1 5 2.97103966096362 5 1000 7208 5
"3544" "A" 0.08 -0.28875 0.0925 1 0.5 2000 1 5 2.38054663446376 5 1000 4817 5
"3545" "A" 0.008 -0.37125 0.5875 0 0.5 2000 1 5 0.531879032963823 5 1000 1436 5
"3546" "A" 0.008 0 0.175 1 1 2000 1 5 1.74296930505862 5 1000 30 5
"3547" "A" 0.08 -0.20625 0.505 1 0.5 2000 1 5 0.683196849706777 5 1000 4577 5
"3548" "A" 0.008 -0.9075 0.87625 1 0 2000 1 5 0.132103840633337 5 1000 3430 5
"3549" "A" 0.008 -0.825 0.87625 0 0 2000 1 5 0.132103840633337 5 1000 3127 5
"3550" "A" 0.08 -0.99 0.62875 1 0.5 2000 1 5 0.464021557568188 5 1000 7445 5
"3551" "A" 0.008 -0.99 0.9175 0 1 2000 1 5 0.0861026990534116 5 1000 3735 5
"3552" "A" 0.08 -0.33 0.175 1 0.5 2000 1 5 1.74296930505862 5 1000 4979 5
"3553" "A" 0.008 -0.61875 0.4225 0 1 2000 1 5 0.861565832184908 5 1000 2313 5
"3554" "A" 0.008 -0.70125 0.0925 1 0.5 2000 1 5 2.38054663446376 5 1000 2567 5
"3555" "A" 0.008 -0.86625 0.46375 0 0.5 2000 1 5 0.768409665060492 5 1000 3218 5
"3556" "A" 0.08 -0.4125 0.9175 1 0.5 2000 1 5 0.0861026990534116 5 1000 5387 5
"3557" "A" 0.008 -0.66 0.62875 0 0 2000 1 5 0.464021557568188 5 1000 2491 5
"3558" "A" 0.008 -0.5775 0.21625 0 0.5 2000 1 5 1.53132013317015 5 1000 2132 5
"3559" "A" 0.008 -0.4125 0.835 0 0.5 2000 1 5 0.180323554131281 5 1000 1622 5
"3560" "A" 0.008 -0.2475 0.01 0 1 2000 1 5 4.60517018598809 5 1000 903 5
"3561" "A" 0.08 -0.5775 0.38125 0 0 2000 1 5 0.964299951060516 5 1000 5905 5
"3562" "A" 0.008 -0.165 0.71125 0 0 2000 1 5 0.340731293541596 5 1000 703 5
"3563" "A" 0.008 -0.33 0.7525 1 1 2000 1 5 0.284354282359106 5 1000 1314 5
"3564" "A" 0.08 -0.7425 0.71125 1 0.5 2000 1 5 0.340731293541596 5 1000 6557 5
"3565" "A" 0.008 0 0.79375 0 1 2000 1 5 0.230986728775236 5 1000 117 5
"3566" "A" 0.008 -0.165 0.835 0 0.5 2000 1 5 0.180323554131281 5 1000 722 5
"3567" "A" 0.008 -0.94875 0.21625 1 0 2000 1 5 1.53132013317015 5 1000 3484 5
"3568" "A" 0.08 -0.0825 0.13375 1 1 2000 1 5 2.01178289320602 5 1000 4074 5
"3569" "A" 0.08 -0.165 0.0925 0 0.5 2000 1 5 2.38054663446376 5 1000 4364 5
"3570" "A" 0.008 -0.20625 0.835 0 0 2000 1 5 0.180323554131281 5 1000 871 5
"3571" "A" 0.08 -0.825 0.67 1 0.5 2000 1 5 0.400477566597125 5 1000 6851 5
"3572" "A" 0.08 -0.4125 0.34 1 0 2000 1 5 1.07880966137193 5 1000 5302 5
"3573" "A" 0.08 -0.5775 0.01 1 0 2000 1 5 4.60517018598809 5 1000 5854 5
"3574" "A" 0.08 -0.0825 0.54625 0 1 2000 1 5 0.604678532572337 5 1000 4131 5
"3575" "A" 0.008 -0.04125 0.46375 0 1 2000 1 5 0.768409665060492 5 1000 219 5
"3576" "A" 0.08 -0.33 0.835 1 0.5 2000 1 5 0.180323554131281 5 1000 5075 5
"3577" "A" 0.008 -0.5775 0.9175 1 0 2000 1 5 0.0861026990534116 5 1000 2236 5
"3578" "A" 0.08 -0.61875 0.505 1 0 2000 1 5 0.683196849706777 5 1000 6076 5
"3579" "A" 0.008 -0.9075 0.835 1 0 2000 1 5 0.180323554131281 5 1000 3424 5
"3580" "A" 0.08 -0.37125 0.21625 1 0.5 2000 1 5 1.53132013317015 5 1000 5135 5
"3581" "A" 0.08 -0.66 0.38125 1 0.5 2000 1 5 0.964299951060516 5 1000 6209 5
"3582" "A" 0.08 -0.99 0.2575 0 1 2000 1 5 1.35673555887835 5 1000 7389 5
"3583" "A" 0.08 -0.33 0.29875 1 1 2000 1 5 1.20814817573642 5 1000 4998 5
"3584" "A" 0.08 -0.70125 0.4225 1 0 2000 1 5 0.861565832184908 5 1000 6364 5
"3585" "A" 0.08 -0.33 0.7525 1 0.5 2000 1 5 0.284354282359106 5 1000 5063 5
"3586" "A" 0.08 -0.70125 1 1 1 2000 1 5 0 5 1000 6450 5
"3587" "A" 0.08 -0.99 0.0925 0 0.5 2000 1 5 2.38054663446376 5 1000 7364 5
"3588" "A" 0.08 -0.495 0.62875 1 0 2000 1 5 0.464021557568188 5 1000 5644 5
"3589" "A" 0.008 -0.165 0.71125 1 0 2000 1 5 0.340731293541596 5 1000 706 5
"3590" "A" 0.008 -0.20625 0.54625 0 0 2000 1 5 0.604678532572337 5 1000 829 5
"3591" "A" 0.08 -0.53625 0.67 0 0.5 2000 1 5 0.400477566597125 5 1000 5798 5
"3592" "A" 0.008 -0.20625 0.29875 1 0 2000 1 5 1.20814817573642 5 1000 796 5
"3593" "A" 0.08 -0.86625 0.71125 0 0 2000 1 5 0.340731293541596 5 1000 7003 5
"3594" "A" 0.008 -0.70125 0.7525 0 1 2000 1 5 0.284354282359106 5 1000 2661 5
"3595" "A" 0.008 -0.165 0.62875 0 0.5 2000 1 5 0.464021557568188 5 1000 692 5
"3596" "A" 0.008 -0.9075 0.21625 1 1 2000 1 5 1.53132013317015 5 1000 3336 5
"3597" "A" 0.008 -0.61875 0.21625 1 0 2000 1 5 1.53132013317015 5 1000 2284 5
"3598" "A" 0.008 -0.37125 0.7525 1 0 2000 1 5 0.284354282359106 5 1000 1462 5
"3599" "A" 0.008 -0.12375 0.0925 0 1 2000 1 5 2.38054663446376 5 1000 465 5
"3600" "A" 0.08 -0.99 0.29875 0 1 2000 1 5 1.20814817573642 5 1000 7395 5
"3601" "A" 0.08 -0.12375 0.05125 1 0.5 2000 1 5 2.97103966096362 5 1000 4211 5
"3602" "A" 0.008 -0.7425 0.54625 0 0 2000 1 5 0.604678532572337 5 1000 2779 5
"3603" "A" 0.08 -0.2475 0.175 0 0 2000 1 5 1.74296930505862 5 1000 4675 5
"3604" "A" 0.08 -0.4125 0.505 0 0 2000 1 5 0.683196849706777 5 1000 5323 5
"3605" "A" 0.008 -0.33 0.21625 1 0 2000 1 5 1.53132013317015 5 1000 1234 5
"3606" "A" 0.08 -0.70125 0.175 0 0.5 2000 1 5 1.74296930505862 5 1000 6326 5
"3607" "A" 0.08 -0.37125 0.0925 0 1 2000 1 5 2.38054663446376 5 1000 5115 5
"3608" "A" 0.08 -0.94875 0.175 1 1 2000 1 5 1.74296930505862 5 1000 7230 5
"3609" "A" 0.08 -0.4125 1 1 0.5 2000 1 5 0 5 1000 5399 5
"3610" "A" 0.08 -0.4125 0.71125 1 0.5 2000 1 5 0.340731293541596 5 1000 5357 5
"3611" "A" 0.008 -0.20625 0.7525 0 0 2000 1 5 0.284354282359106 5 1000 859 5
"3612" "A" 0.08 -0.0825 0.38125 0 0.5 2000 1 5 0.964299951060516 5 1000 4106 5
"3613" "A" 0.008 -0.7425 0.13375 1 1 2000 1 5 2.01178289320602 5 1000 2724 5
"3614" "A" 0.08 -0.5775 0.4225 0 0 2000 1 5 0.861565832184908 5 1000 5911 5
"3615" "A" 0.008 -0.9075 1 0 0.5 2000 1 5 0 5 1000 3446 5
"3616" "A" 0.08 -0.37125 0.38125 0 0.5 2000 1 5 0.964299951060516 5 1000 5156 5
"3617" "A" 0.08 0 0.87625 0 1 2000 1 5 0.132103840633337 5 1000 3879 5
"3618" "A" 0.008 -0.2475 0.54625 1 1 2000 1 5 0.604678532572337 5 1000 984 5
"3619" "A" 0.08 -0.4125 0.2575 1 0 2000 1 5 1.35673555887835 5 1000 5290 5
"3620" "A" 0.08 -0.12375 0.71125 1 0 2000 1 5 0.340731293541596 5 1000 4306 5
"3621" "A" 0.008 -0.825 0.505 1 1 2000 1 5 0.683196849706777 5 1000 3078 5
"3622" "A" 0.08 -0.04125 0.9175 1 1 2000 1 5 0.0861026990534116 5 1000 4038 5
"3623" "A" 0.008 0 0.67 0 1 2000 1 5 0.400477566597125 5 1000 99 5
"3624" "A" 0.008 -0.94875 0.34 0 1 2000 1 5 1.07880966137193 5 1000 3501 5
"3625" "A" 0.008 -0.99 0.175 0 0 2000 1 5 1.74296930505862 5 1000 3625 5
"3626" "A" 0.08 -0.86625 0.38125 0 0.5 2000 1 5 0.964299951060516 5 1000 6956 5
"3627" "A" 0.08 -0.9075 0.2575 0 0.5 2000 1 5 1.35673555887835 5 1000 7088 5
"3628" "A" 0.08 -0.0825 0.5875 0 0.5 2000 1 5 0.531879032963823 5 1000 4136 5
"3629" "A" 0.008 -0.2475 0.95875 1 0.5 2000 1 5 0.042124926300671 5 1000 1043 5
"3630" "A" 0.008 -0.9075 0.34 1 0.5 2000 1 5 1.07880966137193 5 1000 3353 5
"3631" "A" 0.08 -0.20625 0.7525 0 1 2000 1 5 0.284354282359106 5 1000 4611 5
"3632" "A" 0.08 -0.04125 0.54625 0 1 2000 1 5 0.604678532572337 5 1000 3981 5
"3633" "A" 0.08 -0.165 1 1 0.5 2000 1 5 0 5 1000 4499 5
"3634" "A" 0.008 -0.165 0.34 1 1 2000 1 5 1.07880966137193 5 1000 654 5
"3635" "A" 0.08 -0.5775 0.2575 0 0 2000 1 5 1.35673555887835 5 1000 5887 5
"3636" "A" 0.08 -0.66 0.62875 0 1 2000 1 5 0.464021557568188 5 1000 6243 5
"3637" "A" 0.08 -0.7425 0.95875 0 0 2000 1 5 0.042124926300671 5 1000 6589 5
"3638" "A" 0.008 -0.45375 0.4225 1 0 2000 1 5 0.861565832184908 5 1000 1714 5
"3639" "A" 0.008 -0.33 0.29875 0 0 2000 1 5 1.20814817573642 5 1000 1243 5
"3640" "A" 0.08 -0.86625 0.38125 0 1 2000 1 5 0.964299951060516 5 1000 6957 5
"3641" "A" 0.08 -0.825 0.9175 1 0.5 2000 1 5 0.0861026990534116 5 1000 6887 5
"3642" "A" 0.008 -0.66 0.79375 0 0 2000 1 5 0.230986728775236 5 1000 2515 5
"3643" "A" 0.008 -0.5775 0.67 1 0 2000 1 5 0.400477566597125 5 1000 2200 5
"3644" "A" 0.008 -0.4125 0.4225 0 0 2000 1 5 0.861565832184908 5 1000 1561 5
"3645" "A" 0.08 -0.53625 0.05125 1 0.5 2000 1 5 2.97103966096362 5 1000 5711 5
"3646" "A" 0.008 -0.165 0.95875 0 1 2000 1 5 0.042124926300671 5 1000 741 5
"3647" "A" 0.08 -0.70125 0.5875 0 0 2000 1 5 0.531879032963823 5 1000 6385 5
"3648" "A" 0.008 -0.7425 0.835 1 0.5 2000 1 5 0.180323554131281 5 1000 2825 5
"3649" "A" 0.008 -0.53625 0.54625 1 0 2000 1 5 0.604678532572337 5 1000 2032 5
"3650" "A" 0.08 0 0.54625 0 0.5 2000 1 5 0.604678532572337 5 1000 3830 5
"3651" "A" 0.008 -0.825 0.13375 1 1 2000 1 5 2.01178289320602 5 1000 3024 5
"3652" "A" 0.08 -0.7425 0.7525 1 1 2000 1 5 0.284354282359106 5 1000 6564 5
"3653" "A" 0.08 -0.78375 0.7525 0 0.5 2000 1 5 0.284354282359106 5 1000 6710 5
"3654" "A" 0.08 -0.495 0.5875 1 0 2000 1 5 0.531879032963823 5 1000 5638 5
"3655" "A" 0.08 -0.37125 0.95875 1 0 2000 1 5 0.042124926300671 5 1000 5242 5
"3656" "A" 0.008 -0.2475 0.5875 0 0.5 2000 1 5 0.531879032963823 5 1000 986 5
"3657" "A" 0.008 -0.28875 0.01 1 1 2000 1 5 4.60517018598809 5 1000 1056 5
"3658" "A" 0.08 -0.9075 0.9175 0 1 2000 1 5 0.0861026990534116 5 1000 7185 5
"3659" "A" 0.08 -0.825 0.54625 0 1 2000 1 5 0.604678532572337 5 1000 6831 5
"3660" "A" 0.008 -0.94875 0.46375 1 0.5 2000 1 5 0.768409665060492 5 1000 3521 5
"3661" "A" 0.008 -0.70125 0.62875 1 1 2000 1 5 0.464021557568188 5 1000 2646 5
"3662" "A" 0.008 -0.94875 0.87625 1 1 2000 1 5 0.132103840633337 5 1000 3582 5
"3663" "A" 0.008 -0.37125 0.29875 0 0.5 2000 1 5 1.20814817573642 5 1000 1394 5
"3664" "A" 0.008 -0.33 0.5875 0 0.5 2000 1 5 0.531879032963823 5 1000 1286 5
"3665" "A" 0.08 -0.28875 0.29875 0 0 2000 1 5 1.20814817573642 5 1000 4843 5
"3666" "A" 0.08 -0.28875 0.13375 0 0.5 2000 1 5 2.01178289320602 5 1000 4820 5
"3667" "A" 0.08 -0.37125 0.71125 1 0.5 2000 1 5 0.340731293541596 5 1000 5207 5
"3668" "A" 0.08 -0.12375 0.4225 1 0 2000 1 5 0.861565832184908 5 1000 4264 5
"3669" "A" 0.008 -0.61875 0.05125 1 0.5 2000 1 5 2.97103966096362 5 1000 2261 5
"3670" "A" 0.08 -0.7425 1 1 0 2000 1 5 0 5 1000 6598 5
"3671" "A" 0.08 -0.78375 0.9175 1 0 2000 1 5 0.0861026990534116 5 1000 6736 5
"3672" "A" 0.08 -0.33 0.4225 1 0.5 2000 1 5 0.861565832184908 5 1000 5015 5
"3673" "A" 0.08 -0.37125 0.2575 0 0.5 2000 1 5 1.35673555887835 5 1000 5138 5
"3674" "A" 0.08 -0.0825 0.29875 0 0 2000 1 5 1.20814817573642 5 1000 4093 5
"3675" "A" 0.008 -0.70125 0.71125 0 0.5 2000 1 5 0.340731293541596 5 1000 2654 5
"3676" "A" 0.008 -0.12375 0.21625 1 0 2000 1 5 1.53132013317015 5 1000 484 5
"3677" "A" 0.08 -0.45375 0.7525 0 0 2000 1 5 0.284354282359106 5 1000 5509 5
"3678" "A" 0.08 -0.86625 0.95875 1 0 2000 1 5 0.042124926300671 5 1000 7042 5
"3679" "A" 0.08 -0.33 0.21625 0 1 2000 1 5 1.53132013317015 5 1000 4983 5
"3680" "A" 0.08 -0.9075 0.175 1 0.5 2000 1 5 1.74296930505862 5 1000 7079 5
"3681" "A" 0.08 -0.37125 0.29875 0 0 2000 1 5 1.20814817573642 5 1000 5143 5
"3682" "A" 0.008 -0.9075 0.5875 1 1 2000 1 5 0.531879032963823 5 1000 3390 5
"3683" "A" 0.08 -0.33 0.2575 0 0 2000 1 5 1.35673555887835 5 1000 4987 5
"3684" "A" 0.08 -0.12375 0.34 1 1 2000 1 5 1.07880966137193 5 1000 4254 5
"3685" "A" 0.008 -0.4125 0.0925 0 1 2000 1 5 2.38054663446376 5 1000 1515 5
"3686" "A" 0.008 -0.7425 0.9175 0 1 2000 1 5 0.0861026990534116 5 1000 2835 5
"3687" "A" 0.008 -0.04125 0.175 0 0.5 2000 1 5 1.74296930505862 5 1000 176 5
"3688" "A" 0.008 -0.04125 0.5875 1 0 2000 1 5 0.531879032963823 5 1000 238 5
"3689" "A" 0.08 -0.7425 1 1 0.5 2000 1 5 0 5 1000 6599 5
"3690" "A" 0.08 -0.12375 0.38125 1 0 2000 1 5 0.964299951060516 5 1000 4258 5
"3691" "A" 0.08 -0.94875 0.54625 0 1 2000 1 5 0.604678532572337 5 1000 7281 5
"3692" "A" 0.008 -0.94875 0.505 1 0.5 2000 1 5 0.683196849706777 5 1000 3527 5
"3693" "A" 0.008 -0.9075 0.67 0 1 2000 1 5 0.400477566597125 5 1000 3399 5
"3694" "A" 0.08 -0.99 0.79375 0 0.5 2000 1 5 0.230986728775236 5 1000 7466 5
"3695" "A" 0.08 -0.20625 0.01 0 0.5 2000 1 5 4.60517018598809 5 1000 4502 5
"3696" "A" 0.08 -0.165 0.5875 0 0 2000 1 5 0.531879032963823 5 1000 4435 5
"3697" "A" 0.08 -0.2475 0.79375 1 0.5 2000 1 5 0.230986728775236 5 1000 4769 5
"3698" "A" 0.008 -0.165 0.835 0 0 2000 1 5 0.180323554131281 5 1000 721 5
"3699" "A" 0.008 -0.53625 0.29875 0 0 2000 1 5 1.20814817573642 5 1000 1993 5
"3700" "A" 0.008 -0.495 0.46375 1 0 2000 1 5 0.768409665060492 5 1000 1870 5
"3701" "A" 0.08 -0.70125 0.9175 1 0 2000 1 5 0.0861026990534116 5 1000 6436 5
"3702" "A" 0.008 -0.70125 0.21625 1 1 2000 1 5 1.53132013317015 5 1000 2586 5
"3703" "A" 0.08 -0.70125 0.0925 0 0 2000 1 5 2.38054663446376 5 1000 6313 5
"3704" "A" 0.008 -0.99 0.4225 1 0 2000 1 5 0.861565832184908 5 1000 3664 5
"3705" "A" 0.008 -0.2475 0.87625 0 0 2000 1 5 0.132103840633337 5 1000 1027 5
"3706" "A" 0.008 -0.165 0.87625 1 0 2000 1 5 0.132103840633337 5 1000 730 5
"3707" "A" 0.08 -0.20625 0.62875 0 1 2000 1 5 0.464021557568188 5 1000 4593 5
"3708" "A" 0.08 -0.78375 0.01 1 0.5 2000 1 5 4.60517018598809 5 1000 6605 5
"3709" "A" 0.008 -0.66 0.5875 1 0 2000 1 5 0.531879032963823 5 1000 2488 5
"3710" "A" 0.008 -0.78375 0.71125 1 0.5 2000 1 5 0.340731293541596 5 1000 2957 5
"3711" "A" 0.08 -0.70125 0.01 1 0.5 2000 1 5 4.60517018598809 5 1000 6305 5
"3712" "A" 0.08 -0.0825 0.67 0 0 2000 1 5 0.400477566597125 5 1000 4147 5
"3713" "A" 0.008 -0.0825 0.87625 0 1 2000 1 5 0.132103840633337 5 1000 429 5
"3714" "A" 0.08 -0.4125 0.54625 1 0 2000 1 5 0.604678532572337 5 1000 5332 5
"3715" "A" 0.08 -0.0825 0.01 1 0.5 2000 1 5 4.60517018598809 5 1000 4055 5
"3716" "A" 0.008 -0.12375 1 1 0.5 2000 1 5 0 5 1000 599 5
"3717" "A" 0.008 -0.4125 0.9175 1 0 2000 1 5 0.0861026990534116 5 1000 1636 5
"3718" "A" 0.08 -0.66 0.34 0 0.5 2000 1 5 1.07880966137193 5 1000 6200 5
"3719" "A" 0.008 -0.78375 0.4225 1 1 2000 1 5 0.861565832184908 5 1000 2916 5
"3720" "A" 0.08 -0.7425 0.7525 1 0.5 2000 1 5 0.284354282359106 5 1000 6563 5
"3721" "A" 0.008 -0.7425 0.5875 1 0 2000 1 5 0.531879032963823 5 1000 2788 5
"3722" "A" 0.008 -0.165 0.4225 0 0 2000 1 5 0.861565832184908 5 1000 661 5
"3723" "A" 0.008 -0.2475 0.29875 1 1 2000 1 5 1.20814817573642 5 1000 948 5
"3724" "A" 0.08 0 0.505 1 0 2000 1 5 0.683196849706777 5 1000 3826 5
"3725" "A" 0.08 -0.86625 0.9175 1 1 2000 1 5 0.0861026990534116 5 1000 7038 5
"3726" "A" 0.008 0 0.5875 1 1 2000 1 5 0.531879032963823 5 1000 90 5
"3727" "A" 0.008 -0.37125 0.71125 1 0.5 2000 1 5 0.340731293541596 5 1000 1457 5
"3728" "A" 0.008 -0.04125 0.01 1 0.5 2000 1 5 4.60517018598809 5 1000 155 5
"3729" "A" 0.08 -0.78375 0.34 1 1 2000 1 5 1.07880966137193 5 1000 6654 5
"3730" "A" 0.008 -0.66 1 0 1 2000 1 5 0 5 1000 2547 5
"3731" "A" 0.08 -0.0825 0.67 1 0 2000 1 5 0.400477566597125 5 1000 4150 5
"3732" "A" 0.08 -0.66 0.21625 1 1 2000 1 5 1.53132013317015 5 1000 6186 5
"3733" "A" 0.008 -0.20625 0.67 0 1 2000 1 5 0.400477566597125 5 1000 849 5
"3734" "A" 0.008 -0.66 0.71125 1 0.5 2000 1 5 0.340731293541596 5 1000 2507 5
"3735" "A" 0.08 -0.99 0.34 0 1 2000 1 5 1.07880966137193 5 1000 7401 5
"3736" "A" 0.08 -0.9075 0.175 1 0 2000 1 5 1.74296930505862 5 1000 7078 5
"3737" "A" 0.008 -0.165 0.95875 1 0.5 2000 1 5 0.042124926300671 5 1000 743 5
"3738" "A" 0.008 -0.66 0.505 0 0 2000 1 5 0.683196849706777 5 1000 2473 5
"3739" "A" 0.08 0 0.34 1 1 2000 1 5 1.07880966137193 5 1000 3804 5
"3740" "A" 0.008 -0.61875 0.7525 0 0.5 2000 1 5 0.284354282359106 5 1000 2360 5
"3741" "A" 0.008 -0.53625 0.05125 1 0.5 2000 1 5 2.97103966096362 5 1000 1961 5
"3742" "A" 0.008 -0.70125 0.62875 0 1 2000 1 5 0.464021557568188 5 1000 2643 5
"3743" "A" 0.008 -0.12375 0.62875 1 1 2000 1 5 0.464021557568188 5 1000 546 5
"3744" "A" 0.08 -0.12375 0.7525 0 0.5 2000 1 5 0.284354282359106 5 1000 4310 5
"3745" "A" 0.008 -0.9075 0.95875 1 1 2000 1 5 0.042124926300671 5 1000 3444 5
"3746" "A" 0.008 -0.53625 0.835 1 1 2000 1 5 0.180323554131281 5 1000 2076 5
"3747" "A" 0.008 -0.12375 0.46375 1 1 2000 1 5 0.768409665060492 5 1000 522 5
"3748" "A" 0.008 -0.70125 0.21625 1 0.5 2000 1 5 1.53132013317015 5 1000 2585 5
"3749" "A" 0.008 -0.5775 0.54625 0 0.5 2000 1 5 0.604678532572337 5 1000 2180 5
"3750" "A" 0.08 -0.12375 0.71125 1 0.5 2000 1 5 0.340731293541596 5 1000 4307 5
"3751" "A" 0.08 -0.78375 0.7525 1 0 2000 1 5 0.284354282359106 5 1000 6712 5
"3752" "A" 0.08 -0.61875 0.87625 1 0 2000 1 5 0.132103840633337 5 1000 6130 5
"3753" "A" 0.008 -0.66 0.71125 1 1 2000 1 5 0.340731293541596 5 1000 2508 5
"3754" "A" 0.08 -0.28875 0.13375 0 1 2000 1 5 2.01178289320602 5 1000 4821 5
"3755" "A" 0.008 -0.5775 0.38125 0 0 2000 1 5 0.964299951060516 5 1000 2155 5
"3756" "A" 0.008 -0.66 0.87625 1 1 2000 1 5 0.132103840633337 5 1000 2532 5
"3757" "A" 0.008 0 0.505 0 1 2000 1 5 0.683196849706777 5 1000 75 5
"3758" "A" 0.008 -0.94875 0.38125 0 0.5 2000 1 5 0.964299951060516 5 1000 3506 5
"3759" "A" 0.008 -0.28875 0.4225 1 1 2000 1 5 0.861565832184908 5 1000 1116 5
"3760" "A" 0.08 -0.2475 0.71125 1 0 2000 1 5 0.340731293541596 5 1000 4756 5
"3761" "A" 0.08 -0.37125 0.5875 1 0.5 2000 1 5 0.531879032963823 5 1000 5189 5
"3762" "A" 0.008 -0.86625 0.79375 0 0 2000 1 5 0.230986728775236 5 1000 3265 5
"3763" "A" 0.08 -0.4125 0.175 1 1 2000 1 5 1.74296930505862 5 1000 5280 5
"3764" "A" 0.08 -0.12375 0.67 0 0.5 2000 1 5 0.400477566597125 5 1000 4298 5
"3765" "A" 0.08 -0.04125 0.05125 1 1 2000 1 5 2.97103966096362 5 1000 3912 5
"3766" "A" 0.08 -0.28875 0.5875 1 1 2000 1 5 0.531879032963823 5 1000 4890 5
"3767" "A" 0.008 -0.66 0.835 1 1 2000 1 5 0.180323554131281 5 1000 2526 5
"3768" "A" 0.008 -0.825 0.95875 0 0 2000 1 5 0.042124926300671 5 1000 3139 5
"3769" "A" 0.008 -0.825 0.87625 0 0.5 2000 1 5 0.132103840633337 5 1000 3128 5
"3770" "A" 0.008 -0.5775 0.505 1 0 2000 1 5 0.683196849706777 5 1000 2176 5
"3771" "A" 0.08 -0.20625 1 0 0.5 2000 1 5 0 5 1000 4646 5
"3772" "A" 0.008 -0.28875 0.21625 0 0 2000 1 5 1.53132013317015 5 1000 1081 5
"3773" "A" 0.08 -0.37125 0.29875 1 1 2000 1 5 1.20814817573642 5 1000 5148 5
"3774" "A" 0.08 -0.37125 0.9175 1 0 2000 1 5 0.0861026990534116 5 1000 5236 5
"3775" "A" 0.008 -0.165 0.95875 1 1 2000 1 5 0.042124926300671 5 1000 744 5
"3776" "A" 0.008 -0.78375 0.62875 0 0.5 2000 1 5 0.464021557568188 5 1000 2942 5
"3777" "A" 0.08 -0.9075 0.9175 1 0.5 2000 1 5 0.0861026990534116 5 1000 7187 5
"3778" "A" 0.008 -0.61875 0.13375 1 0 2000 1 5 2.01178289320602 5 1000 2272 5
"3779" "A" 0.08 -0.495 1 1 0.5 2000 1 5 0 5 1000 5699 5
"3780" "A" 0.08 -0.495 0.71125 0 0 2000 1 5 0.340731293541596 5 1000 5653 5
"3781" "A" 0.008 -0.20625 0.54625 0 0.5 2000 1 5 0.604678532572337 5 1000 830 5
"3782" "A" 0.008 -0.7425 0.34 1 1 2000 1 5 1.07880966137193 5 1000 2754 5
"3783" "A" 0.08 -0.20625 0.175 0 1 2000 1 5 1.74296930505862 5 1000 4527 5
"3784" "A" 0.008 -0.86625 0.71125 1 1 2000 1 5 0.340731293541596 5 1000 3258 5
"3785" "A" 0.08 -0.86625 0.38125 1 1 2000 1 5 0.964299951060516 5 1000 6960 5
"3786" "A" 0.08 -0.78375 0.29875 1 0.5 2000 1 5 1.20814817573642 5 1000 6647 5
"3787" "A" 0.08 -0.28875 0.38125 0 1 2000 1 5 0.964299951060516 5 1000 4857 5
"3788" "A" 0.08 -0.78375 0.13375 0 0 2000 1 5 2.01178289320602 5 1000 6619 5
"3789" "A" 0.008 -0.61875 0.7525 0 0 2000 1 5 0.284354282359106 5 1000 2359 5
"3790" "A" 0.08 -0.7425 0.835 1 1 2000 1 5 0.180323554131281 5 1000 6576 5
"3791" "A" 0.08 -0.4125 0.01 1 1 2000 1 5 4.60517018598809 5 1000 5256 5
"3792" "A" 0.08 -0.94875 0.0925 1 0.5 2000 1 5 2.38054663446376 5 1000 7217 5
"3793" "A" 0.008 -0.37125 0.9175 0 0.5 2000 1 5 0.0861026990534116 5 1000 1484 5
"3794" "A" 0.08 -0.12375 0.175 0 1 2000 1 5 1.74296930505862 5 1000 4227 5
"3795" "A" 0.08 -0.45375 0.9175 1 1 2000 1 5 0.0861026990534116 5 1000 5538 5
"3796" "A" 0.008 -0.7425 0.62875 0 0.5 2000 1 5 0.464021557568188 5 1000 2792 5
"3797" "A" 0.08 -0.61875 0.835 0 0.5 2000 1 5 0.180323554131281 5 1000 6122 5
"3798" "A" 0.08 -0.66 0.71125 0 1 2000 1 5 0.340731293541596 5 1000 6255 5
"3799" "A" 0.008 -0.495 0.175 1 0.5 2000 1 5 1.74296930505862 5 1000 1829 5
"3800" "A" 0.08 -0.20625 0.71125 0 0.5 2000 1 5 0.340731293541596 5 1000 4604 5
"3801" "A" 0.008 -0.7425 0.34 0 0 2000 1 5 1.07880966137193 5 1000 2749 5
"3802" "A" 0.08 -0.20625 0.5875 0 0 2000 1 5 0.531879032963823 5 1000 4585 5
"3803" "A" 0.008 -0.28875 0.34 1 1 2000 1 5 1.07880966137193 5 1000 1104 5
"3804" "A" 0.008 -0.495 0.01 1 0.5 2000 1 5 4.60517018598809 5 1000 1805 5
"3805" "A" 0.08 0 0.95875 1 0.5 2000 1 5 0.042124926300671 5 1000 3893 5
"3806" "A" 0.08 -0.70125 0.46375 0 1 2000 1 5 0.768409665060492 5 1000 6369 5
"3807" "A" 0.08 -0.04125 0.34 0 0 2000 1 5 1.07880966137193 5 1000 3949 5
"3808" "A" 0.008 -0.20625 0.34 0 0 2000 1 5 1.07880966137193 5 1000 799 5
"3809" "A" 0.008 -0.94875 0.9175 1 0 2000 1 5 0.0861026990534116 5 1000 3586 5
"3810" "A" 0.08 -0.12375 0.4225 1 0.5 2000 1 5 0.861565832184908 5 1000 4265 5
"3811" "A" 0.08 -0.99 0.01 1 0 2000 1 5 4.60517018598809 5 1000 7354 5
"3812" "A" 0.008 0 0.54625 0 0 2000 1 5 0.604678532572337 5 1000 79 5
"3813" "A" 0.08 0 0.67 1 1 2000 1 5 0.400477566597125 5 1000 3852 5
"3814" "A" 0.008 -0.86625 0.21625 0 0.5 2000 1 5 1.53132013317015 5 1000 3182 5
"3815" "A" 0.08 -0.5775 0.54625 1 0 2000 1 5 0.604678532572337 5 1000 5932 5
"3816" "A" 0.008 -0.53625 0.4225 1 0 2000 1 5 0.861565832184908 5 1000 2014 5
"3817" "A" 0.008 -0.12375 0.01 0 0.5 2000 1 5 4.60517018598809 5 1000 452 5
"3818" "A" 0.008 -0.165 0.87625 1 0.5 2000 1 5 0.132103840633337 5 1000 731 5
"3819" "A" 0.08 -0.28875 0.835 1 0 2000 1 5 0.180323554131281 5 1000 4924 5
"3820" "A" 0.08 -0.4125 0.34 0 0 2000 1 5 1.07880966137193 5 1000 5299 5
"3821" "A" 0.08 -0.0825 0.29875 0 0.5 2000 1 5 1.20814817573642 5 1000 4094 5
"3822" "A" 0.008 -0.94875 0.01 0 1 2000 1 5 4.60517018598809 5 1000 3453 5
"3823" "A" 0.008 -0.94875 0.175 1 1 2000 1 5 1.74296930505862 5 1000 3480 5
"3824" "A" 0.08 -0.45375 0.505 0 0.5 2000 1 5 0.683196849706777 5 1000 5474 5
"3825" "A" 0.08 -0.99 0.79375 1 1 2000 1 5 0.230986728775236 5 1000 7470 5
"3826" "A" 0.008 -0.12375 0.05125 0 0 2000 1 5 2.97103966096362 5 1000 457 5
"3827" "A" 0.008 0 0.71125 1 1 2000 1 5 0.340731293541596 5 1000 108 5
"3828" "A" 0.08 0 0.29875 0 1 2000 1 5 1.20814817573642 5 1000 3795 5
"3829" "A" 0.008 -0.86625 0.71125 1 0.5 2000 1 5 0.340731293541596 5 1000 3257 5
"3830" "A" 0.08 -0.165 0.21625 0 1 2000 1 5 1.53132013317015 5 1000 4383 5
"3831" "A" 0.008 -0.61875 0.835 0 1 2000 1 5 0.180323554131281 5 1000 2373 5
"3832" "A" 0.08 -0.7425 0.7525 0 0 2000 1 5 0.284354282359106 5 1000 6559 5
"3833" "A" 0.008 -0.66 0.21625 0 1 2000 1 5 1.53132013317015 5 1000 2433 5
"3834" "A" 0.08 -0.495 0.9175 0 0.5 2000 1 5 0.0861026990534116 5 1000 5684 5
"3835" "A" 0.08 -0.94875 0.835 0 0 2000 1 5 0.180323554131281 5 1000 7321 5
"3836" "A" 0.08 -0.04125 0.835 0 1 2000 1 5 0.180323554131281 5 1000 4023 5
"3837" "A" 0.008 -0.2475 0.7525 0 0.5 2000 1 5 0.284354282359106 5 1000 1010 5
"3838" "A" 0.008 0 0.835 0 0 2000 1 5 0.180323554131281 5 1000 121 5
"3839" "A" 0.08 0 0.13375 0 0.5 2000 1 5 2.01178289320602 5 1000 3770 5
"3840" "A" 0.08 -0.94875 0.4225 0 0.5 2000 1 5 0.861565832184908 5 1000 7262 5
"3841" "A" 0.008 -0.495 0.54625 0 1 2000 1 5 0.604678532572337 5 1000 1881 5
"3842" "A" 0.08 -0.45375 0.13375 0 1 2000 1 5 2.01178289320602 5 1000 5421 5
"3843" "A" 0.08 -0.2475 0.87625 0 0.5 2000 1 5 0.132103840633337 5 1000 4778 5
"3844" "A" 0.08 -0.53625 0.95875 1 1 2000 1 5 0.042124926300671 5 1000 5844 5
"3845" "A" 0.08 -0.0825 0.46375 1 0 2000 1 5 0.768409665060492 5 1000 4120 5
"3846" "A" 0.008 -0.0825 0.46375 0 0 2000 1 5 0.768409665060492 5 1000 367 5
"3847" "A" 0.08 -0.66 0.2575 1 0 2000 1 5 1.35673555887835 5 1000 6190 5
"3848" "A" 0.08 -0.99 0.05125 1 0.5 2000 1 5 2.97103966096362 5 1000 7361 5
"3849" "A" 0.08 -0.825 0.01 0 0.5 2000 1 5 4.60517018598809 5 1000 6752 5
"3850" "A" 0.008 -0.0825 0.13375 0 0.5 2000 1 5 2.01178289320602 5 1000 320 5
"3851" "A" 0.008 0 0.95875 0 0.5 2000 1 5 0.042124926300671 5 1000 140 5
"3852" "A" 0.008 -0.04125 0.01 0 1 2000 1 5 4.60517018598809 5 1000 153 5
"3853" "A" 0.08 -0.7425 0.34 1 1 2000 1 5 1.07880966137193 5 1000 6504 5
"3854" "A" 0.08 -0.33 0.13375 0 0 2000 1 5 2.01178289320602 5 1000 4969 5
"3855" "A" 0.008 -0.04125 0.505 1 0 2000 1 5 0.683196849706777 5 1000 226 5
"3856" "A" 0.08 -0.70125 0.0925 1 0.5 2000 1 5 2.38054663446376 5 1000 6317 5
"3857" "A" 0.008 -0.53625 0.175 0 1 2000 1 5 1.74296930505862 5 1000 1977 5
"3858" "A" 0.008 -0.12375 0.54625 1 0 2000 1 5 0.604678532572337 5 1000 532 5
"3859" "A" 0.008 -0.0825 0.2575 0 1 2000 1 5 1.35673555887835 5 1000 339 5
"3860" "A" 0.008 -0.53625 0.13375 1 0 2000 1 5 2.01178289320602 5 1000 1972 5
"3861" "A" 0.08 0 1 1 0.5 2000 1 5 0 5 1000 3899 5
"3862" "A" 0.008 -0.12375 0.505 1 1 2000 1 5 0.683196849706777 5 1000 528 5
"3863" "A" 0.08 -0.45375 0.29875 1 1 2000 1 5 1.20814817573642 5 1000 5448 5
"3864" "A" 0.08 -0.495 0.29875 1 1 2000 1 5 1.20814817573642 5 1000 5598 5
"3865" "A" 0.08 -0.5775 0.9175 1 1 2000 1 5 0.0861026990534116 5 1000 5988 5
"3866" "A" 0.08 -0.825 0.21625 1 1 2000 1 5 1.53132013317015 5 1000 6786 5
"3867" "A" 0.008 -0.04125 0.87625 0 0 2000 1 5 0.132103840633337 5 1000 277 5
"3868" "A" 0.008 -0.04125 1 0 1 2000 1 5 0 5 1000 297 5
"3869" "A" 0.08 -0.12375 0.505 0 1 2000 1 5 0.683196849706777 5 1000 4275 5
"3870" "A" 0.008 -0.45375 0.87625 0 0 2000 1 5 0.132103840633337 5 1000 1777 5
"3871" "A" 0.008 -0.33 0.0925 0 1 2000 1 5 2.38054663446376 5 1000 1215 5
"3872" "A" 0.008 0 0.62875 0 0.5 2000 1 5 0.464021557568188 5 1000 92 5
"3873" "A" 0.08 -0.5775 0.29875 0 1 2000 1 5 1.20814817573642 5 1000 5895 5
"3874" "A" 0.008 -0.94875 0.95875 0 1 2000 1 5 0.042124926300671 5 1000 3591 5
"3875" "A" 0.08 -0.94875 0.62875 0 0 2000 1 5 0.464021557568188 5 1000 7291 5
"3876" "A" 0.08 -0.94875 0.175 1 0 2000 1 5 1.74296930505862 5 1000 7228 5
"3877" "A" 0.08 -0.495 1 1 0 2000 1 5 0 5 1000 5698 5
"3878" "A" 0.008 -0.86625 0.175 1 1 2000 1 5 1.74296930505862 5 1000 3180 5
"3879" "A" 0.08 -0.4125 0.79375 0 0 2000 1 5 0.230986728775236 5 1000 5365 5
"3880" "A" 0.008 -0.86625 0.54625 1 0 2000 1 5 0.604678532572337 5 1000 3232 5
"3881" "A" 0.008 -0.94875 0.5875 1 0.5 2000 1 5 0.531879032963823 5 1000 3539 5
"3882" "A" 0.08 -0.78375 0.175 1 1 2000 1 5 1.74296930505862 5 1000 6630 5
"3883" "A" 0.08 -0.165 0.71125 0 0 2000 1 5 0.340731293541596 5 1000 4453 5
"3884" "A" 0.008 -0.78375 0.175 0 0.5 2000 1 5 1.74296930505862 5 1000 2876 5
"3885" "A" 0.08 -0.495 0.38125 1 0 2000 1 5 0.964299951060516 5 1000 5608 5
"3886" "A" 0.008 -0.45375 0.34 1 0.5 2000 1 5 1.07880966137193 5 1000 1703 5
"3887" "A" 0.008 0 0.835 1 0 2000 1 5 0.180323554131281 5 1000 124 5
"3888" "A" 0.008 -0.165 0.01 0 0.5 2000 1 5 4.60517018598809 5 1000 602 5
"3889" "A" 0.08 -0.5775 0.54625 0 0.5 2000 1 5 0.604678532572337 5 1000 5930 5
"3890" "A" 0.08 -0.2475 0.46375 0 0.5 2000 1 5 0.768409665060492 5 1000 4718 5
"3891" "A" 0.008 -0.61875 0.175 0 0 2000 1 5 1.74296930505862 5 1000 2275 5
"3892" "A" 0.08 -0.0825 0.54625 1 0 2000 1 5 0.604678532572337 5 1000 4132 5
"3893" "A" 0.008 -0.33 0.13375 0 0 2000 1 5 2.01178289320602 5 1000 1219 5
"3894" "A" 0.008 -0.2475 0.67 0 0 2000 1 5 0.400477566597125 5 1000 997 5
"3895" "A" 0.008 -0.7425 0.13375 1 0 2000 1 5 2.01178289320602 5 1000 2722 5
"3896" "A" 0.008 -0.45375 0.01 1 0 2000 1 5 4.60517018598809 5 1000 1654 5
"3897" "A" 0.008 -0.20625 0.79375 1 0.5 2000 1 5 0.230986728775236 5 1000 869 5
"3898" "A" 0.08 -0.20625 0.835 1 0 2000 1 5 0.180323554131281 5 1000 4624 5
"3899" "A" 0.008 -0.94875 0.54625 0 1 2000 1 5 0.604678532572337 5 1000 3531 5
"3900" "A" 0.08 -0.37125 0.7525 1 0.5 2000 1 5 0.284354282359106 5 1000 5213 5
"3901" "A" 0.08 -0.165 0.9175 1 1 2000 1 5 0.0861026990534116 5 1000 4488 5
"3902" "A" 0.08 -0.12375 0.7525 0 0 2000 1 5 0.284354282359106 5 1000 4309 5
"3903" "A" 0.08 -0.4125 0.4225 1 0 2000 1 5 0.861565832184908 5 1000 5314 5
"3904" "A" 0.08 -0.2475 0.21625 1 0.5 2000 1 5 1.53132013317015 5 1000 4685 5
"3905" "A" 0.008 -0.5775 0.9175 0 1 2000 1 5 0.0861026990534116 5 1000 2235 5
"3906" "A" 0.008 -0.165 0.21625 0 1 2000 1 5 1.53132013317015 5 1000 633 5
"3907" "A" 0.08 -0.495 0.7525 0 1 2000 1 5 0.284354282359106 5 1000 5661 5
"3908" "A" 0.08 -0.53625 0.2575 1 1 2000 1 5 1.35673555887835 5 1000 5742 5
"3909" "A" 0.008 0 0.2575 0 0.5 2000 1 5 1.35673555887835 5 1000 38 5
"3910" "A" 0.08 -0.7425 0.2575 0 0 2000 1 5 1.35673555887835 5 1000 6487 5
"3911" "A" 0.08 -0.28875 0.38125 1 0 2000 1 5 0.964299951060516 5 1000 4858 5
"3912" "A" 0.08 -0.2475 0.01 1 1 2000 1 5 4.60517018598809 5 1000 4656 5
"3913" "A" 0.08 -0.61875 0.67 1 0 2000 1 5 0.400477566597125 5 1000 6100 5
"3914" "A" 0.08 -0.94875 0.54625 1 0.5 2000 1 5 0.604678532572337 5 1000 7283 5
"3915" "A" 0.08 -0.78375 0.29875 0 0 2000 1 5 1.20814817573642 5 1000 6643 5
"3916" "A" 0.08 -0.5775 0.505 0 0 2000 1 5 0.683196849706777 5 1000 5923 5
"3917" "A" 0.08 -0.78375 0.46375 1 0 2000 1 5 0.768409665060492 5 1000 6670 5
"3918" "A" 0.008 -0.4125 0.79375 0 0 2000 1 5 0.230986728775236 5 1000 1615 5
"3919" "A" 0.008 -0.7425 0.7525 1 0 2000 1 5 0.284354282359106 5 1000 2812 5
"3920" "A" 0.08 -0.78375 0.505 0 1 2000 1 5 0.683196849706777 5 1000 6675 5
"3921" "A" 0.008 -0.495 0.01 1 1 2000 1 5 4.60517018598809 5 1000 1806 5
"3922" "A" 0.008 -0.7425 0.95875 1 1 2000 1 5 0.042124926300671 5 1000 2844 5
"3923" "A" 0.08 -0.99 1 0 1 2000 1 5 0 5 1000 7497 5
"3924" "A" 0.008 -0.99 1 1 0 2000 1 5 0 5 1000 3748 5
"3925" "A" 0.08 -0.78375 0.05125 1 1 2000 1 5 2.97103966096362 5 1000 6612 5
"3926" "A" 0.008 -0.33 0.5875 0 0 2000 1 5 0.531879032963823 5 1000 1285 5
"3927" "A" 0.008 -0.0825 0.21625 0 1 2000 1 5 1.53132013317015 5 1000 333 5
"3928" "A" 0.08 -0.86625 0.29875 0 0.5 2000 1 5 1.20814817573642 5 1000 6944 5
"3929" "A" 0.08 -0.20625 0.46375 1 0.5 2000 1 5 0.768409665060492 5 1000 4571 5
"3930" "A" 0.08 -0.20625 0.21625 1 0 2000 1 5 1.53132013317015 5 1000 4534 5
"3931" "A" 0.08 -0.9075 0.87625 0 0 2000 1 5 0.132103840633337 5 1000 7177 5
"3932" "A" 0.008 -0.70125 0.67 0 0 2000 1 5 0.400477566597125 5 1000 2647 5
"3933" "A" 0.008 -0.495 0.835 1 1 2000 1 5 0.180323554131281 5 1000 1926 5
"3934" "A" 0.08 -0.2475 0.87625 1 0 2000 1 5 0.132103840633337 5 1000 4780 5
"3935" "A" 0.008 -0.0825 0.01 1 1 2000 1 5 4.60517018598809 5 1000 306 5
"3936" "A" 0.008 -0.7425 0.38125 1 0.5 2000 1 5 0.964299951060516 5 1000 2759 5
"3937" "A" 0.008 0 0.54625 1 1 2000 1 5 0.604678532572337 5 1000 84 5
"3938" "A" 0.008 -0.99 0.71125 0 0 2000 1 5 0.340731293541596 5 1000 3703 5
"3939" "A" 0.08 -0.33 0.835 0 0 2000 1 5 0.180323554131281 5 1000 5071 5
"3940" "A" 0.08 -0.0825 0.4225 0 0 2000 1 5 0.861565832184908 5 1000 4111 5
"3941" "A" 0.008 -0.20625 1 1 1 2000 1 5 0 5 1000 900 5
"3942" "A" 0.008 -0.94875 0.54625 1 1 2000 1 5 0.604678532572337 5 1000 3534 5
"3943" "A" 0.008 -0.61875 0.62875 1 0 2000 1 5 0.464021557568188 5 1000 2344 5
"3944" "A" 0.08 -0.78375 0.21625 1 0 2000 1 5 1.53132013317015 5 1000 6634 5
"3945" "A" 0.008 -0.78375 0.13375 1 0.5 2000 1 5 2.01178289320602 5 1000 2873 5
"3946" "A" 0.008 -0.94875 0.71125 0 1 2000 1 5 0.340731293541596 5 1000 3555 5
"3947" "A" 0.08 -0.20625 0.67 0 0 2000 1 5 0.400477566597125 5 1000 4597 5
"3948" "A" 0.08 -0.495 0.05125 0 1 2000 1 5 2.97103966096362 5 1000 5559 5
"3949" "A" 0.08 -0.33 0.9175 1 0 2000 1 5 0.0861026990534116 5 1000 5086 5
"3950" "A" 0.08 -0.53625 0.5875 0 0.5 2000 1 5 0.531879032963823 5 1000 5786 5
"3951" "A" 0.08 -0.70125 0.34 0 1 2000 1 5 1.07880966137193 5 1000 6351 5
"3952" "A" 0.008 -0.33 0.5875 1 0.5 2000 1 5 0.531879032963823 5 1000 1289 5
"3953" "A" 0.08 -0.78375 0.835 1 0.5 2000 1 5 0.180323554131281 5 1000 6725 5
"3954" "A" 0.08 -0.4125 0.505 1 0.5 2000 1 5 0.683196849706777 5 1000 5327 5
"3955" "A" 0.008 -0.53625 0.7525 1 0 2000 1 5 0.284354282359106 5 1000 2062 5
"3956" "A" 0.08 -0.5775 0.34 1 1 2000 1 5 1.07880966137193 5 1000 5904 5
"3957" "A" 0.008 -0.4125 0.4225 1 1 2000 1 5 0.861565832184908 5 1000 1566 5
"3958" "A" 0.008 -0.94875 0.87625 0 0.5 2000 1 5 0.132103840633337 5 1000 3578 5
"3959" "A" 0.08 -0.78375 0.38125 0 0 2000 1 5 0.964299951060516 5 1000 6655 5
"3960" "A" 0.08 -0.99 0.21625 0 0 2000 1 5 1.53132013317015 5 1000 7381 5
"3961" "A" 0.008 -0.94875 0.7525 0 1 2000 1 5 0.284354282359106 5 1000 3561 5
"3962" "A" 0.008 -0.20625 0.505 0 0 2000 1 5 0.683196849706777 5 1000 823 5
"3963" "A" 0.08 -0.78375 0.29875 1 0 2000 1 5 1.20814817573642 5 1000 6646 5
"3964" "A" 0.08 -0.04125 0.21625 1 0 2000 1 5 1.53132013317015 5 1000 3934 5
"3965" "A" 0.008 -0.4125 0.175 0 0 2000 1 5 1.74296930505862 5 1000 1525 5
"3966" "A" 0.08 -0.0825 0.67 0 0.5 2000 1 5 0.400477566597125 5 1000 4148 5
"3967" "A" 0.08 0 0.0925 1 0 2000 1 5 2.38054663446376 5 1000 3766 5
"3968" "A" 0.008 -0.04125 0.21625 1 0 2000 1 5 1.53132013317015 5 1000 184 5
"3969" "A" 0.08 -0.0825 0.79375 0 0 2000 1 5 0.230986728775236 5 1000 4165 5
"3970" "A" 0.008 -0.99 0.62875 0 0.5 2000 1 5 0.464021557568188 5 1000 3692 5
"3971" "A" 0.008 -0.04125 0.5875 0 1 2000 1 5 0.531879032963823 5 1000 237 5
"3972" "A" 0.008 -0.78375 0.79375 1 0.5 2000 1 5 0.230986728775236 5 1000 2969 5
"3973" "A" 0.08 -0.99 0.4225 0 0.5 2000 1 5 0.861565832184908 5 1000 7412 5
"3974" "A" 0.08 -0.825 0.175 1 0 2000 1 5 1.74296930505862 5 1000 6778 5
"3975" "A" 0.08 -0.70125 0.95875 1 0 2000 1 5 0.042124926300671 5 1000 6442 5
"3976" "A" 0.008 -0.20625 0.4225 1 0.5 2000 1 5 0.861565832184908 5 1000 815 5
"3977" "A" 0.008 -0.33 0.46375 0 1 2000 1 5 0.768409665060492 5 1000 1269 5
"3978" "A" 0.008 -0.9075 0.38125 1 0.5 2000 1 5 0.964299951060516 5 1000 3359 5
"3979" "A" 0.08 -0.2475 0.46375 1 0.5 2000 1 5 0.768409665060492 5 1000 4721 5
"3980" "A" 0.008 -0.86625 1 1 0 2000 1 5 0 5 1000 3298 5
"3981" "A" 0.08 -0.28875 0.95875 0 0 2000 1 5 0.042124926300671 5 1000 4939 5
"3982" "A" 0.08 -0.45375 0.175 1 0.5 2000 1 5 1.74296930505862 5 1000 5429 5
"3983" "A" 0.008 -0.20625 0.29875 0 0.5 2000 1 5 1.20814817573642 5 1000 794 5
"3984" "A" 0.008 -0.165 0.505 1 0 2000 1 5 0.683196849706777 5 1000 676 5
"3985" "A" 0.08 -0.5775 0.0925 0 0.5 2000 1 5 2.38054663446376 5 1000 5864 5
"3986" "A" 0.08 -0.7425 0.9175 0 0 2000 1 5 0.0861026990534116 5 1000 6583 5
"3987" "A" 0.08 -0.61875 0.5875 1 0 2000 1 5 0.531879032963823 5 1000 6088 5
"3988" "A" 0.08 -0.12375 0.62875 0 0.5 2000 1 5 0.464021557568188 5 1000 4292 5
"3989" "A" 0.08 -0.165 0.13375 0 0 2000 1 5 2.01178289320602 5 1000 4369 5
"3990" "A" 0.08 -0.99 0.54625 0 0.5 2000 1 5 0.604678532572337 5 1000 7430 5
"3991" "A" 0.08 -0.45375 0.9175 1 0 2000 1 5 0.0861026990534116 5 1000 5536 5
"3992" "A" 0.08 -0.86625 1 0 0 2000 1 5 0 5 1000 7045 5
"3993" "A" 0.008 -0.86625 0.38125 0 1 2000 1 5 0.964299951060516 5 1000 3207 5
"3994" "A" 0.08 -0.5775 0.9175 0 0 2000 1 5 0.0861026990534116 5 1000 5983 5
"3995" "A" 0.008 -0.33 0.21625 1 1 2000 1 5 1.53132013317015 5 1000 1236 5
"3996" "A" 0.08 -0.165 0.2575 0 0 2000 1 5 1.35673555887835 5 1000 4387 5
"3997" "A" 0.08 -0.495 0.13375 0 0.5 2000 1 5 2.01178289320602 5 1000 5570 5
"3998" "A" 0.08 -0.94875 0.87625 1 0 2000 1 5 0.132103840633337 5 1000 7330 5
"3999" "A" 0.08 -0.99 0.0925 0 1 2000 1 5 2.38054663446376 5 1000 7365 5
"4000" "A" 0.08 -0.53625 0.21625 0 0 2000 1 5 1.53132013317015 5 1000 5731 5
"4001" "A" 0.08 -0.86625 0.95875 0 1 2000 1 5 0.042124926300671 5 1000 7041 5
"4002" "A" 0.08 -0.825 0.38125 1 0.5 2000 1 5 0.964299951060516 5 1000 6809 5
"4003" "A" 0.08 -0.7425 0.5875 0 1 2000 1 5 0.531879032963823 5 1000 6537 5
"4004" "A" 0.08 -0.0825 1 1 1 2000 1 5 0 5 1000 4200 5
"4005" "A" 0.08 -0.495 0.67 1 0 2000 1 5 0.400477566597125 5 1000 5650 5
"4006" "A" 0.08 -0.37125 0.62875 1 1 2000 1 5 0.464021557568188 5 1000 5196 5
"4007" "A" 0.08 -0.37125 0.9175 0 1 2000 1 5 0.0861026990534116 5 1000 5235 5
"4008" "A" 0.08 -0.37125 0.38125 1 0.5 2000 1 5 0.964299951060516 5 1000 5159 5
"4009" "A" 0.008 -0.99 0.7525 0 0.5 2000 1 5 0.284354282359106 5 1000 3710 5
"4010" "A" 0.008 -0.66 0.9175 1 1 2000 1 5 0.0861026990534116 5 1000 2538 5
"4011" "A" 0.008 -0.825 0.7525 0 0 2000 1 5 0.284354282359106 5 1000 3109 5
"4012" "A" 0.08 -0.78375 0.5875 1 1 2000 1 5 0.531879032963823 5 1000 6690 5
"4013" "A" 0.08 -0.12375 0.175 0 0.5 2000 1 5 1.74296930505862 5 1000 4226 5
"4014" "A" 0.008 -0.5775 0.05125 1 0.5 2000 1 5 2.97103966096362 5 1000 2111 5
"4015" "A" 0.08 -0.04125 0.62875 0 1 2000 1 5 0.464021557568188 5 1000 3993 5
"4016" "A" 0.08 -0.9075 0.9175 0 0.5 2000 1 5 0.0861026990534116 5 1000 7184 5
"4017" "A" 0.008 -0.86625 0.29875 1 1 2000 1 5 1.20814817573642 5 1000 3198 5
"4018" "A" 0.08 -0.94875 0.01 0 0.5 2000 1 5 4.60517018598809 5 1000 7202 5
"4019" "A" 0.08 -0.5775 0.38125 0 0.5 2000 1 5 0.964299951060516 5 1000 5906 5
"4020" "A" 0.08 -0.4125 0.05125 0 0 2000 1 5 2.97103966096362 5 1000 5257 5
"4021" "A" 0.008 -0.12375 0.4225 0 1 2000 1 5 0.861565832184908 5 1000 513 5
"4022" "A" 0.008 -0.94875 0.62875 1 0 2000 1 5 0.464021557568188 5 1000 3544 5
"4023" "A" 0.08 -0.37125 0.38125 1 0 2000 1 5 0.964299951060516 5 1000 5158 5
"4024" "A" 0.008 -0.2475 0.01 1 0 2000 1 5 4.60517018598809 5 1000 904 5
"4025" "A" 0.08 -0.37125 0.54625 0 1 2000 1 5 0.604678532572337 5 1000 5181 5
"4026" "A" 0.08 -0.45375 0.29875 0 0.5 2000 1 5 1.20814817573642 5 1000 5444 5
"4027" "A" 0.08 -0.28875 0.67 0 0 2000 1 5 0.400477566597125 5 1000 4897 5
"4028" "A" 0.08 -0.61875 0.505 0 0 2000 1 5 0.683196849706777 5 1000 6073 5
"4029" "A" 0.008 -0.37125 0.62875 0 0 2000 1 5 0.464021557568188 5 1000 1441 5
"4030" "A" 0.08 -0.4125 0.38125 0 0.5 2000 1 5 0.964299951060516 5 1000 5306 5
"4031" "A" 0.08 -0.4125 0.29875 1 0.5 2000 1 5 1.20814817573642 5 1000 5297 5
"4032" "A" 0.08 -0.78375 0.95875 0 0.5 2000 1 5 0.042124926300671 5 1000 6740 5
"4033" "A" 0.008 -0.53625 0.05125 0 1 2000 1 5 2.97103966096362 5 1000 1959 5
"4034" "A" 0.08 -0.5775 0.7525 1 1 2000 1 5 0.284354282359106 5 1000 5964 5
"4035" "A" 0.008 -0.0825 0.05125 1 0.5 2000 1 5 2.97103966096362 5 1000 311 5
"4036" "A" 0.008 -0.66 0.54625 0 1 2000 1 5 0.604678532572337 5 1000 2481 5
"4037" "A" 0.008 -0.94875 0.87625 1 0 2000 1 5 0.132103840633337 5 1000 3580 5
"4038" "A" 0.08 -0.20625 0.71125 0 0 2000 1 5 0.340731293541596 5 1000 4603 5
"4039" "A" 0.08 -0.825 0.505 0 0.5 2000 1 5 0.683196849706777 5 1000 6824 5
"4040" "A" 0.08 -0.0825 0.71125 0 0.5 2000 1 5 0.340731293541596 5 1000 4154 5
"4041" "A" 0.08 -0.495 0.9175 1 0.5 2000 1 5 0.0861026990534116 5 1000 5687 5
"4042" "A" 0.08 -0.165 0.95875 1 0 2000 1 5 0.042124926300671 5 1000 4492 5
"4043" "A" 0.08 -0.33 0.4225 1 0 2000 1 5 0.861565832184908 5 1000 5014 5
"4044" "A" 0.08 -0.2475 0.79375 1 1 2000 1 5 0.230986728775236 5 1000 4770 5
"4045" "A" 0.008 -0.165 0.13375 1 0.5 2000 1 5 2.01178289320602 5 1000 623 5
"4046" "A" 0.08 -0.165 0.87625 0 0 2000 1 5 0.132103840633337 5 1000 4477 5
"4047" "A" 0.008 -0.5775 0.0925 0 0.5 2000 1 5 2.38054663446376 5 1000 2114 5
"4048" "A" 0.008 -0.825 0.54625 1 0 2000 1 5 0.604678532572337 5 1000 3082 5
"4049" "A" 0.08 -0.53625 0.0925 0 0 2000 1 5 2.38054663446376 5 1000 5713 5
"4050" "A" 0.008 0 0.01 0 1 2000 1 5 4.60517018598809 5 1000 3 5
"4051" "A" 0.008 -0.04125 0.46375 0 0.5 2000 1 5 0.768409665060492 5 1000 218 5
"4052" "A" 0.08 -0.78375 0.13375 1 0 2000 1 5 2.01178289320602 5 1000 6622 5
"4053" "A" 0.008 -0.825 0.38125 1 0.5 2000 1 5 0.964299951060516 5 1000 3059 5
"4054" "A" 0.008 -0.9075 0.835 0 1 2000 1 5 0.180323554131281 5 1000 3423 5
"4055" "A" 0.008 -0.33 0.71125 1 0.5 2000 1 5 0.340731293541596 5 1000 1307 5
"4056" "A" 0.008 -0.5775 0.2575 0 0.5 2000 1 5 1.35673555887835 5 1000 2138 5
"4057" "A" 0.008 -0.70125 0.34 1 0.5 2000 1 5 1.07880966137193 5 1000 2603 5
"4058" "A" 0.08 -0.45375 0.13375 1 0 2000 1 5 2.01178289320602 5 1000 5422 5
"4059" "A" 0.008 -0.165 0.0925 0 0 2000 1 5 2.38054663446376 5 1000 613 5
"4060" "A" 0.08 -0.66 1 1 1 2000 1 5 0 5 1000 6300 5
"4061" "A" 0.08 -0.70125 0.29875 0 1 2000 1 5 1.20814817573642 5 1000 6345 5
"4062" "A" 0.008 -0.94875 0.38125 0 0 2000 1 5 0.964299951060516 5 1000 3505 5
"4063" "A" 0.008 -0.7425 0.29875 1 1 2000 1 5 1.20814817573642 5 1000 2748 5
"4064" "A" 0.008 -0.825 0.7525 0 0.5 2000 1 5 0.284354282359106 5 1000 3110 5
"4065" "A" 0.08 -0.0825 0.71125 0 0 2000 1 5 0.340731293541596 5 1000 4153 5
"4066" "A" 0.008 -0.12375 0.9175 0 1 2000 1 5 0.0861026990534116 5 1000 585 5
"4067" "A" 0.08 -0.9075 0.5875 1 0.5 2000 1 5 0.531879032963823 5 1000 7139 5
"4068" "A" 0.08 0 0.29875 0 0.5 2000 1 5 1.20814817573642 5 1000 3794 5
"4069" "A" 0.008 -0.7425 0.05125 0 0.5 2000 1 5 2.97103966096362 5 1000 2708 5
"4070" "A" 0.008 -0.70125 0.505 1 0.5 2000 1 5 0.683196849706777 5 1000 2627 5
"4071" "A" 0.08 -0.37125 0.505 0 0 2000 1 5 0.683196849706777 5 1000 5173 5
"4072" "A" 0.08 -0.5775 0.2575 1 1 2000 1 5 1.35673555887835 5 1000 5892 5
"4073" "A" 0.008 -0.0825 0.505 0 0.5 2000 1 5 0.683196849706777 5 1000 374 5
"4074" "A" 0.08 -0.99 0.835 1 0.5 2000 1 5 0.180323554131281 5 1000 7475 5
"4075" "A" 0.008 -0.04125 0.9175 1 0.5 2000 1 5 0.0861026990534116 5 1000 287 5
"4076" "A" 0.08 -0.825 0.62875 1 0 2000 1 5 0.464021557568188 5 1000 6844 5
"4077" "A" 0.08 -0.0825 0.175 0 0 2000 1 5 1.74296930505862 5 1000 4075 5
"4078" "A" 0.08 -0.37125 0.46375 1 1 2000 1 5 0.768409665060492 5 1000 5172 5
"4079" "A" 0.008 0 0.54625 1 0 2000 1 5 0.604678532572337 5 1000 82 5
"4080" "A" 0.08 -0.0825 0.0925 0 0.5 2000 1 5 2.38054663446376 5 1000 4064 5
"4081" "A" 0.008 -0.2475 0.0925 1 1 2000 1 5 2.38054663446376 5 1000 918 5
"4082" "A" 0.008 -0.33 0.54625 1 0.5 2000 1 5 0.604678532572337 5 1000 1283 5
"4083" "A" 0.008 -0.165 0.5875 0 0.5 2000 1 5 0.531879032963823 5 1000 686 5
"4084" "A" 0.008 -0.78375 0.62875 0 1 2000 1 5 0.464021557568188 5 1000 2943 5
"4085" "A" 0.008 -0.20625 0.01 0 1 2000 1 5 4.60517018598809 5 1000 753 5
"4086" "A" 0.008 -0.66 0.2575 1 0.5 2000 1 5 1.35673555887835 5 1000 2441 5
"4087" "A" 0.008 -0.0825 0.34 1 0.5 2000 1 5 1.07880966137193 5 1000 353 5
"4088" "A" 0.008 -0.37125 0.21625 0 1 2000 1 5 1.53132013317015 5 1000 1383 5
"4089" "A" 0.008 -0.495 0.34 1 1 2000 1 5 1.07880966137193 5 1000 1854 5
"4090" "A" 0.08 -0.4125 0.505 1 0 2000 1 5 0.683196849706777 5 1000 5326 5
"4091" "A" 0.08 -0.33 0.34 0 0 2000 1 5 1.07880966137193 5 1000 4999 5
"4092" "A" 0.008 -0.28875 0.34 1 0 2000 1 5 1.07880966137193 5 1000 1102 5
"4093" "A" 0.008 -0.33 0.29875 1 0 2000 1 5 1.20814817573642 5 1000 1246 5
"4094" "A" 0.08 -0.28875 0.71125 1 1 2000 1 5 0.340731293541596 5 1000 4908 5
"4095" "A" 0.008 -0.37125 0.4225 0 0 2000 1 5 0.861565832184908 5 1000 1411 5
"4096" "A" 0.08 -0.04125 0.505 0 0 2000 1 5 0.683196849706777 5 1000 3973 5
"4097" "A" 0.008 -0.99 0.05125 0 0 2000 1 5 2.97103966096362 5 1000 3607 5
"4098" "A" 0.08 -0.86625 0.01 1 0 2000 1 5 4.60517018598809 5 1000 6904 5
"4099" "A" 0.08 -0.66 0.46375 1 1 2000 1 5 0.768409665060492 5 1000 6222 5
"4100" "A" 0.008 -0.2475 0.87625 1 0.5 2000 1 5 0.132103840633337 5 1000 1031 5
"4101" "A" 0.08 -0.04125 0.0925 1 0 2000 1 5 2.38054663446376 5 1000 3916 5
"4102" "A" 0.008 -0.165 0.62875 1 1 2000 1 5 0.464021557568188 5 1000 696 5
"4103" "A" 0.008 0 0.71125 1 0 2000 1 5 0.340731293541596 5 1000 106 5
"4104" "A" 0.008 -0.495 0.7525 1 0 2000 1 5 0.284354282359106 5 1000 1912 5
"4105" "A" 0.08 -0.165 0.62875 0 1 2000 1 5 0.464021557568188 5 1000 4443 5
"4106" "A" 0.08 -0.9075 0.175 1 1 2000 1 5 1.74296930505862 5 1000 7080 5
"4107" "A" 0.08 -0.825 0.0925 1 1 2000 1 5 2.38054663446376 5 1000 6768 5
"4108" "A" 0.08 -0.0825 0.54625 1 1 2000 1 5 0.604678532572337 5 1000 4134 5
"4109" "A" 0.008 -0.53625 0.835 0 1 2000 1 5 0.180323554131281 5 1000 2073 5
"4110" "A" 0.008 -0.94875 0.7525 1 0 2000 1 5 0.284354282359106 5 1000 3562 5
"4111" "A" 0.008 -0.99 0.29875 0 0 2000 1 5 1.20814817573642 5 1000 3643 5
"4112" "A" 0.08 -0.495 0.46375 0 0 2000 1 5 0.768409665060492 5 1000 5617 5
"4113" "A" 0.008 -0.70125 0.5875 0 0 2000 1 5 0.531879032963823 5 1000 2635 5
"4114" "A" 0.08 -0.20625 0.9175 0 0.5 2000 1 5 0.0861026990534116 5 1000 4634 5
"4115" "A" 0.08 -0.495 0.01 0 0 2000 1 5 4.60517018598809 5 1000 5551 5
"4116" "A" 0.08 -0.12375 0.34 1 0 2000 1 5 1.07880966137193 5 1000 4252 5
"4117" "A" 0.08 -0.04125 0.21625 1 0.5 2000 1 5 1.53132013317015 5 1000 3935 5
"4118" "A" 0.08 -0.94875 0.38125 1 0 2000 1 5 0.964299951060516 5 1000 7258 5
"4119" "A" 0.008 -0.70125 0.38125 1 0.5 2000 1 5 0.964299951060516 5 1000 2609 5
"4120" "A" 0.08 -0.37125 0.67 0 1 2000 1 5 0.400477566597125 5 1000 5199 5
"4121" "A" 0.008 -0.45375 1 1 0 2000 1 5 0 5 1000 1798 5
"4122" "A" 0.008 -0.99 0.21625 0 0 2000 1 5 1.53132013317015 5 1000 3631 5
"4123" "A" 0.008 -0.45375 0.5875 1 0.5 2000 1 5 0.531879032963823 5 1000 1739 5
"4124" "A" 0.08 -0.495 0.21625 1 0.5 2000 1 5 1.53132013317015 5 1000 5585 5
"4125" "A" 0.08 -0.86625 0.29875 0 0 2000 1 5 1.20814817573642 5 1000 6943 5
"4126" "A" 0.008 -0.04125 0.62875 0 1 2000 1 5 0.464021557568188 5 1000 243 5
"4127" "A" 0.08 -0.825 0.67 0 1 2000 1 5 0.400477566597125 5 1000 6849 5
"4128" "A" 0.008 -0.04125 0.4225 1 0 2000 1 5 0.861565832184908 5 1000 214 5
"4129" "A" 0.008 0 1 0 0 2000 1 5 0 5 1000 145 5
"4130" "A" 0.008 -0.86625 0.175 1 0 2000 1 5 1.74296930505862 5 1000 3178 5
"4131" "A" 0.08 -0.0825 0.87625 1 0.5 2000 1 5 0.132103840633337 5 1000 4181 5
"4132" "A" 0.008 -0.165 1 0 1 2000 1 5 0 5 1000 747 5
"4133" "A" 0.008 -0.33 0.835 0 1 2000 1 5 0.180323554131281 5 1000 1323 5
"4134" "A" 0.08 -0.7425 0.54625 0 0.5 2000 1 5 0.604678532572337 5 1000 6530 5
"4135" "A" 0.08 -0.2475 0.95875 0 1 2000 1 5 0.042124926300671 5 1000 4791 5
"4136" "A" 0.008 -0.86625 0.46375 0 0 2000 1 5 0.768409665060492 5 1000 3217 5
"4137" "A" 0.08 -0.165 0.87625 0 1 2000 1 5 0.132103840633337 5 1000 4479 5
"4138" "A" 0.008 -0.99 0.13375 1 1 2000 1 5 2.01178289320602 5 1000 3624 5
"4139" "A" 0.008 -0.825 0.175 1 0.5 2000 1 5 1.74296930505862 5 1000 3029 5
"4140" "A" 0.08 -0.45375 0.67 1 0.5 2000 1 5 0.400477566597125 5 1000 5501 5
"4141" "A" 0.08 -0.20625 0.79375 1 1 2000 1 5 0.230986728775236 5 1000 4620 5
"4142" "A" 0.008 -0.78375 0.13375 1 0 2000 1 5 2.01178289320602 5 1000 2872 5
"4143" "A" 0.08 -0.28875 0.87625 0 0 2000 1 5 0.132103840633337 5 1000 4927 5
"4144" "A" 0.008 -0.04125 1 1 0.5 2000 1 5 0 5 1000 299 5
"4145" "A" 0.008 -0.825 0.2575 1 1 2000 1 5 1.35673555887835 5 1000 3042 5
"4146" "A" 0.008 -0.0825 0.05125 1 1 2000 1 5 2.97103966096362 5 1000 312 5
"4147" "A" 0.008 -0.20625 0.05125 0 1 2000 1 5 2.97103966096362 5 1000 759 5
"4148" "A" 0.08 -0.66 0.13375 1 1 2000 1 5 2.01178289320602 5 1000 6174 5
"4149" "A" 0.08 -0.28875 1 1 0.5 2000 1 5 0 5 1000 4949 5
"4150" "A" 0.08 -0.78375 0.54625 0 0 2000 1 5 0.604678532572337 5 1000 6679 5
"4151" "A" 0.008 -0.2475 0.835 1 0 2000 1 5 0.180323554131281 5 1000 1024 5
"4152" "A" 0.008 -0.825 0.05125 0 1 2000 1 5 2.97103966096362 5 1000 3009 5
"4153" "A" 0.008 -0.4125 0.2575 0 0.5 2000 1 5 1.35673555887835 5 1000 1538 5
"4154" "A" 0.008 -0.165 0.34 1 0.5 2000 1 5 1.07880966137193 5 1000 653 5
"4155" "A" 0.08 -0.12375 0.54625 0 0 2000 1 5 0.604678532572337 5 1000 4279 5
"4156" "A" 0.008 -0.825 0.7525 1 0 2000 1 5 0.284354282359106 5 1000 3112 5
"4157" "A" 0.008 -0.86625 0.87625 1 1 2000 1 5 0.132103840633337 5 1000 3282 5
"4158" "A" 0.008 -0.4125 0.505 1 0.5 2000 1 5 0.683196849706777 5 1000 1577 5
"4159" "A" 0.08 -0.825 0.13375 1 1 2000 1 5 2.01178289320602 5 1000 6774 5
"4160" "A" 0.008 -0.9075 0.05125 0 0.5 2000 1 5 2.97103966096362 5 1000 3308 5
"4161" "A" 0.08 -0.66 1 0 0 2000 1 5 0 5 1000 6295 5
"4162" "A" 0.08 -0.66 0.2575 0 0.5 2000 1 5 1.35673555887835 5 1000 6188 5
"4163" "A" 0.08 -0.33 0.0925 1 0 2000 1 5 2.38054663446376 5 1000 4966 5
"4164" "A" 0.008 -0.53625 0.46375 1 1 2000 1 5 0.768409665060492 5 1000 2022 5
"4165" "A" 0.08 -0.12375 0.01 0 1 2000 1 5 4.60517018598809 5 1000 4203 5
"4166" "A" 0.08 -0.99 0.5875 0 0.5 2000 1 5 0.531879032963823 5 1000 7436 5
"4167" "A" 0.08 -0.0825 0.01 0 0.5 2000 1 5 4.60517018598809 5 1000 4052 5
"4168" "A" 0.008 0 0.38125 0 1 2000 1 5 0.964299951060516 5 1000 57 5
"4169" "A" 0.008 -0.33 0.175 0 1 2000 1 5 1.74296930505862 5 1000 1227 5
"4170" "A" 0.008 -0.9075 0.9175 0 0.5 2000 1 5 0.0861026990534116 5 1000 3434 5
"4171" "A" 0.008 -0.495 0.2575 0 0.5 2000 1 5 1.35673555887835 5 1000 1838 5
"4172" "A" 0.008 -0.5775 0.01 0 1 2000 1 5 4.60517018598809 5 1000 2103 5
"4173" "A" 0.008 -0.78375 0.34 0 1 2000 1 5 1.07880966137193 5 1000 2901 5
"4174" "A" 0.008 -0.495 0.34 0 0.5 2000 1 5 1.07880966137193 5 1000 1850 5
"4175" "A" 0.008 -0.12375 0.0925 1 0 2000 1 5 2.38054663446376 5 1000 466 5
"4176" "A" 0.008 -0.20625 1 0 0.5 2000 1 5 0 5 1000 896 5
"4177" "A" 0.08 -0.94875 0.87625 0 0.5 2000 1 5 0.132103840633337 5 1000 7328 5
"4178" "A" 0.08 -0.37125 0.54625 0 0.5 2000 1 5 0.604678532572337 5 1000 5180 5
"4179" "A" 0.08 -0.28875 0.2575 0 0 2000 1 5 1.35673555887835 5 1000 4837 5
"4180" "A" 0.08 -0.2475 0.505 1 1 2000 1 5 0.683196849706777 5 1000 4728 5
"4181" "A" 0.008 -0.12375 0.54625 0 1 2000 1 5 0.604678532572337 5 1000 531 5
"4182" "A" 0.08 0 0.46375 1 0.5 2000 1 5 0.768409665060492 5 1000 3821 5
"4183" "A" 0.08 0 0.87625 1 0 2000 1 5 0.132103840633337 5 1000 3880 5
"4184" "A" 0.008 -0.2475 0.21625 0 0.5 2000 1 5 1.53132013317015 5 1000 932 5
"4185" "A" 0.08 -0.61875 0.95875 1 0 2000 1 5 0.042124926300671 5 1000 6142 5
"4186" "A" 0.008 -0.78375 0.38125 0 0.5 2000 1 5 0.964299951060516 5 1000 2906 5
"4187" "A" 0.08 -0.28875 0.67 0 0.5 2000 1 5 0.400477566597125 5 1000 4898 5
"4188" "A" 0.008 -0.04125 0.835 1 0.5 2000 1 5 0.180323554131281 5 1000 275 5
"4189" "A" 0.008 -0.99 1 1 1 2000 1 5 0 5 1000 3750 5
"4190" "A" 0.08 -0.7425 0.38125 1 0.5 2000 1 5 0.964299951060516 5 1000 6509 5
"4191" "A" 0.08 -0.78375 0.5875 0 0.5 2000 1 5 0.531879032963823 5 1000 6686 5
"4192" "A" 0.008 -0.61875 0.05125 0 0.5 2000 1 5 2.97103966096362 5 1000 2258 5
"4193" "A" 0.008 -0.0825 0.01 0 1 2000 1 5 4.60517018598809 5 1000 303 5
"4194" "A" 0.008 -0.825 0.79375 0 0.5 2000 1 5 0.230986728775236 5 1000 3116 5
"4195" "A" 0.08 0 0.4225 0 0 2000 1 5 0.861565832184908 5 1000 3811 5
"4196" "A" 0.08 -0.0825 0.7525 0 0 2000 1 5 0.284354282359106 5 1000 4159 5
"4197" "A" 0.008 -0.94875 0.5875 1 1 2000 1 5 0.531879032963823 5 1000 3540 5
"4198" "A" 0.008 -0.4125 0.87625 0 1 2000 1 5 0.132103840633337 5 1000 1629 5
"4199" "A" 0.08 -0.9075 0.2575 0 1 2000 1 5 1.35673555887835 5 1000 7089 5
"4200" "A" 0.08 -0.04125 0.38125 1 0 2000 1 5 0.964299951060516 5 1000 3958 5
"4201" "A" 0.08 -0.20625 0.505 0 1 2000 1 5 0.683196849706777 5 1000 4575 5
"4202" "A" 0.008 -0.28875 0.67 0 0 2000 1 5 0.400477566597125 5 1000 1147 5
"4203" "A" 0.08 -0.7425 0.01 0 0.5 2000 1 5 4.60517018598809 5 1000 6452 5
"4204" "A" 0.08 -0.5775 0.175 0 1 2000 1 5 1.74296930505862 5 1000 5877 5
"4205" "A" 0.008 -0.0825 0.46375 0 1 2000 1 5 0.768409665060492 5 1000 369 5
"4206" "A" 0.08 -0.53625 0.175 1 0.5 2000 1 5 1.74296930505862 5 1000 5729 5
"4207" "A" 0.08 -0.94875 0.0925 0 0 2000 1 5 2.38054663446376 5 1000 7213 5
"4208" "A" 0.08 -0.0825 0.71125 1 0.5 2000 1 5 0.340731293541596 5 1000 4157 5
"4209" "A" 0.08 -0.86625 0.62875 0 0 2000 1 5 0.464021557568188 5 1000 6991 5
"4210" "A" 0.008 -0.78375 0.9175 0 0.5 2000 1 5 0.0861026990534116 5 1000 2984 5
"4211" "A" 0.008 -0.33 0.7525 1 0.5 2000 1 5 0.284354282359106 5 1000 1313 5
"4212" "A" 0.08 -0.86625 0.7525 1 0 2000 1 5 0.284354282359106 5 1000 7012 5
"4213" "A" 0.008 -0.04125 0.505 0 1 2000 1 5 0.683196849706777 5 1000 225 5
"4214" "A" 0.008 -0.37125 0.175 1 0.5 2000 1 5 1.74296930505862 5 1000 1379 5
"4215" "A" 0.08 -0.20625 0.13375 0 0 2000 1 5 2.01178289320602 5 1000 4519 5
"4216" "A" 0.008 -0.12375 0.7525 1 0.5 2000 1 5 0.284354282359106 5 1000 563 5
"4217" "A" 0.08 -0.99 0.67 1 1 2000 1 5 0.400477566597125 5 1000 7452 5
"4218" "A" 0.08 -0.70125 0.38125 0 1 2000 1 5 0.964299951060516 5 1000 6357 5
"4219" "A" 0.008 -0.12375 0.5875 0 0 2000 1 5 0.531879032963823 5 1000 535 5
"4220" "A" 0.08 -0.61875 0.79375 1 0 2000 1 5 0.230986728775236 5 1000 6118 5
"4221" "A" 0.08 -0.33 0.71125 0 1 2000 1 5 0.340731293541596 5 1000 5055 5
"4222" "A" 0.08 -0.53625 0.62875 1 1 2000 1 5 0.464021557568188 5 1000 5796 5
"4223" "A" 0.08 -0.04125 0.38125 0 1 2000 1 5 0.964299951060516 5 1000 3957 5
"4224" "A" 0.08 -0.12375 0.38125 1 1 2000 1 5 0.964299951060516 5 1000 4260 5
"4225" "A" 0.008 -0.28875 0.505 0 0 2000 1 5 0.683196849706777 5 1000 1123 5
"4226" "A" 0.008 -0.86625 0.46375 0 1 2000 1 5 0.768409665060492 5 1000 3219 5
"4227" "A" 0.008 -0.04125 0.95875 0 0.5 2000 1 5 0.042124926300671 5 1000 290 5
"4228" "A" 0.008 -0.78375 1 0 0.5 2000 1 5 0 5 1000 2996 5
"4229" "A" 0.08 -0.33 0.7525 0 0.5 2000 1 5 0.284354282359106 5 1000 5060 5
"4230" "A" 0.08 -0.12375 0.54625 1 0 2000 1 5 0.604678532572337 5 1000 4282 5
"4231" "A" 0.08 -0.45375 0.01 1 0.5 2000 1 5 4.60517018598809 5 1000 5405 5
"4232" "A" 0.08 -0.86625 0.46375 0 1 2000 1 5 0.768409665060492 5 1000 6969 5
"4233" "A" 0.008 -0.0825 0.4225 1 0 2000 1 5 0.861565832184908 5 1000 364 5
"4234" "A" 0.008 -0.7425 0.62875 1 0.5 2000 1 5 0.464021557568188 5 1000 2795 5
"4235" "A" 0.008 -0.66 0.7525 1 0 2000 1 5 0.284354282359106 5 1000 2512 5
"4236" "A" 0.08 -0.5775 0.7525 0 0.5 2000 1 5 0.284354282359106 5 1000 5960 5
"4237" "A" 0.08 -0.825 0.01 1 0 2000 1 5 4.60517018598809 5 1000 6754 5
"4238" "A" 0.008 -0.86625 0.0925 0 0.5 2000 1 5 2.38054663446376 5 1000 3164 5
"4239" "A" 0.08 -0.78375 0.29875 1 1 2000 1 5 1.20814817573642 5 1000 6648 5
"4240" "A" 0.08 -0.99 0.4225 0 1 2000 1 5 0.861565832184908 5 1000 7413 5
"4241" "A" 0.08 -0.86625 0.54625 0 0.5 2000 1 5 0.604678532572337 5 1000 6980 5
"4242" "A" 0.008 -0.825 0.95875 1 0.5 2000 1 5 0.042124926300671 5 1000 3143 5
"4243" "A" 0.008 -0.12375 0.7525 0 0.5 2000 1 5 0.284354282359106 5 1000 560 5
"4244" "A" 0.008 -0.2475 0.46375 0 0 2000 1 5 0.768409665060492 5 1000 967 5
"4245" "A" 0.008 -0.28875 0.4225 0 0.5 2000 1 5 0.861565832184908 5 1000 1112 5
"4246" "A" 0.008 0 0.0925 0 0.5 2000 1 5 2.38054663446376 5 1000 14 5
"4247" "A" 0.08 -0.12375 0.79375 1 0 2000 1 5 0.230986728775236 5 1000 4318 5
"4248" "A" 0.08 -0.70125 0.29875 0 0 2000 1 5 1.20814817573642 5 1000 6343 5
"4249" "A" 0.008 -0.53625 0.71125 1 1 2000 1 5 0.340731293541596 5 1000 2058 5
"4250" "A" 0.08 -0.61875 0.01 1 0.5 2000 1 5 4.60517018598809 5 1000 6005 5
"4251" "A" 0.008 -0.04125 0.175 1 0.5 2000 1 5 1.74296930505862 5 1000 179 5
"4252" "A" 0.008 -0.45375 0.2575 1 0 2000 1 5 1.35673555887835 5 1000 1690 5
"4253" "A" 0.08 -0.28875 0.175 1 1 2000 1 5 1.74296930505862 5 1000 4830 5
"4254" "A" 0.08 -0.66 0.175 1 1 2000 1 5 1.74296930505862 5 1000 6180 5
"4255" "A" 0.008 -0.99 0.05125 1 1 2000 1 5 2.97103966096362 5 1000 3612 5
"4256" "A" 0.008 -0.4125 0.62875 0 0.5 2000 1 5 0.464021557568188 5 1000 1592 5
"4257" "A" 0.08 -0.825 0.0925 0 1 2000 1 5 2.38054663446376 5 1000 6765 5
"4258" "A" 0.08 -0.99 0.46375 0 0 2000 1 5 0.768409665060492 5 1000 7417 5
"4259" "A" 0.08 -0.12375 0.505 1 1 2000 1 5 0.683196849706777 5 1000 4278 5
"4260" "A" 0.08 -0.53625 0.505 1 1 2000 1 5 0.683196849706777 5 1000 5778 5
"4261" "A" 0.008 -0.165 0.0925 1 0 2000 1 5 2.38054663446376 5 1000 616 5
"4262" "A" 0.008 -0.86625 0.835 1 0 2000 1 5 0.180323554131281 5 1000 3274 5
"4263" "A" 0.008 -0.0825 0.13375 0 1 2000 1 5 2.01178289320602 5 1000 321 5
"4264" "A" 0.008 -0.45375 0.38125 0 1 2000 1 5 0.964299951060516 5 1000 1707 5
"4265" "A" 0.08 -0.37125 0.5875 1 1 2000 1 5 0.531879032963823 5 1000 5190 5
"4266" "A" 0.008 -0.86625 0.29875 0 1 2000 1 5 1.20814817573642 5 1000 3195 5
"4267" "A" 0.08 -0.28875 0.95875 1 0 2000 1 5 0.042124926300671 5 1000 4942 5
"4268" "A" 0.008 -0.4125 0.79375 1 0 2000 1 5 0.230986728775236 5 1000 1618 5
"4269" "A" 0.08 -0.86625 0.5875 0 0.5 2000 1 5 0.531879032963823 5 1000 6986 5
"4270" "A" 0.08 0 0.7525 1 0 2000 1 5 0.284354282359106 5 1000 3862 5
"4271" "A" 0.08 -0.53625 0.29875 1 0 2000 1 5 1.20814817573642 5 1000 5746 5
"4272" "A" 0.008 -0.4125 0.21625 0 1 2000 1 5 1.53132013317015 5 1000 1533 5
"4273" "A" 0.08 -0.04125 0.95875 1 1 2000 1 5 0.042124926300671 5 1000 4044 5
"4274" "A" 0.08 -0.5775 0.38125 0 1 2000 1 5 0.964299951060516 5 1000 5907 5
"4275" "A" 0.08 -0.61875 0.34 1 0 2000 1 5 1.07880966137193 5 1000 6052 5
"4276" "A" 0.08 -0.165 0.9175 0 0.5 2000 1 5 0.0861026990534116 5 1000 4484 5
"4277" "A" 0.08 -0.0825 0.2575 1 1 2000 1 5 1.35673555887835 5 1000 4092 5
"4278" "A" 0.08 -0.9075 0.7525 0 0 2000 1 5 0.284354282359106 5 1000 7159 5
"4279" "A" 0.008 -0.28875 0.21625 1 0 2000 1 5 1.53132013317015 5 1000 1084 5
"4280" "A" 0.08 -0.33 0.87625 1 1 2000 1 5 0.132103840633337 5 1000 5082 5
"4281" "A" 0.008 -0.70125 0.46375 0 0 2000 1 5 0.768409665060492 5 1000 2617 5
"4282" "A" 0.008 -0.78375 0.0925 0 0 2000 1 5 2.38054663446376 5 1000 2863 5
"4283" "A" 0.08 -0.99 0.67 0 0 2000 1 5 0.400477566597125 5 1000 7447 5
"4284" "A" 0.008 -0.495 0.54625 0 0 2000 1 5 0.604678532572337 5 1000 1879 5
"4285" "A" 0.08 -0.37125 0.835 1 0.5 2000 1 5 0.180323554131281 5 1000 5225 5
"4286" "A" 0.08 -0.9075 0.34 0 1 2000 1 5 1.07880966137193 5 1000 7101 5
"4287" "A" 0.08 -0.45375 0.13375 0 0.5 2000 1 5 2.01178289320602 5 1000 5420 5
"4288" "A" 0.008 0 0.175 0 1 2000 1 5 1.74296930505862 5 1000 27 5
"4289" "A" 0.08 -0.70125 0.7525 1 1 2000 1 5 0.284354282359106 5 1000 6414 5
"4290" "A" 0.08 -0.99 1 1 0 2000 1 5 0 5 1000 7498 5
"4291" "A" 0.008 -0.825 0.505 0 0.5 2000 1 5 0.683196849706777 5 1000 3074 5
"4292" "A" 0.008 -0.9075 0.835 1 0.5 2000 1 5 0.180323554131281 5 1000 3425 5
"4293" "A" 0.08 -0.0825 0.87625 1 1 2000 1 5 0.132103840633337 5 1000 4182 5
"4294" "A" 0.08 -0.2475 0.79375 1 0 2000 1 5 0.230986728775236 5 1000 4768 5
"4295" "A" 0.008 -0.70125 0.505 0 0 2000 1 5 0.683196849706777 5 1000 2623 5
"4296" "A" 0.008 -0.5775 0.29875 1 0.5 2000 1 5 1.20814817573642 5 1000 2147 5
"4297" "A" 0.08 -0.28875 0.7525 0 0.5 2000 1 5 0.284354282359106 5 1000 4910 5
"4298" "A" 0.08 -0.78375 0.2575 1 0 2000 1 5 1.35673555887835 5 1000 6640 5
"4299" "A" 0.08 -0.165 1 0 0.5 2000 1 5 0 5 1000 4496 5
"4300" "A" 0.008 -0.37125 0.835 0 0.5 2000 1 5 0.180323554131281 5 1000 1472 5
"4301" "A" 0.08 -0.495 0.67 0 1 2000 1 5 0.400477566597125 5 1000 5649 5
"4302" "A" 0.08 -0.20625 0.67 0 1 2000 1 5 0.400477566597125 5 1000 4599 5
"4303" "A" 0.008 -0.2475 0.505 1 0.5 2000 1 5 0.683196849706777 5 1000 977 5
"4304" "A" 0.008 -0.495 0.21625 1 0 2000 1 5 1.53132013317015 5 1000 1834 5
"4305" "A" 0.08 -0.28875 0.9175 1 1 2000 1 5 0.0861026990534116 5 1000 4938 5
"4306" "A" 0.008 -0.28875 0.46375 0 1 2000 1 5 0.768409665060492 5 1000 1119 5
"4307" "A" 0.08 -0.7425 0.62875 0 0 2000 1 5 0.464021557568188 5 1000 6541 5
"4308" "A" 0.08 -0.7425 0.7525 0 0.5 2000 1 5 0.284354282359106 5 1000 6560 5
"4309" "A" 0.008 -0.2475 0.9175 1 1 2000 1 5 0.0861026990534116 5 1000 1038 5
"4310" "A" 0.008 -0.94875 0.71125 0 0.5 2000 1 5 0.340731293541596 5 1000 3554 5
"4311" "A" 0.008 -0.45375 0.95875 0 0.5 2000 1 5 0.042124926300671 5 1000 1790 5
"4312" "A" 0.08 -0.825 1 0 0.5 2000 1 5 0 5 1000 6896 5
"4313" "A" 0.08 0 0.0925 0 0.5 2000 1 5 2.38054663446376 5 1000 3764 5
"4314" "A" 0.008 -0.53625 0.79375 0 1 2000 1 5 0.230986728775236 5 1000 2067 5
"4315" "A" 0.008 -0.495 0.21625 0 0 2000 1 5 1.53132013317015 5 1000 1831 5
"4316" "A" 0.08 -0.12375 0.9175 0 0 2000 1 5 0.0861026990534116 5 1000 4333 5
"4317" "A" 0.008 -0.66 0.0925 1 0.5 2000 1 5 2.38054663446376 5 1000 2417 5
"4318" "A" 0.008 -0.825 0.7525 1 1 2000 1 5 0.284354282359106 5 1000 3114 5
"4319" "A" 0.008 -0.33 0.29875 1 1 2000 1 5 1.20814817573642 5 1000 1248 5
"4320" "A" 0.08 -0.28875 0.175 1 0.5 2000 1 5 1.74296930505862 5 1000 4829 5
"4321" "A" 0.08 -0.12375 0.2575 1 0 2000 1 5 1.35673555887835 5 1000 4240 5
"4322" "A" 0.08 -0.53625 0.835 1 1 2000 1 5 0.180323554131281 5 1000 5826 5
"4323" "A" 0.08 -0.70125 0.5875 1 0 2000 1 5 0.531879032963823 5 1000 6388 5
"4324" "A" 0.008 -0.7425 0.54625 1 0.5 2000 1 5 0.604678532572337 5 1000 2783 5
"4325" "A" 0.08 -0.86625 0.7525 0 1 2000 1 5 0.284354282359106 5 1000 7011 5
"4326" "A" 0.008 -0.70125 0.29875 1 0.5 2000 1 5 1.20814817573642 5 1000 2597 5
"4327" "A" 0.08 -0.9075 0.01 0 1 2000 1 5 4.60517018598809 5 1000 7053 5
"4328" "A" 0.08 -0.66 0.21625 1 0 2000 1 5 1.53132013317015 5 1000 6184 5
"4329" "A" 0.08 -0.70125 0.62875 1 1 2000 1 5 0.464021557568188 5 1000 6396 5
"4330" "A" 0.008 -0.78375 0.54625 0 0 2000 1 5 0.604678532572337 5 1000 2929 5
"4331" "A" 0.008 -0.9075 0.21625 0 0 2000 1 5 1.53132013317015 5 1000 3331 5
"4332" "A" 0.008 -0.12375 0.9175 1 1 2000 1 5 0.0861026990534116 5 1000 588 5
"4333" "A" 0.08 -0.78375 0.4225 0 0.5 2000 1 5 0.861565832184908 5 1000 6662 5
"4334" "A" 0.008 -0.78375 0.835 0 0.5 2000 1 5 0.180323554131281 5 1000 2972 5
"4335" "A" 0.08 -0.45375 1 0 0.5 2000 1 5 0 5 1000 5546 5
"4336" "A" 0.08 -0.5775 0.54625 0 1 2000 1 5 0.604678532572337 5 1000 5931 5
"4337" "A" 0.008 -0.99 0.2575 1 0.5 2000 1 5 1.35673555887835 5 1000 3641 5
"4338" "A" 0.08 -0.0825 0.505 1 1 2000 1 5 0.683196849706777 5 1000 4128 5
"4339" "A" 0.008 -0.2475 0.38125 0 1 2000 1 5 0.964299951060516 5 1000 957 5
"4340" "A" 0.08 -0.86625 0.5875 1 0.5 2000 1 5 0.531879032963823 5 1000 6989 5
"4341" "A" 0.08 -0.5775 0.2575 0 1 2000 1 5 1.35673555887835 5 1000 5889 5
"4342" "A" 0.008 -0.04125 0.71125 1 0 2000 1 5 0.340731293541596 5 1000 256 5
"4343" "A" 0.08 -0.28875 0.71125 1 0 2000 1 5 0.340731293541596 5 1000 4906 5
"4344" "A" 0.008 -0.2475 0.0925 0 0 2000 1 5 2.38054663446376 5 1000 913 5
"4345" "A" 0.08 -0.45375 0.4225 1 1 2000 1 5 0.861565832184908 5 1000 5466 5
"4346" "A" 0.08 -0.99 0.2575 0 0 2000 1 5 1.35673555887835 5 1000 7387 5
"4347" "A" 0.08 -0.04125 0.29875 1 0 2000 1 5 1.20814817573642 5 1000 3946 5
"4348" "A" 0.08 -0.53625 0.38125 1 0.5 2000 1 5 0.964299951060516 5 1000 5759 5
"4349" "A" 0.08 -0.37125 0.2575 1 0.5 2000 1 5 1.35673555887835 5 1000 5141 5
"4350" "A" 0.08 -0.7425 0.5875 0 0 2000 1 5 0.531879032963823 5 1000 6535 5
"4351" "A" 0.008 -0.04125 0.71125 0 0.5 2000 1 5 0.340731293541596 5 1000 254 5
"4352" "A" 0.008 -0.0825 0.05125 0 0 2000 1 5 2.97103966096362 5 1000 307 5
"4353" "A" 0.008 0 0.54625 1 0.5 2000 1 5 0.604678532572337 5 1000 83 5
"4354" "A" 0.08 -0.04125 0.4225 0 1 2000 1 5 0.861565832184908 5 1000 3963 5
"4355" "A" 0.08 -0.66 0.505 0 0 2000 1 5 0.683196849706777 5 1000 6223 5
"4356" "A" 0.08 -0.70125 0.54625 1 1 2000 1 5 0.604678532572337 5 1000 6384 5
"4357" "A" 0.08 -0.2475 0.0925 0 1 2000 1 5 2.38054663446376 5 1000 4665 5
"4358" "A" 0.008 -0.04125 0.34 0 0.5 2000 1 5 1.07880966137193 5 1000 200 5
"4359" "A" 0.08 -0.825 1 1 0.5 2000 1 5 0 5 1000 6899 5
"4360" "A" 0.008 -0.33 0.38125 0 1 2000 1 5 0.964299951060516 5 1000 1257 5
"4361" "A" 0.008 -0.0825 0.34 1 1 2000 1 5 1.07880966137193 5 1000 354 5
"4362" "A" 0.08 -0.7425 0.9175 1 0 2000 1 5 0.0861026990534116 5 1000 6586 5
"4363" "A" 0.08 -0.04125 0.79375 0 0.5 2000 1 5 0.230986728775236 5 1000 4016 5
"4364" "A" 0.008 -0.04125 0.29875 0 0.5 2000 1 5 1.20814817573642 5 1000 194 5
"4365" "A" 0.08 -0.12375 0.29875 1 0 2000 1 5 1.20814817573642 5 1000 4246 5
"4366" "A" 0.08 -0.94875 0.34 0 0.5 2000 1 5 1.07880966137193 5 1000 7250 5
"4367" "A" 0.008 -0.12375 0.29875 1 1 2000 1 5 1.20814817573642 5 1000 498 5
"4368" "A" 0.008 -0.4125 1 0 0 2000 1 5 0 5 1000 1645 5
"4369" "A" 0.08 -0.7425 1 0 0 2000 1 5 0 5 1000 6595 5
"4370" "A" 0.08 -0.99 0.67 0 0.5 2000 1 5 0.400477566597125 5 1000 7448 5
"4371" "A" 0.08 -0.86625 0.5875 1 0 2000 1 5 0.531879032963823 5 1000 6988 5
"4372" "A" 0.08 -0.0825 0.13375 0 0 2000 1 5 2.01178289320602 5 1000 4069 5
"4373" "A" 0.08 -0.7425 0.7525 1 0 2000 1 5 0.284354282359106 5 1000 6562 5
"4374" "A" 0.008 -0.94875 0.01 1 1 2000 1 5 4.60517018598809 5 1000 3456 5
"4375" "A" 0.008 -0.20625 0.0925 1 0.5 2000 1 5 2.38054663446376 5 1000 767 5
"4376" "A" 0.08 -0.61875 0.62875 1 0.5 2000 1 5 0.464021557568188 5 1000 6095 5
"4377" "A" 0.008 -0.53625 0.505 0 0 2000 1 5 0.683196849706777 5 1000 2023 5
"4378" "A" 0.008 -0.94875 1 1 0 2000 1 5 0 5 1000 3598 5
"4379" "A" 0.008 -0.0825 0.21625 1 0.5 2000 1 5 1.53132013317015 5 1000 335 5
"4380" "A" 0.08 -0.53625 0.46375 1 0.5 2000 1 5 0.768409665060492 5 1000 5771 5
"4381" "A" 0.008 -0.45375 0.54625 0 0 2000 1 5 0.604678532572337 5 1000 1729 5
"4382" "A" 0.08 -0.12375 0.29875 1 0.5 2000 1 5 1.20814817573642 5 1000 4247 5
"4383" "A" 0.08 -0.78375 0.9175 1 0.5 2000 1 5 0.0861026990534116 5 1000 6737 5
"4384" "A" 0.008 -0.0825 0.21625 0 0 2000 1 5 1.53132013317015 5 1000 331 5
"4385" "A" 0.08 -0.165 0.38125 0 0.5 2000 1 5 0.964299951060516 5 1000 4406 5
"4386" "A" 0.008 -0.53625 0.5875 0 0.5 2000 1 5 0.531879032963823 5 1000 2036 5
"4387" "A" 0.08 -0.825 0.5875 0 0 2000 1 5 0.531879032963823 5 1000 6835 5
"4388" "A" 0.08 -0.20625 0.7525 1 0.5 2000 1 5 0.284354282359106 5 1000 4613 5
"4389" "A" 0.008 -0.28875 0.0925 1 0 2000 1 5 2.38054663446376 5 1000 1066 5
"4390" "A" 0.008 -0.7425 0.4225 0 1 2000 1 5 0.861565832184908 5 1000 2763 5
"4391" "A" 0.08 -0.4125 0.38125 1 0.5 2000 1 5 0.964299951060516 5 1000 5309 5
"4392" "A" 0.008 -0.165 0.21625 1 0 2000 1 5 1.53132013317015 5 1000 634 5
"4393" "A" 0.008 -0.5775 0.38125 0 0.5 2000 1 5 0.964299951060516 5 1000 2156 5
"4394" "A" 0.008 -0.20625 1 0 0 2000 1 5 0 5 1000 895 5
"4395" "A" 0.008 -0.28875 0.87625 0 1 2000 1 5 0.132103840633337 5 1000 1179 5
"4396" "A" 0.08 0 0.62875 1 1 2000 1 5 0.464021557568188 5 1000 3846 5
"4397" "A" 0.008 -0.04125 0.835 0 1 2000 1 5 0.180323554131281 5 1000 273 5
"4398" "A" 0.008 -0.2475 1 1 1 2000 1 5 0 5 1000 1050 5
"4399" "A" 0.008 -0.165 0.38125 0 0 2000 1 5 0.964299951060516 5 1000 655 5
"4400" "A" 0.008 -0.825 0.5875 0 0.5 2000 1 5 0.531879032963823 5 1000 3086 5
"4401" "A" 0.008 -0.5775 0.54625 1 0 2000 1 5 0.604678532572337 5 1000 2182 5
"4402" "A" 0.08 -0.53625 0.62875 0 1 2000 1 5 0.464021557568188 5 1000 5793 5
"4403" "A" 0.08 -0.61875 0.4225 1 1 2000 1 5 0.861565832184908 5 1000 6066 5
"4404" "A" 0.08 -0.28875 0.67 0 1 2000 1 5 0.400477566597125 5 1000 4899 5
"4405" "A" 0.008 -0.12375 0.505 1 0 2000 1 5 0.683196849706777 5 1000 526 5
"4406" "A" 0.08 -0.9075 0.05125 1 1 2000 1 5 2.97103966096362 5 1000 7062 5
"4407" "A" 0.008 -0.70125 0.01 1 0.5 2000 1 5 4.60517018598809 5 1000 2555 5
"4408" "A" 0.08 -0.7425 0.38125 0 0.5 2000 1 5 0.964299951060516 5 1000 6506 5
"4409" "A" 0.08 -0.12375 0.0925 1 0.5 2000 1 5 2.38054663446376 5 1000 4217 5
"4410" "A" 0.008 -0.5775 0.71125 0 0 2000 1 5 0.340731293541596 5 1000 2203 5
"4411" "A" 0.008 -0.12375 0.175 0 0 2000 1 5 1.74296930505862 5 1000 475 5
"4412" "A" 0.008 -0.78375 0.54625 0 1 2000 1 5 0.604678532572337 5 1000 2931 5
"4413" "A" 0.08 -0.28875 0.5875 0 0.5 2000 1 5 0.531879032963823 5 1000 4886 5
"4414" "A" 0.008 -0.2475 0.13375 1 1 2000 1 5 2.01178289320602 5 1000 924 5
"4415" "A" 0.08 -0.0825 0.175 1 0 2000 1 5 1.74296930505862 5 1000 4078 5
"4416" "A" 0.008 -0.45375 0.29875 1 0.5 2000 1 5 1.20814817573642 5 1000 1697 5
"4417" "A" 0.08 -0.4125 0.05125 1 0 2000 1 5 2.97103966096362 5 1000 5260 5
"4418" "A" 0.008 -0.66 0.34 0 0 2000 1 5 1.07880966137193 5 1000 2449 5
"4419" "A" 0.008 -0.99 0.95875 0 0 2000 1 5 0.042124926300671 5 1000 3739 5
"4420" "A" 0.08 -0.12375 0.95875 0 0 2000 1 5 0.042124926300671 5 1000 4339 5
"4421" "A" 0.08 -0.28875 0.7525 1 1 2000 1 5 0.284354282359106 5 1000 4914 5
"4422" "A" 0.08 -0.66 1 0 0.5 2000 1 5 0 5 1000 6296 5
"4423" "A" 0.008 -0.28875 0.34 1 0.5 2000 1 5 1.07880966137193 5 1000 1103 5
"4424" "A" 0.008 -0.2475 0.79375 1 1 2000 1 5 0.230986728775236 5 1000 1020 5
"4425" "A" 0.08 -0.78375 0.835 0 0 2000 1 5 0.180323554131281 5 1000 6721 5
"4426" "A" 0.008 -0.2475 0.13375 0 0.5 2000 1 5 2.01178289320602 5 1000 920 5
"4427" "A" 0.08 -0.94875 0.505 0 0 2000 1 5 0.683196849706777 5 1000 7273 5
"4428" "A" 0.08 -0.33 0.21625 0 0.5 2000 1 5 1.53132013317015 5 1000 4982 5
"4429" "A" 0.008 -0.12375 0.29875 0 0.5 2000 1 5 1.20814817573642 5 1000 494 5
"4430" "A" 0.08 -0.37125 0.835 0 0 2000 1 5 0.180323554131281 5 1000 5221 5
"4431" "A" 0.008 -0.825 0.71125 1 0 2000 1 5 0.340731293541596 5 1000 3106 5
"4432" "A" 0.08 -0.7425 0.4225 0 0.5 2000 1 5 0.861565832184908 5 1000 6512 5
"4433" "A" 0.008 -0.7425 0.29875 0 0 2000 1 5 1.20814817573642 5 1000 2743 5
"4434" "A" 0.08 -0.66 0.95875 1 0.5 2000 1 5 0.042124926300671 5 1000 6293 5
"4435" "A" 0.08 -0.20625 1 0 0 2000 1 5 0 5 1000 4645 5
"4436" "A" 0.008 -0.2475 0.34 0 1 2000 1 5 1.07880966137193 5 1000 951 5
"4437" "A" 0.08 -0.53625 0.05125 0 0.5 2000 1 5 2.97103966096362 5 1000 5708 5
"4438" "A" 0.008 -0.9075 0.87625 0 1 2000 1 5 0.132103840633337 5 1000 3429 5
"4439" "A" 0.008 0 0.21625 0 1 2000 1 5 1.53132013317015 5 1000 33 5
"4440" "A" 0.008 -0.61875 0.34 1 0.5 2000 1 5 1.07880966137193 5 1000 2303 5
"4441" "A" 0.008 -0.9075 0.79375 0 1 2000 1 5 0.230986728775236 5 1000 3417 5
"4442" "A" 0.08 -0.20625 1 0 1 2000 1 5 0 5 1000 4647 5
"4443" "A" 0.008 -0.7425 0.175 0 0.5 2000 1 5 1.74296930505862 5 1000 2726 5
"4444" "A" 0.008 -0.78375 0.34 0 0.5 2000 1 5 1.07880966137193 5 1000 2900 5
"4445" "A" 0.08 -0.4125 0.05125 1 1 2000 1 5 2.97103966096362 5 1000 5262 5
"4446" "A" 0.08 -0.45375 0.95875 1 0 2000 1 5 0.042124926300671 5 1000 5542 5
"4447" "A" 0.008 -0.28875 1 1 0.5 2000 1 5 0 5 1000 1199 5
"4448" "A" 0.008 -0.04125 0.13375 0 0.5 2000 1 5 2.01178289320602 5 1000 170 5
"4449" "A" 0.008 -0.165 0.2575 1 0 2000 1 5 1.35673555887835 5 1000 640 5
"4450" "A" 0.008 -0.28875 0.835 1 1 2000 1 5 0.180323554131281 5 1000 1176 5
"4451" "A" 0.008 -0.7425 1 0 0 2000 1 5 0 5 1000 2845 5
"4452" "A" 0.008 -0.45375 0.0925 1 0 2000 1 5 2.38054663446376 5 1000 1666 5
"4453" "A" 0.008 -0.2475 0.87625 0 0.5 2000 1 5 0.132103840633337 5 1000 1028 5
"4454" "A" 0.08 -0.53625 0.835 1 0.5 2000 1 5 0.180323554131281 5 1000 5825 5
"4455" "A" 0.008 -0.99 0.54625 1 1 2000 1 5 0.604678532572337 5 1000 3684 5
"4456" "A" 0.008 -0.45375 0.01 0 0.5 2000 1 5 4.60517018598809 5 1000 1652 5
"4457" "A" 0.008 -0.28875 0.71125 0 0.5 2000 1 5 0.340731293541596 5 1000 1154 5
"4458" "A" 0.08 -0.04125 0.5875 0 0 2000 1 5 0.531879032963823 5 1000 3985 5
"4459" "A" 0.008 -0.37125 0.21625 1 0.5 2000 1 5 1.53132013317015 5 1000 1385 5
"4460" "A" 0.08 -0.7425 0.01 0 0 2000 1 5 4.60517018598809 5 1000 6451 5
"4461" "A" 0.008 0 0.0925 1 0.5 2000 1 5 2.38054663446376 5 1000 17 5
"4462" "A" 0.08 -0.94875 0.2575 0 1 2000 1 5 1.35673555887835 5 1000 7239 5
"4463" "A" 0.08 -0.165 0.95875 0 1 2000 1 5 0.042124926300671 5 1000 4491 5
"4464" "A" 0.08 -0.0825 0.835 1 0.5 2000 1 5 0.180323554131281 5 1000 4175 5
"4465" "A" 0.08 -0.20625 0.5875 0 0.5 2000 1 5 0.531879032963823 5 1000 4586 5
"4466" "A" 0.08 -0.78375 0.2575 0 0 2000 1 5 1.35673555887835 5 1000 6637 5
"4467" "A" 0.08 -0.99 0.01 0 0.5 2000 1 5 4.60517018598809 5 1000 7352 5
"4468" "A" 0.008 -0.495 0.38125 1 1 2000 1 5 0.964299951060516 5 1000 1860 5
"4469" "A" 0.08 -0.94875 0.505 1 0.5 2000 1 5 0.683196849706777 5 1000 7277 5
"4470" "A" 0.008 -0.66 0.54625 1 1 2000 1 5 0.604678532572337 5 1000 2484 5
"4471" "A" 0.008 -0.37125 0.62875 0 1 2000 1 5 0.464021557568188 5 1000 1443 5
"4472" "A" 0.008 -0.12375 0.79375 1 0.5 2000 1 5 0.230986728775236 5 1000 569 5
"4473" "A" 0.08 -0.825 0.13375 0 0 2000 1 5 2.01178289320602 5 1000 6769 5
"4474" "A" 0.08 -0.78375 0.835 1 1 2000 1 5 0.180323554131281 5 1000 6726 5
"4475" "A" 0.008 -0.99 0.34 0 1 2000 1 5 1.07880966137193 5 1000 3651 5
"4476" "A" 0.008 -0.61875 0.87625 1 1 2000 1 5 0.132103840633337 5 1000 2382 5
"4477" "A" 0.008 -0.99 0.5875 1 0 2000 1 5 0.531879032963823 5 1000 3688 5
"4478" "A" 0.008 -0.495 0.5875 0 0 2000 1 5 0.531879032963823 5 1000 1885 5
"4479" "A" 0.08 -0.0825 0.38125 0 0 2000 1 5 0.964299951060516 5 1000 4105 5
"4480" "A" 0.08 -0.2475 0.05125 1 1 2000 1 5 2.97103966096362 5 1000 4662 5
"4481" "A" 0.008 -0.37125 0.4225 1 0 2000 1 5 0.861565832184908 5 1000 1414 5
"4482" "A" 0.08 -0.99 0.29875 1 0 2000 1 5 1.20814817573642 5 1000 7396 5
"4483" "A" 0.08 -0.70125 0.2575 0 0 2000 1 5 1.35673555887835 5 1000 6337 5
"4484" "A" 0.08 -0.86625 0.2575 0 0.5 2000 1 5 1.35673555887835 5 1000 6938 5
"4485" "A" 0.08 -0.86625 0.13375 0 1 2000 1 5 2.01178289320602 5 1000 6921 5
"4486" "A" 0.08 -0.0825 0.71125 1 1 2000 1 5 0.340731293541596 5 1000 4158 5
"4487" "A" 0.008 -0.825 0.835 0 0 2000 1 5 0.180323554131281 5 1000 3121 5
"4488" "A" 0.08 -0.33 0.95875 1 1 2000 1 5 0.042124926300671 5 1000 5094 5
"4489" "A" 0.08 -0.825 0.0925 1 0.5 2000 1 5 2.38054663446376 5 1000 6767 5
"4490" "A" 0.08 -0.20625 0.7525 0 0.5 2000 1 5 0.284354282359106 5 1000 4610 5
"4491" "A" 0.08 -0.37125 0.87625 0 0 2000 1 5 0.132103840633337 5 1000 5227 5
"4492" "A" 0.08 -0.12375 0.79375 1 1 2000 1 5 0.230986728775236 5 1000 4320 5
"4493" "A" 0.008 -0.78375 0.29875 0 1 2000 1 5 1.20814817573642 5 1000 2895 5
"4494" "A" 0.008 -0.45375 0.21625 0 0.5 2000 1 5 1.53132013317015 5 1000 1682 5
"4495" "A" 0.08 -0.94875 0.54625 1 1 2000 1 5 0.604678532572337 5 1000 7284 5
"4496" "A" 0.008 -0.04125 0.4225 1 1 2000 1 5 0.861565832184908 5 1000 216 5
"4497" "A" 0.008 -0.12375 0.4225 1 0 2000 1 5 0.861565832184908 5 1000 514 5
"4498" "A" 0.08 -0.86625 0.4225 0 0.5 2000 1 5 0.861565832184908 5 1000 6962 5
"4499" "A" 0.008 -0.20625 0.5875 1 1 2000 1 5 0.531879032963823 5 1000 840 5
"4500" "A" 0.08 -0.66 1 1 0.5 2000 1 5 0 5 1000 6299 5
"4501" "A" 0.008 -0.94875 0.0925 1 1 2000 1 5 2.38054663446376 5 1000 3468 5
"4502" "A" 0.008 -0.94875 0.67 1 0 2000 1 5 0.400477566597125 5 1000 3550 5
"4503" "A" 0.08 -0.165 0.38125 1 1 2000 1 5 0.964299951060516 5 1000 4410 5
"4504" "A" 0.008 -0.20625 0.505 0 0.5 2000 1 5 0.683196849706777 5 1000 824 5
"4505" "A" 0.008 -0.70125 0.0925 1 0 2000 1 5 2.38054663446376 5 1000 2566 5
"4506" "A" 0.08 -0.04125 0.54625 1 0.5 2000 1 5 0.604678532572337 5 1000 3983 5
"4507" "A" 0.08 -0.825 0.38125 1 1 2000 1 5 0.964299951060516 5 1000 6810 5
"4508" "A" 0.08 -0.20625 0.01 1 1 2000 1 5 4.60517018598809 5 1000 4506 5
"4509" "A" 0.08 -0.165 0.21625 1 1 2000 1 5 1.53132013317015 5 1000 4386 5
"4510" "A" 0.008 -0.165 0.835 1 0.5 2000 1 5 0.180323554131281 5 1000 725 5
"4511" "A" 0.008 -0.86625 0.38125 1 0 2000 1 5 0.964299951060516 5 1000 3208 5
"4512" "A" 0.008 -0.61875 0.38125 0 0 2000 1 5 0.964299951060516 5 1000 2305 5
"4513" "A" 0.008 -0.99 0.0925 0 1 2000 1 5 2.38054663446376 5 1000 3615 5
"4514" "A" 0.008 -0.45375 0.835 1 0.5 2000 1 5 0.180323554131281 5 1000 1775 5
"4515" "A" 0.008 -0.20625 0.01 1 0.5 2000 1 5 4.60517018598809 5 1000 755 5
"4516" "A" 0.008 -0.33 0.2575 1 0 2000 1 5 1.35673555887835 5 1000 1240 5
"4517" "A" 0.08 -0.12375 0.34 0 0 2000 1 5 1.07880966137193 5 1000 4249 5
"4518" "A" 0.08 0 0.5875 1 0 2000 1 5 0.531879032963823 5 1000 3838 5
"4519" "A" 0.008 -0.70125 0.62875 1 0 2000 1 5 0.464021557568188 5 1000 2644 5
"4520" "A" 0.08 -0.0825 0.34 0 0 2000 1 5 1.07880966137193 5 1000 4099 5
"4521" "A" 0.08 -0.5775 0.87625 0 1 2000 1 5 0.132103840633337 5 1000 5979 5
"4522" "A" 0.08 -0.53625 0.38125 1 0 2000 1 5 0.964299951060516 5 1000 5758 5
"4523" "A" 0.008 -0.04125 0.05125 1 0 2000 1 5 2.97103966096362 5 1000 160 5
"4524" "A" 0.08 -0.5775 0.95875 0 1 2000 1 5 0.042124926300671 5 1000 5991 5
"4525" "A" 0.008 -0.33 0.62875 0 0.5 2000 1 5 0.464021557568188 5 1000 1292 5
"4526" "A" 0.08 -0.4125 0.835 0 1 2000 1 5 0.180323554131281 5 1000 5373 5
"4527" "A" 0.008 -0.33 0.29875 1 0.5 2000 1 5 1.20814817573642 5 1000 1247 5
"4528" "A" 0.008 -0.99 0.9175 1 0.5 2000 1 5 0.0861026990534116 5 1000 3737 5
"4529" "A" 0.008 -0.495 0.71125 1 1 2000 1 5 0.340731293541596 5 1000 1908 5
"4530" "A" 0.08 -0.9075 0.05125 1 0 2000 1 5 2.97103966096362 5 1000 7060 5
"4531" "A" 0.008 -0.66 0.54625 0 0 2000 1 5 0.604678532572337 5 1000 2479 5
"4532" "A" 0.08 -0.37125 0.34 1 1 2000 1 5 1.07880966137193 5 1000 5154 5
"4533" "A" 0.08 -0.37125 0.0925 1 0.5 2000 1 5 2.38054663446376 5 1000 5117 5
"4534" "A" 0.008 -0.9075 0.29875 1 1 2000 1 5 1.20814817573642 5 1000 3348 5
"4535" "A" 0.08 -0.99 1 1 0.5 2000 1 5 0 5 1000 7499 5
"4536" "A" 0.08 -0.86625 0.79375 1 0.5 2000 1 5 0.230986728775236 5 1000 7019 5
"4537" "A" 0.08 -0.94875 0.4225 1 0 2000 1 5 0.861565832184908 5 1000 7264 5
"4538" "A" 0.008 -0.28875 0.87625 1 1 2000 1 5 0.132103840633337 5 1000 1182 5
"4539" "A" 0.08 -0.7425 0.835 1 0 2000 1 5 0.180323554131281 5 1000 6574 5
"4540" "A" 0.008 -0.495 0.4225 0 0 2000 1 5 0.861565832184908 5 1000 1861 5
"4541" "A" 0.008 -0.66 0.0925 0 0 2000 1 5 2.38054663446376 5 1000 2413 5
"4542" "A" 0.08 -0.99 0.835 1 1 2000 1 5 0.180323554131281 5 1000 7476 5
"4543" "A" 0.08 -0.33 0.835 0 0.5 2000 1 5 0.180323554131281 5 1000 5072 5
"4544" "A" 0.08 -0.94875 0.5875 1 0.5 2000 1 5 0.531879032963823 5 1000 7289 5
"4545" "A" 0.08 -0.5775 0.4225 0 1 2000 1 5 0.861565832184908 5 1000 5913 5
"4546" "A" 0.008 -0.0825 0.29875 1 1 2000 1 5 1.20814817573642 5 1000 348 5
"4547" "A" 0.08 -0.78375 0.7525 0 0 2000 1 5 0.284354282359106 5 1000 6709 5
"4548" "A" 0.008 -0.04125 0.67 1 1 2000 1 5 0.400477566597125 5 1000 252 5
"4549" "A" 0.08 0 0.01 0 0 2000 1 5 4.60517018598809 5 1000 3751 5
"4550" "A" 0.008 -0.61875 0.4225 1 0 2000 1 5 0.861565832184908 5 1000 2314 5
"4551" "A" 0.08 -0.28875 0.62875 1 0 2000 1 5 0.464021557568188 5 1000 4894 5
"4552" "A" 0.08 -0.37125 1 0 0.5 2000 1 5 0 5 1000 5246 5
"4553" "A" 0.008 -0.2475 0.95875 0 0.5 2000 1 5 0.042124926300671 5 1000 1040 5
"4554" "A" 0.08 -0.66 0.5875 0 1 2000 1 5 0.531879032963823 5 1000 6237 5
"4555" "A" 0.008 -0.53625 0.95875 1 0 2000 1 5 0.042124926300671 5 1000 2092 5
"4556" "A" 0.08 -0.99 0.505 1 0.5 2000 1 5 0.683196849706777 5 1000 7427 5
"4557" "A" 0.08 -0.70125 0.835 1 0 2000 1 5 0.180323554131281 5 1000 6424 5
"4558" "A" 0.08 -0.66 0.835 0 1 2000 1 5 0.180323554131281 5 1000 6273 5
"4559" "A" 0.008 -0.53625 0.0925 0 0.5 2000 1 5 2.38054663446376 5 1000 1964 5
"4560" "A" 0.008 -0.4125 0.13375 0 1 2000 1 5 2.01178289320602 5 1000 1521 5
"4561" "A" 0.08 -0.61875 0.9175 0 0 2000 1 5 0.0861026990534116 5 1000 6133 5
"4562" "A" 0.008 -0.78375 0.5875 1 0.5 2000 1 5 0.531879032963823 5 1000 2939 5
"4563" "A" 0.008 -0.78375 0.67 1 1 2000 1 5 0.400477566597125 5 1000 2952 5
"4564" "A" 0.008 -0.9075 0.95875 1 0.5 2000 1 5 0.042124926300671 5 1000 3443 5
"4565" "A" 0.08 -0.70125 0.505 0 0 2000 1 5 0.683196849706777 5 1000 6373 5
"4566" "A" 0.08 -0.78375 0.0925 1 0 2000 1 5 2.38054663446376 5 1000 6616 5
"4567" "A" 0.08 -0.495 0.87625 1 0.5 2000 1 5 0.132103840633337 5 1000 5681 5
"4568" "A" 0.008 -0.165 0.2575 0 0.5 2000 1 5 1.35673555887835 5 1000 638 5
"4569" "A" 0.08 -0.33 0.9175 0 0 2000 1 5 0.0861026990534116 5 1000 5083 5
"4570" "A" 0.008 -0.61875 0.175 0 1 2000 1 5 1.74296930505862 5 1000 2277 5
"4571" "A" 0.08 -0.20625 0.38125 1 0 2000 1 5 0.964299951060516 5 1000 4558 5
"4572" "A" 0.08 -0.495 0.87625 0 0 2000 1 5 0.132103840633337 5 1000 5677 5
"4573" "A" 0.08 -0.86625 0.0925 1 1 2000 1 5 2.38054663446376 5 1000 6918 5
"4574" "A" 0.08 -0.9075 0.7525 0 0.5 2000 1 5 0.284354282359106 5 1000 7160 5
"4575" "A" 0.08 -0.53625 0.29875 0 1 2000 1 5 1.20814817573642 5 1000 5745 5
"4576" "A" 0.008 -0.4125 0.0925 0 0.5 2000 1 5 2.38054663446376 5 1000 1514 5
"4577" "A" 0.008 -0.70125 0.835 0 0 2000 1 5 0.180323554131281 5 1000 2671 5
"4578" "A" 0.008 -0.99 0.505 0 0 2000 1 5 0.683196849706777 5 1000 3673 5
"4579" "A" 0.08 -0.33 0.0925 0 1 2000 1 5 2.38054663446376 5 1000 4965 5
"4580" "A" 0.008 -0.28875 0.0925 0 0 2000 1 5 2.38054663446376 5 1000 1063 5
"4581" "A" 0.008 -0.78375 0.95875 0 1 2000 1 5 0.042124926300671 5 1000 2991 5
"4582" "A" 0.08 0 0.835 0 0 2000 1 5 0.180323554131281 5 1000 3871 5
"4583" "A" 0.08 -0.70125 0.13375 0 1 2000 1 5 2.01178289320602 5 1000 6321 5
"4584" "A" 0.08 -0.45375 0.4225 0 0.5 2000 1 5 0.861565832184908 5 1000 5462 5
"4585" "A" 0.008 -0.94875 0.29875 1 0.5 2000 1 5 1.20814817573642 5 1000 3497 5
"4586" "A" 0.08 -0.20625 0.95875 0 0.5 2000 1 5 0.042124926300671 5 1000 4640 5
"4587" "A" 0.08 0 0.34 1 0.5 2000 1 5 1.07880966137193 5 1000 3803 5
"4588" "A" 0.008 -0.28875 0.38125 1 0 2000 1 5 0.964299951060516 5 1000 1108 5
"4589" "A" 0.008 -0.61875 0.38125 0 0.5 2000 1 5 0.964299951060516 5 1000 2306 5
"4590" "A" 0.008 -0.165 0.21625 0 0 2000 1 5 1.53132013317015 5 1000 631 5
"4591" "A" 0.008 -0.7425 0.62875 0 1 2000 1 5 0.464021557568188 5 1000 2793 5
"4592" "A" 0.008 -0.66 0.87625 0 0 2000 1 5 0.132103840633337 5 1000 2527 5
"4593" "A" 0.08 -0.33 0.2575 0 1 2000 1 5 1.35673555887835 5 1000 4989 5
"4594" "A" 0.08 -0.78375 0.0925 0 0.5 2000 1 5 2.38054663446376 5 1000 6614 5
"4595" "A" 0.008 -0.53625 0.2575 0 0 2000 1 5 1.35673555887835 5 1000 1987 5
"4596" "A" 0.08 -0.495 0.46375 1 0.5 2000 1 5 0.768409665060492 5 1000 5621 5
"4597" "A" 0.08 -0.94875 0.62875 0 1 2000 1 5 0.464021557568188 5 1000 7293 5
"4598" "A" 0.008 -0.5775 0.7525 1 1 2000 1 5 0.284354282359106 5 1000 2214 5
"4599" "A" 0.08 -0.5775 0.67 1 0.5 2000 1 5 0.400477566597125 5 1000 5951 5
"4600" "A" 0.008 -0.12375 0.95875 1 0 2000 1 5 0.042124926300671 5 1000 592 5
"4601" "A" 0.008 -0.9075 0.2575 1 0.5 2000 1 5 1.35673555887835 5 1000 3341 5
"4602" "A" 0.008 -0.78375 0.34 1 0 2000 1 5 1.07880966137193 5 1000 2902 5
"4603" "A" 0.08 0 0.71125 0 0.5 2000 1 5 0.340731293541596 5 1000 3854 5
"4604" "A" 0.08 -0.86625 0.13375 1 0 2000 1 5 2.01178289320602 5 1000 6922 5
"4605" "A" 0.08 -0.165 0.21625 1 0.5 2000 1 5 1.53132013317015 5 1000 4385 5
"4606" "A" 0.008 -0.78375 0.2575 0 0 2000 1 5 1.35673555887835 5 1000 2887 5
"4607" "A" 0.08 -0.825 0.5875 1 1 2000 1 5 0.531879032963823 5 1000 6840 5
"4608" "A" 0.008 -0.28875 0.7525 0 0 2000 1 5 0.284354282359106 5 1000 1159 5
"4609" "A" 0.008 -0.78375 0.175 0 0 2000 1 5 1.74296930505862 5 1000 2875 5
"4610" "A" 0.008 -0.5775 0.835 0 0.5 2000 1 5 0.180323554131281 5 1000 2222 5
"4611" "A" 0.008 -0.495 0.62875 0 0 2000 1 5 0.464021557568188 5 1000 1891 5
"4612" "A" 0.008 -0.4125 0.505 0 1 2000 1 5 0.683196849706777 5 1000 1575 5
"4613" "A" 0.08 -0.94875 0.01 1 0.5 2000 1 5 4.60517018598809 5 1000 7205 5
"4614" "A" 0.008 -0.66 0.7525 0 0 2000 1 5 0.284354282359106 5 1000 2509 5
"4615" "A" 0.08 -0.61875 0.34 0 1 2000 1 5 1.07880966137193 5 1000 6051 5
"4616" "A" 0.008 -0.5775 0.46375 0 0.5 2000 1 5 0.768409665060492 5 1000 2168 5
"4617" "A" 0.008 -0.7425 0.95875 1 0.5 2000 1 5 0.042124926300671 5 1000 2843 5
"4618" "A" 0.08 -0.28875 0.46375 0 1 2000 1 5 0.768409665060492 5 1000 4869 5
"4619" "A" 0.08 -0.5775 0.05125 0 0.5 2000 1 5 2.97103966096362 5 1000 5858 5
"4620" "A" 0.08 -0.99 0.4225 1 0.5 2000 1 5 0.861565832184908 5 1000 7415 5
"4621" "A" 0.008 -0.4125 0.01 1 0 2000 1 5 4.60517018598809 5 1000 1504 5
"4622" "A" 0.008 -0.9075 0.01 1 0.5 2000 1 5 4.60517018598809 5 1000 3305 5
"4623" "A" 0.08 -0.28875 0.67 1 0 2000 1 5 0.400477566597125 5 1000 4900 5
"4624" "A" 0.08 0 0.05125 0 0 2000 1 5 2.97103966096362 5 1000 3757 5
"4625" "A" 0.08 -0.28875 0.4225 0 1 2000 1 5 0.861565832184908 5 1000 4863 5
"4626" "A" 0.008 -0.7425 0.46375 1 0 2000 1 5 0.768409665060492 5 1000 2770 5
"4627" "A" 0.08 -0.20625 0.21625 0 0.5 2000 1 5 1.53132013317015 5 1000 4532 5
"4628" "A" 0.08 -0.2475 0.21625 1 0 2000 1 5 1.53132013317015 5 1000 4684 5
"4629" "A" 0.08 -0.99 0.67 0 1 2000 1 5 0.400477566597125 5 1000 7449 5
"4630" "A" 0.08 -0.53625 0.34 0 1 2000 1 5 1.07880966137193 5 1000 5751 5
"4631" "A" 0.08 -0.53625 0.79375 1 1 2000 1 5 0.230986728775236 5 1000 5820 5
"4632" "A" 0.008 -0.86625 0.9175 0 1 2000 1 5 0.0861026990534116 5 1000 3285 5
"4633" "A" 0.08 -0.4125 0.4225 1 1 2000 1 5 0.861565832184908 5 1000 5316 5
"4634" "A" 0.08 -0.20625 0.4225 1 1 2000 1 5 0.861565832184908 5 1000 4566 5
"4635" "A" 0.08 -0.12375 0.71125 0 0 2000 1 5 0.340731293541596 5 1000 4303 5
"4636" "A" 0.008 -0.78375 0.38125 0 1 2000 1 5 0.964299951060516 5 1000 2907 5
"4637" "A" 0.008 -0.61875 0.9175 0 1 2000 1 5 0.0861026990534116 5 1000 2385 5
"4638" "A" 0.008 -0.33 0.67 1 1 2000 1 5 0.400477566597125 5 1000 1302 5
"4639" "A" 0.08 0 1 0 1 2000 1 5 0 5 1000 3897 5
"4640" "A" 0.08 -0.66 0.0925 0 0.5 2000 1 5 2.38054663446376 5 1000 6164 5
"4641" "A" 0.008 -0.37125 0.71125 0 1 2000 1 5 0.340731293541596 5 1000 1455 5
"4642" "A" 0.008 -0.0825 0.79375 0 0.5 2000 1 5 0.230986728775236 5 1000 416 5
"4643" "A" 0.008 0 0.05125 1 1 2000 1 5 2.97103966096362 5 1000 12 5
"4644" "A" 0.008 -0.53625 0.29875 0 0.5 2000 1 5 1.20814817573642 5 1000 1994 5
"4645" "A" 0.008 -0.0825 0.835 1 0.5 2000 1 5 0.180323554131281 5 1000 425 5
"4646" "A" 0.08 -0.45375 0.01 0 1 2000 1 5 4.60517018598809 5 1000 5403 5
"4647" "A" 0.08 -0.45375 0.175 0 1 2000 1 5 1.74296930505862 5 1000 5427 5
"4648" "A" 0.08 -0.9075 0.67 0 0 2000 1 5 0.400477566597125 5 1000 7147 5
"4649" "A" 0.008 -0.9075 0.38125 0 0.5 2000 1 5 0.964299951060516 5 1000 3356 5
"4650" "A" 0.08 -0.45375 0.21625 0 0 2000 1 5 1.53132013317015 5 1000 5431 5
"4651" "A" 0.008 -0.61875 0.34 1 1 2000 1 5 1.07880966137193 5 1000 2304 5
"4652" "A" 0.08 -0.33 0.505 1 1 2000 1 5 0.683196849706777 5 1000 5028 5
"4653" "A" 0.008 -0.2475 0.505 0 0.5 2000 1 5 0.683196849706777 5 1000 974 5
"4654" "A" 0.08 -0.12375 0.2575 0 0.5 2000 1 5 1.35673555887835 5 1000 4238 5
"4655" "A" 0.08 -0.61875 0.38125 1 0 2000 1 5 0.964299951060516 5 1000 6058 5
"4656" "A" 0.008 -0.99 0.5875 1 0.5 2000 1 5 0.531879032963823 5 1000 3689 5
"4657" "A" 0.08 -0.4125 1 0 1 2000 1 5 0 5 1000 5397 5
"4658" "A" 0.008 -0.0825 0.62875 1 0.5 2000 1 5 0.464021557568188 5 1000 395 5
"4659" "A" 0.008 -0.70125 0.2575 0 0.5 2000 1 5 1.35673555887835 5 1000 2588 5
"4660" "A" 0.08 -0.4125 0.67 0 0.5 2000 1 5 0.400477566597125 5 1000 5348 5
"4661" "A" 0.008 -0.99 0.505 1 0.5 2000 1 5 0.683196849706777 5 1000 3677 5
"4662" "A" 0.08 -0.53625 0.9175 1 1 2000 1 5 0.0861026990534116 5 1000 5838 5
"4663" "A" 0.08 -0.66 0.835 0 0.5 2000 1 5 0.180323554131281 5 1000 6272 5
"4664" "A" 0.008 -0.04125 0.29875 1 1 2000 1 5 1.20814817573642 5 1000 198 5
"4665" "A" 0.008 -0.94875 0.01 0 0.5 2000 1 5 4.60517018598809 5 1000 3452 5
"4666" "A" 0.08 -0.33 0.13375 0 0.5 2000 1 5 2.01178289320602 5 1000 4970 5
"4667" "A" 0.08 -0.61875 0.34 0 0.5 2000 1 5 1.07880966137193 5 1000 6050 5
"4668" "A" 0.008 0 0.67 1 1 2000 1 5 0.400477566597125 5 1000 102 5
"4669" "A" 0.008 -0.45375 0.835 0 1 2000 1 5 0.180323554131281 5 1000 1773 5
"4670" "A" 0.08 -0.20625 0.2575 1 1 2000 1 5 1.35673555887835 5 1000 4542 5
"4671" "A" 0.08 -0.33 0.7525 0 0 2000 1 5 0.284354282359106 5 1000 5059 5
"4672" "A" 0.08 -0.495 0.9175 0 0 2000 1 5 0.0861026990534116 5 1000 5683 5
"4673" "A" 0.008 -0.28875 0.05125 0 0 2000 1 5 2.97103966096362 5 1000 1057 5
"4674" "A" 0.008 -0.28875 0.175 0 0 2000 1 5 1.74296930505862 5 1000 1075 5
"4675" "A" 0.08 -0.825 0.46375 0 1 2000 1 5 0.768409665060492 5 1000 6819 5
"4676" "A" 0.08 -0.5775 1 1 1 2000 1 5 0 5 1000 6000 5
"4677" "A" 0.08 -0.53625 1 1 1 2000 1 5 0 5 1000 5850 5
"4678" "A" 0.08 -0.99 0.05125 0 1 2000 1 5 2.97103966096362 5 1000 7359 5
"4679" "A" 0.08 -0.825 0.5875 0 0.5 2000 1 5 0.531879032963823 5 1000 6836 5
"4680" "A" 0.08 -0.53625 0.46375 0 1 2000 1 5 0.768409665060492 5 1000 5769 5
"4681" "A" 0.08 -0.28875 0.34 1 1 2000 1 5 1.07880966137193 5 1000 4854 5
"4682" "A" 0.08 -0.37125 0.01 0 1 2000 1 5 4.60517018598809 5 1000 5103 5
"4683" "A" 0.08 0 0.2575 1 1 2000 1 5 1.35673555887835 5 1000 3792 5
"4684" "A" 0.008 -0.495 0.9175 1 0 2000 1 5 0.0861026990534116 5 1000 1936 5
"4685" "A" 0.008 -0.37125 0.95875 0 1 2000 1 5 0.042124926300671 5 1000 1491 5
"4686" "A" 0.008 -0.0825 0.62875 0 0.5 2000 1 5 0.464021557568188 5 1000 392 5
"4687" "A" 0.008 -0.99 0.38125 0 0.5 2000 1 5 0.964299951060516 5 1000 3656 5
"4688" "A" 0.08 -0.33 0.62875 0 1 2000 1 5 0.464021557568188 5 1000 5043 5
"4689" "A" 0.08 -0.495 0.13375 1 1 2000 1 5 2.01178289320602 5 1000 5574 5
"4690" "A" 0.08 -0.7425 0.62875 0 0.5 2000 1 5 0.464021557568188 5 1000 6542 5
"4691" "A" 0.08 -0.495 0.54625 0 0 2000 1 5 0.604678532572337 5 1000 5629 5
"4692" "A" 0.008 -0.5775 0.4225 1 0 2000 1 5 0.861565832184908 5 1000 2164 5
"4693" "A" 0.08 0 0.46375 0 1 2000 1 5 0.768409665060492 5 1000 3819 5
"4694" "A" 0.08 -0.99 0.21625 1 1 2000 1 5 1.53132013317015 5 1000 7386 5
"4695" "A" 0.08 -0.7425 0.54625 0 1 2000 1 5 0.604678532572337 5 1000 6531 5
"4696" "A" 0.08 -0.4125 0.95875 0 0.5 2000 1 5 0.042124926300671 5 1000 5390 5
"4697" "A" 0.008 0 0.79375 1 0 2000 1 5 0.230986728775236 5 1000 118 5
"4698" "A" 0.08 -0.70125 0.79375 0 0 2000 1 5 0.230986728775236 5 1000 6415 5
"4699" "A" 0.008 -0.70125 0.38125 0 0 2000 1 5 0.964299951060516 5 1000 2605 5
"4700" "A" 0.008 -0.37125 0.835 1 0 2000 1 5 0.180323554131281 5 1000 1474 5
"4701" "A" 0.008 -0.9075 0.34 1 1 2000 1 5 1.07880966137193 5 1000 3354 5
"4702" "A" 0.008 0 0.505 0 0 2000 1 5 0.683196849706777 5 1000 73 5
"4703" "A" 0.008 -0.99 0.54625 0 0.5 2000 1 5 0.604678532572337 5 1000 3680 5
"4704" "A" 0.08 0 0.87625 0 0 2000 1 5 0.132103840633337 5 1000 3877 5
"4705" "A" 0.08 -0.0825 0.05125 0 1 2000 1 5 2.97103966096362 5 1000 4059 5
"4706" "A" 0.008 -0.28875 0.5875 0 1 2000 1 5 0.531879032963823 5 1000 1137 5
"4707" "A" 0.008 -0.37125 0.54625 0 0 2000 1 5 0.604678532572337 5 1000 1429 5
"4708" "A" 0.008 -0.5775 0.95875 0 1 2000 1 5 0.042124926300671 5 1000 2241 5
"4709" "A" 0.008 -0.20625 0.175 1 0.5 2000 1 5 1.74296930505862 5 1000 779 5
"4710" "A" 0.008 -0.12375 0.9175 0 0.5 2000 1 5 0.0861026990534116 5 1000 584 5
"4711" "A" 0.008 -0.86625 0.62875 1 0 2000 1 5 0.464021557568188 5 1000 3244 5
"4712" "A" 0.008 -0.0825 0.835 1 1 2000 1 5 0.180323554131281 5 1000 426 5
"4713" "A" 0.008 -0.99 0.835 0 0.5 2000 1 5 0.180323554131281 5 1000 3722 5
"4714" "A" 0.08 -0.0825 0.505 0 1 2000 1 5 0.683196849706777 5 1000 4125 5
"4715" "A" 0.008 -0.37125 0.0925 0 0 2000 1 5 2.38054663446376 5 1000 1363 5
"4716" "A" 0.08 -0.37125 0.2575 0 0 2000 1 5 1.35673555887835 5 1000 5137 5
"4717" "A" 0.008 -0.4125 0.38125 1 1 2000 1 5 0.964299951060516 5 1000 1560 5
"4718" "A" 0.008 -0.86625 0.71125 0 0 2000 1 5 0.340731293541596 5 1000 3253 5
"4719" "A" 0.08 -0.12375 0.01 0 0 2000 1 5 4.60517018598809 5 1000 4201 5
"4720" "A" 0.08 -0.20625 0.34 1 0.5 2000 1 5 1.07880966137193 5 1000 4553 5
"4721" "A" 0.008 -0.28875 0.0925 0 1 2000 1 5 2.38054663446376 5 1000 1065 5
"4722" "A" 0.08 -0.70125 0.4225 1 0.5 2000 1 5 0.861565832184908 5 1000 6365 5
"4723" "A" 0.008 -0.5775 0.29875 0 1 2000 1 5 1.20814817573642 5 1000 2145 5
"4724" "A" 0.008 -0.86625 0.835 0 1 2000 1 5 0.180323554131281 5 1000 3273 5
"4725" "A" 0.08 -0.28875 0.505 0 0.5 2000 1 5 0.683196849706777 5 1000 4874 5
"4726" "A" 0.08 -0.165 0.71125 1 0.5 2000 1 5 0.340731293541596 5 1000 4457 5
"4727" "A" 0.008 -0.78375 0.71125 1 1 2000 1 5 0.340731293541596 5 1000 2958 5
"4728" "A" 0.08 -0.04125 0.71125 1 0.5 2000 1 5 0.340731293541596 5 1000 4007 5
"4729" "A" 0.008 -0.66 0.175 0 0 2000 1 5 1.74296930505862 5 1000 2425 5
"4730" "A" 0.08 -0.825 0.79375 0 0 2000 1 5 0.230986728775236 5 1000 6865 5
"4731" "A" 0.008 -0.5775 0.71125 1 0.5 2000 1 5 0.340731293541596 5 1000 2207 5
"4732" "A" 0.008 -0.4125 0.2575 0 1 2000 1 5 1.35673555887835 5 1000 1539 5
"4733" "A" 0.008 -0.33 0.05125 1 1 2000 1 5 2.97103966096362 5 1000 1212 5
"4734" "A" 0.008 -0.66 0.0925 0 0.5 2000 1 5 2.38054663446376 5 1000 2414 5
"4735" "A" 0.008 -0.66 0.62875 1 1 2000 1 5 0.464021557568188 5 1000 2496 5
"4736" "A" 0.008 -0.33 0.13375 1 0 2000 1 5 2.01178289320602 5 1000 1222 5
"4737" "A" 0.08 -0.61875 1 1 1 2000 1 5 0 5 1000 6150 5
"4738" "A" 0.08 -0.5775 0.2575 1 0.5 2000 1 5 1.35673555887835 5 1000 5891 5
"4739" "A" 0.08 0 0.01 1 0 2000 1 5 4.60517018598809 5 1000 3754 5
"4740" "A" 0.008 -0.28875 0.13375 0 1 2000 1 5 2.01178289320602 5 1000 1071 5
"4741" "A" 0.08 -0.78375 0.175 0 1 2000 1 5 1.74296930505862 5 1000 6627 5
"4742" "A" 0.008 -0.12375 0.38125 1 0 2000 1 5 0.964299951060516 5 1000 508 5
"4743" "A" 0.008 -0.33 0.835 1 0 2000 1 5 0.180323554131281 5 1000 1324 5
"4744" "A" 0.08 -0.70125 0.67 0 0.5 2000 1 5 0.400477566597125 5 1000 6398 5
"4745" "A" 0.08 -0.94875 1 1 0 2000 1 5 0 5 1000 7348 5
"4746" "A" 0.008 -0.28875 0.2575 1 0 2000 1 5 1.35673555887835 5 1000 1090 5
"4747" "A" 0.008 -0.66 0.13375 1 0.5 2000 1 5 2.01178289320602 5 1000 2423 5
"4748" "A" 0.008 -0.7425 0.835 1 0 2000 1 5 0.180323554131281 5 1000 2824 5
"4749" "A" 0.008 -0.20625 0.835 1 1 2000 1 5 0.180323554131281 5 1000 876 5
"4750" "A" 0.08 -0.78375 0.54625 1 1 2000 1 5 0.604678532572337 5 1000 6684 5
"4751" "A" 0.008 -0.20625 0.5875 0 1 2000 1 5 0.531879032963823 5 1000 837 5
"4752" "A" 0.008 -0.78375 0.62875 1 0.5 2000 1 5 0.464021557568188 5 1000 2945 5
"4753" "A" 0.08 -0.0825 0.62875 1 0.5 2000 1 5 0.464021557568188 5 1000 4145 5
"4754" "A" 0.08 -0.37125 0.835 0 0.5 2000 1 5 0.180323554131281 5 1000 5222 5
"4755" "A" 0.08 -0.12375 0.175 0 0 2000 1 5 1.74296930505862 5 1000 4225 5
"4756" "A" 0.08 -0.0825 0.46375 1 0.5 2000 1 5 0.768409665060492 5 1000 4121 5
"4757" "A" 0.008 -0.495 0.21625 0 0.5 2000 1 5 1.53132013317015 5 1000 1832 5
"4758" "A" 0.008 -0.165 0.71125 0 0.5 2000 1 5 0.340731293541596 5 1000 704 5
"4759" "A" 0.08 -0.94875 1 0 0 2000 1 5 0 5 1000 7345 5
"4760" "A" 0.08 -0.99 0.9175 0 0 2000 1 5 0.0861026990534116 5 1000 7483 5
"4761" "A" 0.08 -0.20625 0.9175 1 0.5 2000 1 5 0.0861026990534116 5 1000 4637 5
"4762" "A" 0.08 -0.78375 0.71125 1 0.5 2000 1 5 0.340731293541596 5 1000 6707 5
"4763" "A" 0.08 -0.04125 0.01 1 0.5 2000 1 5 4.60517018598809 5 1000 3905 5
"4764" "A" 0.08 -0.99 0.62875 0 0.5 2000 1 5 0.464021557568188 5 1000 7442 5
"4765" "A" 0.08 -0.53625 0.38125 0 0.5 2000 1 5 0.964299951060516 5 1000 5756 5
"4766" "A" 0.008 -0.78375 0.79375 1 1 2000 1 5 0.230986728775236 5 1000 2970 5
"4767" "A" 0.008 -0.78375 0.79375 0 1 2000 1 5 0.230986728775236 5 1000 2967 5
"4768" "A" 0.008 -0.0825 0.29875 1 0.5 2000 1 5 1.20814817573642 5 1000 347 5
"4769" "A" 0.008 -0.7425 0.46375 0 0.5 2000 1 5 0.768409665060492 5 1000 2768 5
"4770" "A" 0.008 -0.20625 0.38125 0 1 2000 1 5 0.964299951060516 5 1000 807 5
"4771" "A" 0.008 -0.12375 0.13375 0 0.5 2000 1 5 2.01178289320602 5 1000 470 5
"4772" "A" 0.008 -0.45375 0.67 0 1 2000 1 5 0.400477566597125 5 1000 1749 5
"4773" "A" 0.08 -0.04125 0.79375 1 1 2000 1 5 0.230986728775236 5 1000 4020 5
"4774" "A" 0.08 -0.2475 0.29875 0 0.5 2000 1 5 1.20814817573642 5 1000 4694 5
"4775" "A" 0.08 -0.165 0.4225 1 0 2000 1 5 0.861565832184908 5 1000 4414 5
"4776" "A" 0.08 -0.61875 0.87625 0 1 2000 1 5 0.132103840633337 5 1000 6129 5
"4777" "A" 0.008 -0.86625 0.4225 0 0 2000 1 5 0.861565832184908 5 1000 3211 5
"4778" "A" 0.008 -0.5775 0.4225 1 1 2000 1 5 0.861565832184908 5 1000 2166 5
"4779" "A" 0.08 -0.66 0.4225 1 1 2000 1 5 0.861565832184908 5 1000 6216 5
"4780" "A" 0.008 -0.04125 0.01 1 0 2000 1 5 4.60517018598809 5 1000 154 5
"4781" "A" 0.08 -0.37125 0.4225 0 0.5 2000 1 5 0.861565832184908 5 1000 5162 5
"4782" "A" 0.008 -0.70125 0.13375 0 0 2000 1 5 2.01178289320602 5 1000 2569 5
"4783" "A" 0.08 -0.0825 0.29875 1 0 2000 1 5 1.20814817573642 5 1000 4096 5
"4784" "A" 0.008 -0.99 0.79375 0 0 2000 1 5 0.230986728775236 5 1000 3715 5
"4785" "A" 0.008 -0.45375 0.95875 1 1 2000 1 5 0.042124926300671 5 1000 1794 5
"4786" "A" 0.008 -0.86625 0.5875 1 1 2000 1 5 0.531879032963823 5 1000 3240 5
"4787" "A" 0.008 -0.825 0.13375 0 0 2000 1 5 2.01178289320602 5 1000 3019 5
"4788" "A" 0.008 -0.12375 0.87625 1 0 2000 1 5 0.132103840633337 5 1000 580 5
"4789" "A" 0.008 -0.04125 0.54625 1 0.5 2000 1 5 0.604678532572337 5 1000 233 5
"4790" "A" 0.008 -0.94875 0.13375 1 0 2000 1 5 2.01178289320602 5 1000 3472 5
"4791" "A" 0.08 -0.9075 1 1 0.5 2000 1 5 0 5 1000 7199 5
"4792" "A" 0.08 -0.495 0.38125 1 1 2000 1 5 0.964299951060516 5 1000 5610 5
"4793" "A" 0.008 -0.78375 0.67 1 0 2000 1 5 0.400477566597125 5 1000 2950 5
"4794" "A" 0.008 -0.04125 0.21625 0 0.5 2000 1 5 1.53132013317015 5 1000 182 5
"4795" "A" 0.08 -0.70125 0.29875 1 0.5 2000 1 5 1.20814817573642 5 1000 6347 5
"4796" "A" 0.008 -0.86625 0.505 0 0 2000 1 5 0.683196849706777 5 1000 3223 5
"4797" "A" 0.008 -0.12375 0.38125 1 1 2000 1 5 0.964299951060516 5 1000 510 5
"4798" "A" 0.008 -0.33 0.5875 1 1 2000 1 5 0.531879032963823 5 1000 1290 5
"4799" "A" 0.008 -0.94875 0.505 0 0.5 2000 1 5 0.683196849706777 5 1000 3524 5
"4800" "A" 0.008 -0.33 0.38125 1 1 2000 1 5 0.964299951060516 5 1000 1260 5
"4801" "A" 0.008 0 0.95875 1 0.5 2000 1 5 0.042124926300671 5 1000 143 5
"4802" "A" 0.008 -0.28875 0.38125 0 0 2000 1 5 0.964299951060516 5 1000 1105 5
"4803" "A" 0.08 -0.9075 1 0 1 2000 1 5 0 5 1000 7197 5
"4804" "A" 0.08 -0.53625 0.05125 0 0 2000 1 5 2.97103966096362 5 1000 5707 5
"4805" "A" 0.08 -0.66 0.79375 1 0.5 2000 1 5 0.230986728775236 5 1000 6269 5
"4806" "A" 0.08 -0.78375 0.13375 1 0.5 2000 1 5 2.01178289320602 5 1000 6623 5
"4807" "A" 0.08 0 0.29875 1 0.5 2000 1 5 1.20814817573642 5 1000 3797 5
"4808" "A" 0.08 -0.78375 0.46375 0 0 2000 1 5 0.768409665060492 5 1000 6667 5
"4809" "A" 0.008 -0.37125 0.175 0 0 2000 1 5 1.74296930505862 5 1000 1375 5
"4810" "A" 0.008 -0.45375 0.62875 1 0 2000 1 5 0.464021557568188 5 1000 1744 5
"4811" "A" 0.008 -0.04125 0.505 0 0 2000 1 5 0.683196849706777 5 1000 223 5
"4812" "A" 0.08 -0.37125 0.175 0 0 2000 1 5 1.74296930505862 5 1000 5125 5
"4813" "A" 0.008 -0.33 0.0925 0 0 2000 1 5 2.38054663446376 5 1000 1213 5
"4814" "A" 0.08 -0.45375 0.13375 1 1 2000 1 5 2.01178289320602 5 1000 5424 5
"4815" "A" 0.008 -0.2475 0.54625 1 0 2000 1 5 0.604678532572337 5 1000 982 5
"4816" "A" 0.008 -0.61875 0.79375 0 0.5 2000 1 5 0.230986728775236 5 1000 2366 5
"4817" "A" 0.008 -0.4125 0.0925 1 0.5 2000 1 5 2.38054663446376 5 1000 1517 5
"4818" "A" 0.08 -0.66 0.9175 0 1 2000 1 5 0.0861026990534116 5 1000 6285 5
"4819" "A" 0.008 -0.825 0.38125 0 0.5 2000 1 5 0.964299951060516 5 1000 3056 5
"4820" "A" 0.08 -0.0825 0.0925 0 0 2000 1 5 2.38054663446376 5 1000 4063 5
"4821" "A" 0.008 -0.70125 0.21625 0 0 2000 1 5 1.53132013317015 5 1000 2581 5
"4822" "A" 0.008 -0.04125 0.175 1 1 2000 1 5 1.74296930505862 5 1000 180 5
"4823" "A" 0.008 -0.37125 0.62875 1 0 2000 1 5 0.464021557568188 5 1000 1444 5
"4824" "A" 0.008 -0.66 0.21625 1 0.5 2000 1 5 1.53132013317015 5 1000 2435 5
"4825" "A" 0.008 -0.12375 0.175 0 0.5 2000 1 5 1.74296930505862 5 1000 476 5
"4826" "A" 0.008 -0.4125 0.79375 0 1 2000 1 5 0.230986728775236 5 1000 1617 5
"4827" "A" 0.008 -0.61875 0.835 1 0 2000 1 5 0.180323554131281 5 1000 2374 5
"4828" "A" 0.08 -0.2475 0.505 0 1 2000 1 5 0.683196849706777 5 1000 4725 5
"4829" "A" 0.08 -0.53625 0.175 0 1 2000 1 5 1.74296930505862 5 1000 5727 5
"4830" "A" 0.08 -0.4125 0.4225 0 0 2000 1 5 0.861565832184908 5 1000 5311 5
"4831" "A" 0.008 -0.70125 0.01 1 1 2000 1 5 4.60517018598809 5 1000 2556 5
"4832" "A" 0.008 -0.37125 0.0925 1 0.5 2000 1 5 2.38054663446376 5 1000 1367 5
"4833" "A" 0.08 -0.5775 0.835 1 1 2000 1 5 0.180323554131281 5 1000 5976 5
"4834" "A" 0.008 -0.61875 0.5875 0 1 2000 1 5 0.531879032963823 5 1000 2337 5
"4835" "A" 0.08 -0.86625 0.71125 1 0 2000 1 5 0.340731293541596 5 1000 7006 5
"4836" "A" 0.008 -0.9075 0.2575 0 0 2000 1 5 1.35673555887835 5 1000 3337 5
"4837" "A" 0.008 -0.53625 0.62875 1 0 2000 1 5 0.464021557568188 5 1000 2044 5
"4838" "A" 0.08 -0.9075 0.38125 0 0 2000 1 5 0.964299951060516 5 1000 7105 5
"4839" "A" 0.008 -0.53625 0.05125 1 1 2000 1 5 2.97103966096362 5 1000 1962 5
"4840" "A" 0.08 -0.99 0.01 1 1 2000 1 5 4.60517018598809 5 1000 7356 5
"4841" "A" 0.008 -0.2475 0.62875 0 1 2000 1 5 0.464021557568188 5 1000 993 5
"4842" "A" 0.008 -0.2475 0.835 0 1 2000 1 5 0.180323554131281 5 1000 1023 5
"4843" "A" 0.08 -0.12375 0.79375 0 0 2000 1 5 0.230986728775236 5 1000 4315 5
"4844" "A" 0.008 -0.94875 0.505 0 1 2000 1 5 0.683196849706777 5 1000 3525 5
"4845" "A" 0.08 -0.20625 0.46375 0 0.5 2000 1 5 0.768409665060492 5 1000 4568 5
"4846" "A" 0.08 -0.20625 0.0925 1 0.5 2000 1 5 2.38054663446376 5 1000 4517 5
"4847" "A" 0.08 -0.2475 0.2575 1 0.5 2000 1 5 1.35673555887835 5 1000 4691 5
"4848" "A" 0.08 -0.165 0.2575 1 0 2000 1 5 1.35673555887835 5 1000 4390 5
"4849" "A" 0.008 -0.5775 0.71125 1 1 2000 1 5 0.340731293541596 5 1000 2208 5
"4850" "A" 0.08 -0.94875 0.21625 0 0 2000 1 5 1.53132013317015 5 1000 7231 5
"4851" "A" 0.08 -0.33 0.505 0 1 2000 1 5 0.683196849706777 5 1000 5025 5
"4852" "A" 0.08 -0.12375 0.505 1 0.5 2000 1 5 0.683196849706777 5 1000 4277 5
"4853" "A" 0.08 -0.99 0.54625 0 0 2000 1 5 0.604678532572337 5 1000 7429 5
"4854" "A" 0.008 -0.94875 1 0 0 2000 1 5 0 5 1000 3595 5
"4855" "A" 0.08 -0.825 0.05125 1 0.5 2000 1 5 2.97103966096362 5 1000 6761 5
"4856" "A" 0.08 -0.66 0.34 1 0 2000 1 5 1.07880966137193 5 1000 6202 5
"4857" "A" 0.08 -0.9075 0.38125 0 1 2000 1 5 0.964299951060516 5 1000 7107 5
"4858" "A" 0.008 -0.2475 0.79375 0 0 2000 1 5 0.230986728775236 5 1000 1015 5
"4859" "A" 0.008 -0.78375 0.835 0 1 2000 1 5 0.180323554131281 5 1000 2973 5
"4860" "A" 0.08 -0.04125 0.46375 1 1 2000 1 5 0.768409665060492 5 1000 3972 5
"4861" "A" 0.008 -0.99 0.13375 1 0 2000 1 5 2.01178289320602 5 1000 3622 5
"4862" "A" 0.008 -0.61875 0.21625 0 0.5 2000 1 5 1.53132013317015 5 1000 2282 5
"4863" "A" 0.008 -0.12375 1 0 0.5 2000 1 5 0 5 1000 596 5
"4864" "A" 0.08 -0.33 0.505 0 0.5 2000 1 5 0.683196849706777 5 1000 5024 5
"4865" "A" 0.008 -0.04125 0.175 1 0 2000 1 5 1.74296930505862 5 1000 178 5
"4866" "A" 0.008 -0.5775 0.21625 1 1 2000 1 5 1.53132013317015 5 1000 2136 5
"4867" "A" 0.08 -0.9075 0.505 0 0 2000 1 5 0.683196849706777 5 1000 7123 5
"4868" "A" 0.08 -0.5775 0.62875 0 1 2000 1 5 0.464021557568188 5 1000 5943 5
"4869" "A" 0.008 -0.825 0.4225 1 1 2000 1 5 0.861565832184908 5 1000 3066 5
"4870" "A" 0.08 -0.2475 0.67 1 1 2000 1 5 0.400477566597125 5 1000 4752 5
"4871" "A" 0.008 -0.66 0.505 1 0 2000 1 5 0.683196849706777 5 1000 2476 5
"4872" "A" 0.008 0 0.34 0 1 2000 1 5 1.07880966137193 5 1000 51 5
"4873" "A" 0.08 -0.9075 0.7525 1 0 2000 1 5 0.284354282359106 5 1000 7162 5
"4874" "A" 0.08 -0.28875 0.7525 0 0 2000 1 5 0.284354282359106 5 1000 4909 5
"4875" "A" 0.08 -0.70125 0.835 0 0.5 2000 1 5 0.180323554131281 5 1000 6422 5
"4876" "A" 0.008 -0.495 0.175 1 1 2000 1 5 1.74296930505862 5 1000 1830 5
"4877" "A" 0.008 -0.45375 0.67 1 0.5 2000 1 5 0.400477566597125 5 1000 1751 5
"4878" "A" 0.008 -0.66 0.835 0 0.5 2000 1 5 0.180323554131281 5 1000 2522 5
"4879" "A" 0.08 -0.78375 0.95875 1 1 2000 1 5 0.042124926300671 5 1000 6744 5
"4880" "A" 0.08 -0.20625 0.21625 0 0 2000 1 5 1.53132013317015 5 1000 4531 5
"4881" "A" 0.008 -0.66 0.46375 0 0.5 2000 1 5 0.768409665060492 5 1000 2468 5
"4882" "A" 0.008 -0.825 0.38125 0 1 2000 1 5 0.964299951060516 5 1000 3057 5
"4883" "A" 0.008 -0.165 0.2575 1 1 2000 1 5 1.35673555887835 5 1000 642 5
"4884" "A" 0.08 -0.33 0.05125 0 0.5 2000 1 5 2.97103966096362 5 1000 4958 5
"4885" "A" 0.08 -0.28875 0.46375 1 1 2000 1 5 0.768409665060492 5 1000 4872 5
"4886" "A" 0.08 -0.12375 0.21625 0 1 2000 1 5 1.53132013317015 5 1000 4233 5
"4887" "A" 0.008 -0.94875 0.13375 0 0.5 2000 1 5 2.01178289320602 5 1000 3470 5
"4888" "A" 0.08 -0.37125 0.79375 0 0 2000 1 5 0.230986728775236 5 1000 5215 5
"4889" "A" 0.08 -0.70125 0.05125 1 0 2000 1 5 2.97103966096362 5 1000 6310 5
"4890" "A" 0.008 -0.9075 0.87625 1 1 2000 1 5 0.132103840633337 5 1000 3432 5
"4891" "A" 0.008 -0.4125 0.5875 1 1 2000 1 5 0.531879032963823 5 1000 1590 5
"4892" "A" 0.08 -0.825 0.95875 0 0.5 2000 1 5 0.042124926300671 5 1000 6890 5
"4893" "A" 0.08 -0.0825 0.2575 0 0.5 2000 1 5 1.35673555887835 5 1000 4088 5
"4894" "A" 0.08 -0.2475 0.0925 1 0 2000 1 5 2.38054663446376 5 1000 4666 5
"4895" "A" 0.08 -0.45375 0.505 0 1 2000 1 5 0.683196849706777 5 1000 5475 5
"4896" "A" 0.008 -0.94875 0.79375 0 0 2000 1 5 0.230986728775236 5 1000 3565 5
"4897" "A" 0.08 -0.45375 0.38125 1 0 2000 1 5 0.964299951060516 5 1000 5458 5
"4898" "A" 0.008 -0.4125 0.0925 1 0 2000 1 5 2.38054663446376 5 1000 1516 5
"4899" "A" 0.008 -0.78375 0.5875 1 1 2000 1 5 0.531879032963823 5 1000 2940 5
"4900" "A" 0.008 -0.61875 0.95875 1 0.5 2000 1 5 0.042124926300671 5 1000 2393 5
"4901" "A" 0.08 -0.7425 0.29875 0 0.5 2000 1 5 1.20814817573642 5 1000 6494 5
"4902" "A" 0.008 -0.66 0.01 0 0 2000 1 5 4.60517018598809 5 1000 2401 5
"4903" "A" 0.08 -0.66 0.79375 1 0 2000 1 5 0.230986728775236 5 1000 6268 5
"4904" "A" 0.008 -0.20625 0.9175 0 1 2000 1 5 0.0861026990534116 5 1000 885 5
"4905" "A" 0.08 -0.99 0.71125 0 0 2000 1 5 0.340731293541596 5 1000 7453 5
"4906" "A" 0.08 -0.33 0.62875 1 0.5 2000 1 5 0.464021557568188 5 1000 5045 5
"4907" "A" 0.08 0 0.34 0 1 2000 1 5 1.07880966137193 5 1000 3801 5
"4908" "A" 0.008 0 0.5875 1 0.5 2000 1 5 0.531879032963823 5 1000 89 5
"4909" "A" 0.008 -0.165 0.95875 0 0.5 2000 1 5 0.042124926300671 5 1000 740 5
"4910" "A" 0.08 -0.70125 0.71125 1 0.5 2000 1 5 0.340731293541596 5 1000 6407 5
"4911" "A" 0.008 -0.9075 0.34 0 1 2000 1 5 1.07880966137193 5 1000 3351 5
"4912" "A" 0.008 -0.99 0.505 0 1 2000 1 5 0.683196849706777 5 1000 3675 5
"4913" "A" 0.008 -0.61875 0.2575 1 0 2000 1 5 1.35673555887835 5 1000 2290 5
"4914" "A" 0.08 -0.825 0.175 0 0 2000 1 5 1.74296930505862 5 1000 6775 5
"4915" "A" 0.08 -0.53625 0.34 0 0.5 2000 1 5 1.07880966137193 5 1000 5750 5
"4916" "A" 0.008 -0.2475 0.4225 0 0 2000 1 5 0.861565832184908 5 1000 961 5
"4917" "A" 0.008 -0.94875 0.87625 0 1 2000 1 5 0.132103840633337 5 1000 3579 5
"4918" "A" 0.08 -0.66 0.79375 1 1 2000 1 5 0.230986728775236 5 1000 6270 5
"4919" "A" 0.008 -0.4125 0.95875 0 1 2000 1 5 0.042124926300671 5 1000 1641 5
"4920" "A" 0.008 -0.37125 0.835 1 0.5 2000 1 5 0.180323554131281 5 1000 1475 5
"4921" "A" 0.08 -0.2475 0.62875 1 0 2000 1 5 0.464021557568188 5 1000 4744 5
"4922" "A" 0.08 -0.2475 0.13375 1 0.5 2000 1 5 2.01178289320602 5 1000 4673 5
"4923" "A" 0.08 -0.165 0.01 1 1 2000 1 5 4.60517018598809 5 1000 4356 5
"4924" "A" 0.08 -0.9075 0.87625 1 0 2000 1 5 0.132103840633337 5 1000 7180 5
"4925" "A" 0.08 0 0.505 0 0 2000 1 5 0.683196849706777 5 1000 3823 5
"4926" "A" 0.008 -0.70125 0.9175 1 0.5 2000 1 5 0.0861026990534116 5 1000 2687 5
"4927" "A" 0.008 -0.28875 0.79375 0 0 2000 1 5 0.230986728775236 5 1000 1165 5
"4928" "A" 0.08 -0.53625 0.9175 1 0 2000 1 5 0.0861026990534116 5 1000 5836 5
"4929" "A" 0.08 -0.20625 0.29875 1 0.5 2000 1 5 1.20814817573642 5 1000 4547 5
"4930" "A" 0.008 -0.33 0.2575 1 0.5 2000 1 5 1.35673555887835 5 1000 1241 5
"4931" "A" 0.008 -0.825 0.01 0 0.5 2000 1 5 4.60517018598809 5 1000 3002 5
"4932" "A" 0.08 -0.165 0.62875 0 0 2000 1 5 0.464021557568188 5 1000 4441 5
"4933" "A" 0.008 -0.99 0.0925 1 1 2000 1 5 2.38054663446376 5 1000 3618 5
"4934" "A" 0.08 -0.825 0.2575 1 0 2000 1 5 1.35673555887835 5 1000 6790 5
"4935" "A" 0.08 -0.86625 0.95875 0 0 2000 1 5 0.042124926300671 5 1000 7039 5
"4936" "A" 0.008 -0.04125 0.38125 0 0.5 2000 1 5 0.964299951060516 5 1000 206 5
"4937" "A" 0.008 -0.2475 0.54625 0 1 2000 1 5 0.604678532572337 5 1000 981 5
"4938" "A" 0.08 -0.99 0.38125 0 1 2000 1 5 0.964299951060516 5 1000 7407 5
"4939" "A" 0.08 -0.33 0.4225 0 1 2000 1 5 0.861565832184908 5 1000 5013 5
"4940" "A" 0.08 -0.28875 0.29875 1 1 2000 1 5 1.20814817573642 5 1000 4848 5
"4941" "A" 0.08 -0.7425 0.4225 1 1 2000 1 5 0.861565832184908 5 1000 6516 5
"4942" "A" 0.008 -0.70125 0.835 0 0.5 2000 1 5 0.180323554131281 5 1000 2672 5
"4943" "A" 0.08 0 1 0 0.5 2000 1 5 0 5 1000 3896 5
"4944" "A" 0.008 -0.0825 0.21625 1 0 2000 1 5 1.53132013317015 5 1000 334 5
"4945" "A" 0.08 -0.12375 0.175 1 1 2000 1 5 1.74296930505862 5 1000 4230 5
"4946" "A" 0.08 -0.0825 0.38125 1 0 2000 1 5 0.964299951060516 5 1000 4108 5
"4947" "A" 0.008 -0.94875 0.835 1 1 2000 1 5 0.180323554131281 5 1000 3576 5
"4948" "A" 0.08 -0.33 0.9175 1 0.5 2000 1 5 0.0861026990534116 5 1000 5087 5
"4949" "A" 0.008 -0.61875 0.62875 0 0 2000 1 5 0.464021557568188 5 1000 2341 5
"4950" "A" 0.008 -0.78375 0.79375 0 0.5 2000 1 5 0.230986728775236 5 1000 2966 5
"4951" "A" 0.008 -0.70125 1 1 1 2000 1 5 0 5 1000 2700 5
"4952" "A" 0.08 -0.0825 0.87625 0 1 2000 1 5 0.132103840633337 5 1000 4179 5
"4953" "A" 0.008 -0.99 0.95875 0 0.5 2000 1 5 0.042124926300671 5 1000 3740 5
"4954" "A" 0.008 -0.825 0.71125 1 0.5 2000 1 5 0.340731293541596 5 1000 3107 5
"4955" "A" 0.08 -0.28875 0.79375 1 0.5 2000 1 5 0.230986728775236 5 1000 4919 5
"4956" "A" 0.08 -0.78375 0.21625 1 0.5 2000 1 5 1.53132013317015 5 1000 6635 5
"4957" "A" 0.008 -0.4125 0.13375 1 0.5 2000 1 5 2.01178289320602 5 1000 1523 5
"4958" "A" 0.008 -0.94875 0.71125 1 0.5 2000 1 5 0.340731293541596 5 1000 3557 5
"4959" "A" 0.008 -0.5775 0.7525 0 0 2000 1 5 0.284354282359106 5 1000 2209 5
"4960" "A" 0.08 -0.45375 0.05125 0 0 2000 1 5 2.97103966096362 5 1000 5407 5
"4961" "A" 0.008 -0.70125 0.505 0 1 2000 1 5 0.683196849706777 5 1000 2625 5
"4962" "A" 0.08 -0.99 0.2575 0 0.5 2000 1 5 1.35673555887835 5 1000 7388 5
"4963" "A" 0.08 -0.5775 0.9175 0 0.5 2000 1 5 0.0861026990534116 5 1000 5984 5
"4964" "A" 0.008 -0.2475 0.505 0 0 2000 1 5 0.683196849706777 5 1000 973 5
"4965" "A" 0.08 -0.9075 0.4225 0 1 2000 1 5 0.861565832184908 5 1000 7113 5
"4966" "A" 0.08 -0.165 0.54625 0 0.5 2000 1 5 0.604678532572337 5 1000 4430 5
"4967" "A" 0.08 -0.7425 0.21625 0 0 2000 1 5 1.53132013317015 5 1000 6481 5
"4968" "A" 0.008 -0.45375 0.79375 0 0 2000 1 5 0.230986728775236 5 1000 1765 5
"4969" "A" 0.08 -0.33 0.13375 1 0.5 2000 1 5 2.01178289320602 5 1000 4973 5
"4970" "A" 0.08 -0.2475 0.505 1 0 2000 1 5 0.683196849706777 5 1000 4726 5
"4971" "A" 0.008 -0.7425 0.7525 0 0.5 2000 1 5 0.284354282359106 5 1000 2810 5
"4972" "A" 0.08 -0.9075 0.4225 0 0.5 2000 1 5 0.861565832184908 5 1000 7112 5
"4973" "A" 0.08 -0.4125 0.0925 0 0.5 2000 1 5 2.38054663446376 5 1000 5264 5
"4974" "A" 0.08 -0.86625 1 1 1 2000 1 5 0 5 1000 7050 5
"4975" "A" 0.008 -0.94875 0.4225 1 0.5 2000 1 5 0.861565832184908 5 1000 3515 5
"4976" "A" 0.008 -0.825 0.67 0 1 2000 1 5 0.400477566597125 5 1000 3099 5
"4977" "A" 0.008 -0.53625 0.38125 0 0 2000 1 5 0.964299951060516 5 1000 2005 5
"4978" "A" 0.008 -0.5775 1 1 0.5 2000 1 5 0 5 1000 2249 5
"4979" "A" 0.008 -0.70125 0.79375 1 0 2000 1 5 0.230986728775236 5 1000 2668 5
"4980" "A" 0.008 -0.5775 0.9175 0 0.5 2000 1 5 0.0861026990534116 5 1000 2234 5
"4981" "A" 0.008 -0.33 0.4225 1 0.5 2000 1 5 0.861565832184908 5 1000 1265 5
"4982" "A" 0.08 -0.78375 0.7525 1 0.5 2000 1 5 0.284354282359106 5 1000 6713 5
"4983" "A" 0.008 -0.5775 0.4225 0 0.5 2000 1 5 0.861565832184908 5 1000 2162 5
"4984" "A" 0.08 -0.28875 0.62875 0 0.5 2000 1 5 0.464021557568188 5 1000 4892 5
"4985" "A" 0.08 -0.165 0.29875 0 1 2000 1 5 1.20814817573642 5 1000 4395 5
"4986" "A" 0.008 -0.2475 0.29875 0 1 2000 1 5 1.20814817573642 5 1000 945 5
"4987" "A" 0.08 -0.66 0.87625 0 1 2000 1 5 0.132103840633337 5 1000 6279 5
"4988" "A" 0.08 -0.5775 0.9175 1 0.5 2000 1 5 0.0861026990534116 5 1000 5987 5
"4989" "A" 0.08 -0.12375 0.9175 1 0.5 2000 1 5 0.0861026990534116 5 1000 4337 5
"4990" "A" 0.08 -0.66 0.4225 1 0.5 2000 1 5 0.861565832184908 5 1000 6215 5
"4991" "A" 0.08 -0.20625 0.13375 1 0.5 2000 1 5 2.01178289320602 5 1000 4523 5
"4992" "A" 0.08 -0.33 0.54625 1 0.5 2000 1 5 0.604678532572337 5 1000 5033 5
"4993" "A" 0.008 -0.86625 0.0925 1 1 2000 1 5 2.38054663446376 5 1000 3168 5
"4994" "A" 0.08 -0.0825 0.2575 0 1 2000 1 5 1.35673555887835 5 1000 4089 5
"4995" "A" 0.008 -0.825 0.0925 1 0 2000 1 5 2.38054663446376 5 1000 3016 5
"4996" "A" 0.008 -0.5775 0.46375 1 1 2000 1 5 0.768409665060492 5 1000 2172 5
"4997" "A" 0.08 -0.495 0.05125 0 0.5 2000 1 5 2.97103966096362 5 1000 5558 5
"4998" "A" 0.08 -0.66 0.505 0 0.5 2000 1 5 0.683196849706777 5 1000 6224 5
"4999" "A" 0.08 -0.37125 0.05125 1 0 2000 1 5 2.97103966096362 5 1000 5110 5
"5000" "A" 0.008 -0.28875 0.34 0 0 2000 1 5 1.07880966137193 5 1000 1099 5
"5001" "A" 0.008 -0.825 0.95875 0 1 2000 1 5 0.042124926300671 5 1000 3141 5
"5002" "A" 0.08 -0.04125 0.835 1 0.5 2000 1 5 0.180323554131281 5 1000 4025 5
"5003" "A" 0.08 -0.04125 0.29875 1 1 2000 1 5 1.20814817573642 5 1000 3948 5
"5004" "A" 0.008 -0.66 0.46375 1 0.5 2000 1 5 0.768409665060492 5 1000 2471 5
"5005" "A" 0.008 -0.165 0.87625 0 1 2000 1 5 0.132103840633337 5 1000 729 5
"5006" "A" 0.008 -0.04125 0.87625 1 0 2000 1 5 0.132103840633337 5 1000 280 5
"5007" "A" 0.008 -0.66 0.13375 1 1 2000 1 5 2.01178289320602 5 1000 2424 5
"5008" "A" 0.08 -0.70125 0.175 1 0.5 2000 1 5 1.74296930505862 5 1000 6329 5
"5009" "A" 0.08 -0.165 0.46375 0 0 2000 1 5 0.768409665060492 5 1000 4417 5
"5010" "A" 0.008 -0.7425 0.835 0 0.5 2000 1 5 0.180323554131281 5 1000 2822 5
"5011" "A" 0.08 -0.45375 0.46375 1 1 2000 1 5 0.768409665060492 5 1000 5472 5
"5012" "A" 0.008 -0.2475 1 0 1 2000 1 5 0 5 1000 1047 5
"5013" "A" 0.008 0 0.79375 1 1 2000 1 5 0.230986728775236 5 1000 120 5
"5014" "A" 0.08 -0.4125 0.54625 1 0.5 2000 1 5 0.604678532572337 5 1000 5333 5
"5015" "A" 0.008 -0.0825 0.87625 0 0 2000 1 5 0.132103840633337 5 1000 427 5
"5016" "A" 0.08 -0.0825 0.9175 0 0 2000 1 5 0.0861026990534116 5 1000 4183 5
"5017" "A" 0.08 -0.04125 0.835 1 0 2000 1 5 0.180323554131281 5 1000 4024 5
"5018" "A" 0.008 -0.70125 0.67 0 1 2000 1 5 0.400477566597125 5 1000 2649 5
"5019" "A" 0.08 -0.0825 0.34 1 0.5 2000 1 5 1.07880966137193 5 1000 4103 5
"5020" "A" 0.008 -0.99 0.4225 1 0.5 2000 1 5 0.861565832184908 5 1000 3665 5
"5021" "A" 0.008 -0.0825 0.62875 1 1 2000 1 5 0.464021557568188 5 1000 396 5
"5022" "A" 0.008 -0.7425 0.9175 1 1 2000 1 5 0.0861026990534116 5 1000 2838 5
"5023" "A" 0.08 -0.94875 0.38125 0 1 2000 1 5 0.964299951060516 5 1000 7257 5
"5024" "A" 0.008 -0.4125 0.05125 1 0.5 2000 1 5 2.97103966096362 5 1000 1511 5
"5025" "A" 0.08 -0.495 0.7525 0 0.5 2000 1 5 0.284354282359106 5 1000 5660 5
"5026" "A" 0.008 -0.86625 0.13375 1 1 2000 1 5 2.01178289320602 5 1000 3174 5
"5027" "A" 0.008 -0.7425 0.4225 0 0.5 2000 1 5 0.861565832184908 5 1000 2762 5
"5028" "A" 0.08 -0.33 0.67 1 0.5 2000 1 5 0.400477566597125 5 1000 5051 5
"5029" "A" 0.08 -0.495 0.175 0 0.5 2000 1 5 1.74296930505862 5 1000 5576 5
"5030" "A" 0.08 -0.165 0.21625 1 0 2000 1 5 1.53132013317015 5 1000 4384 5
"5031" "A" 0.008 -0.5775 0.38125 0 1 2000 1 5 0.964299951060516 5 1000 2157 5
"5032" "A" 0.008 0 0.5875 1 0 2000 1 5 0.531879032963823 5 1000 88 5
"5033" "A" 0.008 -0.495 0.62875 0 0.5 2000 1 5 0.464021557568188 5 1000 1892 5
"5034" "A" 0.08 -0.61875 0.46375 1 0 2000 1 5 0.768409665060492 5 1000 6070 5
"5035" "A" 0.08 -0.7425 0.71125 1 0 2000 1 5 0.340731293541596 5 1000 6556 5
"5036" "A" 0.008 -0.86625 0.46375 1 0.5 2000 1 5 0.768409665060492 5 1000 3221 5
"5037" "A" 0.08 -0.04125 0.5875 1 1 2000 1 5 0.531879032963823 5 1000 3990 5
"5038" "A" 0.008 -0.04125 0.54625 0 0.5 2000 1 5 0.604678532572337 5 1000 230 5
"5039" "A" 0.008 -0.2475 0.4225 0 1 2000 1 5 0.861565832184908 5 1000 963 5
"5040" "A" 0.008 -0.9075 0.7525 0 0 2000 1 5 0.284354282359106 5 1000 3409 5
"5041" "A" 0.08 -0.0825 0.2575 1 0.5 2000 1 5 1.35673555887835 5 1000 4091 5
"5042" "A" 0.08 -0.86625 0.71125 1 0.5 2000 1 5 0.340731293541596 5 1000 7007 5
"5043" "A" 0.08 -0.61875 0.01 0 1 2000 1 5 4.60517018598809 5 1000 6003 5
"5044" "A" 0.008 -0.7425 0.2575 0 1 2000 1 5 1.35673555887835 5 1000 2739 5
"5045" "A" 0.08 -0.7425 0.9175 0 1 2000 1 5 0.0861026990534116 5 1000 6585 5
"5046" "A" 0.008 -0.04125 0.95875 1 0.5 2000 1 5 0.042124926300671 5 1000 293 5
"5047" "A" 0.08 -0.0825 0.05125 1 0.5 2000 1 5 2.97103966096362 5 1000 4061 5
"5048" "A" 0.08 -0.825 0.46375 1 0 2000 1 5 0.768409665060492 5 1000 6820 5
"5049" "A" 0.08 -0.78375 0.13375 1 1 2000 1 5 2.01178289320602 5 1000 6624 5
"5050" "A" 0.08 -0.2475 1 0 1 2000 1 5 0 5 1000 4797 5
"5051" "A" 0.08 -0.61875 0.175 0 0 2000 1 5 1.74296930505862 5 1000 6025 5
"5052" "A" 0.08 -0.70125 0.54625 1 0 2000 1 5 0.604678532572337 5 1000 6382 5
"5053" "A" 0.08 -0.165 0.29875 0 0 2000 1 5 1.20814817573642 5 1000 4393 5
"5054" "A" 0.08 -0.37125 0.0925 1 1 2000 1 5 2.38054663446376 5 1000 5118 5
"5055" "A" 0.008 -0.7425 0.87625 0 1 2000 1 5 0.132103840633337 5 1000 2829 5
"5056" "A" 0.08 -0.0825 0.01 1 1 2000 1 5 4.60517018598809 5 1000 4056 5
"5057" "A" 0.08 -0.37125 0.7525 1 1 2000 1 5 0.284354282359106 5 1000 5214 5
"5058" "A" 0.008 -0.70125 0.7525 1 1 2000 1 5 0.284354282359106 5 1000 2664 5
"5059" "A" 0.008 -0.86625 0.05125 1 0 2000 1 5 2.97103966096362 5 1000 3160 5
"5060" "A" 0.08 -0.5775 0.46375 1 1 2000 1 5 0.768409665060492 5 1000 5922 5
"5061" "A" 0.008 -0.12375 0.05125 1 0 2000 1 5 2.97103966096362 5 1000 460 5
"5062" "A" 0.08 -0.94875 0.29875 1 0.5 2000 1 5 1.20814817573642 5 1000 7247 5
"5063" "A" 0.08 -0.12375 0.21625 1 0 2000 1 5 1.53132013317015 5 1000 4234 5
"5064" "A" 0.08 -0.45375 0.62875 1 0 2000 1 5 0.464021557568188 5 1000 5494 5
"5065" "A" 0.008 -0.66 0.79375 1 0 2000 1 5 0.230986728775236 5 1000 2518 5
"5066" "A" 0.08 -0.4125 0.34 0 0.5 2000 1 5 1.07880966137193 5 1000 5300 5
"5067" "A" 0.008 -0.20625 0.71125 1 1 2000 1 5 0.340731293541596 5 1000 858 5
"5068" "A" 0.08 -0.495 0.505 0 0.5 2000 1 5 0.683196849706777 5 1000 5624 5
"5069" "A" 0.08 -0.495 0.7525 1 0.5 2000 1 5 0.284354282359106 5 1000 5663 5
"5070" "A" 0.008 -0.165 0.2575 0 1 2000 1 5 1.35673555887835 5 1000 639 5
"5071" "A" 0.08 -0.165 0.4225 1 1 2000 1 5 0.861565832184908 5 1000 4416 5
"5072" "A" 0.008 -0.33 0.95875 1 0.5 2000 1 5 0.042124926300671 5 1000 1343 5
"5073" "A" 0.08 -0.2475 0.175 0 1 2000 1 5 1.74296930505862 5 1000 4677 5
"5074" "A" 0.008 -0.4125 0.01 0 0 2000 1 5 4.60517018598809 5 1000 1501 5
"5075" "A" 0.08 -0.86625 0.9175 1 0 2000 1 5 0.0861026990534116 5 1000 7036 5
"5076" "A" 0.08 -0.86625 0.01 1 0.5 2000 1 5 4.60517018598809 5 1000 6905 5
"5077" "A" 0.08 -0.70125 0.79375 0 0.5 2000 1 5 0.230986728775236 5 1000 6416 5
"5078" "A" 0.08 -0.28875 0.0925 0 0 2000 1 5 2.38054663446376 5 1000 4813 5
"5079" "A" 0.08 -0.53625 0.71125 1 0.5 2000 1 5 0.340731293541596 5 1000 5807 5
"5080" "A" 0.008 -0.4125 0.175 0 0.5 2000 1 5 1.74296930505862 5 1000 1526 5
"5081" "A" 0.008 -0.61875 0.05125 0 1 2000 1 5 2.97103966096362 5 1000 2259 5
"5082" "A" 0.08 0 0.4225 1 0.5 2000 1 5 0.861565832184908 5 1000 3815 5
"5083" "A" 0.08 -0.66 0.38125 1 1 2000 1 5 0.964299951060516 5 1000 6210 5
"5084" "A" 0.08 -0.0825 0.835 0 0.5 2000 1 5 0.180323554131281 5 1000 4172 5
"5085" "A" 0.08 -0.04125 0.34 0 0.5 2000 1 5 1.07880966137193 5 1000 3950 5
"5086" "A" 0.08 -0.20625 0.175 1 0.5 2000 1 5 1.74296930505862 5 1000 4529 5
"5087" "A" 0.08 -0.7425 0.2575 1 1 2000 1 5 1.35673555887835 5 1000 6492 5
"5088" "A" 0.08 -0.33 0.95875 0 0 2000 1 5 0.042124926300671 5 1000 5089 5
"5089" "A" 0.008 -0.37125 0.34 0 0.5 2000 1 5 1.07880966137193 5 1000 1400 5
"5090" "A" 0.008 0 0.13375 1 0.5 2000 1 5 2.01178289320602 5 1000 23 5
"5091" "A" 0.008 -0.33 0.0925 1 0 2000 1 5 2.38054663446376 5 1000 1216 5
"5092" "A" 0.08 -0.12375 0.835 0 0 2000 1 5 0.180323554131281 5 1000 4321 5
"5093" "A" 0.08 -0.825 0.2575 1 1 2000 1 5 1.35673555887835 5 1000 6792 5
"5094" "A" 0.008 -0.45375 0.79375 0 0.5 2000 1 5 0.230986728775236 5 1000 1766 5
"5095" "A" 0.08 -0.28875 0.38125 0 0 2000 1 5 0.964299951060516 5 1000 4855 5
"5096" "A" 0.08 -0.165 0.2575 0 0.5 2000 1 5 1.35673555887835 5 1000 4388 5
"5097" "A" 0.008 -0.495 0.4225 0 1 2000 1 5 0.861565832184908 5 1000 1863 5
"5098" "A" 0.08 -0.4125 0.7525 1 0.5 2000 1 5 0.284354282359106 5 1000 5363 5
"5099" "A" 0.08 -0.37125 0.38125 1 1 2000 1 5 0.964299951060516 5 1000 5160 5
"5100" "A" 0.008 -0.4125 0.34 0 0.5 2000 1 5 1.07880966137193 5 1000 1550 5
"5101" "A" 0.08 -0.5775 0.46375 0 0 2000 1 5 0.768409665060492 5 1000 5917 5
"5102" "A" 0.008 -0.165 0.835 0 1 2000 1 5 0.180323554131281 5 1000 723 5
"5103" "A" 0.008 -0.20625 0.175 1 0 2000 1 5 1.74296930505862 5 1000 778 5
"5104" "A" 0.08 -0.495 0.0925 1 1 2000 1 5 2.38054663446376 5 1000 5568 5
"5105" "A" 0.08 -0.70125 0.62875 1 0.5 2000 1 5 0.464021557568188 5 1000 6395 5
"5106" "A" 0.008 -0.70125 0.2575 1 1 2000 1 5 1.35673555887835 5 1000 2592 5
"5107" "A" 0.08 -0.28875 0.0925 0 0.5 2000 1 5 2.38054663446376 5 1000 4814 5
"5108" "A" 0.008 -0.33 0.505 0 0 2000 1 5 0.683196849706777 5 1000 1273 5
"5109" "A" 0.008 -0.99 0.67 1 0.5 2000 1 5 0.400477566597125 5 1000 3701 5
"5110" "A" 0.008 -0.28875 0.01 1 0.5 2000 1 5 4.60517018598809 5 1000 1055 5
"5111" "A" 0.08 -0.165 0.67 0 0.5 2000 1 5 0.400477566597125 5 1000 4448 5
"5112" "A" 0.008 -0.94875 0.29875 0 0 2000 1 5 1.20814817573642 5 1000 3493 5
"5113" "A" 0.08 -0.33 0.87625 0 0.5 2000 1 5 0.132103840633337 5 1000 5078 5
"5114" "A" 0.008 -0.0825 0.79375 1 0.5 2000 1 5 0.230986728775236 5 1000 419 5
"5115" "A" 0.08 -0.5775 0.5875 0 1 2000 1 5 0.531879032963823 5 1000 5937 5
"5116" "A" 0.08 -0.4125 0.34 0 1 2000 1 5 1.07880966137193 5 1000 5301 5
"5117" "A" 0.08 -0.86625 0.05125 0 0 2000 1 5 2.97103966096362 5 1000 6907 5
"5118" "A" 0.08 -0.12375 0.0925 0 1 2000 1 5 2.38054663446376 5 1000 4215 5
"5119" "A" 0.008 -0.165 0.01 1 0 2000 1 5 4.60517018598809 5 1000 604 5
"5120" "A" 0.08 -0.28875 0.95875 1 1 2000 1 5 0.042124926300671 5 1000 4944 5
"5121" "A" 0.08 -0.99 0.46375 1 0.5 2000 1 5 0.768409665060492 5 1000 7421 5
"5122" "A" 0.008 -0.0825 0.67 0 0.5 2000 1 5 0.400477566597125 5 1000 398 5
"5123" "A" 0.08 -0.99 0.38125 1 0.5 2000 1 5 0.964299951060516 5 1000 7409 5
"5124" "A" 0.008 -0.12375 0.67 0 1 2000 1 5 0.400477566597125 5 1000 549 5
"5125" "A" 0.008 -0.2475 0.34 1 1 2000 1 5 1.07880966137193 5 1000 954 5
"5126" "A" 0.008 -0.28875 0.79375 1 0.5 2000 1 5 0.230986728775236 5 1000 1169 5
"5127" "A" 0.008 -0.86625 0.2575 1 1 2000 1 5 1.35673555887835 5 1000 3192 5
"5128" "A" 0.08 -0.04125 0.505 0 0.5 2000 1 5 0.683196849706777 5 1000 3974 5
"5129" "A" 0.008 -0.165 0.2575 1 0.5 2000 1 5 1.35673555887835 5 1000 641 5
"5130" "A" 0.008 -0.94875 0.46375 0 0 2000 1 5 0.768409665060492 5 1000 3517 5
"5131" "A" 0.008 -0.70125 0.01 0 0.5 2000 1 5 4.60517018598809 5 1000 2552 5
"5132" "A" 0.008 -0.825 0.13375 0 0.5 2000 1 5 2.01178289320602 5 1000 3020 5
"5133" "A" 0.08 -0.9075 0.46375 1 0.5 2000 1 5 0.768409665060492 5 1000 7121 5
"5134" "A" 0.008 -0.825 0.01 0 0 2000 1 5 4.60517018598809 5 1000 3001 5
"5135" "A" 0.008 -0.12375 0.34 0 0.5 2000 1 5 1.07880966137193 5 1000 500 5
"5136" "A" 0.008 -0.495 0.2575 1 1 2000 1 5 1.35673555887835 5 1000 1842 5
"5137" "A" 0.08 -0.2475 1 1 1 2000 1 5 0 5 1000 4800 5
"5138" "A" 0.08 -0.825 0.4225 0 0 2000 1 5 0.861565832184908 5 1000 6811 5
"5139" "A" 0.008 -0.86625 0.835 0 0.5 2000 1 5 0.180323554131281 5 1000 3272 5
"5140" "A" 0.08 -0.0825 0.7525 0 0.5 2000 1 5 0.284354282359106 5 1000 4160 5
"5141" "A" 0.08 -0.28875 0.505 0 0 2000 1 5 0.683196849706777 5 1000 4873 5
"5142" "A" 0.08 -0.33 0.01 0 0 2000 1 5 4.60517018598809 5 1000 4951 5
"5143" "A" 0.08 -0.5775 0.21625 1 0 2000 1 5 1.53132013317015 5 1000 5884 5
"5144" "A" 0.08 -0.5775 0.05125 1 0.5 2000 1 5 2.97103966096362 5 1000 5861 5
"5145" "A" 0.08 -0.5775 0.05125 1 1 2000 1 5 2.97103966096362 5 1000 5862 5
"5146" "A" 0.08 -0.33 0.54625 1 1 2000 1 5 0.604678532572337 5 1000 5034 5
"5147" "A" 0.008 -0.825 0.54625 1 0.5 2000 1 5 0.604678532572337 5 1000 3083 5
"5148" "A" 0.008 -0.66 0.2575 1 1 2000 1 5 1.35673555887835 5 1000 2442 5
"5149" "A" 0.08 -0.04125 0.62875 1 1 2000 1 5 0.464021557568188 5 1000 3996 5
"5150" "A" 0.08 -0.86625 0.01 0 0 2000 1 5 4.60517018598809 5 1000 6901 5
"5151" "A" 0.08 -0.78375 0.79375 1 1 2000 1 5 0.230986728775236 5 1000 6720 5
"5152" "A" 0.08 -0.4125 0.0925 0 1 2000 1 5 2.38054663446376 5 1000 5265 5
"5153" "A" 0.08 -0.04125 0.9175 0 0 2000 1 5 0.0861026990534116 5 1000 4033 5
"5154" "A" 0.08 -0.61875 0.46375 1 1 2000 1 5 0.768409665060492 5 1000 6072 5
"5155" "A" 0.008 -0.20625 0.9175 0 0 2000 1 5 0.0861026990534116 5 1000 883 5
"5156" "A" 0.008 -0.12375 0.95875 0 1 2000 1 5 0.042124926300671 5 1000 591 5
"5157" "A" 0.08 -0.45375 0.2575 0 0.5 2000 1 5 1.35673555887835 5 1000 5438 5
"5158" "A" 0.08 -0.04125 0.5875 1 0.5 2000 1 5 0.531879032963823 5 1000 3989 5
"5159" "A" 0.008 -0.45375 0.87625 1 0.5 2000 1 5 0.132103840633337 5 1000 1781 5
"5160" "A" 0.008 -0.61875 0.67 0 0.5 2000 1 5 0.400477566597125 5 1000 2348 5
"5161" "A" 0.008 -0.825 0.21625 0 1 2000 1 5 1.53132013317015 5 1000 3033 5
"5162" "A" 0.008 0 0.46375 0 1 2000 1 5 0.768409665060492 5 1000 69 5
"5163" "A" 0.08 -0.165 0.38125 0 0 2000 1 5 0.964299951060516 5 1000 4405 5
"5164" "A" 0.08 -0.28875 0.7525 1 0 2000 1 5 0.284354282359106 5 1000 4912 5
"5165" "A" 0.008 -0.4125 0.175 1 0.5 2000 1 5 1.74296930505862 5 1000 1529 5
"5166" "A" 0.08 -0.33 0.01 1 0.5 2000 1 5 4.60517018598809 5 1000 4955 5
"5167" "A" 0.08 -0.165 0.01 1 0 2000 1 5 4.60517018598809 5 1000 4354 5
"5168" "A" 0.08 -0.825 0.67 1 1 2000 1 5 0.400477566597125 5 1000 6852 5
"5169" "A" 0.008 -0.2475 0.2575 0 0.5 2000 1 5 1.35673555887835 5 1000 938 5
"5170" "A" 0.08 -0.99 0.79375 0 0 2000 1 5 0.230986728775236 5 1000 7465 5
"5171" "A" 0.08 -0.66 0.67 1 0 2000 1 5 0.400477566597125 5 1000 6250 5
"5172" "A" 0.08 -0.12375 1 0 1 2000 1 5 0 5 1000 4347 5
"5173" "A" 0.008 -0.99 0.95875 1 0 2000 1 5 0.042124926300671 5 1000 3742 5
"5174" "A" 0.08 -0.825 0.21625 1 0.5 2000 1 5 1.53132013317015 5 1000 6785 5
"5175" "A" 0.08 -0.165 0.0925 0 1 2000 1 5 2.38054663446376 5 1000 4365 5
"5176" "A" 0.008 -0.04125 0.9175 0 1 2000 1 5 0.0861026990534116 5 1000 285 5
"5177" "A" 0.08 -0.37125 0.95875 1 0.5 2000 1 5 0.042124926300671 5 1000 5243 5
"5178" "A" 0.008 -0.53625 0.95875 1 0.5 2000 1 5 0.042124926300671 5 1000 2093 5
"5179" "A" 0.008 -0.0825 0.95875 0 0 2000 1 5 0.042124926300671 5 1000 439 5
"5180" "A" 0.08 -0.825 0.01 0 0 2000 1 5 4.60517018598809 5 1000 6751 5
"5181" "A" 0.08 -0.20625 0.38125 0 0 2000 1 5 0.964299951060516 5 1000 4555 5
"5182" "A" 0.008 -0.165 0.71125 1 0.5 2000 1 5 0.340731293541596 5 1000 707 5
"5183" "A" 0.008 -0.78375 0.505 0 0 2000 1 5 0.683196849706777 5 1000 2923 5
"5184" "A" 0.08 -0.7425 0.5875 1 0 2000 1 5 0.531879032963823 5 1000 6538 5
"5185" "A" 0.08 -0.70125 0.7525 1 0 2000 1 5 0.284354282359106 5 1000 6412 5
"5186" "A" 0.08 -0.165 0.13375 1 0 2000 1 5 2.01178289320602 5 1000 4372 5
"5187" "A" 0.08 -0.0825 0.71125 1 0 2000 1 5 0.340731293541596 5 1000 4156 5
"5188" "A" 0.008 -0.94875 0.05125 0 0 2000 1 5 2.97103966096362 5 1000 3457 5
"5189" "A" 0.08 -0.28875 0.54625 1 0 2000 1 5 0.604678532572337 5 1000 4882 5
"5190" "A" 0.008 -0.495 0.0925 0 0 2000 1 5 2.38054663446376 5 1000 1813 5
"5191" "A" 0.008 -0.7425 0.87625 0 0.5 2000 1 5 0.132103840633337 5 1000 2828 5
"5192" "A" 0.008 -0.61875 0.29875 1 0 2000 1 5 1.20814817573642 5 1000 2296 5
"5193" "A" 0.008 -0.20625 0.4225 0 0.5 2000 1 5 0.861565832184908 5 1000 812 5
"5194" "A" 0.08 -0.825 0.2575 0 1 2000 1 5 1.35673555887835 5 1000 6789 5
"5195" "A" 0.008 -0.2475 0.505 1 1 2000 1 5 0.683196849706777 5 1000 978 5
"5196" "A" 0.008 -0.495 0.0925 0 0.5 2000 1 5 2.38054663446376 5 1000 1814 5
"5197" "A" 0.08 -0.33 0.95875 0 1 2000 1 5 0.042124926300671 5 1000 5091 5
"5198" "A" 0.008 -0.53625 0.38125 1 1 2000 1 5 0.964299951060516 5 1000 2010 5
"5199" "A" 0.008 -0.28875 0.87625 0 0 2000 1 5 0.132103840633337 5 1000 1177 5
"5200" "A" 0.08 -0.70125 0.7525 0 0.5 2000 1 5 0.284354282359106 5 1000 6410 5
"5201" "A" 0.008 -0.7425 0.13375 0 0.5 2000 1 5 2.01178289320602 5 1000 2720 5
"5202" "A" 0.008 -0.04125 0.46375 1 0 2000 1 5 0.768409665060492 5 1000 220 5
"5203" "A" 0.008 -0.0825 0.5875 1 0.5 2000 1 5 0.531879032963823 5 1000 389 5
"5204" "A" 0.08 -0.04125 0.05125 1 0 2000 1 5 2.97103966096362 5 1000 3910 5
"5205" "A" 0.008 -0.78375 0.4225 0 0 2000 1 5 0.861565832184908 5 1000 2911 5
"5206" "A" 0.008 -0.28875 0.46375 1 0.5 2000 1 5 0.768409665060492 5 1000 1121 5
"5207" "A" 0.08 -0.20625 0.62875 0 0.5 2000 1 5 0.464021557568188 5 1000 4592 5
"5208" "A" 0.08 -0.61875 0.95875 0 1 2000 1 5 0.042124926300671 5 1000 6141 5
"5209" "A" 0.008 -0.20625 0.95875 1 0 2000 1 5 0.042124926300671 5 1000 892 5
"5210" "A" 0.08 -0.5775 0.62875 0 0 2000 1 5 0.464021557568188 5 1000 5941 5
"5211" "A" 0.08 -0.5775 0.46375 1 0 2000 1 5 0.768409665060492 5 1000 5920 5
"5212" "A" 0.008 -0.495 0.62875 1 1 2000 1 5 0.464021557568188 5 1000 1896 5
"5213" "A" 0.08 -0.04125 0.835 0 0 2000 1 5 0.180323554131281 5 1000 4021 5
"5214" "A" 0.008 -0.28875 0.29875 1 1 2000 1 5 1.20814817573642 5 1000 1098 5
"5215" "A" 0.08 -0.9075 1 0 0 2000 1 5 0 5 1000 7195 5
"5216" "A" 0.08 -0.66 0.87625 1 1 2000 1 5 0.132103840633337 5 1000 6282 5
"5217" "A" 0.08 -0.45375 0.38125 1 1 2000 1 5 0.964299951060516 5 1000 5460 5
"5218" "A" 0.008 -0.53625 0.87625 0 1 2000 1 5 0.132103840633337 5 1000 2079 5
"5219" "A" 0.08 -0.28875 0.13375 0 0 2000 1 5 2.01178289320602 5 1000 4819 5
"5220" "A" 0.008 -0.70125 0.13375 0 1 2000 1 5 2.01178289320602 5 1000 2571 5
"5221" "A" 0.008 -0.70125 0.175 1 0.5 2000 1 5 1.74296930505862 5 1000 2579 5
"5222" "A" 0.008 -0.9075 0.835 0 0 2000 1 5 0.180323554131281 5 1000 3421 5
"5223" "A" 0.08 -0.165 0.505 0 0.5 2000 1 5 0.683196849706777 5 1000 4424 5
"5224" "A" 0.008 -0.9075 0.05125 1 0 2000 1 5 2.97103966096362 5 1000 3310 5
"5225" "A" 0.08 -0.9075 0.2575 1 1 2000 1 5 1.35673555887835 5 1000 7092 5
"5226" "A" 0.008 -0.94875 0.71125 1 0 2000 1 5 0.340731293541596 5 1000 3556 5
"5227" "A" 0.008 -0.165 0.13375 0 0 2000 1 5 2.01178289320602 5 1000 619 5
"5228" "A" 0.008 -0.70125 0.175 0 0 2000 1 5 1.74296930505862 5 1000 2575 5
"5229" "A" 0.008 -0.94875 0.4225 0 0 2000 1 5 0.861565832184908 5 1000 3511 5
"5230" "A" 0.008 -0.04125 0.46375 1 0.5 2000 1 5 0.768409665060492 5 1000 221 5
"5231" "A" 0.008 -0.70125 0.67 1 1 2000 1 5 0.400477566597125 5 1000 2652 5
"5232" "A" 0.08 -0.37125 0.7525 0 1 2000 1 5 0.284354282359106 5 1000 5211 5
"5233" "A" 0.008 -0.5775 0.34 0 0 2000 1 5 1.07880966137193 5 1000 2149 5
"5234" "A" 0.008 -0.66 0.62875 0 1 2000 1 5 0.464021557568188 5 1000 2493 5
"5235" "A" 0.08 -0.825 0.95875 1 1 2000 1 5 0.042124926300671 5 1000 6894 5
"5236" "A" 0.008 -0.2475 0.34 0 0.5 2000 1 5 1.07880966137193 5 1000 950 5
"5237" "A" 0.08 0 0.835 1 1 2000 1 5 0.180323554131281 5 1000 3876 5
"5238" "A" 0.008 -0.12375 0.4225 0 0.5 2000 1 5 0.861565832184908 5 1000 512 5
"5239" "A" 0.008 -0.78375 0.01 1 0.5 2000 1 5 4.60517018598809 5 1000 2855 5
"5240" "A" 0.08 0 0.95875 0 0.5 2000 1 5 0.042124926300671 5 1000 3890 5
"5241" "A" 0.08 -0.94875 0.835 1 0.5 2000 1 5 0.180323554131281 5 1000 7325 5
"5242" "A" 0.008 -0.53625 0.67 1 1 2000 1 5 0.400477566597125 5 1000 2052 5
"5243" "A" 0.08 -0.825 1 0 0 2000 1 5 0 5 1000 6895 5
"5244" "A" 0.008 -0.70125 0.95875 1 1 2000 1 5 0.042124926300671 5 1000 2694 5
"5245" "A" 0.008 -0.04125 0.7525 0 0 2000 1 5 0.284354282359106 5 1000 259 5
"5246" "A" 0.08 -0.495 0.5875 1 0.5 2000 1 5 0.531879032963823 5 1000 5639 5
"5247" "A" 0.008 -0.86625 0.13375 1 0.5 2000 1 5 2.01178289320602 5 1000 3173 5
"5248" "A" 0.008 -0.9075 0.4225 0 0 2000 1 5 0.861565832184908 5 1000 3361 5
"5249" "A" 0.08 -0.78375 0.505 1 0 2000 1 5 0.683196849706777 5 1000 6676 5
"5250" "A" 0.008 -0.33 0.2575 1 1 2000 1 5 1.35673555887835 5 1000 1242 5
"5251" "A" 0.08 -0.28875 0.54625 0 1 2000 1 5 0.604678532572337 5 1000 4881 5
"5252" "A" 0.08 -0.20625 0.34 0 0.5 2000 1 5 1.07880966137193 5 1000 4550 5
"5253" "A" 0.008 -0.9075 0.175 0 0.5 2000 1 5 1.74296930505862 5 1000 3326 5
"5254" "A" 0.08 -0.78375 0.9175 0 0.5 2000 1 5 0.0861026990534116 5 1000 6734 5
"5255" "A" 0.008 -0.94875 0.54625 1 0 2000 1 5 0.604678532572337 5 1000 3532 5
"5256" "A" 0.08 -0.99 0.4225 1 0 2000 1 5 0.861565832184908 5 1000 7414 5
"5257" "A" 0.008 -0.86625 0.175 1 0.5 2000 1 5 1.74296930505862 5 1000 3179 5
"5258" "A" 0.08 -0.33 0.71125 0 0 2000 1 5 0.340731293541596 5 1000 5053 5
"5259" "A" 0.008 -0.45375 0.505 0 1 2000 1 5 0.683196849706777 5 1000 1725 5
"5260" "A" 0.008 -0.86625 0.62875 0 0 2000 1 5 0.464021557568188 5 1000 3241 5
"5261" "A" 0.08 -0.5775 0.7525 1 0 2000 1 5 0.284354282359106 5 1000 5962 5
"5262" "A" 0.008 -0.61875 0.05125 1 1 2000 1 5 2.97103966096362 5 1000 2262 5
"5263" "A" 0.08 -0.495 0.21625 0 0.5 2000 1 5 1.53132013317015 5 1000 5582 5
"5264" "A" 0.008 -0.94875 0.38125 1 0 2000 1 5 0.964299951060516 5 1000 3508 5
"5265" "A" 0.08 -0.33 0.01 0 1 2000 1 5 4.60517018598809 5 1000 4953 5
"5266" "A" 0.008 -0.5775 0.62875 0 0 2000 1 5 0.464021557568188 5 1000 2191 5
"5267" "A" 0.08 -0.4125 0.46375 1 0 2000 1 5 0.768409665060492 5 1000 5320 5
"5268" "A" 0.008 -0.99 0.87625 0 1 2000 1 5 0.132103840633337 5 1000 3729 5
"5269" "A" 0.08 -0.2475 0.62875 0 1 2000 1 5 0.464021557568188 5 1000 4743 5
"5270" "A" 0.08 -0.825 0.54625 1 0 2000 1 5 0.604678532572337 5 1000 6832 5
"5271" "A" 0.08 -0.33 0.46375 1 0 2000 1 5 0.768409665060492 5 1000 5020 5
"5272" "A" 0.008 -0.37125 0.7525 0 1 2000 1 5 0.284354282359106 5 1000 1461 5
"5273" "A" 0.08 -0.20625 0.4225 0 1 2000 1 5 0.861565832184908 5 1000 4563 5
"5274" "A" 0.08 -0.70125 0.4225 0 0 2000 1 5 0.861565832184908 5 1000 6361 5
"5275" "A" 0.008 -0.2475 0.62875 1 1 2000 1 5 0.464021557568188 5 1000 996 5
"5276" "A" 0.08 -0.66 0.505 1 0 2000 1 5 0.683196849706777 5 1000 6226 5
"5277" "A" 0.008 -0.94875 1 1 0.5 2000 1 5 0 5 1000 3599 5
"5278" "A" 0.008 -0.37125 0.79375 1 1 2000 1 5 0.230986728775236 5 1000 1470 5
"5279" "A" 0.008 -0.20625 0.0925 0 0 2000 1 5 2.38054663446376 5 1000 763 5
"5280" "A" 0.08 -0.45375 0.4225 1 0 2000 1 5 0.861565832184908 5 1000 5464 5
"5281" "A" 0.08 -0.94875 0.46375 0 0 2000 1 5 0.768409665060492 5 1000 7267 5
"5282" "A" 0.08 -0.04125 0.0925 0 1 2000 1 5 2.38054663446376 5 1000 3915 5
"5283" "A" 0.08 -0.165 0.4225 0 0 2000 1 5 0.861565832184908 5 1000 4411 5
"5284" "A" 0.08 -0.61875 0.21625 0 1 2000 1 5 1.53132013317015 5 1000 6033 5
"5285" "A" 0.08 -0.5775 0.95875 0 0 2000 1 5 0.042124926300671 5 1000 5989 5
"5286" "A" 0.08 -0.4125 0.67 1 1 2000 1 5 0.400477566597125 5 1000 5352 5
"5287" "A" 0.008 -0.165 0.67 1 1 2000 1 5 0.400477566597125 5 1000 702 5
"5288" "A" 0.08 -0.66 0.13375 0 0.5 2000 1 5 2.01178289320602 5 1000 6170 5
"5289" "A" 0.008 -0.53625 0.835 0 0 2000 1 5 0.180323554131281 5 1000 2071 5
"5290" "A" 0.008 -0.33 0.01 1 0 2000 1 5 4.60517018598809 5 1000 1204 5
"5291" "A" 0.08 -0.66 0.835 1 1 2000 1 5 0.180323554131281 5 1000 6276 5
"5292" "A" 0.08 -0.66 0.13375 0 0 2000 1 5 2.01178289320602 5 1000 6169 5
"5293" "A" 0.08 -0.53625 0.38125 0 0 2000 1 5 0.964299951060516 5 1000 5755 5
"5294" "A" 0.08 -0.53625 0.2575 0 1 2000 1 5 1.35673555887835 5 1000 5739 5
"5295" "A" 0.08 0 0.175 1 0 2000 1 5 1.74296930505862 5 1000 3778 5
"5296" "A" 0.008 -0.78375 0.835 1 0 2000 1 5 0.180323554131281 5 1000 2974 5
"5297" "A" 0.008 -0.5775 0.05125 0 0 2000 1 5 2.97103966096362 5 1000 2107 5
"5298" "A" 0.008 -0.70125 0.54625 1 1 2000 1 5 0.604678532572337 5 1000 2634 5
"5299" "A" 0.08 -0.04125 0.46375 0 1 2000 1 5 0.768409665060492 5 1000 3969 5
"5300" "A" 0.08 -0.45375 0.9175 0 0 2000 1 5 0.0861026990534116 5 1000 5533 5
"5301" "A" 0.08 -0.86625 0.34 1 1 2000 1 5 1.07880966137193 5 1000 6954 5
"5302" "A" 0.008 -0.9075 0.38125 1 1 2000 1 5 0.964299951060516 5 1000 3360 5
"5303" "A" 0.008 -0.4125 0.67 1 1 2000 1 5 0.400477566597125 5 1000 1602 5
"5304" "A" 0.08 0 0.38125 0 1 2000 1 5 0.964299951060516 5 1000 3807 5
"5305" "A" 0.008 -0.28875 0.95875 1 0.5 2000 1 5 0.042124926300671 5 1000 1193 5
"5306" "A" 0.008 -0.61875 0.175 0 0.5 2000 1 5 1.74296930505862 5 1000 2276 5
"5307" "A" 0.08 -0.94875 0.95875 0 0.5 2000 1 5 0.042124926300671 5 1000 7340 5
"5308" "A" 0.008 -0.04125 0.505 0 0.5 2000 1 5 0.683196849706777 5 1000 224 5
"5309" "A" 0.008 -0.0825 0.0925 0 0 2000 1 5 2.38054663446376 5 1000 313 5
"5310" "A" 0.008 -0.37125 0.2575 1 1 2000 1 5 1.35673555887835 5 1000 1392 5
"5311" "A" 0.008 -0.53625 0.46375 0 1 2000 1 5 0.768409665060492 5 1000 2019 5
"5312" "A" 0.008 -0.37125 0.13375 0 0 2000 1 5 2.01178289320602 5 1000 1369 5
"5313" "A" 0.08 0 0.95875 1 0 2000 1 5 0.042124926300671 5 1000 3892 5
"5314" "A" 0.008 -0.9075 0.7525 0 0.5 2000 1 5 0.284354282359106 5 1000 3410 5
"5315" "A" 0.08 -0.53625 0.175 0 0 2000 1 5 1.74296930505862 5 1000 5725 5
"5316" "A" 0.008 0 0.95875 0 1 2000 1 5 0.042124926300671 5 1000 141 5
"5317" "A" 0.008 -0.70125 0.46375 1 0 2000 1 5 0.768409665060492 5 1000 2620 5
"5318" "A" 0.08 -0.165 0.05125 0 0 2000 1 5 2.97103966096362 5 1000 4357 5
"5319" "A" 0.008 -0.9075 0.54625 0 0.5 2000 1 5 0.604678532572337 5 1000 3380 5
"5320" "A" 0.08 -0.9075 0.505 0 0.5 2000 1 5 0.683196849706777 5 1000 7124 5
"5321" "A" 0.08 -0.5775 0.505 0 0.5 2000 1 5 0.683196849706777 5 1000 5924 5
"5322" "A" 0.008 -0.04125 0.01 0 0.5 2000 1 5 4.60517018598809 5 1000 152 5
"5323" "A" 0.008 -0.66 0.87625 0 0.5 2000 1 5 0.132103840633337 5 1000 2528 5
"5324" "A" 0.008 -0.78375 0.7525 0 1 2000 1 5 0.284354282359106 5 1000 2961 5
"5325" "A" 0.008 -0.495 0.34 0 1 2000 1 5 1.07880966137193 5 1000 1851 5
"5326" "A" 0.008 -0.53625 0.87625 0 0.5 2000 1 5 0.132103840633337 5 1000 2078 5
"5327" "A" 0.008 -0.33 0.38125 0 0.5 2000 1 5 0.964299951060516 5 1000 1256 5
"5328" "A" 0.008 -0.4125 0.38125 1 0.5 2000 1 5 0.964299951060516 5 1000 1559 5
"5329" "A" 0.08 -0.4125 0.175 1 0.5 2000 1 5 1.74296930505862 5 1000 5279 5
"5330" "A" 0.008 -0.86625 0.7525 0 0 2000 1 5 0.284354282359106 5 1000 3259 5
"5331" "A" 0.008 0 0.4225 1 0 2000 1 5 0.861565832184908 5 1000 64 5
"5332" "A" 0.008 -0.94875 0.67 1 1 2000 1 5 0.400477566597125 5 1000 3552 5
"5333" "A" 0.008 -0.33 0.87625 0 0.5 2000 1 5 0.132103840633337 5 1000 1328 5
"5334" "A" 0.08 -0.4125 0.835 1 0 2000 1 5 0.180323554131281 5 1000 5374 5
"5335" "A" 0.08 -0.86625 0.7525 1 1 2000 1 5 0.284354282359106 5 1000 7014 5
"5336" "A" 0.08 -0.37125 0.62875 0 0 2000 1 5 0.464021557568188 5 1000 5191 5
"5337" "A" 0.08 -0.12375 0.21625 0 0 2000 1 5 1.53132013317015 5 1000 4231 5
"5338" "A" 0.008 -0.20625 0.38125 1 1 2000 1 5 0.964299951060516 5 1000 810 5
"5339" "A" 0.008 -0.2475 0.2575 1 1 2000 1 5 1.35673555887835 5 1000 942 5
"5340" "A" 0.08 -0.165 0.05125 1 0.5 2000 1 5 2.97103966096362 5 1000 4361 5
"5341" "A" 0.08 -0.86625 0.01 0 1 2000 1 5 4.60517018598809 5 1000 6903 5
"5342" "A" 0.008 -0.165 0.71125 0 1 2000 1 5 0.340731293541596 5 1000 705 5
"5343" "A" 0.08 -0.7425 0.835 0 0.5 2000 1 5 0.180323554131281 5 1000 6572 5
"5344" "A" 0.008 0 0.34 1 0 2000 1 5 1.07880966137193 5 1000 52 5
"5345" "A" 0.008 -0.94875 0.38125 0 1 2000 1 5 0.964299951060516 5 1000 3507 5
"5346" "A" 0.008 -0.28875 0.13375 0 0.5 2000 1 5 2.01178289320602 5 1000 1070 5
"5347" "A" 0.08 -0.33 0.835 1 0 2000 1 5 0.180323554131281 5 1000 5074 5
"5348" "A" 0.08 -0.70125 0.835 1 0.5 2000 1 5 0.180323554131281 5 1000 6425 5
"5349" "A" 0.008 -0.825 0.79375 1 1 2000 1 5 0.230986728775236 5 1000 3120 5
"5350" "A" 0.08 -0.61875 0.7525 1 0.5 2000 1 5 0.284354282359106 5 1000 6113 5
"5351" "A" 0.08 -0.99 0.29875 1 1 2000 1 5 1.20814817573642 5 1000 7398 5
"5352" "A" 0.08 -0.28875 0.79375 0 0 2000 1 5 0.230986728775236 5 1000 4915 5
"5353" "A" 0.008 -0.99 0.54625 1 0.5 2000 1 5 0.604678532572337 5 1000 3683 5
"5354" "A" 0.08 -0.33 0.5875 0 0 2000 1 5 0.531879032963823 5 1000 5035 5
"5355" "A" 0.008 -0.04125 0.7525 1 0 2000 1 5 0.284354282359106 5 1000 262 5
"5356" "A" 0.008 -0.78375 0.21625 1 0 2000 1 5 1.53132013317015 5 1000 2884 5
"5357" "A" 0.008 -0.2475 0.175 1 1 2000 1 5 1.74296930505862 5 1000 930 5
"5358" "A" 0.08 -0.20625 1 1 0 2000 1 5 0 5 1000 4648 5
"5359" "A" 0.008 -0.4125 0.505 1 0 2000 1 5 0.683196849706777 5 1000 1576 5
"5360" "A" 0.008 -0.04125 0.2575 1 0.5 2000 1 5 1.35673555887835 5 1000 191 5
"5361" "A" 0.08 -0.99 0.0925 1 0.5 2000 1 5 2.38054663446376 5 1000 7367 5
"5362" "A" 0.08 -0.28875 0.79375 0 0.5 2000 1 5 0.230986728775236 5 1000 4916 5
"5363" "A" 0.008 -0.495 0.505 1 1 2000 1 5 0.683196849706777 5 1000 1878 5
"5364" "A" 0.08 -0.4125 0.2575 0 0.5 2000 1 5 1.35673555887835 5 1000 5288 5
"5365" "A" 0.008 0 0.7525 1 0.5 2000 1 5 0.284354282359106 5 1000 113 5
"5366" "A" 0.008 -0.86625 0.87625 1 0 2000 1 5 0.132103840633337 5 1000 3280 5
"5367" "A" 0.08 -0.5775 0.62875 1 1 2000 1 5 0.464021557568188 5 1000 5946 5
"5368" "A" 0.08 -0.66 0.62875 0 0.5 2000 1 5 0.464021557568188 5 1000 6242 5
"5369" "A" 0.08 -0.78375 0.79375 0 0.5 2000 1 5 0.230986728775236 5 1000 6716 5
"5370" "A" 0.008 -0.495 0.0925 1 0 2000 1 5 2.38054663446376 5 1000 1816 5
"5371" "A" 0.08 -0.37125 0.71125 0 0.5 2000 1 5 0.340731293541596 5 1000 5204 5
"5372" "A" 0.008 -0.99 0.835 0 1 2000 1 5 0.180323554131281 5 1000 3723 5
"5373" "A" 0.08 -0.28875 0.79375 0 1 2000 1 5 0.230986728775236 5 1000 4917 5
"5374" "A" 0.08 -0.2475 0.7525 1 0.5 2000 1 5 0.284354282359106 5 1000 4763 5
"5375" "A" 0.08 -0.86625 0.0925 0 0 2000 1 5 2.38054663446376 5 1000 6913 5
"5376" "A" 0.08 -0.12375 0.87625 1 1 2000 1 5 0.132103840633337 5 1000 4332 5
"5377" "A" 0.08 -0.37125 1 1 0.5 2000 1 5 0 5 1000 5249 5
"5378" "A" 0.08 -0.53625 0.67 1 0.5 2000 1 5 0.400477566597125 5 1000 5801 5
"5379" "A" 0.008 -0.04125 0.0925 1 0.5 2000 1 5 2.38054663446376 5 1000 167 5
"5380" "A" 0.008 -0.70125 0.2575 0 1 2000 1 5 1.35673555887835 5 1000 2589 5
"5381" "A" 0.08 -0.20625 0.05125 1 0 2000 1 5 2.97103966096362 5 1000 4510 5
"5382" "A" 0.08 -0.4125 0.13375 1 1 2000 1 5 2.01178289320602 5 1000 5274 5
"5383" "A" 0.08 -0.61875 0.95875 1 1 2000 1 5 0.042124926300671 5 1000 6144 5
"5384" "A" 0.008 -0.33 0.13375 0 0.5 2000 1 5 2.01178289320602 5 1000 1220 5
"5385" "A" 0.08 -0.9075 0.4225 1 1 2000 1 5 0.861565832184908 5 1000 7116 5
"5386" "A" 0.008 -0.7425 0.01 1 1 2000 1 5 4.60517018598809 5 1000 2706 5
"5387" "A" 0.08 -0.94875 0.79375 1 0 2000 1 5 0.230986728775236 5 1000 7318 5
"5388" "A" 0.08 -0.94875 0.29875 1 1 2000 1 5 1.20814817573642 5 1000 7248 5
"5389" "A" 0.08 -0.94875 0.46375 0 1 2000 1 5 0.768409665060492 5 1000 7269 5
"5390" "A" 0.008 -0.28875 0.835 1 0 2000 1 5 0.180323554131281 5 1000 1174 5
"5391" "A" 0.08 -0.94875 1 0 0.5 2000 1 5 0 5 1000 7346 5
"5392" "A" 0.08 -0.99 0.505 0 1 2000 1 5 0.683196849706777 5 1000 7425 5
"5393" "A" 0.008 0 0.46375 1 0.5 2000 1 5 0.768409665060492 5 1000 71 5
"5394" "A" 0.008 -0.7425 0.95875 0 0 2000 1 5 0.042124926300671 5 1000 2839 5
"5395" "A" 0.008 -0.86625 0.7525 0 1 2000 1 5 0.284354282359106 5 1000 3261 5
"5396" "A" 0.08 -0.53625 0.62875 0 0.5 2000 1 5 0.464021557568188 5 1000 5792 5
"5397" "A" 0.008 -0.94875 0.21625 1 1 2000 1 5 1.53132013317015 5 1000 3486 5
"5398" "A" 0.008 -0.86625 0.87625 0 1 2000 1 5 0.132103840633337 5 1000 3279 5
"5399" "A" 0.08 -0.9075 0.835 1 1 2000 1 5 0.180323554131281 5 1000 7176 5
"5400" "A" 0.08 -0.2475 0.71125 0 0.5 2000 1 5 0.340731293541596 5 1000 4754 5
"5401" "A" 0.008 -0.99 0.505 1 1 2000 1 5 0.683196849706777 5 1000 3678 5
"5402" "A" 0.008 -0.33 0.05125 0 1 2000 1 5 2.97103966096362 5 1000 1209 5
"5403" "A" 0.008 -0.45375 0.71125 1 0.5 2000 1 5 0.340731293541596 5 1000 1757 5
"5404" "A" 0.008 -0.94875 0.54625 0 0.5 2000 1 5 0.604678532572337 5 1000 3530 5
"5405" "A" 0.008 -0.53625 0.2575 0 0.5 2000 1 5 1.35673555887835 5 1000 1988 5
"5406" "A" 0.08 -0.37125 0.34 0 0.5 2000 1 5 1.07880966137193 5 1000 5150 5
"5407" "A" 0.008 -0.7425 0.175 1 0 2000 1 5 1.74296930505862 5 1000 2728 5
"5408" "A" 0.08 -0.78375 0.79375 0 1 2000 1 5 0.230986728775236 5 1000 6717 5
"5409" "A" 0.08 -0.0825 1 0 0 2000 1 5 0 5 1000 4195 5
"5410" "A" 0.08 -0.20625 0.9175 0 1 2000 1 5 0.0861026990534116 5 1000 4635 5
"5411" "A" 0.008 -0.28875 0.95875 0 0.5 2000 1 5 0.042124926300671 5 1000 1190 5
"5412" "A" 0.008 -0.78375 0.175 0 1 2000 1 5 1.74296930505862 5 1000 2877 5
"5413" "A" 0.08 -0.37125 0.7525 0 0 2000 1 5 0.284354282359106 5 1000 5209 5
"5414" "A" 0.008 -0.66 1 0 0.5 2000 1 5 0 5 1000 2546 5
"5415" "A" 0.008 -0.04125 0.95875 1 0 2000 1 5 0.042124926300671 5 1000 292 5
"5416" "A" 0.08 -0.45375 0.29875 1 0 2000 1 5 1.20814817573642 5 1000 5446 5
"5417" "A" 0.008 -0.37125 0.05125 1 0 2000 1 5 2.97103966096362 5 1000 1360 5
"5418" "A" 0.08 -0.20625 0.62875 0 0 2000 1 5 0.464021557568188 5 1000 4591 5
"5419" "A" 0.008 -0.20625 0.71125 0 0 2000 1 5 0.340731293541596 5 1000 853 5
"5420" "A" 0.08 -0.53625 0.4225 1 0 2000 1 5 0.861565832184908 5 1000 5764 5
"5421" "A" 0.008 -0.0825 1 0 0.5 2000 1 5 0 5 1000 446 5
"5422" "A" 0.08 -0.99 0.835 0 1 2000 1 5 0.180323554131281 5 1000 7473 5
"5423" "A" 0.008 -0.4125 0.46375 1 0 2000 1 5 0.768409665060492 5 1000 1570 5
"5424" "A" 0.08 -0.9075 0.46375 1 0 2000 1 5 0.768409665060492 5 1000 7120 5
"5425" "A" 0.008 -0.495 0.34 1 0.5 2000 1 5 1.07880966137193 5 1000 1853 5
"5426" "A" 0.008 -0.78375 0.71125 0 1 2000 1 5 0.340731293541596 5 1000 2955 5
"5427" "A" 0.008 -0.61875 0.79375 1 0 2000 1 5 0.230986728775236 5 1000 2368 5
"5428" "A" 0.008 -0.78375 0.95875 1 0.5 2000 1 5 0.042124926300671 5 1000 2993 5
"5429" "A" 0.008 -0.61875 0.46375 1 0 2000 1 5 0.768409665060492 5 1000 2320 5
"5430" "A" 0.008 -0.53625 0.79375 1 0.5 2000 1 5 0.230986728775236 5 1000 2069 5
"5431" "A" 0.08 -0.28875 0.13375 1 0 2000 1 5 2.01178289320602 5 1000 4822 5
"5432" "A" 0.008 -0.78375 0.2575 0 0.5 2000 1 5 1.35673555887835 5 1000 2888 5
"5433" "A" 0.08 -0.825 0.835 1 0.5 2000 1 5 0.180323554131281 5 1000 6875 5
"5434" "A" 0.08 -0.9075 0.5875 0 0 2000 1 5 0.531879032963823 5 1000 7135 5
"5435" "A" 0.008 -0.53625 1 0 1 2000 1 5 0 5 1000 2097 5
"5436" "A" 0.08 -0.04125 0.9175 0 0.5 2000 1 5 0.0861026990534116 5 1000 4034 5
"5437" "A" 0.08 -0.33 0.87625 0 1 2000 1 5 0.132103840633337 5 1000 5079 5
"5438" "A" 0.08 -0.33 0.95875 1 0 2000 1 5 0.042124926300671 5 1000 5092 5
"5439" "A" 0.008 -0.99 0.4225 0 0.5 2000 1 5 0.861565832184908 5 1000 3662 5
"5440" "A" 0.08 -0.28875 0.62875 1 0.5 2000 1 5 0.464021557568188 5 1000 4895 5
"5441" "A" 0.08 -0.28875 0.87625 1 1 2000 1 5 0.132103840633337 5 1000 4932 5
"5442" "A" 0.08 -0.86625 0.0925 1 0 2000 1 5 2.38054663446376 5 1000 6916 5
"5443" "A" 0.008 -0.12375 0.87625 0 0 2000 1 5 0.132103840633337 5 1000 577 5
"5444" "A" 0.008 -0.86625 0.46375 1 0 2000 1 5 0.768409665060492 5 1000 3220 5
"5445" "A" 0.08 -0.165 0.9175 0 1 2000 1 5 0.0861026990534116 5 1000 4485 5
"5446" "A" 0.08 -0.7425 0.7525 0 1 2000 1 5 0.284354282359106 5 1000 6561 5
"5447" "A" 0.08 -0.4125 0.71125 0 0 2000 1 5 0.340731293541596 5 1000 5353 5
"5448" "A" 0.08 -0.7425 0.29875 0 1 2000 1 5 1.20814817573642 5 1000 6495 5
"5449" "A" 0.08 -0.45375 0.175 1 1 2000 1 5 1.74296930505862 5 1000 5430 5
"5450" "A" 0.08 -0.9075 0.62875 1 1 2000 1 5 0.464021557568188 5 1000 7146 5
"5451" "A" 0.008 -0.9075 0.87625 0 0.5 2000 1 5 0.132103840633337 5 1000 3428 5
"5452" "A" 0.008 -0.61875 0.505 1 0 2000 1 5 0.683196849706777 5 1000 2326 5
"5453" "A" 0.008 -0.495 0.38125 1 0 2000 1 5 0.964299951060516 5 1000 1858 5
"5454" "A" 0.08 -0.12375 0.835 1 0.5 2000 1 5 0.180323554131281 5 1000 4325 5
"5455" "A" 0.08 -0.45375 0.0925 0 1 2000 1 5 2.38054663446376 5 1000 5415 5
"5456" "A" 0.008 -0.53625 0.79375 0 0.5 2000 1 5 0.230986728775236 5 1000 2066 5
"5457" "A" 0.08 -0.33 0.71125 0 0.5 2000 1 5 0.340731293541596 5 1000 5054 5
"5458" "A" 0.008 -0.28875 0.67 1 0 2000 1 5 0.400477566597125 5 1000 1150 5
"5459" "A" 0.08 -0.0825 0.05125 0 0.5 2000 1 5 2.97103966096362 5 1000 4058 5
"5460" "A" 0.008 -0.0825 0.835 0 1 2000 1 5 0.180323554131281 5 1000 423 5
"5461" "A" 0.008 -0.66 0.9175 0 0.5 2000 1 5 0.0861026990534116 5 1000 2534 5
"5462" "A" 0.08 -0.495 0.4225 1 0 2000 1 5 0.861565832184908 5 1000 5614 5
"5463" "A" 0.08 -0.86625 0.29875 1 1 2000 1 5 1.20814817573642 5 1000 6948 5
"5464" "A" 0.08 -0.5775 0.0925 1 0 2000 1 5 2.38054663446376 5 1000 5866 5
"5465" "A" 0.008 0 0.29875 0 1 2000 1 5 1.20814817573642 5 1000 45 5
"5466" "A" 0.08 -0.33 0.79375 0 0 2000 1 5 0.230986728775236 5 1000 5065 5
"5467" "A" 0.008 -0.66 0.505 1 0.5 2000 1 5 0.683196849706777 5 1000 2477 5
"5468" "A" 0.08 -0.28875 1 0 0 2000 1 5 0 5 1000 4945 5
"5469" "A" 0.008 -0.70125 0.7525 1 0 2000 1 5 0.284354282359106 5 1000 2662 5
"5470" "A" 0.008 -0.70125 0.7525 0 0 2000 1 5 0.284354282359106 5 1000 2659 5
"5471" "A" 0.08 -0.66 0.5875 0 0.5 2000 1 5 0.531879032963823 5 1000 6236 5
"5472" "A" 0.008 -0.5775 0.95875 0 0 2000 1 5 0.042124926300671 5 1000 2239 5
"5473" "A" 0.08 -0.9075 0.87625 0 0.5 2000 1 5 0.132103840633337 5 1000 7178 5
"5474" "A" 0.08 -0.33 1 0 0.5 2000 1 5 0 5 1000 5096 5
"5475" "A" 0.008 -0.99 0.505 1 0 2000 1 5 0.683196849706777 5 1000 3676 5
"5476" "A" 0.08 -0.94875 0.835 1 1 2000 1 5 0.180323554131281 5 1000 7326 5
"5477" "A" 0.008 -0.825 0.9175 1 0 2000 1 5 0.0861026990534116 5 1000 3136 5
"5478" "A" 0.08 -0.94875 0.62875 1 0 2000 1 5 0.464021557568188 5 1000 7294 5
"5479" "A" 0.08 -0.28875 0.38125 0 0.5 2000 1 5 0.964299951060516 5 1000 4856 5
"5480" "A" 0.008 -0.165 0.0925 1 0.5 2000 1 5 2.38054663446376 5 1000 617 5
"5481" "A" 0.08 -0.0825 0.5875 0 1 2000 1 5 0.531879032963823 5 1000 4137 5
"5482" "A" 0.008 -0.99 0.01 0 1 2000 1 5 4.60517018598809 5 1000 3603 5
"5483" "A" 0.08 -0.04125 0.95875 1 0.5 2000 1 5 0.042124926300671 5 1000 4043 5
"5484" "A" 0.008 -0.4125 0.4225 1 0 2000 1 5 0.861565832184908 5 1000 1564 5
"5485" "A" 0.08 -0.61875 0.29875 1 0 2000 1 5 1.20814817573642 5 1000 6046 5
"5486" "A" 0.08 -0.28875 1 1 0 2000 1 5 0 5 1000 4948 5
"5487" "A" 0.008 -0.37125 0.7525 0 0 2000 1 5 0.284354282359106 5 1000 1459 5
"5488" "A" 0.008 -0.2475 0.01 0 0.5 2000 1 5 4.60517018598809 5 1000 902 5
"5489" "A" 0.08 -0.53625 1 0 0.5 2000 1 5 0 5 1000 5846 5
"5490" "A" 0.008 -0.2475 0.79375 0 1 2000 1 5 0.230986728775236 5 1000 1017 5
"5491" "A" 0.008 -0.9075 0.87625 1 0.5 2000 1 5 0.132103840633337 5 1000 3431 5
"5492" "A" 0.08 -0.04125 0.62875 0 0.5 2000 1 5 0.464021557568188 5 1000 3992 5
"5493" "A" 0.008 -0.53625 0.9175 1 1 2000 1 5 0.0861026990534116 5 1000 2088 5
"5494" "A" 0.008 -0.78375 0.4225 1 0.5 2000 1 5 0.861565832184908 5 1000 2915 5
"5495" "A" 0.08 0 0.9175 0 0.5 2000 1 5 0.0861026990534116 5 1000 3884 5
"5496" "A" 0.008 -0.4125 0.5875 0 0 2000 1 5 0.531879032963823 5 1000 1585 5
"5497" "A" 0.008 -0.94875 0.46375 1 0 2000 1 5 0.768409665060492 5 1000 3520 5
"5498" "A" 0.008 -0.45375 0.0925 0 0.5 2000 1 5 2.38054663446376 5 1000 1664 5
"5499" "A" 0.08 -0.94875 0.05125 1 0 2000 1 5 2.97103966096362 5 1000 7210 5
"5500" "A" 0.08 -0.94875 0.29875 1 0 2000 1 5 1.20814817573642 5 1000 7246 5
"5501" "A" 0.08 -0.12375 1 0 0.5 2000 1 5 0 5 1000 4346 5
"5502" "A" 0.08 -0.20625 0.87625 1 0.5 2000 1 5 0.132103840633337 5 1000 4631 5
"5503" "A" 0.008 -0.7425 0.38125 1 0 2000 1 5 0.964299951060516 5 1000 2758 5
"5504" "A" 0.08 -0.165 0.87625 0 0.5 2000 1 5 0.132103840633337 5 1000 4478 5
"5505" "A" 0.008 -0.825 0.71125 0 1 2000 1 5 0.340731293541596 5 1000 3105 5
"5506" "A" 0.008 -0.5775 0.2575 0 0 2000 1 5 1.35673555887835 5 1000 2137 5
"5507" "A" 0.08 -0.45375 0.2575 1 1 2000 1 5 1.35673555887835 5 1000 5442 5
"5508" "A" 0.08 -0.33 0.21625 0 0 2000 1 5 1.53132013317015 5 1000 4981 5
"5509" "A" 0.008 -0.45375 0.13375 0 0.5 2000 1 5 2.01178289320602 5 1000 1670 5
"5510" "A" 0.008 -0.66 0.7525 1 1 2000 1 5 0.284354282359106 5 1000 2514 5
"5511" "A" 0.008 -0.28875 0.21625 1 0.5 2000 1 5 1.53132013317015 5 1000 1085 5
"5512" "A" 0.08 -0.9075 0.2575 1 0 2000 1 5 1.35673555887835 5 1000 7090 5
"5513" "A" 0.008 -0.45375 0.0925 0 0 2000 1 5 2.38054663446376 5 1000 1663 5
"5514" "A" 0.008 -0.53625 0.01 1 0 2000 1 5 4.60517018598809 5 1000 1954 5
"5515" "A" 0.08 -0.70125 0.62875 0 0 2000 1 5 0.464021557568188 5 1000 6391 5
"5516" "A" 0.008 -0.0825 0.71125 0 0 2000 1 5 0.340731293541596 5 1000 403 5
"5517" "A" 0.008 -0.45375 0.9175 1 1 2000 1 5 0.0861026990534116 5 1000 1788 5
"5518" "A" 0.008 -0.33 0.4225 1 0 2000 1 5 0.861565832184908 5 1000 1264 5
"5519" "A" 0.008 -0.9075 0.505 0 1 2000 1 5 0.683196849706777 5 1000 3375 5
"5520" "A" 0.008 -0.20625 0.505 1 0 2000 1 5 0.683196849706777 5 1000 826 5
"5521" "A" 0.008 -0.53625 0.67 1 0.5 2000 1 5 0.400477566597125 5 1000 2051 5
"5522" "A" 0.008 -0.86625 0.5875 0 1 2000 1 5 0.531879032963823 5 1000 3237 5
"5523" "A" 0.008 -0.78375 0.67 1 0.5 2000 1 5 0.400477566597125 5 1000 2951 5
"5524" "A" 0.08 -0.5775 0.5875 1 0.5 2000 1 5 0.531879032963823 5 1000 5939 5
"5525" "A" 0.008 -0.28875 0.46375 0 0 2000 1 5 0.768409665060492 5 1000 1117 5
"5526" "A" 0.008 -0.37125 0.71125 1 1 2000 1 5 0.340731293541596 5 1000 1458 5
"5527" "A" 0.008 -0.28875 0.5875 1 1 2000 1 5 0.531879032963823 5 1000 1140 5
"5528" "A" 0.08 -0.12375 0.71125 0 0.5 2000 1 5 0.340731293541596 5 1000 4304 5
"5529" "A" 0.008 -0.33 0.2575 0 0 2000 1 5 1.35673555887835 5 1000 1237 5
"5530" "A" 0.08 -0.86625 0.71125 0 0.5 2000 1 5 0.340731293541596 5 1000 7004 5
"5531" "A" 0.008 -0.66 0.175 0 1 2000 1 5 1.74296930505862 5 1000 2427 5
"5532" "A" 0.008 -0.7425 0.71125 0 1 2000 1 5 0.340731293541596 5 1000 2805 5
"5533" "A" 0.08 -0.9075 0.29875 0 0 2000 1 5 1.20814817573642 5 1000 7093 5
"5534" "A" 0.008 -0.495 0.38125 0 1 2000 1 5 0.964299951060516 5 1000 1857 5
"5535" "A" 0.08 -0.495 0.71125 1 0 2000 1 5 0.340731293541596 5 1000 5656 5
"5536" "A" 0.08 -0.5775 0.79375 1 0.5 2000 1 5 0.230986728775236 5 1000 5969 5
"5537" "A" 0.08 -0.53625 0.13375 1 0.5 2000 1 5 2.01178289320602 5 1000 5723 5
"5538" "A" 0.08 -0.825 0.87625 1 0.5 2000 1 5 0.132103840633337 5 1000 6881 5
"5539" "A" 0.08 -0.165 0.7525 1 1 2000 1 5 0.284354282359106 5 1000 4464 5
"5540" "A" 0.008 -0.495 0.29875 0 0 2000 1 5 1.20814817573642 5 1000 1843 5
"5541" "A" 0.08 -0.495 0.835 0 1 2000 1 5 0.180323554131281 5 1000 5673 5
"5542" "A" 0.08 -0.495 0.67 0 0 2000 1 5 0.400477566597125 5 1000 5647 5
"5543" "A" 0.008 -0.37125 0.175 0 1 2000 1 5 1.74296930505862 5 1000 1377 5
"5544" "A" 0.008 -0.825 0.46375 1 0.5 2000 1 5 0.768409665060492 5 1000 3071 5
"5545" "A" 0.008 -0.45375 1 0 0.5 2000 1 5 0 5 1000 1796 5
"5546" "A" 0.08 -0.04125 0.05125 0 0.5 2000 1 5 2.97103966096362 5 1000 3908 5
"5547" "A" 0.008 -0.12375 1 1 0 2000 1 5 0 5 1000 598 5
"5548" "A" 0.008 -0.99 0.46375 0 1 2000 1 5 0.768409665060492 5 1000 3669 5
"5549" "A" 0.08 -0.53625 0.71125 0 0.5 2000 1 5 0.340731293541596 5 1000 5804 5
"5550" "A" 0.08 -0.78375 0.01 0 0 2000 1 5 4.60517018598809 5 1000 6601 5
"5551" "A" 0.008 -0.53625 0.71125 1 0.5 2000 1 5 0.340731293541596 5 1000 2057 5
"5552" "A" 0.08 -0.37125 0.54625 1 1 2000 1 5 0.604678532572337 5 1000 5184 5
"5553" "A" 0.008 -0.165 0.01 1 0.5 2000 1 5 4.60517018598809 5 1000 605 5
"5554" "A" 0.08 -0.20625 0.9175 1 0 2000 1 5 0.0861026990534116 5 1000 4636 5
"5555" "A" 0.008 0 0.01 1 1 2000 1 5 4.60517018598809 5 1000 6 5
"5556" "A" 0.008 -0.4125 0.67 0 0 2000 1 5 0.400477566597125 5 1000 1597 5
"5557" "A" 0.008 -0.825 0.87625 1 0.5 2000 1 5 0.132103840633337 5 1000 3131 5
"5558" "A" 0.008 -0.45375 1 1 1 2000 1 5 0 5 1000 1800 5
"5559" "A" 0.08 -0.7425 0.9175 0 0.5 2000 1 5 0.0861026990534116 5 1000 6584 5
"5560" "A" 0.08 -0.20625 0.46375 0 1 2000 1 5 0.768409665060492 5 1000 4569 5
"5561" "A" 0.08 -0.78375 0.38125 1 1 2000 1 5 0.964299951060516 5 1000 6660 5
"5562" "A" 0.008 -0.61875 0.13375 0 1 2000 1 5 2.01178289320602 5 1000 2271 5
"5563" "A" 0.08 -0.2475 0.95875 1 1 2000 1 5 0.042124926300671 5 1000 4794 5
"5564" "A" 0.008 -0.825 0.46375 0 0 2000 1 5 0.768409665060492 5 1000 3067 5
"5565" "A" 0.08 -0.28875 0.2575 1 1 2000 1 5 1.35673555887835 5 1000 4842 5
"5566" "A" 0.008 -0.20625 0.05125 1 1 2000 1 5 2.97103966096362 5 1000 762 5
"5567" "A" 0.008 -0.04125 0.54625 1 1 2000 1 5 0.604678532572337 5 1000 234 5
"5568" "A" 0.08 -0.825 0.21625 0 1 2000 1 5 1.53132013317015 5 1000 6783 5
"5569" "A" 0.008 -0.99 0.67 1 0 2000 1 5 0.400477566597125 5 1000 3700 5
"5570" "A" 0.08 -0.825 0.5875 1 0.5 2000 1 5 0.531879032963823 5 1000 6839 5
"5571" "A" 0.008 -0.2475 0.54625 0 0 2000 1 5 0.604678532572337 5 1000 979 5
"5572" "A" 0.008 -0.53625 0.13375 0 0 2000 1 5 2.01178289320602 5 1000 1969 5
"5573" "A" 0.08 -0.70125 0.13375 0 0 2000 1 5 2.01178289320602 5 1000 6319 5
"5574" "A" 0.08 -0.45375 0.95875 0 1 2000 1 5 0.042124926300671 5 1000 5541 5
"5575" "A" 0.008 -0.495 0.67 1 1 2000 1 5 0.400477566597125 5 1000 1902 5
"5576" "A" 0.08 -0.37125 0.505 1 1 2000 1 5 0.683196849706777 5 1000 5178 5
"5577" "A" 0.008 0 0.2575 1 0 2000 1 5 1.35673555887835 5 1000 40 5
"5578" "A" 0.08 0 0.7525 0 1 2000 1 5 0.284354282359106 5 1000 3861 5
"5579" "A" 0.008 -0.53625 0.7525 1 0.5 2000 1 5 0.284354282359106 5 1000 2063 5
"5580" "A" 0.08 0 0.29875 1 0 2000 1 5 1.20814817573642 5 1000 3796 5
"5581" "A" 0.008 -0.33 0.54625 0 0 2000 1 5 0.604678532572337 5 1000 1279 5
"5582" "A" 0.08 -0.2475 0.175 1 0 2000 1 5 1.74296930505862 5 1000 4678 5
"5583" "A" 0.08 -0.825 0.7525 0 0 2000 1 5 0.284354282359106 5 1000 6859 5
"5584" "A" 0.08 -0.94875 0.87625 1 1 2000 1 5 0.132103840633337 5 1000 7332 5
"5585" "A" 0.08 -0.78375 0.46375 0 1 2000 1 5 0.768409665060492 5 1000 6669 5
"5586" "A" 0.008 -0.28875 0.71125 0 0 2000 1 5 0.340731293541596 5 1000 1153 5
"5587" "A" 0.008 -0.61875 0.4225 0 0 2000 1 5 0.861565832184908 5 1000 2311 5
"5588" "A" 0.08 -0.12375 1 0 0 2000 1 5 0 5 1000 4345 5
"5589" "A" 0.08 0 0.4225 0 0.5 2000 1 5 0.861565832184908 5 1000 3812 5
"5590" "A" 0.08 -0.33 0.175 0 0 2000 1 5 1.74296930505862 5 1000 4975 5
"5591" "A" 0.008 -0.4125 0.87625 1 0.5 2000 1 5 0.132103840633337 5 1000 1631 5
"5592" "A" 0.008 -0.66 0.38125 0 0 2000 1 5 0.964299951060516 5 1000 2455 5
"5593" "A" 0.08 -0.33 0.2575 0 0.5 2000 1 5 1.35673555887835 5 1000 4988 5
"5594" "A" 0.008 -0.9075 0.4225 1 1 2000 1 5 0.861565832184908 5 1000 3366 5
"5595" "A" 0.008 -0.53625 0.29875 1 0.5 2000 1 5 1.20814817573642 5 1000 1997 5
"5596" "A" 0.08 -0.70125 0.95875 1 0.5 2000 1 5 0.042124926300671 5 1000 6443 5
"5597" "A" 0.08 -0.9075 1 0 0.5 2000 1 5 0 5 1000 7196 5
"5598" "A" 0.08 0 0.0925 1 1 2000 1 5 2.38054663446376 5 1000 3768 5
"5599" "A" 0.08 -0.99 0.38125 1 1 2000 1 5 0.964299951060516 5 1000 7410 5
"5600" "A" 0.08 -0.78375 0.835 1 0 2000 1 5 0.180323554131281 5 1000 6724 5
"5601" "A" 0.008 -0.20625 0.2575 0 0.5 2000 1 5 1.35673555887835 5 1000 788 5
"5602" "A" 0.08 -0.37125 0.62875 0 0.5 2000 1 5 0.464021557568188 5 1000 5192 5
"5603" "A" 0.08 -0.0825 0.0925 1 0.5 2000 1 5 2.38054663446376 5 1000 4067 5
"5604" "A" 0.008 -0.53625 0.46375 0 0 2000 1 5 0.768409665060492 5 1000 2017 5
"5605" "A" 0.08 -0.4125 0.01 1 0.5 2000 1 5 4.60517018598809 5 1000 5255 5
"5606" "A" 0.008 -0.04125 0.835 0 0 2000 1 5 0.180323554131281 5 1000 271 5
"5607" "A" 0.08 -0.825 0.9175 0 0.5 2000 1 5 0.0861026990534116 5 1000 6884 5
"5608" "A" 0.008 -0.45375 0.505 0 0 2000 1 5 0.683196849706777 5 1000 1723 5
"5609" "A" 0.008 -0.04125 0.9175 0 0 2000 1 5 0.0861026990534116 5 1000 283 5
"5610" "A" 0.008 -0.04125 1 0 0.5 2000 1 5 0 5 1000 296 5
"5611" "A" 0.08 -0.5775 1 1 0 2000 1 5 0 5 1000 5998 5
"5612" "A" 0.008 -0.04125 0.29875 1 0 2000 1 5 1.20814817573642 5 1000 196 5
"5613" "A" 0.008 -0.78375 1 0 0 2000 1 5 0 5 1000 2995 5
"5614" "A" 0.08 -0.28875 0.54625 1 0.5 2000 1 5 0.604678532572337 5 1000 4883 5
"5615" "A" 0.008 -0.9075 0.62875 0 0 2000 1 5 0.464021557568188 5 1000 3391 5
"5616" "A" 0.008 -0.61875 0.38125 0 1 2000 1 5 0.964299951060516 5 1000 2307 5
"5617" "A" 0.008 -0.94875 0.13375 0 0 2000 1 5 2.01178289320602 5 1000 3469 5
"5618" "A" 0.008 -0.04125 0.01 0 0 2000 1 5 4.60517018598809 5 1000 151 5
"5619" "A" 0.008 -0.28875 0.0925 0 0.5 2000 1 5 2.38054663446376 5 1000 1064 5
"5620" "A" 0.008 -0.4125 0.95875 0 0 2000 1 5 0.042124926300671 5 1000 1639 5
"5621" "A" 0.008 -0.7425 0.5875 1 1 2000 1 5 0.531879032963823 5 1000 2790 5
"5622" "A" 0.008 -0.825 0.54625 0 1 2000 1 5 0.604678532572337 5 1000 3081 5
"5623" "A" 0.08 -0.5775 0.87625 0 0.5 2000 1 5 0.132103840633337 5 1000 5978 5
"5624" "A" 0.008 -0.825 0.62875 0 1 2000 1 5 0.464021557568188 5 1000 3093 5
"5625" "A" 0.08 -0.94875 0.4225 1 1 2000 1 5 0.861565832184908 5 1000 7266 5
"5626" "A" 0.08 -0.165 0.2575 0 1 2000 1 5 1.35673555887835 5 1000 4389 5
"5627" "A" 0.08 -0.7425 0.0925 0 1 2000 1 5 2.38054663446376 5 1000 6465 5
"5628" "A" 0.008 -0.99 0.67 0 0.5 2000 1 5 0.400477566597125 5 1000 3698 5
"5629" "A" 0.08 -0.04125 0.29875 1 0.5 2000 1 5 1.20814817573642 5 1000 3947 5
"5630" "A" 0.08 -0.86625 0.79375 1 1 2000 1 5 0.230986728775236 5 1000 7020 5
"5631" "A" 0.008 -0.9075 0.175 1 1 2000 1 5 1.74296930505862 5 1000 3330 5
"5632" "A" 0.008 -0.45375 0.175 1 1 2000 1 5 1.74296930505862 5 1000 1680 5
"5633" "A" 0.08 -0.7425 0.62875 0 1 2000 1 5 0.464021557568188 5 1000 6543 5
"5634" "A" 0.08 -0.04125 0.175 1 0 2000 1 5 1.74296930505862 5 1000 3928 5
"5635" "A" 0.08 -0.28875 0.4225 0 0.5 2000 1 5 0.861565832184908 5 1000 4862 5
"5636" "A" 0.08 -0.12375 0.87625 0 0 2000 1 5 0.132103840633337 5 1000 4327 5
"5637" "A" 0.008 0 0.4225 0 0.5 2000 1 5 0.861565832184908 5 1000 62 5
"5638" "A" 0.008 -0.7425 0.505 0 0.5 2000 1 5 0.683196849706777 5 1000 2774 5
"5639" "A" 0.008 -0.37125 0.79375 0 0 2000 1 5 0.230986728775236 5 1000 1465 5
"5640" "A" 0.008 -0.37125 0.29875 0 1 2000 1 5 1.20814817573642 5 1000 1395 5
"5641" "A" 0.08 -0.45375 0.71125 1 0.5 2000 1 5 0.340731293541596 5 1000 5507 5
"5642" "A" 0.08 -0.45375 0.21625 1 0.5 2000 1 5 1.53132013317015 5 1000 5435 5
"5643" "A" 0.008 0 1 0 0.5 2000 1 5 0 5 1000 146 5
"5644" "A" 0.08 -0.825 0.9175 1 1 2000 1 5 0.0861026990534116 5 1000 6888 5
"5645" "A" 0.008 -0.70125 0.34 1 1 2000 1 5 1.07880966137193 5 1000 2604 5
"5646" "A" 0.008 -0.825 0.05125 1 0.5 2000 1 5 2.97103966096362 5 1000 3011 5
"5647" "A" 0.08 -0.165 0.4225 1 0.5 2000 1 5 0.861565832184908 5 1000 4415 5
"5648" "A" 0.08 -0.28875 0.01 1 0.5 2000 1 5 4.60517018598809 5 1000 4805 5
"5649" "A" 0.008 -0.12375 0.67 1 0.5 2000 1 5 0.400477566597125 5 1000 551 5
"5650" "A" 0.008 -0.78375 0.01 0 1 2000 1 5 4.60517018598809 5 1000 2853 5
"5651" "A" 0.008 -0.53625 0.21625 0 0 2000 1 5 1.53132013317015 5 1000 1981 5
"5652" "A" 0.08 -0.28875 0.46375 1 0.5 2000 1 5 0.768409665060492 5 1000 4871 5
"5653" "A" 0.008 -0.70125 0.13375 0 0.5 2000 1 5 2.01178289320602 5 1000 2570 5
"5654" "A" 0.08 -0.94875 0.38125 0 0 2000 1 5 0.964299951060516 5 1000 7255 5
"5655" "A" 0.008 -0.99 0.5875 1 1 2000 1 5 0.531879032963823 5 1000 3690 5
"5656" "A" 0.08 -0.28875 0.01 0 0 2000 1 5 4.60517018598809 5 1000 4801 5
"5657" "A" 0.008 -0.495 0.62875 1 0 2000 1 5 0.464021557568188 5 1000 1894 5
"5658" "A" 0.008 -0.78375 0.05125 1 1 2000 1 5 2.97103966096362 5 1000 2862 5
"5659" "A" 0.08 -0.04125 0.7525 1 0.5 2000 1 5 0.284354282359106 5 1000 4013 5
"5660" "A" 0.008 -0.53625 0.79375 1 0 2000 1 5 0.230986728775236 5 1000 2068 5
"5661" "A" 0.008 -0.165 0.4225 1 1 2000 1 5 0.861565832184908 5 1000 666 5
"5662" "A" 0.008 -0.45375 0.7525 0 1 2000 1 5 0.284354282359106 5 1000 1761 5
"5663" "A" 0.08 -0.7425 0.62875 1 1 2000 1 5 0.464021557568188 5 1000 6546 5
"5664" "A" 0.008 -0.20625 0.62875 1 1 2000 1 5 0.464021557568188 5 1000 846 5
"5665" "A" 0.008 -0.94875 0.2575 1 1 2000 1 5 1.35673555887835 5 1000 3492 5
"5666" "A" 0.008 -0.20625 0.54625 0 1 2000 1 5 0.604678532572337 5 1000 831 5
"5667" "A" 0.08 -0.0825 0.5875 1 1 2000 1 5 0.531879032963823 5 1000 4140 5
"5668" "A" 0.08 -0.04125 0.34 1 0 2000 1 5 1.07880966137193 5 1000 3952 5
"5669" "A" 0.08 -0.04125 0.4225 1 0.5 2000 1 5 0.861565832184908 5 1000 3965 5
"5670" "A" 0.08 -0.53625 0.79375 1 0 2000 1 5 0.230986728775236 5 1000 5818 5
"5671" "A" 0.08 -0.04125 0.175 1 1 2000 1 5 1.74296930505862 5 1000 3930 5
"5672" "A" 0.008 -0.99 0.0925 0 0.5 2000 1 5 2.38054663446376 5 1000 3614 5
"5673" "A" 0.008 -0.5775 1 1 1 2000 1 5 0 5 1000 2250 5
"5674" "A" 0.08 -0.33 0.87625 1 0.5 2000 1 5 0.132103840633337 5 1000 5081 5
"5675" "A" 0.08 -0.53625 0.0925 0 0.5 2000 1 5 2.38054663446376 5 1000 5714 5
"5676" "A" 0.008 -0.4125 0.79375 1 0.5 2000 1 5 0.230986728775236 5 1000 1619 5
"5677" "A" 0.08 -0.53625 0.5875 1 0 2000 1 5 0.531879032963823 5 1000 5788 5
"5678" "A" 0.008 -0.0825 0.7525 1 0 2000 1 5 0.284354282359106 5 1000 412 5
"5679" "A" 0.08 -0.20625 0.46375 1 1 2000 1 5 0.768409665060492 5 1000 4572 5
"5680" "A" 0.008 -0.70125 0.05125 1 0 2000 1 5 2.97103966096362 5 1000 2560 5
"5681" "A" 0.008 -0.495 0.95875 0 1 2000 1 5 0.042124926300671 5 1000 1941 5
"5682" "A" 0.08 -0.7425 0.79375 0 1 2000 1 5 0.230986728775236 5 1000 6567 5
"5683" "A" 0.008 -0.2475 0.67 1 1 2000 1 5 0.400477566597125 5 1000 1002 5
"5684" "A" 0.008 -0.61875 0.5875 1 1 2000 1 5 0.531879032963823 5 1000 2340 5
"5685" "A" 0.008 -0.7425 0.95875 1 0 2000 1 5 0.042124926300671 5 1000 2842 5
"5686" "A" 0.08 -0.165 0.0925 1 0.5 2000 1 5 2.38054663446376 5 1000 4367 5
"5687" "A" 0.08 -0.78375 0.29875 0 0.5 2000 1 5 1.20814817573642 5 1000 6644 5
"5688" "A" 0.08 0 0.54625 1 0 2000 1 5 0.604678532572337 5 1000 3832 5
"5689" "A" 0.008 -0.825 0.835 1 0 2000 1 5 0.180323554131281 5 1000 3124 5
"5690" "A" 0.08 -0.20625 0.29875 0 1 2000 1 5 1.20814817573642 5 1000 4545 5
"5691" "A" 0.008 -0.33 0.4225 0 0 2000 1 5 0.861565832184908 5 1000 1261 5
"5692" "A" 0.08 -0.94875 0.21625 1 0 2000 1 5 1.53132013317015 5 1000 7234 5
"5693" "A" 0.008 -0.4125 0.7525 1 0 2000 1 5 0.284354282359106 5 1000 1612 5
"5694" "A" 0.008 -0.495 0.01 0 1 2000 1 5 4.60517018598809 5 1000 1803 5
"5695" "A" 0.08 -0.37125 0.2575 1 0 2000 1 5 1.35673555887835 5 1000 5140 5
"5696" "A" 0.08 -0.9075 0.38125 0 0.5 2000 1 5 0.964299951060516 5 1000 7106 5
"5697" "A" 0.008 -0.12375 0.71125 1 0.5 2000 1 5 0.340731293541596 5 1000 557 5
"5698" "A" 0.008 -0.12375 0.5875 1 0.5 2000 1 5 0.531879032963823 5 1000 539 5
"5699" "A" 0.008 -0.45375 0.67 0 0 2000 1 5 0.400477566597125 5 1000 1747 5
"5700" "A" 0.008 -0.0825 0.38125 1 0.5 2000 1 5 0.964299951060516 5 1000 359 5
"5701" "A" 0.008 -0.66 0.05125 1 0.5 2000 1 5 2.97103966096362 5 1000 2411 5
"5702" "A" 0.008 -0.0825 0.62875 0 1 2000 1 5 0.464021557568188 5 1000 393 5
"5703" "A" 0.08 -0.12375 0.01 1 0 2000 1 5 4.60517018598809 5 1000 4204 5
"5704" "A" 0.008 -0.78375 0.21625 0 1 2000 1 5 1.53132013317015 5 1000 2883 5
"5705" "A" 0.008 -0.86625 0.29875 0 0 2000 1 5 1.20814817573642 5 1000 3193 5
"5706" "A" 0.08 -0.165 0.34 1 1 2000 1 5 1.07880966137193 5 1000 4404 5
"5707" "A" 0.08 -0.70125 1 1 0 2000 1 5 0 5 1000 6448 5
"5708" "A" 0.008 -0.5775 0.38125 1 0.5 2000 1 5 0.964299951060516 5 1000 2159 5
"5709" "A" 0.08 -0.495 0.4225 0 1 2000 1 5 0.861565832184908 5 1000 5613 5
"5710" "A" 0.08 -0.66 0.87625 1 0 2000 1 5 0.132103840633337 5 1000 6280 5
"5711" "A" 0.008 -0.66 0.46375 1 1 2000 1 5 0.768409665060492 5 1000 2472 5
"5712" "A" 0.08 -0.66 0.34 0 0 2000 1 5 1.07880966137193 5 1000 6199 5
"5713" "A" 0.08 -0.5775 0.5875 0 0.5 2000 1 5 0.531879032963823 5 1000 5936 5
"5714" "A" 0.008 -0.2475 0.13375 0 0 2000 1 5 2.01178289320602 5 1000 919 5
"5715" "A" 0.008 -0.7425 0.67 1 0.5 2000 1 5 0.400477566597125 5 1000 2801 5
"5716" "A" 0.08 -0.37125 0.67 1 0.5 2000 1 5 0.400477566597125 5 1000 5201 5
"5717" "A" 0.08 -0.61875 0.79375 0 0 2000 1 5 0.230986728775236 5 1000 6115 5
"5718" "A" 0.08 -0.7425 0.29875 1 0.5 2000 1 5 1.20814817573642 5 1000 6497 5
"5719" "A" 0.008 -0.2475 0.9175 1 0.5 2000 1 5 0.0861026990534116 5 1000 1037 5
"5720" "A" 0.08 -0.0825 0.21625 0 0 2000 1 5 1.53132013317015 5 1000 4081 5
"5721" "A" 0.008 -0.61875 0.505 0 1 2000 1 5 0.683196849706777 5 1000 2325 5
"5722" "A" 0.08 -0.86625 0.05125 1 1 2000 1 5 2.97103966096362 5 1000 6912 5
"5723" "A" 0.008 -0.86625 0.0925 1 0 2000 1 5 2.38054663446376 5 1000 3166 5
"5724" "A" 0.008 -0.33 0.38125 1 0.5 2000 1 5 0.964299951060516 5 1000 1259 5
"5725" "A" 0.08 -0.5775 0.95875 1 1 2000 1 5 0.042124926300671 5 1000 5994 5
"5726" "A" 0.08 -0.70125 0.67 0 0 2000 1 5 0.400477566597125 5 1000 6397 5
"5727" "A" 0.008 -0.0825 0.79375 1 0 2000 1 5 0.230986728775236 5 1000 418 5
"5728" "A" 0.008 0 0.87625 1 1 2000 1 5 0.132103840633337 5 1000 132 5
"5729" "A" 0.08 -0.4125 0.5875 0 1 2000 1 5 0.531879032963823 5 1000 5337 5
"5730" "A" 0.08 -0.165 0.34 1 0.5 2000 1 5 1.07880966137193 5 1000 4403 5
"5731" "A" 0.008 -0.66 0.01 0 0.5 2000 1 5 4.60517018598809 5 1000 2402 5
"5732" "A" 0.008 -0.61875 0.0925 0 0 2000 1 5 2.38054663446376 5 1000 2263 5
"5733" "A" 0.008 -0.825 0.29875 1 0 2000 1 5 1.20814817573642 5 1000 3046 5
"5734" "A" 0.08 -0.99 0.71125 0 1 2000 1 5 0.340731293541596 5 1000 7455 5
"5735" "A" 0.08 -0.0825 0.9175 0 1 2000 1 5 0.0861026990534116 5 1000 4185 5
"5736" "A" 0.08 -0.165 0.7525 1 0 2000 1 5 0.284354282359106 5 1000 4462 5
"5737" "A" 0.008 -0.0825 0.01 1 0.5 2000 1 5 4.60517018598809 5 1000 305 5
"5738" "A" 0.08 -0.5775 0.21625 0 0.5 2000 1 5 1.53132013317015 5 1000 5882 5
"5739" "A" 0.008 -0.9075 0.2575 1 1 2000 1 5 1.35673555887835 5 1000 3342 5
"5740" "A" 0.08 -0.7425 0.71125 1 1 2000 1 5 0.340731293541596 5 1000 6558 5
"5741" "A" 0.008 -0.78375 0.13375 0 1 2000 1 5 2.01178289320602 5 1000 2871 5
"5742" "A" 0.08 -0.61875 0.0925 0 0.5 2000 1 5 2.38054663446376 5 1000 6014 5
"5743" "A" 0.008 -0.53625 0.835 1 0 2000 1 5 0.180323554131281 5 1000 2074 5
"5744" "A" 0.008 -0.12375 0.95875 0 0.5 2000 1 5 0.042124926300671 5 1000 590 5
"5745" "A" 0.08 -0.20625 0.9175 0 0 2000 1 5 0.0861026990534116 5 1000 4633 5
"5746" "A" 0.08 -0.20625 0.21625 1 0.5 2000 1 5 1.53132013317015 5 1000 4535 5
"5747" "A" 0.008 -0.66 0.05125 1 1 2000 1 5 2.97103966096362 5 1000 2412 5
"5748" "A" 0.008 -0.53625 0.13375 0 1 2000 1 5 2.01178289320602 5 1000 1971 5
"5749" "A" 0.08 -0.70125 0.79375 1 0 2000 1 5 0.230986728775236 5 1000 6418 5
"5750" "A" 0.08 -0.66 0.67 0 0.5 2000 1 5 0.400477566597125 5 1000 6248 5
"5751" "A" 0.08 -0.825 0.62875 0 0.5 2000 1 5 0.464021557568188 5 1000 6842 5
"5752" "A" 0.008 -0.825 1 1 1 2000 1 5 0 5 1000 3150 5
"5753" "A" 0.08 -0.45375 0.54625 0 1 2000 1 5 0.604678532572337 5 1000 5481 5
"5754" "A" 0.08 -0.4125 0.2575 1 1 2000 1 5 1.35673555887835 5 1000 5292 5
"5755" "A" 0.008 -0.04125 0.54625 0 1 2000 1 5 0.604678532572337 5 1000 231 5
"5756" "A" 0.008 -0.99 0.38125 1 0 2000 1 5 0.964299951060516 5 1000 3658 5
"5757" "A" 0.008 -0.9075 0.38125 0 0 2000 1 5 0.964299951060516 5 1000 3355 5
"5758" "A" 0.008 -0.495 0.87625 1 0.5 2000 1 5 0.132103840633337 5 1000 1931 5
"5759" "A" 0.08 -0.53625 0.13375 1 0 2000 1 5 2.01178289320602 5 1000 5722 5
"5760" "A" 0.008 -0.165 0.7525 0 1 2000 1 5 0.284354282359106 5 1000 711 5
"5761" "A" 0.008 -0.94875 0.9175 1 0.5 2000 1 5 0.0861026990534116 5 1000 3587 5
"5762" "A" 0.08 -0.33 0.67 0 1 2000 1 5 0.400477566597125 5 1000 5049 5
"5763" "A" 0.008 -0.165 0.4225 1 0.5 2000 1 5 0.861565832184908 5 1000 665 5
"5764" "A" 0.08 -0.495 0.7525 1 0 2000 1 5 0.284354282359106 5 1000 5662 5
"5765" "A" 0.08 -0.2475 0.46375 0 0 2000 1 5 0.768409665060492 5 1000 4717 5
"5766" "A" 0.008 -0.66 0.05125 0 0 2000 1 5 2.97103966096362 5 1000 2407 5
"5767" "A" 0.008 -0.495 0.62875 1 0.5 2000 1 5 0.464021557568188 5 1000 1895 5
"5768" "A" 0.008 -0.0825 0.505 0 1 2000 1 5 0.683196849706777 5 1000 375 5
"5769" "A" 0.08 -0.78375 0.54625 0 1 2000 1 5 0.604678532572337 5 1000 6681 5
"5770" "A" 0.08 -0.495 0.21625 0 0 2000 1 5 1.53132013317015 5 1000 5581 5
"5771" "A" 0.08 -0.94875 0.0925 0 0.5 2000 1 5 2.38054663446376 5 1000 7214 5
"5772" "A" 0.08 -0.495 0.29875 0 0.5 2000 1 5 1.20814817573642 5 1000 5594 5
"5773" "A" 0.08 -0.28875 0.5875 0 1 2000 1 5 0.531879032963823 5 1000 4887 5
"5774" "A" 0.08 -0.45375 0.71125 0 1 2000 1 5 0.340731293541596 5 1000 5505 5
"5775" "A" 0.08 -0.28875 0.34 0 0 2000 1 5 1.07880966137193 5 1000 4849 5
"5776" "A" 0.08 -0.9075 0.05125 1 0.5 2000 1 5 2.97103966096362 5 1000 7061 5
"5777" "A" 0.08 -0.45375 0.62875 1 1 2000 1 5 0.464021557568188 5 1000 5496 5
"5778" "A" 0.08 -0.7425 0.9175 1 1 2000 1 5 0.0861026990534116 5 1000 6588 5
"5779" "A" 0.08 -0.78375 0.46375 1 1 2000 1 5 0.768409665060492 5 1000 6672 5
"5780" "A" 0.008 -0.04125 0.9175 1 1 2000 1 5 0.0861026990534116 5 1000 288 5
"5781" "A" 0.008 -0.53625 0.21625 1 0.5 2000 1 5 1.53132013317015 5 1000 1985 5
"5782" "A" 0.008 -0.66 0.7525 1 0.5 2000 1 5 0.284354282359106 5 1000 2513 5
"5783" "A" 0.008 -0.66 0.0925 1 1 2000 1 5 2.38054663446376 5 1000 2418 5
"5784" "A" 0.08 0 0.175 1 1 2000 1 5 1.74296930505862 5 1000 3780 5
"5785" "A" 0.08 -0.70125 0.05125 1 1 2000 1 5 2.97103966096362 5 1000 6312 5
"5786" "A" 0.008 -0.165 0.79375 1 1 2000 1 5 0.230986728775236 5 1000 720 5
"5787" "A" 0.008 -0.78375 0.05125 0 0.5 2000 1 5 2.97103966096362 5 1000 2858 5
"5788" "A" 0.08 -0.20625 1 1 1 2000 1 5 0 5 1000 4650 5
"5789" "A" 0.08 -0.5775 0.13375 0 0 2000 1 5 2.01178289320602 5 1000 5869 5
"5790" "A" 0.008 -0.33 0.7525 0 0 2000 1 5 0.284354282359106 5 1000 1309 5
"5791" "A" 0.008 -0.7425 0.505 1 1 2000 1 5 0.683196849706777 5 1000 2778 5
"5792" "A" 0.08 -0.495 0.835 0 0 2000 1 5 0.180323554131281 5 1000 5671 5
"5793" "A" 0.008 -0.12375 0.34 1 0.5 2000 1 5 1.07880966137193 5 1000 503 5
"5794" "A" 0.008 -0.5775 0.34 1 0.5 2000 1 5 1.07880966137193 5 1000 2153 5
"5795" "A" 0.08 -0.33 0.79375 1 0 2000 1 5 0.230986728775236 5 1000 5068 5
"5796" "A" 0.008 -0.94875 0.29875 1 0 2000 1 5 1.20814817573642 5 1000 3496 5
"5797" "A" 0.08 -0.61875 0.62875 0 1 2000 1 5 0.464021557568188 5 1000 6093 5
"5798" "A" 0.08 -0.9075 0.2575 0 0 2000 1 5 1.35673555887835 5 1000 7087 5
"5799" "A" 0.008 -0.94875 0.5875 0 1 2000 1 5 0.531879032963823 5 1000 3537 5
"5800" "A" 0.008 -0.70125 0.34 0 1 2000 1 5 1.07880966137193 5 1000 2601 5
"5801" "A" 0.008 -0.78375 0.62875 0 0 2000 1 5 0.464021557568188 5 1000 2941 5
"5802" "A" 0.08 -0.86625 0.67 0 1 2000 1 5 0.400477566597125 5 1000 6999 5
"5803" "A" 0.008 -0.53625 0.54625 1 0.5 2000 1 5 0.604678532572337 5 1000 2033 5
"5804" "A" 0.008 -0.53625 0.4225 0 0.5 2000 1 5 0.861565832184908 5 1000 2012 5
"5805" "A" 0.008 -0.495 0.71125 1 0 2000 1 5 0.340731293541596 5 1000 1906 5
"5806" "A" 0.008 0 0.835 1 1 2000 1 5 0.180323554131281 5 1000 126 5
"5807" "A" 0.08 -0.37125 0.4225 1 0.5 2000 1 5 0.861565832184908 5 1000 5165 5
"5808" "A" 0.08 -0.0825 0.54625 0 0 2000 1 5 0.604678532572337 5 1000 4129 5
"5809" "A" 0.008 -0.86625 0.4225 0 1 2000 1 5 0.861565832184908 5 1000 3213 5
"5810" "A" 0.08 -0.45375 0.2575 1 0 2000 1 5 1.35673555887835 5 1000 5440 5
"5811" "A" 0.08 -0.45375 0.2575 0 0 2000 1 5 1.35673555887835 5 1000 5437 5
"5812" "A" 0.08 -0.495 0.01 0 0.5 2000 1 5 4.60517018598809 5 1000 5552 5
"5813" "A" 0.008 -0.66 0.67 1 0 2000 1 5 0.400477566597125 5 1000 2500 5
"5814" "A" 0.08 -0.66 0.46375 0 1 2000 1 5 0.768409665060492 5 1000 6219 5
"5815" "A" 0.08 -0.12375 0.87625 1 0.5 2000 1 5 0.132103840633337 5 1000 4331 5
"5816" "A" 0.008 -0.9075 0.46375 1 0 2000 1 5 0.768409665060492 5 1000 3370 5
"5817" "A" 0.008 -0.12375 0.835 1 1 2000 1 5 0.180323554131281 5 1000 576 5
"5818" "A" 0.008 -0.20625 0.62875 1 0.5 2000 1 5 0.464021557568188 5 1000 845 5
"5819" "A" 0.08 -0.7425 0.13375 0 1 2000 1 5 2.01178289320602 5 1000 6471 5
"5820" "A" 0.08 -0.45375 0.7525 0 1 2000 1 5 0.284354282359106 5 1000 5511 5
"5821" "A" 0.08 -0.495 0.95875 0 1 2000 1 5 0.042124926300671 5 1000 5691 5
"5822" "A" 0.08 -0.165 0.79375 1 0.5 2000 1 5 0.230986728775236 5 1000 4469 5
"5823" "A" 0.008 -0.7425 0.79375 0 1 2000 1 5 0.230986728775236 5 1000 2817 5
"5824" "A" 0.008 -0.20625 0.175 1 1 2000 1 5 1.74296930505862 5 1000 780 5
"5825" "A" 0.08 -0.86625 0.05125 0 1 2000 1 5 2.97103966096362 5 1000 6909 5
"5826" "A" 0.008 -0.45375 0.5875 1 0 2000 1 5 0.531879032963823 5 1000 1738 5
"5827" "A" 0.008 -0.0825 0.13375 1 0 2000 1 5 2.01178289320602 5 1000 322 5
"5828" "A" 0.08 -0.66 0.87625 0 0.5 2000 1 5 0.132103840633337 5 1000 6278 5
"5829" "A" 0.08 -0.825 0.835 1 0 2000 1 5 0.180323554131281 5 1000 6874 5
"5830" "A" 0.08 -0.99 0.87625 0 0 2000 1 5 0.132103840633337 5 1000 7477 5
"5831" "A" 0.08 -0.7425 0.505 1 1 2000 1 5 0.683196849706777 5 1000 6528 5
"5832" "A" 0.08 -0.04125 0.01 1 1 2000 1 5 4.60517018598809 5 1000 3906 5
"5833" "A" 0.008 -0.165 1 0 0.5 2000 1 5 0 5 1000 746 5
"5834" "A" 0.008 -0.0825 0.67 0 0 2000 1 5 0.400477566597125 5 1000 397 5
"5835" "A" 0.08 -0.12375 0.67 0 1 2000 1 5 0.400477566597125 5 1000 4299 5
"5836" "A" 0.008 -0.495 0.87625 0 0 2000 1 5 0.132103840633337 5 1000 1927 5
"5837" "A" 0.008 -0.78375 0.54625 1 0.5 2000 1 5 0.604678532572337 5 1000 2933 5
"5838" "A" 0.008 -0.7425 1 1 1 2000 1 5 0 5 1000 2850 5
"5839" "A" 0.008 -0.53625 0.505 1 0 2000 1 5 0.683196849706777 5 1000 2026 5
"5840" "A" 0.008 -0.61875 0.62875 0 1 2000 1 5 0.464021557568188 5 1000 2343 5
"5841" "A" 0.08 -0.37125 0.2575 0 1 2000 1 5 1.35673555887835 5 1000 5139 5
"5842" "A" 0.08 -0.825 0.46375 0 0 2000 1 5 0.768409665060492 5 1000 6817 5
"5843" "A" 0.08 -0.28875 0.5875 1 0 2000 1 5 0.531879032963823 5 1000 4888 5
"5844" "A" 0.008 -0.70125 0.4225 0 1 2000 1 5 0.861565832184908 5 1000 2613 5
"5845" "A" 0.08 -0.94875 0.71125 0 1 2000 1 5 0.340731293541596 5 1000 7305 5
"5846" "A" 0.008 -0.33 0.71125 1 0 2000 1 5 0.340731293541596 5 1000 1306 5
"5847" "A" 0.008 -0.45375 0.21625 1 1 2000 1 5 1.53132013317015 5 1000 1686 5
"5848" "A" 0.08 -0.70125 0.05125 0 0.5 2000 1 5 2.97103966096362 5 1000 6308 5
"5849" "A" 0.08 -0.37125 0.29875 0 0.5 2000 1 5 1.20814817573642 5 1000 5144 5
"5850" "A" 0.08 -0.70125 0.7525 0 1 2000 1 5 0.284354282359106 5 1000 6411 5
"5851" "A" 0.008 -0.825 0.87625 1 0 2000 1 5 0.132103840633337 5 1000 3130 5
"5852" "A" 0.008 -0.5775 0.7525 1 0.5 2000 1 5 0.284354282359106 5 1000 2213 5
"5853" "A" 0.008 -0.61875 0.9175 1 0.5 2000 1 5 0.0861026990534116 5 1000 2387 5
"5854" "A" 0.008 -0.5775 0.01 1 0 2000 1 5 4.60517018598809 5 1000 2104 5
"5855" "A" 0.008 0 0.38125 1 1 2000 1 5 0.964299951060516 5 1000 60 5
"5856" "A" 0.08 -0.04125 0.34 0 1 2000 1 5 1.07880966137193 5 1000 3951 5
"5857" "A" 0.008 -0.2475 0.835 0 0 2000 1 5 0.180323554131281 5 1000 1021 5
"5858" "A" 0.08 -0.61875 0.54625 0 0 2000 1 5 0.604678532572337 5 1000 6079 5
"5859" "A" 0.08 -0.5775 0.34 1 0 2000 1 5 1.07880966137193 5 1000 5902 5
"5860" "A" 0.008 -0.99 0.2575 0 0.5 2000 1 5 1.35673555887835 5 1000 3638 5
"5861" "A" 0.08 -0.78375 0.7525 0 1 2000 1 5 0.284354282359106 5 1000 6711 5
"5862" "A" 0.008 -0.5775 0.34 1 1 2000 1 5 1.07880966137193 5 1000 2154 5
"5863" "A" 0.08 -0.5775 0.0925 1 0.5 2000 1 5 2.38054663446376 5 1000 5867 5
"5864" "A" 0.008 -0.45375 0.505 1 1 2000 1 5 0.683196849706777 5 1000 1728 5
"5865" "A" 0.008 -0.78375 1 1 0.5 2000 1 5 0 5 1000 2999 5
"5866" "A" 0.008 -0.5775 0.46375 0 0 2000 1 5 0.768409665060492 5 1000 2167 5
"5867" "A" 0.008 -0.70125 0.95875 1 0.5 2000 1 5 0.042124926300671 5 1000 2693 5
"5868" "A" 0.008 -0.20625 0.62875 1 0 2000 1 5 0.464021557568188 5 1000 844 5
"5869" "A" 0.008 -0.12375 0.835 0 0.5 2000 1 5 0.180323554131281 5 1000 572 5
"5870" "A" 0.008 -0.53625 1 1 0 2000 1 5 0 5 1000 2098 5
"5871" "A" 0.008 -0.04125 0.87625 0 1 2000 1 5 0.132103840633337 5 1000 279 5
"5872" "A" 0.08 -0.165 0.95875 1 1 2000 1 5 0.042124926300671 5 1000 4494 5
"5873" "A" 0.08 -0.495 0.5875 0 0 2000 1 5 0.531879032963823 5 1000 5635 5
"5874" "A" 0.008 -0.86625 1 1 0.5 2000 1 5 0 5 1000 3299 5
"5875" "A" 0.08 -0.9075 0.79375 0 0 2000 1 5 0.230986728775236 5 1000 7165 5
"5876" "A" 0.08 -0.9075 0.05125 0 1 2000 1 5 2.97103966096362 5 1000 7059 5
"5877" "A" 0.08 -0.2475 0.05125 0 1 2000 1 5 2.97103966096362 5 1000 4659 5
"5878" "A" 0.08 -0.86625 0.34 0 0.5 2000 1 5 1.07880966137193 5 1000 6950 5
"5879" "A" 0.08 -0.7425 0.0925 1 0 2000 1 5 2.38054663446376 5 1000 6466 5
"5880" "A" 0.08 0 0.79375 1 1 2000 1 5 0.230986728775236 5 1000 3870 5
"5881" "A" 0.08 -0.28875 0.54625 0 0.5 2000 1 5 0.604678532572337 5 1000 4880 5
"5882" "A" 0.08 -0.61875 0.46375 0 1 2000 1 5 0.768409665060492 5 1000 6069 5
"5883" "A" 0.008 -0.86625 0.2575 1 0.5 2000 1 5 1.35673555887835 5 1000 3191 5
"5884" "A" 0.008 -0.70125 0.5875 1 0 2000 1 5 0.531879032963823 5 1000 2638 5
"5885" "A" 0.008 -0.53625 0.71125 0 1 2000 1 5 0.340731293541596 5 1000 2055 5
"5886" "A" 0.08 -0.66 0.05125 0 0 2000 1 5 2.97103966096362 5 1000 6157 5
"5887" "A" 0.008 -0.45375 0.7525 1 0.5 2000 1 5 0.284354282359106 5 1000 1763 5
"5888" "A" 0.008 -0.28875 0.79375 0 1 2000 1 5 0.230986728775236 5 1000 1167 5
"5889" "A" 0.008 -0.78375 0.0925 0 0.5 2000 1 5 2.38054663446376 5 1000 2864 5
"5890" "A" 0.008 -0.61875 0.95875 1 1 2000 1 5 0.042124926300671 5 1000 2394 5
"5891" "A" 0.008 -0.70125 0.21625 0 0.5 2000 1 5 1.53132013317015 5 1000 2582 5
"5892" "A" 0.08 -0.12375 0.67 1 0 2000 1 5 0.400477566597125 5 1000 4300 5
"5893" "A" 0.08 -0.04125 0.29875 0 0.5 2000 1 5 1.20814817573642 5 1000 3944 5
"5894" "A" 0.08 -0.33 0.01 0 0.5 2000 1 5 4.60517018598809 5 1000 4952 5
"5895" "A" 0.08 -0.37125 0.4225 0 1 2000 1 5 0.861565832184908 5 1000 5163 5
"5896" "A" 0.08 -0.94875 0.01 1 1 2000 1 5 4.60517018598809 5 1000 7206 5
"5897" "A" 0.008 -0.0825 0.0925 1 1 2000 1 5 2.38054663446376 5 1000 318 5
"5898" "A" 0.008 -0.45375 0.05125 0 1 2000 1 5 2.97103966096362 5 1000 1659 5
"5899" "A" 0.008 -0.495 0.7525 0 0.5 2000 1 5 0.284354282359106 5 1000 1910 5
"5900" "A" 0.08 0 0.13375 1 1 2000 1 5 2.01178289320602 5 1000 3774 5
"5901" "A" 0.008 -0.37125 0.01 1 0 2000 1 5 4.60517018598809 5 1000 1354 5
"5902" "A" 0.008 -0.9075 0.62875 0 1 2000 1 5 0.464021557568188 5 1000 3393 5
"5903" "A" 0.008 -0.04125 0.05125 0 0 2000 1 5 2.97103966096362 5 1000 157 5
"5904" "A" 0.008 -0.165 0.7525 1 1 2000 1 5 0.284354282359106 5 1000 714 5
"5905" "A" 0.008 -0.86625 0.67 1 1 2000 1 5 0.400477566597125 5 1000 3252 5
"5906" "A" 0.08 -0.37125 0.21625 0 1 2000 1 5 1.53132013317015 5 1000 5133 5
"5907" "A" 0.08 -0.12375 0.95875 1 0 2000 1 5 0.042124926300671 5 1000 4342 5
"5908" "A" 0.08 -0.0825 0.29875 1 0.5 2000 1 5 1.20814817573642 5 1000 4097 5
"5909" "A" 0.008 -0.12375 0.2575 0 1 2000 1 5 1.35673555887835 5 1000 489 5
"5910" "A" 0.08 -0.7425 0.62875 1 0 2000 1 5 0.464021557568188 5 1000 6544 5
"5911" "A" 0.008 -0.86625 0.38125 1 1 2000 1 5 0.964299951060516 5 1000 3210 5
"5912" "A" 0.08 -0.0825 0.7525 1 1 2000 1 5 0.284354282359106 5 1000 4164 5
"5913" "A" 0.008 -0.45375 0.01 0 1 2000 1 5 4.60517018598809 5 1000 1653 5
"5914" "A" 0.008 -0.825 0.9175 0 0.5 2000 1 5 0.0861026990534116 5 1000 3134 5
"5915" "A" 0.008 -0.2475 0.0925 0 1 2000 1 5 2.38054663446376 5 1000 915 5
"5916" "A" 0.08 -0.165 0.175 1 0.5 2000 1 5 1.74296930505862 5 1000 4379 5
"5917" "A" 0.08 -0.2475 0.87625 0 1 2000 1 5 0.132103840633337 5 1000 4779 5
"5918" "A" 0.008 -0.94875 0.34 1 1 2000 1 5 1.07880966137193 5 1000 3504 5
"5919" "A" 0.008 -0.825 0.46375 0 0.5 2000 1 5 0.768409665060492 5 1000 3068 5
"5920" "A" 0.08 -0.9075 0.62875 0 0 2000 1 5 0.464021557568188 5 1000 7141 5
"5921" "A" 0.008 -0.45375 0.175 1 0 2000 1 5 1.74296930505862 5 1000 1678 5
"5922" "A" 0.08 0 0.4225 1 0 2000 1 5 0.861565832184908 5 1000 3814 5
"5923" "A" 0.08 -0.495 0.71125 0 1 2000 1 5 0.340731293541596 5 1000 5655 5
"5924" "A" 0.08 -0.04125 0.21625 1 1 2000 1 5 1.53132013317015 5 1000 3936 5
"5925" "A" 0.08 -0.45375 0.71125 1 0 2000 1 5 0.340731293541596 5 1000 5506 5
"5926" "A" 0.08 -0.37125 0.5875 0 0 2000 1 5 0.531879032963823 5 1000 5185 5
"5927" "A" 0.08 -0.45375 0.38125 0 1 2000 1 5 0.964299951060516 5 1000 5457 5
"5928" "A" 0.008 -0.37125 0.05125 0 1 2000 1 5 2.97103966096362 5 1000 1359 5
"5929" "A" 0.08 0 0.34 0 0 2000 1 5 1.07880966137193 5 1000 3799 5
"5930" "A" 0.08 -0.12375 0.62875 1 1 2000 1 5 0.464021557568188 5 1000 4296 5
"5931" "A" 0.08 -0.37125 0.54625 1 0 2000 1 5 0.604678532572337 5 1000 5182 5
"5932" "A" 0.08 0 0.34 1 0 2000 1 5 1.07880966137193 5 1000 3802 5
"5933" "A" 0.008 0 0.9175 0 0.5 2000 1 5 0.0861026990534116 5 1000 134 5
"5934" "A" 0.008 -0.37125 0.9175 0 1 2000 1 5 0.0861026990534116 5 1000 1485 5
"5935" "A" 0.08 -0.28875 0.54625 1 1 2000 1 5 0.604678532572337 5 1000 4884 5
"5936" "A" 0.008 -0.20625 0.05125 0 0 2000 1 5 2.97103966096362 5 1000 757 5
"5937" "A" 0.008 -0.7425 0.29875 1 0 2000 1 5 1.20814817573642 5 1000 2746 5
"5938" "A" 0.008 -0.28875 0.87625 1 0.5 2000 1 5 0.132103840633337 5 1000 1181 5
"5939" "A" 0.08 -0.86625 0.175 1 1 2000 1 5 1.74296930505862 5 1000 6930 5
"5940" "A" 0.08 -0.86625 0.13375 1 1 2000 1 5 2.01178289320602 5 1000 6924 5
"5941" "A" 0.008 -0.99 0.95875 1 0.5 2000 1 5 0.042124926300671 5 1000 3743 5
"5942" "A" 0.008 -0.37125 0.5875 1 0.5 2000 1 5 0.531879032963823 5 1000 1439 5
"5943" "A" 0.008 -0.28875 0.54625 1 1 2000 1 5 0.604678532572337 5 1000 1134 5
"5944" "A" 0.008 -0.5775 0.5875 0 1 2000 1 5 0.531879032963823 5 1000 2187 5
"5945" "A" 0.08 -0.9075 0.29875 0 0.5 2000 1 5 1.20814817573642 5 1000 7094 5
"5946" "A" 0.08 -0.165 0.175 0 0 2000 1 5 1.74296930505862 5 1000 4375 5
"5947" "A" 0.08 -0.9075 0.01 0 0 2000 1 5 4.60517018598809 5 1000 7051 5
"5948" "A" 0.008 -0.94875 0.05125 0 1 2000 1 5 2.97103966096362 5 1000 3459 5
"5949" "A" 0.008 -0.86625 1 0 0.5 2000 1 5 0 5 1000 3296 5
"5950" "A" 0.008 -0.4125 1 0 1 2000 1 5 0 5 1000 1647 5
"5951" "A" 0.08 -0.45375 0.5875 0 1 2000 1 5 0.531879032963823 5 1000 5487 5
"5952" "A" 0.08 -0.66 0.67 0 0 2000 1 5 0.400477566597125 5 1000 6247 5
"5953" "A" 0.08 -0.86625 0.4225 0 1 2000 1 5 0.861565832184908 5 1000 6963 5
"5954" "A" 0.008 -0.78375 0.29875 1 1 2000 1 5 1.20814817573642 5 1000 2898 5
"5955" "A" 0.008 -0.78375 0.67 0 1 2000 1 5 0.400477566597125 5 1000 2949 5
"5956" "A" 0.008 -0.78375 0.01 0 0.5 2000 1 5 4.60517018598809 5 1000 2852 5
"5957" "A" 0.08 -0.7425 0.29875 1 1 2000 1 5 1.20814817573642 5 1000 6498 5
"5958" "A" 0.008 -0.04125 0.21625 0 1 2000 1 5 1.53132013317015 5 1000 183 5
"5959" "A" 0.08 -0.495 0.01 1 1 2000 1 5 4.60517018598809 5 1000 5556 5
"5960" "A" 0.08 -0.37125 0.0925 1 0 2000 1 5 2.38054663446376 5 1000 5116 5
"5961" "A" 0.08 -0.0825 0.835 1 0 2000 1 5 0.180323554131281 5 1000 4174 5
"5962" "A" 0.008 -0.0825 0.9175 0 0 2000 1 5 0.0861026990534116 5 1000 433 5
"5963" "A" 0.08 -0.12375 0.62875 0 1 2000 1 5 0.464021557568188 5 1000 4293 5
"5964" "A" 0.08 -0.165 0.87625 1 0 2000 1 5 0.132103840633337 5 1000 4480 5
"5965" "A" 0.008 -0.45375 0.38125 1 0 2000 1 5 0.964299951060516 5 1000 1708 5
"5966" "A" 0.08 -0.53625 1 0 1 2000 1 5 0 5 1000 5847 5
"5967" "A" 0.08 -0.45375 0.87625 1 1 2000 1 5 0.132103840633337 5 1000 5532 5
"5968" "A" 0.08 -0.61875 0.21625 0 0.5 2000 1 5 1.53132013317015 5 1000 6032 5
"5969" "A" 0.008 -0.4125 0.9175 0 1 2000 1 5 0.0861026990534116 5 1000 1635 5
"5970" "A" 0.008 -0.86625 0.7525 1 1 2000 1 5 0.284354282359106 5 1000 3264 5
"5971" "A" 0.008 -0.66 0.67 1 0.5 2000 1 5 0.400477566597125 5 1000 2501 5
"5972" "A" 0.08 -0.04125 0.67 0 0 2000 1 5 0.400477566597125 5 1000 3997 5
"5973" "A" 0.008 -0.20625 0.87625 1 1 2000 1 5 0.132103840633337 5 1000 882 5
"5974" "A" 0.008 -0.61875 0.505 1 0.5 2000 1 5 0.683196849706777 5 1000 2327 5
"5975" "A" 0.08 -0.12375 0.95875 0 1 2000 1 5 0.042124926300671 5 1000 4341 5
"5976" "A" 0.008 -0.94875 0.79375 1 1 2000 1 5 0.230986728775236 5 1000 3570 5
"5977" "A" 0.08 -0.165 0.13375 1 1 2000 1 5 2.01178289320602 5 1000 4374 5
"5978" "A" 0.08 -0.165 0.01 1 0.5 2000 1 5 4.60517018598809 5 1000 4355 5
"5979" "A" 0.08 -0.5775 0.4225 1 0 2000 1 5 0.861565832184908 5 1000 5914 5
"5980" "A" 0.008 -0.61875 0.62875 0 0.5 2000 1 5 0.464021557568188 5 1000 2342 5
"5981" "A" 0.08 -0.495 0.95875 0 0.5 2000 1 5 0.042124926300671 5 1000 5690 5
"5982" "A" 0.08 -0.4125 0.9175 0 0 2000 1 5 0.0861026990534116 5 1000 5383 5
"5983" "A" 0.08 -0.825 1 0 1 2000 1 5 0 5 1000 6897 5
"5984" "A" 0.08 -0.86625 0.29875 0 1 2000 1 5 1.20814817573642 5 1000 6945 5
"5985" "A" 0.08 -0.165 0.835 1 0 2000 1 5 0.180323554131281 5 1000 4474 5
"5986" "A" 0.008 -0.61875 0.38125 1 0.5 2000 1 5 0.964299951060516 5 1000 2309 5
"5987" "A" 0.08 -0.37125 1 0 0 2000 1 5 0 5 1000 5245 5
"5988" "A" 0.08 -0.04125 0.9175 0 1 2000 1 5 0.0861026990534116 5 1000 4035 5
"5989" "A" 0.08 -0.61875 0.34 1 1 2000 1 5 1.07880966137193 5 1000 6054 5
"5990" "A" 0.008 -0.5775 0.0925 1 0 2000 1 5 2.38054663446376 5 1000 2116 5
"5991" "A" 0.008 -0.45375 0.0925 1 1 2000 1 5 2.38054663446376 5 1000 1668 5
"5992" "A" 0.08 0 0.4225 1 1 2000 1 5 0.861565832184908 5 1000 3816 5
"5993" "A" 0.08 -0.53625 0.29875 0 0 2000 1 5 1.20814817573642 5 1000 5743 5
"5994" "A" 0.008 -0.7425 0.21625 1 0.5 2000 1 5 1.53132013317015 5 1000 2735 5
"5995" "A" 0.008 -0.78375 0.835 0 0 2000 1 5 0.180323554131281 5 1000 2971 5
"5996" "A" 0.08 -0.94875 0.2575 1 0.5 2000 1 5 1.35673555887835 5 1000 7241 5
"5997" "A" 0.008 -0.165 0.29875 0 0 2000 1 5 1.20814817573642 5 1000 643 5
"5998" "A" 0.08 -0.78375 0.175 0 0.5 2000 1 5 1.74296930505862 5 1000 6626 5
"5999" "A" 0.008 -0.9075 0.29875 1 0 2000 1 5 1.20814817573642 5 1000 3346 5
"6000" "A" 0.008 -0.5775 0.21625 0 1 2000 1 5 1.53132013317015 5 1000 2133 5
"6001" "A" 0.08 -0.495 0.79375 0 0 2000 1 5 0.230986728775236 5 1000 5665 5
"6002" "A" 0.08 -0.5775 0.87625 1 1 2000 1 5 0.132103840633337 5 1000 5982 5
"6003" "A" 0.008 -0.12375 0.29875 0 0 2000 1 5 1.20814817573642 5 1000 493 5
"6004" "A" 0.08 -0.04125 0.505 1 0.5 2000 1 5 0.683196849706777 5 1000 3977 5
"6005" "A" 0.008 -0.99 0.62875 0 0 2000 1 5 0.464021557568188 5 1000 3691 5
"6006" "A" 0.08 -0.94875 0.05125 0 0 2000 1 5 2.97103966096362 5 1000 7207 5
"6007" "A" 0.008 -0.33 0.21625 0 1 2000 1 5 1.53132013317015 5 1000 1233 5
"6008" "A" 0.08 -0.04125 0.175 0 1 2000 1 5 1.74296930505862 5 1000 3927 5
"6009" "A" 0.08 0 0.9175 1 1 2000 1 5 0.0861026990534116 5 1000 3888 5
"6010" "A" 0.008 -0.7425 0.29875 0 1 2000 1 5 1.20814817573642 5 1000 2745 5
"6011" "A" 0.08 -0.94875 0.01 1 0 2000 1 5 4.60517018598809 5 1000 7204 5
"6012" "A" 0.008 -0.45375 0.175 0 0 2000 1 5 1.74296930505862 5 1000 1675 5
"6013" "A" 0.08 -0.12375 0.46375 0 1 2000 1 5 0.768409665060492 5 1000 4269 5
"6014" "A" 0.008 -0.9075 0.54625 1 0 2000 1 5 0.604678532572337 5 1000 3382 5
"6015" "A" 0.008 -0.20625 0.01 0 0 2000 1 5 4.60517018598809 5 1000 751 5
"6016" "A" 0.08 -0.4125 0.62875 1 0.5 2000 1 5 0.464021557568188 5 1000 5345 5
"6017" "A" 0.08 -0.37125 0.62875 1 0 2000 1 5 0.464021557568188 5 1000 5194 5
"6018" "A" 0.008 -0.0825 0.7525 0 0.5 2000 1 5 0.284354282359106 5 1000 410 5
"6019" "A" 0.08 -0.99 0.7525 1 0 2000 1 5 0.284354282359106 5 1000 7462 5
"6020" "A" 0.008 -0.4125 0.46375 0 0 2000 1 5 0.768409665060492 5 1000 1567 5
"6021" "A" 0.008 -0.9075 0.2575 0 0.5 2000 1 5 1.35673555887835 5 1000 3338 5
"6022" "A" 0.08 -0.495 0.175 1 0 2000 1 5 1.74296930505862 5 1000 5578 5
"6023" "A" 0.08 -0.70125 0.5875 1 1 2000 1 5 0.531879032963823 5 1000 6390 5
"6024" "A" 0.08 -0.04125 0.79375 0 0 2000 1 5 0.230986728775236 5 1000 4015 5
"6025" "A" 0.08 -0.2475 0.87625 1 0.5 2000 1 5 0.132103840633337 5 1000 4781 5
"6026" "A" 0.008 -0.165 0.4225 0 0.5 2000 1 5 0.861565832184908 5 1000 662 5
"6027" "A" 0.008 -0.37125 0.87625 0 0 2000 1 5 0.132103840633337 5 1000 1477 5
"6028" "A" 0.08 -0.66 0.2575 0 0 2000 1 5 1.35673555887835 5 1000 6187 5
"6029" "A" 0.008 -0.53625 0.71125 0 0.5 2000 1 5 0.340731293541596 5 1000 2054 5
"6030" "A" 0.08 -0.99 0.9175 1 0 2000 1 5 0.0861026990534116 5 1000 7486 5
"6031" "A" 0.08 -0.99 0.05125 0 0 2000 1 5 2.97103966096362 5 1000 7357 5
"6032" "A" 0.08 -0.45375 1 0 1 2000 1 5 0 5 1000 5547 5
"6033" "A" 0.08 -0.53625 0.4225 1 1 2000 1 5 0.861565832184908 5 1000 5766 5
"6034" "A" 0.08 -0.495 0.2575 1 1 2000 1 5 1.35673555887835 5 1000 5592 5
"6035" "A" 0.008 -0.45375 0.62875 1 1 2000 1 5 0.464021557568188 5 1000 1746 5
"6036" "A" 0.08 -0.28875 0.835 0 1 2000 1 5 0.180323554131281 5 1000 4923 5
"6037" "A" 0.08 -0.04125 0.71125 0 0.5 2000 1 5 0.340731293541596 5 1000 4004 5
"6038" "A" 0.008 -0.5775 0.175 1 0 2000 1 5 1.74296930505862 5 1000 2128 5
"6039" "A" 0.008 -0.7425 0.34 0 1 2000 1 5 1.07880966137193 5 1000 2751 5
"6040" "A" 0.008 -0.5775 0.9175 1 1 2000 1 5 0.0861026990534116 5 1000 2238 5
"6041" "A" 0.008 -0.7425 0.79375 1 0 2000 1 5 0.230986728775236 5 1000 2818 5
"6042" "A" 0.008 -0.78375 0.01 1 0 2000 1 5 4.60517018598809 5 1000 2854 5
"6043" "A" 0.08 -0.4125 0.38125 1 0 2000 1 5 0.964299951060516 5 1000 5308 5
"6044" "A" 0.08 -0.94875 0.67 0 0.5 2000 1 5 0.400477566597125 5 1000 7298 5
"6045" "A" 0.008 -0.94875 0.835 1 0.5 2000 1 5 0.180323554131281 5 1000 3575 5
"6046" "A" 0.008 -0.66 0.5875 0 1 2000 1 5 0.531879032963823 5 1000 2487 5
"6047" "A" 0.08 -0.04125 0.2575 1 0.5 2000 1 5 1.35673555887835 5 1000 3941 5
"6048" "A" 0.008 -0.495 0.54625 0 0.5 2000 1 5 0.604678532572337 5 1000 1880 5
"6049" "A" 0.008 -0.78375 0.29875 0 0 2000 1 5 1.20814817573642 5 1000 2893 5
"6050" "A" 0.08 -0.66 0.21625 0 0 2000 1 5 1.53132013317015 5 1000 6181 5
"6051" "A" 0.008 -0.5775 0.79375 1 0 2000 1 5 0.230986728775236 5 1000 2218 5
"6052" "A" 0.008 -0.66 0.4225 0 1 2000 1 5 0.861565832184908 5 1000 2463 5
"6053" "A" 0.008 -0.12375 0.67 1 0 2000 1 5 0.400477566597125 5 1000 550 5
"6054" "A" 0.08 -0.5775 0.5875 0 0 2000 1 5 0.531879032963823 5 1000 5935 5
"6055" "A" 0.08 -0.70125 0.67 1 0.5 2000 1 5 0.400477566597125 5 1000 6401 5
"6056" "A" 0.008 -0.04125 0.38125 1 0.5 2000 1 5 0.964299951060516 5 1000 209 5
"6057" "A" 0.08 -0.53625 0.87625 0 0 2000 1 5 0.132103840633337 5 1000 5827 5
"6058" "A" 0.008 -0.04125 0.38125 0 0 2000 1 5 0.964299951060516 5 1000 205 5
"6059" "A" 0.08 -0.94875 0.5875 0 0 2000 1 5 0.531879032963823 5 1000 7285 5
"6060" "A" 0.008 -0.20625 1 1 0 2000 1 5 0 5 1000 898 5
"6061" "A" 0.008 -0.37125 0.79375 1 0 2000 1 5 0.230986728775236 5 1000 1468 5
"6062" "A" 0.008 -0.86625 0.62875 0 1 2000 1 5 0.464021557568188 5 1000 3243 5
"6063" "A" 0.008 -0.825 0.0925 1 0.5 2000 1 5 2.38054663446376 5 1000 3017 5
"6064" "A" 0.08 -0.5775 0.29875 0 0 2000 1 5 1.20814817573642 5 1000 5893 5
"6065" "A" 0.08 -0.61875 0.01 0 0.5 2000 1 5 4.60517018598809 5 1000 6002 5
"6066" "A" 0.008 -0.5775 0.7525 0 0.5 2000 1 5 0.284354282359106 5 1000 2210 5
"6067" "A" 0.008 -0.20625 0.34 0 0.5 2000 1 5 1.07880966137193 5 1000 800 5
"6068" "A" 0.08 -0.2475 0.05125 0 0.5 2000 1 5 2.97103966096362 5 1000 4658 5
"6069" "A" 0.008 -0.86625 0.34 0 0 2000 1 5 1.07880966137193 5 1000 3199 5
"6070" "A" 0.008 -0.5775 0.71125 0 0.5 2000 1 5 0.340731293541596 5 1000 2204 5
"6071" "A" 0.008 -0.165 0.505 0 0.5 2000 1 5 0.683196849706777 5 1000 674 5
"6072" "A" 0.08 -0.37125 0.79375 0 1 2000 1 5 0.230986728775236 5 1000 5217 5
"6073" "A" 0.008 -0.45375 0.2575 0 0 2000 1 5 1.35673555887835 5 1000 1687 5
"6074" "A" 0.08 -0.12375 0.38125 1 0.5 2000 1 5 0.964299951060516 5 1000 4259 5
"6075" "A" 0.08 -0.12375 0.46375 1 1 2000 1 5 0.768409665060492 5 1000 4272 5
"6076" "A" 0.08 -0.94875 0.13375 1 0.5 2000 1 5 2.01178289320602 5 1000 7223 5
"6077" "A" 0.008 0 0.71125 0 0 2000 1 5 0.340731293541596 5 1000 103 5
"6078" "A" 0.008 -0.28875 0.29875 1 0 2000 1 5 1.20814817573642 5 1000 1096 5
"6079" "A" 0.08 -0.78375 0.62875 1 0 2000 1 5 0.464021557568188 5 1000 6694 5
"6080" "A" 0.008 -0.61875 0.34 1 0 2000 1 5 1.07880966137193 5 1000 2302 5
"6081" "A" 0.008 -0.61875 0.4225 1 1 2000 1 5 0.861565832184908 5 1000 2316 5
"6082" "A" 0.008 0 0.38125 1 0.5 2000 1 5 0.964299951060516 5 1000 59 5
"6083" "A" 0.08 -0.20625 0.21625 0 1 2000 1 5 1.53132013317015 5 1000 4533 5
"6084" "A" 0.008 -0.04125 0.95875 0 1 2000 1 5 0.042124926300671 5 1000 291 5
"6085" "A" 0.008 -0.70125 0.29875 1 1 2000 1 5 1.20814817573642 5 1000 2598 5
"6086" "A" 0.08 -0.86625 0.87625 1 0 2000 1 5 0.132103840633337 5 1000 7030 5
"6087" "A" 0.008 0 0.34 1 1 2000 1 5 1.07880966137193 5 1000 54 5
"6088" "A" 0.08 -0.99 0.5875 0 0 2000 1 5 0.531879032963823 5 1000 7435 5
"6089" "A" 0.008 -0.7425 0.67 1 0 2000 1 5 0.400477566597125 5 1000 2800 5
"6090" "A" 0.08 -0.28875 0.62875 0 0 2000 1 5 0.464021557568188 5 1000 4891 5
"6091" "A" 0.08 -0.53625 0.29875 0 0.5 2000 1 5 1.20814817573642 5 1000 5744 5
"6092" "A" 0.008 -0.70125 0.62875 0 0.5 2000 1 5 0.464021557568188 5 1000 2642 5
"6093" "A" 0.08 -0.33 0.21625 1 0 2000 1 5 1.53132013317015 5 1000 4984 5
"6094" "A" 0.08 -0.66 0.0925 0 0 2000 1 5 2.38054663446376 5 1000 6163 5
"6095" "A" 0.008 -0.2475 0.67 1 0 2000 1 5 0.400477566597125 5 1000 1000 5
"6096" "A" 0.008 -0.495 0.9175 0 0 2000 1 5 0.0861026990534116 5 1000 1933 5
"6097" "A" 0.08 0 0.835 0 0.5 2000 1 5 0.180323554131281 5 1000 3872 5
"6098" "A" 0.008 -0.4125 0.13375 0 0.5 2000 1 5 2.01178289320602 5 1000 1520 5
"6099" "A" 0.008 -0.20625 0.7525 0 0.5 2000 1 5 0.284354282359106 5 1000 860 5
"6100" "A" 0.008 -0.37125 0.29875 1 0 2000 1 5 1.20814817573642 5 1000 1396 5
"6101" "A" 0.008 -0.61875 0.13375 0 0.5 2000 1 5 2.01178289320602 5 1000 2270 5
"6102" "A" 0.08 -0.495 0.01 0 1 2000 1 5 4.60517018598809 5 1000 5553 5
"6103" "A" 0.008 -0.12375 0.9175 1 0.5 2000 1 5 0.0861026990534116 5 1000 587 5
"6104" "A" 0.008 -0.61875 0.9175 1 1 2000 1 5 0.0861026990534116 5 1000 2388 5
"6105" "A" 0.08 -0.66 0.4225 0 0 2000 1 5 0.861565832184908 5 1000 6211 5
"6106" "A" 0.08 -0.7425 0.21625 1 0.5 2000 1 5 1.53132013317015 5 1000 6485 5
"6107" "A" 0.008 -0.45375 0.67 0 0.5 2000 1 5 0.400477566597125 5 1000 1748 5
"6108" "A" 0.08 -0.825 0.62875 0 0 2000 1 5 0.464021557568188 5 1000 6841 5
"6109" "A" 0.08 -0.86625 0.21625 0 1 2000 1 5 1.53132013317015 5 1000 6933 5
"6110" "A" 0.08 -0.495 0.21625 1 1 2000 1 5 1.53132013317015 5 1000 5586 5
"6111" "A" 0.08 -0.165 0.5875 0 0.5 2000 1 5 0.531879032963823 5 1000 4436 5
"6112" "A" 0.008 -0.825 0.05125 1 0 2000 1 5 2.97103966096362 5 1000 3010 5
"6113" "A" 0.008 -0.66 0.0925 1 0 2000 1 5 2.38054663446376 5 1000 2416 5
"6114" "A" 0.08 -0.99 0.95875 1 0.5 2000 1 5 0.042124926300671 5 1000 7493 5
"6115" "A" 0.08 -0.5775 0.29875 0 0.5 2000 1 5 1.20814817573642 5 1000 5894 5
"6116" "A" 0.008 -0.04125 0.67 1 0.5 2000 1 5 0.400477566597125 5 1000 251 5
"6117" "A" 0.008 -0.28875 0.7525 1 0 2000 1 5 0.284354282359106 5 1000 1162 5
"6118" "A" 0.008 0 0.2575 1 1 2000 1 5 1.35673555887835 5 1000 42 5
"6119" "A" 0.008 -0.66 0.29875 0 1 2000 1 5 1.20814817573642 5 1000 2445 5
"6120" "A" 0.008 -0.12375 0.2575 1 0.5 2000 1 5 1.35673555887835 5 1000 491 5
"6121" "A" 0.08 -0.53625 0.9175 0 0.5 2000 1 5 0.0861026990534116 5 1000 5834 5
"6122" "A" 0.08 -0.20625 0.0925 0 0 2000 1 5 2.38054663446376 5 1000 4513 5
"6123" "A" 0.08 -0.5775 0.505 1 0 2000 1 5 0.683196849706777 5 1000 5926 5
"6124" "A" 0.08 -0.66 0.46375 1 0 2000 1 5 0.768409665060492 5 1000 6220 5
"6125" "A" 0.08 -0.12375 0.87625 0 0.5 2000 1 5 0.132103840633337 5 1000 4328 5
"6126" "A" 0.008 -0.20625 0.5875 0 0.5 2000 1 5 0.531879032963823 5 1000 836 5
"6127" "A" 0.08 -0.70125 0.38125 1 1 2000 1 5 0.964299951060516 5 1000 6360 5
"6128" "A" 0.08 -0.94875 0.21625 0 0.5 2000 1 5 1.53132013317015 5 1000 7232 5
"6129" "A" 0.08 -0.12375 0.7525 0 1 2000 1 5 0.284354282359106 5 1000 4311 5
"6130" "A" 0.08 -0.61875 0.62875 0 0.5 2000 1 5 0.464021557568188 5 1000 6092 5
"6131" "A" 0.08 -0.495 0.7525 1 1 2000 1 5 0.284354282359106 5 1000 5664 5
"6132" "A" 0.008 -0.33 0.34 1 1 2000 1 5 1.07880966137193 5 1000 1254 5
"6133" "A" 0.08 -0.86625 0.0925 0 0.5 2000 1 5 2.38054663446376 5 1000 6914 5
"6134" "A" 0.08 -0.4125 0.5875 0 0 2000 1 5 0.531879032963823 5 1000 5335 5
"6135" "A" 0.008 -0.495 0.38125 0 0 2000 1 5 0.964299951060516 5 1000 1855 5
"6136" "A" 0.08 -0.165 0.05125 1 0 2000 1 5 2.97103966096362 5 1000 4360 5
"6137" "A" 0.008 -0.45375 0.9175 0 0.5 2000 1 5 0.0861026990534116 5 1000 1784 5
"6138" "A" 0.008 -0.7425 0.0925 0 0 2000 1 5 2.38054663446376 5 1000 2713 5
"6139" "A" 0.08 -0.94875 0.21625 0 1 2000 1 5 1.53132013317015 5 1000 7233 5
"6140" "A" 0.008 -0.12375 0.01 1 1 2000 1 5 4.60517018598809 5 1000 456 5
"6141" "A" 0.008 -0.70125 0.38125 0 0.5 2000 1 5 0.964299951060516 5 1000 2606 5
"6142" "A" 0.008 -0.66 0.4225 1 1 2000 1 5 0.861565832184908 5 1000 2466 5
"6143" "A" 0.08 -0.4125 0.87625 0 0.5 2000 1 5 0.132103840633337 5 1000 5378 5
"6144" "A" 0.08 -0.5775 0.835 1 0.5 2000 1 5 0.180323554131281 5 1000 5975 5
"6145" "A" 0.008 0 0.21625 1 1 2000 1 5 1.53132013317015 5 1000 36 5
"6146" "A" 0.08 -0.825 0.54625 1 0.5 2000 1 5 0.604678532572337 5 1000 6833 5
"6147" "A" 0.008 -0.53625 0.38125 0 1 2000 1 5 0.964299951060516 5 1000 2007 5
"6148" "A" 0.08 -0.825 0.38125 1 0 2000 1 5 0.964299951060516 5 1000 6808 5
"6149" "A" 0.08 -0.20625 0.01 0 0 2000 1 5 4.60517018598809 5 1000 4501 5
"6150" "A" 0.008 -0.37125 1 1 0 2000 1 5 0 5 1000 1498 5
"6151" "A" 0.08 -0.37125 0.71125 0 0 2000 1 5 0.340731293541596 5 1000 5203 5
"6152" "A" 0.08 0 0.13375 0 1 2000 1 5 2.01178289320602 5 1000 3771 5
"6153" "A" 0.08 -0.7425 0.95875 0 0.5 2000 1 5 0.042124926300671 5 1000 6590 5
"6154" "A" 0.008 -0.37125 0.67 1 1 2000 1 5 0.400477566597125 5 1000 1452 5
"6155" "A" 0.08 -0.165 0.67 1 1 2000 1 5 0.400477566597125 5 1000 4452 5
"6156" "A" 0.08 -0.28875 0.01 0 1 2000 1 5 4.60517018598809 5 1000 4803 5
"6157" "A" 0.08 -0.0825 0.67 1 0.5 2000 1 5 0.400477566597125 5 1000 4151 5
"6158" "A" 0.08 -0.9075 0.21625 1 0.5 2000 1 5 1.53132013317015 5 1000 7085 5
"6159" "A" 0.008 -0.53625 0.01 1 0.5 2000 1 5 4.60517018598809 5 1000 1955 5
"6160" "A" 0.008 -0.28875 0.5875 1 0.5 2000 1 5 0.531879032963823 5 1000 1139 5
"6161" "A" 0.08 -0.825 0.62875 0 1 2000 1 5 0.464021557568188 5 1000 6843 5
"6162" "A" 0.008 -0.2475 0.2575 0 1 2000 1 5 1.35673555887835 5 1000 939 5
"6163" "A" 0.008 -0.2475 0.05125 1 0.5 2000 1 5 2.97103966096362 5 1000 911 5
"6164" "A" 0.08 -0.5775 0.62875 1 0.5 2000 1 5 0.464021557568188 5 1000 5945 5
"6165" "A" 0.08 -0.66 0.7525 0 0 2000 1 5 0.284354282359106 5 1000 6259 5
"6166" "A" 0.08 -0.28875 1 0 0.5 2000 1 5 0 5 1000 4946 5
"6167" "A" 0.08 -0.5775 0.4225 1 0.5 2000 1 5 0.861565832184908 5 1000 5915 5
"6168" "A" 0.08 -0.53625 0.79375 0 0.5 2000 1 5 0.230986728775236 5 1000 5816 5
"6169" "A" 0.008 -0.5775 0.67 1 1 2000 1 5 0.400477566597125 5 1000 2202 5
"6170" "A" 0.008 0 0.62875 1 0 2000 1 5 0.464021557568188 5 1000 94 5
"6171" "A" 0.008 -0.45375 0.38125 1 1 2000 1 5 0.964299951060516 5 1000 1710 5
"6172" "A" 0.008 -0.78375 0.67 0 0 2000 1 5 0.400477566597125 5 1000 2947 5
"6173" "A" 0.08 -0.94875 0.79375 1 0.5 2000 1 5 0.230986728775236 5 1000 7319 5
"6174" "A" 0.008 -0.495 0.4225 1 0.5 2000 1 5 0.861565832184908 5 1000 1865 5
"6175" "A" 0.008 -0.20625 0.95875 1 0.5 2000 1 5 0.042124926300671 5 1000 893 5
"6176" "A" 0.008 0 0.13375 1 0 2000 1 5 2.01178289320602 5 1000 22 5
"6177" "A" 0.008 -0.495 0.175 0 0.5 2000 1 5 1.74296930505862 5 1000 1826 5
"6178" "A" 0.08 -0.99 0.95875 0 0.5 2000 1 5 0.042124926300671 5 1000 7490 5
"6179" "A" 0.008 -0.33 0.38125 1 0 2000 1 5 0.964299951060516 5 1000 1258 5
"6180" "A" 0.008 -0.45375 0.87625 1 0 2000 1 5 0.132103840633337 5 1000 1780 5
"6181" "A" 0.08 -0.495 0.87625 1 1 2000 1 5 0.132103840633337 5 1000 5682 5
"6182" "A" 0.08 -0.12375 0.71125 1 1 2000 1 5 0.340731293541596 5 1000 4308 5
"6183" "A" 0.08 -0.37125 0.505 0 0.5 2000 1 5 0.683196849706777 5 1000 5174 5
"6184" "A" 0.008 -0.45375 0.5875 0 0 2000 1 5 0.531879032963823 5 1000 1735 5
"6185" "A" 0.008 -0.7425 0.175 1 0.5 2000 1 5 1.74296930505862 5 1000 2729 5
"6186" "A" 0.008 -0.78375 0.505 0 0.5 2000 1 5 0.683196849706777 5 1000 2924 5
"6187" "A" 0.08 -0.2475 0.835 1 0 2000 1 5 0.180323554131281 5 1000 4774 5
"6188" "A" 0.008 -0.165 0.13375 1 1 2000 1 5 2.01178289320602 5 1000 624 5
"6189" "A" 0.08 -0.4125 0.87625 1 0 2000 1 5 0.132103840633337 5 1000 5380 5
"6190" "A" 0.08 -0.86625 0.4225 0 0 2000 1 5 0.861565832184908 5 1000 6961 5
"6191" "A" 0.08 0 0.71125 0 1 2000 1 5 0.340731293541596 5 1000 3855 5
"6192" "A" 0.008 -0.45375 0.0925 0 1 2000 1 5 2.38054663446376 5 1000 1665 5
"6193" "A" 0.08 -0.66 0.71125 0 0.5 2000 1 5 0.340731293541596 5 1000 6254 5
"6194" "A" 0.08 -0.78375 0.34 0 0.5 2000 1 5 1.07880966137193 5 1000 6650 5
"6195" "A" 0.008 -0.78375 0.67 0 0.5 2000 1 5 0.400477566597125 5 1000 2948 5
"6196" "A" 0.008 -0.70125 0.54625 0 0.5 2000 1 5 0.604678532572337 5 1000 2630 5
"6197" "A" 0.008 -0.04125 0.5875 0 0 2000 1 5 0.531879032963823 5 1000 235 5
"6198" "A" 0.008 -0.28875 0.175 1 0.5 2000 1 5 1.74296930505862 5 1000 1079 5
"6199" "A" 0.08 -0.5775 0.79375 1 0 2000 1 5 0.230986728775236 5 1000 5968 5
"6200" "A" 0.08 -0.20625 0.79375 1 0 2000 1 5 0.230986728775236 5 1000 4618 5
"6201" "A" 0.008 -0.33 0.79375 0 0.5 2000 1 5 0.230986728775236 5 1000 1316 5
"6202" "A" 0.008 -0.04125 0.7525 0 0.5 2000 1 5 0.284354282359106 5 1000 260 5
"6203" "A" 0.008 -0.28875 0.62875 1 1 2000 1 5 0.464021557568188 5 1000 1146 5
"6204" "A" 0.08 -0.0825 0.62875 0 0 2000 1 5 0.464021557568188 5 1000 4141 5
"6205" "A" 0.08 -0.66 0.175 1 0.5 2000 1 5 1.74296930505862 5 1000 6179 5
"6206" "A" 0.008 -0.94875 0.175 1 0 2000 1 5 1.74296930505862 5 1000 3478 5
"6207" "A" 0.008 -0.53625 0.38125 1 0.5 2000 1 5 0.964299951060516 5 1000 2009 5
"6208" "A" 0.08 -0.2475 0.13375 1 1 2000 1 5 2.01178289320602 5 1000 4674 5
"6209" "A" 0.008 -0.495 0.79375 0 0.5 2000 1 5 0.230986728775236 5 1000 1916 5
"6210" "A" 0.008 -0.78375 0.9175 0 1 2000 1 5 0.0861026990534116 5 1000 2985 5
"6211" "A" 0.08 -0.78375 0.87625 1 0.5 2000 1 5 0.132103840633337 5 1000 6731 5
"6212" "A" 0.008 -0.12375 0.79375 0 0.5 2000 1 5 0.230986728775236 5 1000 566 5
"6213" "A" 0.008 -0.37125 0.2575 0 0 2000 1 5 1.35673555887835 5 1000 1387 5
"6214" "A" 0.08 -0.9075 0.21625 1 1 2000 1 5 1.53132013317015 5 1000 7086 5
"6215" "A" 0.08 -0.86625 0.21625 1 0.5 2000 1 5 1.53132013317015 5 1000 6935 5
"6216" "A" 0.008 -0.37125 0.87625 1 1 2000 1 5 0.132103840633337 5 1000 1482 5
"6217" "A" 0.08 -0.61875 0.175 0 0.5 2000 1 5 1.74296930505862 5 1000 6026 5
"6218" "A" 0.008 -0.20625 0.13375 1 1 2000 1 5 2.01178289320602 5 1000 774 5
"6219" "A" 0.008 -0.53625 0.835 1 0.5 2000 1 5 0.180323554131281 5 1000 2075 5
"6220" "A" 0.008 -0.2475 0.9175 0 1 2000 1 5 0.0861026990534116 5 1000 1035 5
"6221" "A" 0.008 -0.37125 0.13375 1 1 2000 1 5 2.01178289320602 5 1000 1374 5
"6222" "A" 0.008 -0.825 0.87625 1 1 2000 1 5 0.132103840633337 5 1000 3132 5
"6223" "A" 0.08 -0.78375 0.71125 0 0 2000 1 5 0.340731293541596 5 1000 6703 5
"6224" "A" 0.08 -0.495 0.05125 0 0 2000 1 5 2.97103966096362 5 1000 5557 5
"6225" "A" 0.08 -0.20625 0.67 1 1 2000 1 5 0.400477566597125 5 1000 4602 5
"6226" "A" 0.008 -0.94875 0.175 0 1 2000 1 5 1.74296930505862 5 1000 3477 5
"6227" "A" 0.008 -0.5775 0.835 1 0.5 2000 1 5 0.180323554131281 5 1000 2225 5
"6228" "A" 0.008 -0.28875 0.95875 1 0 2000 1 5 0.042124926300671 5 1000 1192 5
"6229" "A" 0.008 -0.9075 0.9175 1 0.5 2000 1 5 0.0861026990534116 5 1000 3437 5
"6230" "A" 0.08 -0.28875 0.05125 0 0.5 2000 1 5 2.97103966096362 5 1000 4808 5
"6231" "A" 0.08 -0.78375 0.5875 0 0 2000 1 5 0.531879032963823 5 1000 6685 5
"6232" "A" 0.08 -0.7425 0.4225 0 1 2000 1 5 0.861565832184908 5 1000 6513 5
"6233" "A" 0.008 -0.86625 0.0925 1 0.5 2000 1 5 2.38054663446376 5 1000 3167 5
"6234" "A" 0.008 0 0.29875 1 1 2000 1 5 1.20814817573642 5 1000 48 5
"6235" "A" 0.008 -0.33 0.87625 0 0 2000 1 5 0.132103840633337 5 1000 1327 5
"6236" "A" 0.08 -0.37125 0.4225 1 1 2000 1 5 0.861565832184908 5 1000 5166 5
"6237" "A" 0.08 -0.28875 0.175 0 0.5 2000 1 5 1.74296930505862 5 1000 4826 5
"6238" "A" 0.008 -0.495 0.79375 1 0 2000 1 5 0.230986728775236 5 1000 1918 5
"6239" "A" 0.08 -0.66 0.62875 1 1 2000 1 5 0.464021557568188 5 1000 6246 5
"6240" "A" 0.008 -0.20625 0.46375 0 0.5 2000 1 5 0.768409665060492 5 1000 818 5
"6241" "A" 0.08 -0.45375 0.05125 1 0.5 2000 1 5 2.97103966096362 5 1000 5411 5
"6242" "A" 0.08 -0.37125 0.79375 1 0 2000 1 5 0.230986728775236 5 1000 5218 5
"6243" "A" 0.08 -0.53625 0.2575 1 0.5 2000 1 5 1.35673555887835 5 1000 5741 5
"6244" "A" 0.08 -0.2475 0.38125 0 1 2000 1 5 0.964299951060516 5 1000 4707 5
"6245" "A" 0.08 -0.12375 0.05125 0 1 2000 1 5 2.97103966096362 5 1000 4209 5
"6246" "A" 0.08 -0.12375 0.505 1 0 2000 1 5 0.683196849706777 5 1000 4276 5
"6247" "A" 0.08 -0.78375 0.5875 1 0.5 2000 1 5 0.531879032963823 5 1000 6689 5
"6248" "A" 0.008 -0.70125 0.4225 1 0 2000 1 5 0.861565832184908 5 1000 2614 5
"6249" "A" 0.008 0 0.4225 1 1 2000 1 5 0.861565832184908 5 1000 66 5
"6250" "A" 0.008 -0.9075 0.13375 1 1 2000 1 5 2.01178289320602 5 1000 3324 5
"6251" "A" 0.008 -0.94875 0.54625 1 0.5 2000 1 5 0.604678532572337 5 1000 3533 5
"6252" "A" 0.08 -0.37125 0.01 1 1 2000 1 5 4.60517018598809 5 1000 5106 5
"6253" "A" 0.08 -0.7425 0.79375 0 0 2000 1 5 0.230986728775236 5 1000 6565 5
"6254" "A" 0.08 -0.9075 0.175 0 1 2000 1 5 1.74296930505862 5 1000 7077 5
"6255" "A" 0.08 -0.7425 0.46375 0 0 2000 1 5 0.768409665060492 5 1000 6517 5
"6256" "A" 0.008 -0.5775 0.7525 1 0 2000 1 5 0.284354282359106 5 1000 2212 5
"6257" "A" 0.08 -0.04125 0.4225 1 1 2000 1 5 0.861565832184908 5 1000 3966 5
"6258" "A" 0.008 -0.4125 0.29875 1 0 2000 1 5 1.20814817573642 5 1000 1546 5
"6259" "A" 0.008 -0.99 0.46375 1 0.5 2000 1 5 0.768409665060492 5 1000 3671 5
"6260" "A" 0.008 -0.7425 0.4225 1 0 2000 1 5 0.861565832184908 5 1000 2764 5
"6261" "A" 0.008 -0.86625 0.4225 1 0.5 2000 1 5 0.861565832184908 5 1000 3215 5
"6262" "A" 0.08 0 0.21625 1 0.5 2000 1 5 1.53132013317015 5 1000 3785 5
"6263" "A" 0.008 -0.20625 0.21625 0 1 2000 1 5 1.53132013317015 5 1000 783 5
"6264" "A" 0.08 -0.4125 0.835 0 0 2000 1 5 0.180323554131281 5 1000 5371 5
"6265" "A" 0.08 -0.61875 0.34 0 0 2000 1 5 1.07880966137193 5 1000 6049 5
"6266" "A" 0.08 -0.94875 0.46375 0 0.5 2000 1 5 0.768409665060492 5 1000 7268 5
"6267" "A" 0.08 -0.70125 0.4225 0 0.5 2000 1 5 0.861565832184908 5 1000 6362 5
"6268" "A" 0.08 -0.61875 0.05125 1 0.5 2000 1 5 2.97103966096362 5 1000 6011 5
"6269" "A" 0.008 -0.7425 0.67 1 1 2000 1 5 0.400477566597125 5 1000 2802 5
"6270" "A" 0.08 -0.9075 0.54625 0 0.5 2000 1 5 0.604678532572337 5 1000 7130 5
"6271" "A" 0.08 -0.7425 0.95875 1 0.5 2000 1 5 0.042124926300671 5 1000 6593 5
"6272" "A" 0.008 -0.33 0.54625 0 1 2000 1 5 0.604678532572337 5 1000 1281 5
"6273" "A" 0.008 -0.70125 0.71125 0 1 2000 1 5 0.340731293541596 5 1000 2655 5
"6274" "A" 0.08 -0.99 0.46375 1 1 2000 1 5 0.768409665060492 5 1000 7422 5
"6275" "A" 0.008 -0.33 0.62875 1 0.5 2000 1 5 0.464021557568188 5 1000 1295 5
"6276" "A" 0.08 -0.70125 0.34 1 0 2000 1 5 1.07880966137193 5 1000 6352 5
"6277" "A" 0.008 -0.86625 0.01 0 0.5 2000 1 5 4.60517018598809 5 1000 3152 5
"6278" "A" 0.008 -0.04125 0.835 1 0 2000 1 5 0.180323554131281 5 1000 274 5
"6279" "A" 0.008 -0.04125 0.67 0 0.5 2000 1 5 0.400477566597125 5 1000 248 5
"6280" "A" 0.008 -0.12375 0.13375 1 1 2000 1 5 2.01178289320602 5 1000 474 5
"6281" "A" 0.08 -0.495 0.175 1 0.5 2000 1 5 1.74296930505862 5 1000 5579 5
"6282" "A" 0.08 0 0.34 0 0.5 2000 1 5 1.07880966137193 5 1000 3800 5
"6283" "A" 0.008 -0.20625 0.01 0 0.5 2000 1 5 4.60517018598809 5 1000 752 5
"6284" "A" 0.008 -0.0825 0.87625 0 0.5 2000 1 5 0.132103840633337 5 1000 428 5
"6285" "A" 0.008 -0.66 0.05125 1 0 2000 1 5 2.97103966096362 5 1000 2410 5
"6286" "A" 0.008 -0.12375 0.505 0 0.5 2000 1 5 0.683196849706777 5 1000 524 5
"6287" "A" 0.008 -0.45375 0.34 0 0 2000 1 5 1.07880966137193 5 1000 1699 5
"6288" "A" 0.008 -0.70125 0.175 1 1 2000 1 5 1.74296930505862 5 1000 2580 5
"6289" "A" 0.008 -0.5775 0.54625 1 0.5 2000 1 5 0.604678532572337 5 1000 2183 5
"6290" "A" 0.008 -0.53625 0.46375 1 0.5 2000 1 5 0.768409665060492 5 1000 2021 5
"6291" "A" 0.08 -0.12375 0.29875 0 0 2000 1 5 1.20814817573642 5 1000 4243 5
"6292" "A" 0.08 -0.495 0.62875 0 0 2000 1 5 0.464021557568188 5 1000 5641 5
"6293" "A" 0.008 -0.495 0.67 0 0.5 2000 1 5 0.400477566597125 5 1000 1898 5
"6294" "A" 0.008 -0.94875 0.835 0 1 2000 1 5 0.180323554131281 5 1000 3573 5
"6295" "A" 0.008 -0.28875 0.62875 0 0 2000 1 5 0.464021557568188 5 1000 1141 5
"6296" "A" 0.008 -0.45375 0.95875 1 0 2000 1 5 0.042124926300671 5 1000 1792 5
"6297" "A" 0.08 -0.12375 0.835 1 1 2000 1 5 0.180323554131281 5 1000 4326 5
"6298" "A" 0.08 -0.45375 0.7525 0 0.5 2000 1 5 0.284354282359106 5 1000 5510 5
"6299" "A" 0.008 -0.495 0.38125 0 0.5 2000 1 5 0.964299951060516 5 1000 1856 5
"6300" "A" 0.008 -0.78375 0.21625 0 0 2000 1 5 1.53132013317015 5 1000 2881 5
"6301" "A" 0.008 -0.5775 0.34 0 1 2000 1 5 1.07880966137193 5 1000 2151 5
"6302" "A" 0.08 -0.20625 0.79375 0 1 2000 1 5 0.230986728775236 5 1000 4617 5
"6303" "A" 0.08 -0.7425 0.67 1 0 2000 1 5 0.400477566597125 5 1000 6550 5
"6304" "A" 0.08 -0.37125 0.175 0 1 2000 1 5 1.74296930505862 5 1000 5127 5
"6305" "A" 0.08 -0.4125 0.62875 0 1 2000 1 5 0.464021557568188 5 1000 5343 5
"6306" "A" 0.08 -0.28875 0.95875 1 0.5 2000 1 5 0.042124926300671 5 1000 4943 5
"6307" "A" 0.008 -0.94875 0.505 0 0 2000 1 5 0.683196849706777 5 1000 3523 5
"6308" "A" 0.08 -0.33 0.5875 0 0.5 2000 1 5 0.531879032963823 5 1000 5036 5
"6309" "A" 0.008 -0.53625 1 0 0.5 2000 1 5 0 5 1000 2096 5
"6310" "A" 0.008 -0.28875 0.71125 1 1 2000 1 5 0.340731293541596 5 1000 1158 5
"6311" "A" 0.008 -0.825 0.4225 0 1 2000 1 5 0.861565832184908 5 1000 3063 5
"6312" "A" 0.008 -0.78375 0.79375 0 0 2000 1 5 0.230986728775236 5 1000 2965 5
"6313" "A" 0.008 -0.20625 0.95875 1 1 2000 1 5 0.042124926300671 5 1000 894 5
"6314" "A" 0.08 -0.04125 0.87625 0 1 2000 1 5 0.132103840633337 5 1000 4029 5
"6315" "A" 0.08 -0.12375 0.835 0 1 2000 1 5 0.180323554131281 5 1000 4323 5
"6316" "A" 0.08 -0.7425 0.34 0 1 2000 1 5 1.07880966137193 5 1000 6501 5
"6317" "A" 0.008 -0.61875 0.54625 0 1 2000 1 5 0.604678532572337 5 1000 2331 5
"6318" "A" 0.008 -0.53625 0.05125 0 0 2000 1 5 2.97103966096362 5 1000 1957 5
"6319" "A" 0.008 -0.53625 0.175 1 0.5 2000 1 5 1.74296930505862 5 1000 1979 5
"6320" "A" 0.008 -0.2475 0.9175 1 0 2000 1 5 0.0861026990534116 5 1000 1036 5
"6321" "A" 0.008 -0.20625 0.87625 1 0 2000 1 5 0.132103840633337 5 1000 880 5
"6322" "A" 0.008 -0.37125 0.79375 0 0.5 2000 1 5 0.230986728775236 5 1000 1466 5
"6323" "A" 0.08 -0.165 0.79375 0 0.5 2000 1 5 0.230986728775236 5 1000 4466 5
"6324" "A" 0.008 -0.70125 0.505 0 0.5 2000 1 5 0.683196849706777 5 1000 2624 5
"6325" "A" 0.08 0 0.2575 1 0 2000 1 5 1.35673555887835 5 1000 3790 5
"6326" "A" 0.08 -0.2475 0.05125 1 0.5 2000 1 5 2.97103966096362 5 1000 4661 5
"6327" "A" 0.008 -0.20625 0.13375 1 0 2000 1 5 2.01178289320602 5 1000 772 5
"6328" "A" 0.008 -0.99 0.7525 1 0.5 2000 1 5 0.284354282359106 5 1000 3713 5
"6329" "A" 0.008 -0.495 0.4225 0 0.5 2000 1 5 0.861565832184908 5 1000 1862 5
"6330" "A" 0.008 -0.0825 0.95875 0 0.5 2000 1 5 0.042124926300671 5 1000 440 5
"6331" "A" 0.008 -0.7425 0.05125 0 1 2000 1 5 2.97103966096362 5 1000 2709 5
"6332" "A" 0.08 -0.45375 0.7525 1 0 2000 1 5 0.284354282359106 5 1000 5512 5
"6333" "A" 0.008 -0.61875 0.71125 1 1 2000 1 5 0.340731293541596 5 1000 2358 5
"6334" "A" 0.08 -0.165 0.67 0 1 2000 1 5 0.400477566597125 5 1000 4449 5
"6335" "A" 0.008 -0.0825 0.38125 0 0 2000 1 5 0.964299951060516 5 1000 355 5
"6336" "A" 0.08 -0.165 0.505 1 1 2000 1 5 0.683196849706777 5 1000 4428 5
"6337" "A" 0.08 -0.7425 0.5875 1 0.5 2000 1 5 0.531879032963823 5 1000 6539 5
"6338" "A" 0.08 -0.825 0.34 0 0 2000 1 5 1.07880966137193 5 1000 6799 5
"6339" "A" 0.08 -0.7425 0.46375 1 0 2000 1 5 0.768409665060492 5 1000 6520 5
"6340" "A" 0.08 -0.04125 0.2575 1 0 2000 1 5 1.35673555887835 5 1000 3940 5
"6341" "A" 0.08 0 0.5875 1 1 2000 1 5 0.531879032963823 5 1000 3840 5
"6342" "A" 0.008 0 0.87625 1 0 2000 1 5 0.132103840633337 5 1000 130 5
"6343" "A" 0.008 -0.86625 1 0 0 2000 1 5 0 5 1000 3295 5
"6344" "A" 0.08 -0.2475 0.0925 0 0 2000 1 5 2.38054663446376 5 1000 4663 5
"6345" "A" 0.008 -0.4125 0.67 0 0.5 2000 1 5 0.400477566597125 5 1000 1598 5
"6346" "A" 0.008 -0.37125 1 0 0.5 2000 1 5 0 5 1000 1496 5
"6347" "A" 0.08 -0.28875 0.175 0 1 2000 1 5 1.74296930505862 5 1000 4827 5
"6348" "A" 0.08 -0.37125 0.29875 1 0.5 2000 1 5 1.20814817573642 5 1000 5147 5
"6349" "A" 0.008 -0.04125 0.505 1 0.5 2000 1 5 0.683196849706777 5 1000 227 5
"6350" "A" 0.08 -0.2475 0.29875 0 1 2000 1 5 1.20814817573642 5 1000 4695 5
"6351" "A" 0.08 -0.04125 0.87625 0 0 2000 1 5 0.132103840633337 5 1000 4027 5
"6352" "A" 0.008 -0.7425 0.46375 1 1 2000 1 5 0.768409665060492 5 1000 2772 5
"6353" "A" 0.08 -0.825 0.505 1 0.5 2000 1 5 0.683196849706777 5 1000 6827 5
"6354" "A" 0.08 -0.53625 0.87625 0 0.5 2000 1 5 0.132103840633337 5 1000 5828 5
"6355" "A" 0.08 -0.94875 0.505 0 1 2000 1 5 0.683196849706777 5 1000 7275 5
"6356" "A" 0.008 -0.45375 0.2575 0 1 2000 1 5 1.35673555887835 5 1000 1689 5
"6357" "A" 0.08 -0.78375 0.34 0 0 2000 1 5 1.07880966137193 5 1000 6649 5
"6358" "A" 0.008 -0.53625 0.505 0 1 2000 1 5 0.683196849706777 5 1000 2025 5
"6359" "A" 0.008 0 0.62875 1 1 2000 1 5 0.464021557568188 5 1000 96 5
"6360" "A" 0.008 -0.37125 0.79375 1 0.5 2000 1 5 0.230986728775236 5 1000 1469 5
"6361" "A" 0.08 -0.0825 0.7525 1 0 2000 1 5 0.284354282359106 5 1000 4162 5
"6362" "A" 0.08 -0.2475 0.505 0 0 2000 1 5 0.683196849706777 5 1000 4723 5
"6363" "A" 0.008 -0.20625 0.46375 0 0 2000 1 5 0.768409665060492 5 1000 817 5
"6364" "A" 0.008 -0.66 0.01 1 0.5 2000 1 5 4.60517018598809 5 1000 2405 5
"6365" "A" 0.008 -0.20625 0.54625 1 1 2000 1 5 0.604678532572337 5 1000 834 5
"6366" "A" 0.08 -0.9075 0.21625 1 0 2000 1 5 1.53132013317015 5 1000 7084 5
"6367" "A" 0.08 -0.5775 0.835 0 0 2000 1 5 0.180323554131281 5 1000 5971 5
"6368" "A" 0.08 -0.78375 0.4225 0 1 2000 1 5 0.861565832184908 5 1000 6663 5
"6369" "A" 0.008 -0.53625 0.01 1 1 2000 1 5 4.60517018598809 5 1000 1956 5
"6370" "A" 0.08 -0.61875 0.0925 0 0 2000 1 5 2.38054663446376 5 1000 6013 5
"6371" "A" 0.08 -0.99 0.29875 0 0.5 2000 1 5 1.20814817573642 5 1000 7394 5
"6372" "A" 0.08 -0.37125 1 1 1 2000 1 5 0 5 1000 5250 5
"6373" "A" 0.008 -0.61875 0.95875 0 1 2000 1 5 0.042124926300671 5 1000 2391 5
"6374" "A" 0.008 -0.61875 0.01 1 1 2000 1 5 4.60517018598809 5 1000 2256 5
"6375" "A" 0.008 -0.0825 0.505 0 0 2000 1 5 0.683196849706777 5 1000 373 5
"6376" "A" 0.08 -0.53625 0.87625 1 0.5 2000 1 5 0.132103840633337 5 1000 5831 5
"6377" "A" 0.08 -0.165 0.175 1 1 2000 1 5 1.74296930505862 5 1000 4380 5
"6378" "A" 0.08 -0.4125 0.7525 1 0 2000 1 5 0.284354282359106 5 1000 5362 5
"6379" "A" 0.008 -0.9075 0.4225 1 0.5 2000 1 5 0.861565832184908 5 1000 3365 5
"6380" "A" 0.08 -0.33 0.05125 0 0 2000 1 5 2.97103966096362 5 1000 4957 5
"6381" "A" 0.008 -0.66 0.21625 1 1 2000 1 5 1.53132013317015 5 1000 2436 5
"6382" "A" 0.08 -0.12375 0.5875 1 0 2000 1 5 0.531879032963823 5 1000 4288 5
"6383" "A" 0.08 0 0.9175 1 0.5 2000 1 5 0.0861026990534116 5 1000 3887 5
"6384" "A" 0.08 -0.37125 0.05125 1 0.5 2000 1 5 2.97103966096362 5 1000 5111 5
"6385" "A" 0.008 -0.86625 0.71125 1 0 2000 1 5 0.340731293541596 5 1000 3256 5
"6386" "A" 0.008 -0.37125 0.7525 1 1 2000 1 5 0.284354282359106 5 1000 1464 5
"6387" "A" 0.008 -0.78375 0.13375 0 0.5 2000 1 5 2.01178289320602 5 1000 2870 5
"6388" "A" 0.08 -0.5775 0.175 1 1 2000 1 5 1.74296930505862 5 1000 5880 5
"6389" "A" 0.008 -0.53625 0.34 1 1 2000 1 5 1.07880966137193 5 1000 2004 5
"6390" "A" 0.08 0 0.71125 0 0 2000 1 5 0.340731293541596 5 1000 3853 5
"6391" "A" 0.008 -0.37125 0.38125 0 1 2000 1 5 0.964299951060516 5 1000 1407 5
"6392" "A" 0.008 -0.9075 0.505 0 0 2000 1 5 0.683196849706777 5 1000 3373 5
"6393" "A" 0.08 -0.9075 0.67 1 0 2000 1 5 0.400477566597125 5 1000 7150 5
"6394" "A" 0.08 -0.70125 0.54625 0 0.5 2000 1 5 0.604678532572337 5 1000 6380 5
"6395" "A" 0.08 -0.5775 0.505 1 0.5 2000 1 5 0.683196849706777 5 1000 5927 5
"6396" "A" 0.008 -0.66 0.13375 0 0 2000 1 5 2.01178289320602 5 1000 2419 5
"6397" "A" 0.008 -0.20625 0.34 1 1 2000 1 5 1.07880966137193 5 1000 804 5
"6398" "A" 0.008 -0.33 0.87625 1 0 2000 1 5 0.132103840633337 5 1000 1330 5
"6399" "A" 0.008 -0.78375 0.5875 0 0 2000 1 5 0.531879032963823 5 1000 2935 5
"6400" "A" 0.008 -0.37125 0.79375 0 1 2000 1 5 0.230986728775236 5 1000 1467 5
"6401" "A" 0.008 -0.4125 0.13375 1 1 2000 1 5 2.01178289320602 5 1000 1524 5
"6402" "A" 0.08 -0.94875 0.7525 0 0 2000 1 5 0.284354282359106 5 1000 7309 5
"6403" "A" 0.008 -0.0825 0.9175 1 1 2000 1 5 0.0861026990534116 5 1000 438 5
"6404" "A" 0.008 0 0.175 0 0 2000 1 5 1.74296930505862 5 1000 25 5
"6405" "A" 0.08 0 0.7525 1 1 2000 1 5 0.284354282359106 5 1000 3864 5
"6406" "A" 0.008 -0.78375 0.46375 0 1 2000 1 5 0.768409665060492 5 1000 2919 5
"6407" "A" 0.008 -0.86625 0.2575 0 1 2000 1 5 1.35673555887835 5 1000 3189 5
"6408" "A" 0.008 -0.28875 1 0 0 2000 1 5 0 5 1000 1195 5
"6409" "A" 0.08 -0.53625 0.505 1 0.5 2000 1 5 0.683196849706777 5 1000 5777 5
"6410" "A" 0.008 -0.66 0.34 1 1 2000 1 5 1.07880966137193 5 1000 2454 5
"6411" "A" 0.08 -0.86625 0.46375 1 0.5 2000 1 5 0.768409665060492 5 1000 6971 5
"6412" "A" 0.08 -0.7425 0.2575 0 0.5 2000 1 5 1.35673555887835 5 1000 6488 5
"6413" "A" 0.08 -0.94875 0.95875 1 0.5 2000 1 5 0.042124926300671 5 1000 7343 5
"6414" "A" 0.08 -0.12375 0.29875 1 1 2000 1 5 1.20814817573642 5 1000 4248 5
"6415" "A" 0.008 -0.165 0.505 0 0 2000 1 5 0.683196849706777 5 1000 673 5
"6416" "A" 0.008 -0.495 0.835 0 0.5 2000 1 5 0.180323554131281 5 1000 1922 5
"6417" "A" 0.008 -0.78375 0.46375 1 0 2000 1 5 0.768409665060492 5 1000 2920 5
"6418" "A" 0.008 -0.825 0.54625 0 0 2000 1 5 0.604678532572337 5 1000 3079 5
"6419" "A" 0.008 -0.5775 0.5875 0 0 2000 1 5 0.531879032963823 5 1000 2185 5
"6420" "A" 0.08 -0.825 0.9175 0 0 2000 1 5 0.0861026990534116 5 1000 6883 5
"6421" "A" 0.008 -0.20625 0.67 1 1 2000 1 5 0.400477566597125 5 1000 852 5
"6422" "A" 0.008 -0.9075 0.46375 0 1 2000 1 5 0.768409665060492 5 1000 3369 5
"6423" "A" 0.08 -0.45375 0.71125 0 0.5 2000 1 5 0.340731293541596 5 1000 5504 5
"6424" "A" 0.08 -0.70125 0.175 0 0 2000 1 5 1.74296930505862 5 1000 6325 5
"6425" "A" 0.08 -0.86625 0.835 0 1 2000 1 5 0.180323554131281 5 1000 7023 5
"6426" "A" 0.08 -0.9075 0.34 1 0.5 2000 1 5 1.07880966137193 5 1000 7103 5
"6427" "A" 0.08 -0.2475 0.7525 0 0 2000 1 5 0.284354282359106 5 1000 4759 5
"6428" "A" 0.008 -0.20625 0.4225 0 0 2000 1 5 0.861565832184908 5 1000 811 5
"6429" "A" 0.008 -0.28875 0.7525 0 0.5 2000 1 5 0.284354282359106 5 1000 1160 5
"6430" "A" 0.08 -0.2475 0.67 0 0 2000 1 5 0.400477566597125 5 1000 4747 5
"6431" "A" 0.008 -0.70125 0.29875 0 0 2000 1 5 1.20814817573642 5 1000 2593 5
"6432" "A" 0.08 -0.33 0.34 0 1 2000 1 5 1.07880966137193 5 1000 5001 5
"6433" "A" 0.08 -0.20625 0.29875 0 0 2000 1 5 1.20814817573642 5 1000 4543 5
"6434" "A" 0.008 -0.04125 0.34 1 1 2000 1 5 1.07880966137193 5 1000 204 5
"6435" "A" 0.08 -0.61875 0.79375 1 0.5 2000 1 5 0.230986728775236 5 1000 6119 5
"6436" "A" 0.008 -0.12375 0.71125 0 1 2000 1 5 0.340731293541596 5 1000 555 5
"6437" "A" 0.008 -0.70125 0.4225 0 0.5 2000 1 5 0.861565832184908 5 1000 2612 5
"6438" "A" 0.008 -0.4125 0.7525 1 1 2000 1 5 0.284354282359106 5 1000 1614 5
"6439" "A" 0.008 -0.165 0.9175 0 0.5 2000 1 5 0.0861026990534116 5 1000 734 5
"6440" "A" 0.08 -0.7425 0.0925 1 0.5 2000 1 5 2.38054663446376 5 1000 6467 5
"6441" "A" 0.08 -0.99 0.87625 0 0.5 2000 1 5 0.132103840633337 5 1000 7478 5
"6442" "A" 0.008 -0.45375 0.01 0 0 2000 1 5 4.60517018598809 5 1000 1651 5
"6443" "A" 0.08 -0.78375 0.505 1 0.5 2000 1 5 0.683196849706777 5 1000 6677 5
"6444" "A" 0.08 -0.53625 0.835 0 0 2000 1 5 0.180323554131281 5 1000 5821 5
"6445" "A" 0.08 -0.7425 1 1 1 2000 1 5 0 5 1000 6600 5
"6446" "A" 0.008 -0.825 0.7525 1 0.5 2000 1 5 0.284354282359106 5 1000 3113 5
"6447" "A" 0.008 -0.12375 0.29875 1 0 2000 1 5 1.20814817573642 5 1000 496 5
"6448" "A" 0.08 -0.53625 0.7525 1 0 2000 1 5 0.284354282359106 5 1000 5812 5
"6449" "A" 0.08 -0.66 0.9175 1 0.5 2000 1 5 0.0861026990534116 5 1000 6287 5
"6450" "A" 0.008 0 0.05125 1 0 2000 1 5 2.97103966096362 5 1000 10 5
"6451" "A" 0.08 -0.5775 0.87625 1 0.5 2000 1 5 0.132103840633337 5 1000 5981 5
"6452" "A" 0.08 -0.86625 0.34 0 0 2000 1 5 1.07880966137193 5 1000 6949 5
"6453" "A" 0.08 -0.165 0.29875 1 0 2000 1 5 1.20814817573642 5 1000 4396 5
"6454" "A" 0.08 -0.94875 0.79375 0 0.5 2000 1 5 0.230986728775236 5 1000 7316 5
"6455" "A" 0.08 -0.66 0.9175 1 1 2000 1 5 0.0861026990534116 5 1000 6288 5
"6456" "A" 0.08 -0.2475 0.34 0 1 2000 1 5 1.07880966137193 5 1000 4701 5
"6457" "A" 0.008 -0.0825 0.175 0 0 2000 1 5 1.74296930505862 5 1000 325 5
"6458" "A" 0.08 -0.04125 0.4225 0 0 2000 1 5 0.861565832184908 5 1000 3961 5
"6459" "A" 0.08 -0.61875 0.5875 0 0 2000 1 5 0.531879032963823 5 1000 6085 5
"6460" "A" 0.008 -0.20625 0.21625 0 0 2000 1 5 1.53132013317015 5 1000 781 5
"6461" "A" 0.08 -0.61875 0.95875 1 0.5 2000 1 5 0.042124926300671 5 1000 6143 5
"6462" "A" 0.008 -0.0825 0.46375 1 0.5 2000 1 5 0.768409665060492 5 1000 371 5
"6463" "A" 0.008 -0.04125 0.7525 1 1 2000 1 5 0.284354282359106 5 1000 264 5
"6464" "A" 0.08 0 0.5875 0 0.5 2000 1 5 0.531879032963823 5 1000 3836 5
"6465" "A" 0.08 -0.7425 0.54625 1 0.5 2000 1 5 0.604678532572337 5 1000 6533 5
"6466" "A" 0.08 -0.9075 0.62875 0 0.5 2000 1 5 0.464021557568188 5 1000 7142 5
"6467" "A" 0.08 -0.99 0.835 0 0.5 2000 1 5 0.180323554131281 5 1000 7472 5
"6468" "A" 0.08 -0.70125 0.9175 0 0.5 2000 1 5 0.0861026990534116 5 1000 6434 5
"6469" "A" 0.08 -0.2475 0.01 0 0.5 2000 1 5 4.60517018598809 5 1000 4652 5
"6470" "A" 0.08 -0.45375 0.7525 1 0.5 2000 1 5 0.284354282359106 5 1000 5513 5
"6471" "A" 0.008 -0.28875 0.05125 1 0 2000 1 5 2.97103966096362 5 1000 1060 5
"6472" "A" 0.08 -0.7425 0.95875 1 1 2000 1 5 0.042124926300671 5 1000 6594 5
"6473" "A" 0.08 -0.5775 0.7525 1 0.5 2000 1 5 0.284354282359106 5 1000 5963 5
"6474" "A" 0.08 0 0.05125 1 0 2000 1 5 2.97103966096362 5 1000 3760 5
"6475" "A" 0.008 -0.45375 1 0 1 2000 1 5 0 5 1000 1797 5
"6476" "A" 0.08 -0.5775 0.01 0 1 2000 1 5 4.60517018598809 5 1000 5853 5
"6477" "A" 0.008 -0.165 0.62875 1 0.5 2000 1 5 0.464021557568188 5 1000 695 5
"6478" "A" 0.008 0 0.54625 0 1 2000 1 5 0.604678532572337 5 1000 81 5
"6479" "A" 0.08 -0.165 0.9175 0 0 2000 1 5 0.0861026990534116 5 1000 4483 5
"6480" "A" 0.008 -0.165 0.835 1 0 2000 1 5 0.180323554131281 5 1000 724 5
"6481" "A" 0.08 -0.37125 0.54625 0 0 2000 1 5 0.604678532572337 5 1000 5179 5
"6482" "A" 0.008 -0.37125 0.9175 1 0.5 2000 1 5 0.0861026990534116 5 1000 1487 5
"6483" "A" 0.008 -0.61875 0.175 1 0.5 2000 1 5 1.74296930505862 5 1000 2279 5
"6484" "A" 0.008 -0.61875 1 0 0.5 2000 1 5 0 5 1000 2396 5
"6485" "A" 0.08 -0.37125 0.46375 0 1 2000 1 5 0.768409665060492 5 1000 5169 5
"6486" "A" 0.08 0 0.5875 0 0 2000 1 5 0.531879032963823 5 1000 3835 5
"6487" "A" 0.08 -0.66 0.01 0 0.5 2000 1 5 4.60517018598809 5 1000 6152 5
"6488" "A" 0.008 -0.61875 0.21625 1 0.5 2000 1 5 1.53132013317015 5 1000 2285 5
"6489" "A" 0.08 -0.20625 0.835 0 1 2000 1 5 0.180323554131281 5 1000 4623 5
"6490" "A" 0.08 -0.86625 0.67 0 0 2000 1 5 0.400477566597125 5 1000 6997 5
"6491" "A" 0.008 -0.78375 0.9175 1 0 2000 1 5 0.0861026990534116 5 1000 2986 5
"6492" "A" 0.008 -0.4125 0.34 1 0 2000 1 5 1.07880966137193 5 1000 1552 5
"6493" "A" 0.008 -0.4125 0.54625 0 0.5 2000 1 5 0.604678532572337 5 1000 1580 5
"6494" "A" 0.08 -0.495 0.95875 1 0.5 2000 1 5 0.042124926300671 5 1000 5693 5
"6495" "A" 0.08 -0.495 1 0 0.5 2000 1 5 0 5 1000 5696 5
"6496" "A" 0.008 -0.12375 0.62875 0 0 2000 1 5 0.464021557568188 5 1000 541 5
"6497" "A" 0.008 -0.28875 0.9175 1 1 2000 1 5 0.0861026990534116 5 1000 1188 5
"6498" "A" 0.008 -0.20625 0.79375 0 1 2000 1 5 0.230986728775236 5 1000 867 5
"6499" "A" 0.08 -0.78375 0.54625 1 0 2000 1 5 0.604678532572337 5 1000 6682 5
"6500" "A" 0.08 -0.86625 0.835 0 0.5 2000 1 5 0.180323554131281 5 1000 7022 5
"6501" "A" 0.008 -0.45375 1 1 0.5 2000 1 5 0 5 1000 1799 5
"6502" "A" 0.08 -0.0825 0.87625 0 0 2000 1 5 0.132103840633337 5 1000 4177 5
"6503" "A" 0.008 -0.70125 0.34 0 0 2000 1 5 1.07880966137193 5 1000 2599 5
"6504" "A" 0.008 -0.9075 0.79375 0 0.5 2000 1 5 0.230986728775236 5 1000 3416 5
"6505" "A" 0.08 -0.165 0.87625 1 1 2000 1 5 0.132103840633337 5 1000 4482 5
"6506" "A" 0.08 -0.66 1 1 0 2000 1 5 0 5 1000 6298 5
"6507" "A" 0.08 -0.45375 0.835 1 0.5 2000 1 5 0.180323554131281 5 1000 5525 5
"6508" "A" 0.008 -0.2475 0.29875 0 0.5 2000 1 5 1.20814817573642 5 1000 944 5
"6509" "A" 0.008 -0.86625 0.71125 0 1 2000 1 5 0.340731293541596 5 1000 3255 5
"6510" "A" 0.08 0 0.95875 0 0 2000 1 5 0.042124926300671 5 1000 3889 5
"6511" "A" 0.08 -0.37125 0.13375 1 1 2000 1 5 2.01178289320602 5 1000 5124 5
"6512" "A" 0.008 -0.4125 0.29875 0 0.5 2000 1 5 1.20814817573642 5 1000 1544 5
"6513" "A" 0.08 -0.94875 0.34 0 0 2000 1 5 1.07880966137193 5 1000 7249 5
"6514" "A" 0.008 -0.0825 0.38125 1 1 2000 1 5 0.964299951060516 5 1000 360 5
"6515" "A" 0.08 -0.53625 0.46375 1 1 2000 1 5 0.768409665060492 5 1000 5772 5
"6516" "A" 0.08 -0.04125 0.21625 0 0 2000 1 5 1.53132013317015 5 1000 3931 5
"6517" "A" 0.08 -0.61875 0.13375 0 0 2000 1 5 2.01178289320602 5 1000 6019 5
"6518" "A" 0.08 -0.12375 0.67 1 1 2000 1 5 0.400477566597125 5 1000 4302 5
"6519" "A" 0.08 -0.2475 0.7525 0 0.5 2000 1 5 0.284354282359106 5 1000 4760 5
"6520" "A" 0.08 -0.86625 0.505 0 1 2000 1 5 0.683196849706777 5 1000 6975 5
"6521" "A" 0.08 -0.165 0.87625 1 0.5 2000 1 5 0.132103840633337 5 1000 4481 5
"6522" "A" 0.008 -0.53625 0.62875 0 0.5 2000 1 5 0.464021557568188 5 1000 2042 5
"6523" "A" 0.08 -0.4125 0.67 1 0.5 2000 1 5 0.400477566597125 5 1000 5351 5
"6524" "A" 0.08 -0.66 0.175 0 0 2000 1 5 1.74296930505862 5 1000 6175 5
"6525" "A" 0.08 -0.66 0.34 0 1 2000 1 5 1.07880966137193 5 1000 6201 5
"6526" "A" 0.008 -0.37125 0.175 1 1 2000 1 5 1.74296930505862 5 1000 1380 5
"6527" "A" 0.008 -0.5775 0.5875 1 0 2000 1 5 0.531879032963823 5 1000 2188 5
"6528" "A" 0.08 -0.33 0.4225 0 0 2000 1 5 0.861565832184908 5 1000 5011 5
"6529" "A" 0.008 -0.12375 0.7525 0 0 2000 1 5 0.284354282359106 5 1000 559 5
"6530" "A" 0.08 -0.7425 0.38125 1 1 2000 1 5 0.964299951060516 5 1000 6510 5
"6531" "A" 0.08 -0.78375 0.21625 1 1 2000 1 5 1.53132013317015 5 1000 6636 5
"6532" "A" 0.08 0 0.87625 1 0.5 2000 1 5 0.132103840633337 5 1000 3881 5
"6533" "A" 0.08 -0.12375 0.67 0 0 2000 1 5 0.400477566597125 5 1000 4297 5
"6534" "A" 0.08 -0.5775 0.29875 1 0 2000 1 5 1.20814817573642 5 1000 5896 5
"6535" "A" 0.008 -0.99 0.5875 0 0 2000 1 5 0.531879032963823 5 1000 3685 5
"6536" "A" 0.08 -0.4125 0.4225 0 0.5 2000 1 5 0.861565832184908 5 1000 5312 5
"6537" "A" 0.008 -0.495 0.7525 1 0.5 2000 1 5 0.284354282359106 5 1000 1913 5
"6538" "A" 0.08 -0.165 0.71125 0 1 2000 1 5 0.340731293541596 5 1000 4455 5
"6539" "A" 0.08 -0.86625 0.54625 0 1 2000 1 5 0.604678532572337 5 1000 6981 5
"6540" "A" 0.008 -0.5775 0.175 1 0.5 2000 1 5 1.74296930505862 5 1000 2129 5
"6541" "A" 0.008 -0.7425 0.34 1 0 2000 1 5 1.07880966137193 5 1000 2752 5
"6542" "A" 0.008 -0.825 0.71125 1 1 2000 1 5 0.340731293541596 5 1000 3108 5
"6543" "A" 0.08 -0.7425 0.87625 0 0.5 2000 1 5 0.132103840633337 5 1000 6578 5
"6544" "A" 0.08 -0.94875 0.9175 1 1 2000 1 5 0.0861026990534116 5 1000 7338 5
"6545" "A" 0.008 -0.12375 0.2575 0 0.5 2000 1 5 1.35673555887835 5 1000 488 5
"6546" "A" 0.008 -0.9075 0.835 0 0.5 2000 1 5 0.180323554131281 5 1000 3422 5
"6547" "A" 0.08 -0.0825 1 1 0 2000 1 5 0 5 1000 4198 5
"6548" "A" 0.08 -0.70125 0.0925 1 0 2000 1 5 2.38054663446376 5 1000 6316 5
"6549" "A" 0.08 -0.94875 0.29875 0 1 2000 1 5 1.20814817573642 5 1000 7245 5
"6550" "A" 0.08 0 0.9175 1 0 2000 1 5 0.0861026990534116 5 1000 3886 5
"6551" "A" 0.08 -0.99 0.505 1 1 2000 1 5 0.683196849706777 5 1000 7428 5
"6552" "A" 0.08 -0.04125 0.01 0 0 2000 1 5 4.60517018598809 5 1000 3901 5
"6553" "A" 0.08 -0.99 0.71125 0 0.5 2000 1 5 0.340731293541596 5 1000 7454 5
"6554" "A" 0.008 -0.4125 0.87625 0 0 2000 1 5 0.132103840633337 5 1000 1627 5
"6555" "A" 0.008 -0.70125 0.67 1 0.5 2000 1 5 0.400477566597125 5 1000 2651 5
"6556" "A" 0.008 -0.165 0.9175 0 1 2000 1 5 0.0861026990534116 5 1000 735 5
"6557" "A" 0.008 -0.5775 0.21625 1 0.5 2000 1 5 1.53132013317015 5 1000 2135 5
"6558" "A" 0.008 -0.37125 0.505 0 0.5 2000 1 5 0.683196849706777 5 1000 1424 5
"6559" "A" 0.08 -0.66 0.2575 1 0.5 2000 1 5 1.35673555887835 5 1000 6191 5
"6560" "A" 0.08 0 0.62875 1 0 2000 1 5 0.464021557568188 5 1000 3844 5
"6561" "A" 0.008 -0.2475 0.5875 1 0 2000 1 5 0.531879032963823 5 1000 988 5
"6562" "A" 0.008 -0.99 0.71125 0 0.5 2000 1 5 0.340731293541596 5 1000 3704 5
"6563" "A" 0.08 -0.0825 0.01 1 0 2000 1 5 4.60517018598809 5 1000 4054 5
"6564" "A" 0.08 -0.61875 0.9175 1 0.5 2000 1 5 0.0861026990534116 5 1000 6137 5
"6565" "A" 0.08 -0.825 0.95875 0 0 2000 1 5 0.042124926300671 5 1000 6889 5
"6566" "A" 0.08 -0.0825 0.2575 1 0 2000 1 5 1.35673555887835 5 1000 4090 5
"6567" "A" 0.008 -0.165 0.2575 0 0 2000 1 5 1.35673555887835 5 1000 637 5
"6568" "A" 0.08 -0.53625 0.2575 1 0 2000 1 5 1.35673555887835 5 1000 5740 5
"6569" "A" 0.08 -0.99 0.0925 1 0 2000 1 5 2.38054663446376 5 1000 7366 5
"6570" "A" 0.008 -0.37125 0.34 1 0 2000 1 5 1.07880966137193 5 1000 1402 5
"6571" "A" 0.008 -0.04125 0.29875 0 0 2000 1 5 1.20814817573642 5 1000 193 5
"6572" "A" 0.008 -0.66 0.21625 0 0.5 2000 1 5 1.53132013317015 5 1000 2432 5
"6573" "A" 0.08 0 0.175 0 0 2000 1 5 1.74296930505862 5 1000 3775 5
"6574" "A" 0.008 -0.4125 0.9175 1 1 2000 1 5 0.0861026990534116 5 1000 1638 5
"6575" "A" 0.08 -0.53625 0.54625 0 0 2000 1 5 0.604678532572337 5 1000 5779 5
"6576" "A" 0.008 -0.94875 0.4225 1 1 2000 1 5 0.861565832184908 5 1000 3516 5
"6577" "A" 0.08 -0.99 0.835 1 0 2000 1 5 0.180323554131281 5 1000 7474 5
"6578" "A" 0.08 -0.45375 0.2575 1 0.5 2000 1 5 1.35673555887835 5 1000 5441 5
"6579" "A" 0.08 -0.37125 0.54625 1 0.5 2000 1 5 0.604678532572337 5 1000 5183 5
"6580" "A" 0.08 -0.94875 0.67 1 0.5 2000 1 5 0.400477566597125 5 1000 7301 5
"6581" "A" 0.08 -0.45375 0.87625 1 0 2000 1 5 0.132103840633337 5 1000 5530 5
"6582" "A" 0.08 -0.45375 0.67 0 0.5 2000 1 5 0.400477566597125 5 1000 5498 5
"6583" "A" 0.008 -0.0825 0.71125 1 0 2000 1 5 0.340731293541596 5 1000 406 5
"6584" "A" 0.008 -0.2475 0.87625 1 0 2000 1 5 0.132103840633337 5 1000 1030 5
"6585" "A" 0.08 -0.825 0.9175 0 1 2000 1 5 0.0861026990534116 5 1000 6885 5
"6586" "A" 0.008 -0.33 0.175 1 0.5 2000 1 5 1.74296930505862 5 1000 1229 5
"6587" "A" 0.008 -0.70125 0.175 0 1 2000 1 5 1.74296930505862 5 1000 2577 5
"6588" "A" 0.008 -0.37125 0.71125 0 0.5 2000 1 5 0.340731293541596 5 1000 1454 5
"6589" "A" 0.08 -0.53625 0.71125 1 1 2000 1 5 0.340731293541596 5 1000 5808 5
"6590" "A" 0.08 -0.9075 0.38125 1 1 2000 1 5 0.964299951060516 5 1000 7110 5
"6591" "A" 0.08 -0.2475 0.95875 0 0.5 2000 1 5 0.042124926300671 5 1000 4790 5
"6592" "A" 0.08 -0.7425 0.46375 1 1 2000 1 5 0.768409665060492 5 1000 6522 5
"6593" "A" 0.08 -0.61875 0.175 1 1 2000 1 5 1.74296930505862 5 1000 6030 5
"6594" "A" 0.008 -0.165 0.38125 1 0.5 2000 1 5 0.964299951060516 5 1000 659 5
"6595" "A" 0.08 -0.5775 0.2575 1 0 2000 1 5 1.35673555887835 5 1000 5890 5
"6596" "A" 0.008 -0.2475 0.4225 1 1 2000 1 5 0.861565832184908 5 1000 966 5
"6597" "A" 0.08 -0.70125 0.79375 1 0.5 2000 1 5 0.230986728775236 5 1000 6419 5
"6598" "A" 0.08 -0.12375 0.9175 0 0.5 2000 1 5 0.0861026990534116 5 1000 4334 5
"6599" "A" 0.008 -0.5775 0.34 1 0 2000 1 5 1.07880966137193 5 1000 2152 5
"6600" "A" 0.008 -0.04125 0.79375 1 0.5 2000 1 5 0.230986728775236 5 1000 269 5
"6601" "A" 0.08 -0.495 0.46375 1 0 2000 1 5 0.768409665060492 5 1000 5620 5
"6602" "A" 0.008 0 0.38125 0 0.5 2000 1 5 0.964299951060516 5 1000 56 5
"6603" "A" 0.008 -0.45375 0.21625 0 1 2000 1 5 1.53132013317015 5 1000 1683 5
"6604" "A" 0.008 -0.53625 0.71125 1 0 2000 1 5 0.340731293541596 5 1000 2056 5
"6605" "A" 0.008 -0.165 0.46375 1 1 2000 1 5 0.768409665060492 5 1000 672 5
"6606" "A" 0.008 -0.70125 1 0 1 2000 1 5 0 5 1000 2697 5
"6607" "A" 0.008 -0.5775 1 0 0.5 2000 1 5 0 5 1000 2246 5
"6608" "A" 0.08 -0.37125 0.05125 1 1 2000 1 5 2.97103966096362 5 1000 5112 5
"6609" "A" 0.008 -0.7425 0.01 1 0 2000 1 5 4.60517018598809 5 1000 2704 5
"6610" "A" 0.008 -0.4125 0.38125 1 0 2000 1 5 0.964299951060516 5 1000 1558 5
"6611" "A" 0.08 -0.86625 0.21625 0 0.5 2000 1 5 1.53132013317015 5 1000 6932 5
"6612" "A" 0.008 -0.94875 0.9175 0 1 2000 1 5 0.0861026990534116 5 1000 3585 5
"6613" "A" 0.008 -0.33 0.87625 1 1 2000 1 5 0.132103840633337 5 1000 1332 5
"6614" "A" 0.08 -0.5775 0.21625 1 0.5 2000 1 5 1.53132013317015 5 1000 5885 5
"6615" "A" 0.08 -0.61875 0.87625 1 0.5 2000 1 5 0.132103840633337 5 1000 6131 5
"6616" "A" 0.08 -0.7425 0.54625 1 1 2000 1 5 0.604678532572337 5 1000 6534 5
"6617" "A" 0.008 -0.61875 0.34 0 1 2000 1 5 1.07880966137193 5 1000 2301 5
"6618" "A" 0.008 -0.04125 0.79375 1 0 2000 1 5 0.230986728775236 5 1000 268 5
"6619" "A" 0.08 -0.53625 0.67 1 1 2000 1 5 0.400477566597125 5 1000 5802 5
"6620" "A" 0.008 -0.33 0.46375 0 0.5 2000 1 5 0.768409665060492 5 1000 1268 5
"6621" "A" 0.008 -0.70125 0.71125 0 0 2000 1 5 0.340731293541596 5 1000 2653 5
"6622" "A" 0.08 -0.825 0.05125 0 1 2000 1 5 2.97103966096362 5 1000 6759 5
"6623" "A" 0.08 -0.86625 0.13375 0 0.5 2000 1 5 2.01178289320602 5 1000 6920 5
"6624" "A" 0.008 -0.12375 0.835 0 0 2000 1 5 0.180323554131281 5 1000 571 5
"6625" "A" 0.008 -0.495 0.7525 0 0 2000 1 5 0.284354282359106 5 1000 1909 5
"6626" "A" 0.008 -0.94875 1 1 1 2000 1 5 0 5 1000 3600 5
"6627" "A" 0.008 -0.66 0.38125 1 0 2000 1 5 0.964299951060516 5 1000 2458 5
"6628" "A" 0.08 -0.70125 0.175 1 1 2000 1 5 1.74296930505862 5 1000 6330 5
"6629" "A" 0.008 -0.165 0.5875 0 0 2000 1 5 0.531879032963823 5 1000 685 5
"6630" "A" 0.008 -0.0825 0.0925 1 0 2000 1 5 2.38054663446376 5 1000 316 5
"6631" "A" 0.08 -0.53625 0.46375 0 0 2000 1 5 0.768409665060492 5 1000 5767 5
"6632" "A" 0.08 -0.0825 0.46375 0 0 2000 1 5 0.768409665060492 5 1000 4117 5
"6633" "A" 0.08 -0.45375 0.01 1 0 2000 1 5 4.60517018598809 5 1000 5404 5
"6634" "A" 0.08 -0.2475 0.46375 1 1 2000 1 5 0.768409665060492 5 1000 4722 5
"6635" "A" 0.08 -0.78375 0.95875 0 0 2000 1 5 0.042124926300671 5 1000 6739 5
"6636" "A" 0.008 0 0.87625 0 0.5 2000 1 5 0.132103840633337 5 1000 128 5
"6637" "A" 0.008 -0.99 0.835 1 0.5 2000 1 5 0.180323554131281 5 1000 3725 5
"6638" "A" 0.08 -0.70125 0.95875 0 1 2000 1 5 0.042124926300671 5 1000 6441 5
"6639" "A" 0.08 -0.86625 0.9175 0 0.5 2000 1 5 0.0861026990534116 5 1000 7034 5
"6640" "A" 0.008 -0.66 0.175 1 1 2000 1 5 1.74296930505862 5 1000 2430 5
"6641" "A" 0.08 -0.12375 0.46375 1 0.5 2000 1 5 0.768409665060492 5 1000 4271 5
"6642" "A" 0.008 -0.37125 0.54625 1 0 2000 1 5 0.604678532572337 5 1000 1432 5
"6643" "A" 0.08 -0.0825 0.38125 1 1 2000 1 5 0.964299951060516 5 1000 4110 5
"6644" "A" 0.008 -0.20625 0.95875 0 0.5 2000 1 5 0.042124926300671 5 1000 890 5
"6645" "A" 0.08 0 0.95875 1 1 2000 1 5 0.042124926300671 5 1000 3894 5
"6646" "A" 0.08 -0.4125 0.54625 0 1 2000 1 5 0.604678532572337 5 1000 5331 5
"6647" "A" 0.008 -0.7425 0.505 0 0 2000 1 5 0.683196849706777 5 1000 2773 5
"6648" "A" 0.008 -0.45375 0.7525 1 0 2000 1 5 0.284354282359106 5 1000 1762 5
"6649" "A" 0.08 0 0.175 0 1 2000 1 5 1.74296930505862 5 1000 3777 5
"6650" "A" 0.08 -0.4125 0.95875 1 1 2000 1 5 0.042124926300671 5 1000 5394 5
"6651" "A" 0.08 -0.45375 1 1 0 2000 1 5 0 5 1000 5548 5
"6652" "A" 0.008 -0.495 0.87625 0 0.5 2000 1 5 0.132103840633337 5 1000 1928 5
"6653" "A" 0.008 -0.825 0.29875 0 0.5 2000 1 5 1.20814817573642 5 1000 3044 5
"6654" "A" 0.008 -0.78375 0.5875 0 1 2000 1 5 0.531879032963823 5 1000 2937 5
"6655" "A" 0.08 -0.825 0.34 1 1 2000 1 5 1.07880966137193 5 1000 6804 5
"6656" "A" 0.08 -0.99 0.505 0 0.5 2000 1 5 0.683196849706777 5 1000 7424 5
"6657" "A" 0.008 -0.20625 0.87625 0 0.5 2000 1 5 0.132103840633337 5 1000 878 5
"6658" "A" 0.08 -0.94875 1 1 0.5 2000 1 5 0 5 1000 7349 5
"6659" "A" 0.008 -0.33 0.05125 1 0 2000 1 5 2.97103966096362 5 1000 1210 5
"6660" "A" 0.08 0 0.505 0 0.5 2000 1 5 0.683196849706777 5 1000 3824 5
"6661" "A" 0.008 0 0.835 1 0.5 2000 1 5 0.180323554131281 5 1000 125 5
"6662" "A" 0.08 -0.5775 0.01 0 0 2000 1 5 4.60517018598809 5 1000 5851 5
"6663" "A" 0.008 -0.20625 0.62875 0 1 2000 1 5 0.464021557568188 5 1000 843 5
"6664" "A" 0.008 -0.78375 0.38125 1 0.5 2000 1 5 0.964299951060516 5 1000 2909 5
"6665" "A" 0.008 -0.53625 0.67 0 0.5 2000 1 5 0.400477566597125 5 1000 2048 5
"6666" "A" 0.08 -0.7425 0.34 0 0.5 2000 1 5 1.07880966137193 5 1000 6500 5
"6667" "A" 0.08 -0.12375 0.54625 1 1 2000 1 5 0.604678532572337 5 1000 4284 5
"6668" "A" 0.08 -0.0825 0.21625 0 0.5 2000 1 5 1.53132013317015 5 1000 4082 5
"6669" "A" 0.008 -0.7425 0.9175 1 0.5 2000 1 5 0.0861026990534116 5 1000 2837 5
"6670" "A" 0.08 -0.12375 0.0925 0 0.5 2000 1 5 2.38054663446376 5 1000 4214 5
"6671" "A" 0.08 -0.99 0.4225 1 1 2000 1 5 0.861565832184908 5 1000 7416 5
"6672" "A" 0.08 -0.12375 0.0925 0 0 2000 1 5 2.38054663446376 5 1000 4213 5
"6673" "A" 0.08 -0.28875 0.71125 0 1 2000 1 5 0.340731293541596 5 1000 4905 5
"6674" "A" 0.008 -0.86625 0.175 0 1 2000 1 5 1.74296930505862 5 1000 3177 5
"6675" "A" 0.008 -0.7425 0.4225 1 0.5 2000 1 5 0.861565832184908 5 1000 2765 5
"6676" "A" 0.008 -0.12375 0.505 1 0.5 2000 1 5 0.683196849706777 5 1000 527 5
"6677" "A" 0.008 -0.78375 0.01 0 0 2000 1 5 4.60517018598809 5 1000 2851 5
"6678" "A" 0.008 -0.94875 1 0 1 2000 1 5 0 5 1000 3597 5
"6679" "A" 0.008 -0.78375 0.46375 1 0.5 2000 1 5 0.768409665060492 5 1000 2921 5
"6680" "A" 0.008 -0.33 0.67 0 0 2000 1 5 0.400477566597125 5 1000 1297 5
"6681" "A" 0.008 -0.33 0.5875 1 0 2000 1 5 0.531879032963823 5 1000 1288 5
"6682" "A" 0.008 -0.9075 0.5875 0 0.5 2000 1 5 0.531879032963823 5 1000 3386 5
"6683" "A" 0.08 -0.4125 0.67 1 0 2000 1 5 0.400477566597125 5 1000 5350 5
"6684" "A" 0.008 -0.0825 0.0925 1 0.5 2000 1 5 2.38054663446376 5 1000 317 5
"6685" "A" 0.08 -0.53625 0.29875 1 0.5 2000 1 5 1.20814817573642 5 1000 5747 5
"6686" "A" 0.008 -0.5775 0.05125 0 0.5 2000 1 5 2.97103966096362 5 1000 2108 5
"6687" "A" 0.08 -0.165 0.05125 0 1 2000 1 5 2.97103966096362 5 1000 4359 5
"6688" "A" 0.08 -0.5775 0.05125 0 0 2000 1 5 2.97103966096362 5 1000 5857 5
"6689" "A" 0.08 0 1 1 1 2000 1 5 0 5 1000 3900 5
"6690" "A" 0.08 -0.12375 0.13375 0 0 2000 1 5 2.01178289320602 5 1000 4219 5
"6691" "A" 0.08 -0.86625 0.175 1 0 2000 1 5 1.74296930505862 5 1000 6928 5
"6692" "A" 0.08 -0.86625 0.835 1 0 2000 1 5 0.180323554131281 5 1000 7024 5
"6693" "A" 0.008 -0.70125 0.4225 1 1 2000 1 5 0.861565832184908 5 1000 2616 5
"6694" "A" 0.008 -0.28875 0.5875 1 0 2000 1 5 0.531879032963823 5 1000 1138 5
"6695" "A" 0.08 -0.825 0.835 0 0.5 2000 1 5 0.180323554131281 5 1000 6872 5
"6696" "A" 0.008 -0.78375 0.71125 1 0 2000 1 5 0.340731293541596 5 1000 2956 5
"6697" "A" 0.008 -0.94875 0.4225 1 0 2000 1 5 0.861565832184908 5 1000 3514 5
"6698" "A" 0.08 -0.99 0.01 1 0.5 2000 1 5 4.60517018598809 5 1000 7355 5
"6699" "A" 0.08 -0.99 0.175 0 0 2000 1 5 1.74296930505862 5 1000 7375 5
"6700" "A" 0.08 -0.94875 0.9175 1 0 2000 1 5 0.0861026990534116 5 1000 7336 5
"6701" "A" 0.008 -0.2475 0.38125 1 0 2000 1 5 0.964299951060516 5 1000 958 5
"6702" "A" 0.08 -0.5775 0.0925 0 1 2000 1 5 2.38054663446376 5 1000 5865 5
"6703" "A" 0.08 -0.165 0.79375 0 0 2000 1 5 0.230986728775236 5 1000 4465 5
"6704" "A" 0.08 -0.53625 0.01 0 0 2000 1 5 4.60517018598809 5 1000 5701 5
"6705" "A" 0.008 -0.0825 0.46375 1 0 2000 1 5 0.768409665060492 5 1000 370 5
"6706" "A" 0.008 -0.0825 0.9175 1 0 2000 1 5 0.0861026990534116 5 1000 436 5
"6707" "A" 0.08 -0.4125 0.7525 0 0 2000 1 5 0.284354282359106 5 1000 5359 5
"6708" "A" 0.08 -0.4125 0.505 0 0.5 2000 1 5 0.683196849706777 5 1000 5324 5
"6709" "A" 0.008 -0.70125 0.67 0 0.5 2000 1 5 0.400477566597125 5 1000 2648 5
"6710" "A" 0.08 -0.0825 0.21625 1 1 2000 1 5 1.53132013317015 5 1000 4086 5
"6711" "A" 0.008 -0.4125 0.835 1 0.5 2000 1 5 0.180323554131281 5 1000 1625 5
"6712" "A" 0.008 -0.37125 0.34 1 1 2000 1 5 1.07880966137193 5 1000 1404 5
"6713" "A" 0.08 -0.7425 0.21625 0 0.5 2000 1 5 1.53132013317015 5 1000 6482 5
"6714" "A" 0.008 -0.495 1 0 0.5 2000 1 5 0 5 1000 1946 5
"6715" "A" 0.08 -0.4125 0.05125 1 0.5 2000 1 5 2.97103966096362 5 1000 5261 5
"6716" "A" 0.08 -0.45375 0.13375 1 0.5 2000 1 5 2.01178289320602 5 1000 5423 5
"6717" "A" 0.008 -0.99 0.62875 1 0 2000 1 5 0.464021557568188 5 1000 3694 5
"6718" "A" 0.08 -0.7425 0.29875 0 0 2000 1 5 1.20814817573642 5 1000 6493 5
"6719" "A" 0.008 -0.0825 0.835 1 0 2000 1 5 0.180323554131281 5 1000 424 5
"6720" "A" 0.08 -0.45375 0.67 1 1 2000 1 5 0.400477566597125 5 1000 5502 5
"6721" "A" 0.008 -0.825 0.29875 1 0.5 2000 1 5 1.20814817573642 5 1000 3047 5
"6722" "A" 0.008 -0.5775 0.05125 1 1 2000 1 5 2.97103966096362 5 1000 2112 5
"6723" "A" 0.008 -0.12375 0.2575 1 0 2000 1 5 1.35673555887835 5 1000 490 5
"6724" "A" 0.008 -0.94875 0.95875 1 0.5 2000 1 5 0.042124926300671 5 1000 3593 5
"6725" "A" 0.008 -0.86625 0.62875 1 0.5 2000 1 5 0.464021557568188 5 1000 3245 5
"6726" "A" 0.008 0 0.835 0 1 2000 1 5 0.180323554131281 5 1000 123 5
"6727" "A" 0.008 -0.61875 0.4225 0 0.5 2000 1 5 0.861565832184908 5 1000 2312 5
"6728" "A" 0.08 -0.70125 1 1 0.5 2000 1 5 0 5 1000 6449 5
"6729" "A" 0.008 -0.70125 1 0 0.5 2000 1 5 0 5 1000 2696 5
"6730" "A" 0.008 -0.61875 0.79375 1 1 2000 1 5 0.230986728775236 5 1000 2370 5
"6731" "A" 0.008 -0.9075 0.4225 0 0.5 2000 1 5 0.861565832184908 5 1000 3362 5
"6732" "A" 0.08 -0.825 0.29875 1 0.5 2000 1 5 1.20814817573642 5 1000 6797 5
"6733" "A" 0.08 -0.165 0.79375 1 0 2000 1 5 0.230986728775236 5 1000 4468 5
"6734" "A" 0.008 -0.37125 0.38125 1 1 2000 1 5 0.964299951060516 5 1000 1410 5
"6735" "A" 0.008 -0.495 0.5875 0 1 2000 1 5 0.531879032963823 5 1000 1887 5
"6736" "A" 0.008 -0.0825 1 1 0.5 2000 1 5 0 5 1000 449 5
"6737" "A" 0.008 -0.78375 0.05125 0 1 2000 1 5 2.97103966096362 5 1000 2859 5
"6738" "A" 0.008 -0.99 0.2575 0 0 2000 1 5 1.35673555887835 5 1000 3637 5
"6739" "A" 0.008 -0.4125 0.5875 1 0 2000 1 5 0.531879032963823 5 1000 1588 5
"6740" "A" 0.08 -0.04125 1 1 0.5 2000 1 5 0 5 1000 4049 5
"6741" "A" 0.008 -0.66 0.7525 0 0.5 2000 1 5 0.284354282359106 5 1000 2510 5
"6742" "A" 0.08 -0.495 0.95875 1 0 2000 1 5 0.042124926300671 5 1000 5692 5
"6743" "A" 0.008 -0.20625 0.34 1 0 2000 1 5 1.07880966137193 5 1000 802 5
"6744" "A" 0.008 -0.12375 1 1 1 2000 1 5 0 5 1000 600 5
"6745" "A" 0.008 -0.61875 1 1 1 2000 1 5 0 5 1000 2400 5
"6746" "A" 0.008 0 0.4225 1 0.5 2000 1 5 0.861565832184908 5 1000 65 5
"6747" "A" 0.008 -0.20625 0.87625 0 0 2000 1 5 0.132103840633337 5 1000 877 5
"6748" "A" 0.008 0 0.71125 0 1 2000 1 5 0.340731293541596 5 1000 105 5
"6749" "A" 0.08 0 0.54625 0 0 2000 1 5 0.604678532572337 5 1000 3829 5
"6750" "A" 0.008 -0.66 0.5875 1 0.5 2000 1 5 0.531879032963823 5 1000 2489 5
"6751" "A" 0.08 -0.70125 0.835 0 0 2000 1 5 0.180323554131281 5 1000 6421 5
"6752" "A" 0.008 -0.165 0.29875 1 0 2000 1 5 1.20814817573642 5 1000 646 5
"6753" "A" 0.08 -0.20625 0.835 1 1 2000 1 5 0.180323554131281 5 1000 4626 5
"6754" "A" 0.008 -0.45375 0.29875 0 0 2000 1 5 1.20814817573642 5 1000 1693 5
"6755" "A" 0.08 -0.165 0.34 0 0 2000 1 5 1.07880966137193 5 1000 4399 5
"6756" "A" 0.08 0 0.835 1 0.5 2000 1 5 0.180323554131281 5 1000 3875 5
"6757" "A" 0.08 0 0.835 1 0 2000 1 5 0.180323554131281 5 1000 3874 5
"6758" "A" 0.08 -0.04125 0.95875 0 1 2000 1 5 0.042124926300671 5 1000 4041 5
"6759" "A" 0.008 -0.495 0.79375 0 1 2000 1 5 0.230986728775236 5 1000 1917 5
"6760" "A" 0.08 -0.61875 0.87625 0 0.5 2000 1 5 0.132103840633337 5 1000 6128 5
"6761" "A" 0.08 -0.99 1 1 1 2000 1 5 0 5 1000 7500 5
"6762" "A" 0.008 0 1 1 0.5 2000 1 5 0 5 1000 149 5
"6763" "A" 0.008 -0.86625 0.29875 1 0.5 2000 1 5 1.20814817573642 5 1000 3197 5
"6764" "A" 0.008 -0.99 0.9175 1 0 2000 1 5 0.0861026990534116 5 1000 3736 5
"6765" "A" 0.08 -0.7425 0.2575 1 0.5 2000 1 5 1.35673555887835 5 1000 6491 5
"6766" "A" 0.08 -0.20625 0.2575 1 0.5 2000 1 5 1.35673555887835 5 1000 4541 5
"6767" "A" 0.08 -0.9075 0.67 1 0.5 2000 1 5 0.400477566597125 5 1000 7151 5
"6768" "A" 0.008 -0.70125 0.835 0 1 2000 1 5 0.180323554131281 5 1000 2673 5
"6769" "A" 0.008 -0.78375 0.87625 0 1 2000 1 5 0.132103840633337 5 1000 2979 5
"6770" "A" 0.08 -0.9075 0.54625 1 0 2000 1 5 0.604678532572337 5 1000 7132 5
"6771" "A" 0.008 -0.53625 0.21625 0 1 2000 1 5 1.53132013317015 5 1000 1983 5
"6772" "A" 0.008 -0.94875 0.62875 1 0.5 2000 1 5 0.464021557568188 5 1000 3545 5
"6773" "A" 0.08 -0.4125 0.38125 0 1 2000 1 5 0.964299951060516 5 1000 5307 5
"6774" "A" 0.08 -0.28875 0.95875 0 1 2000 1 5 0.042124926300671 5 1000 4941 5
"6775" "A" 0.08 -0.04125 0.7525 1 0 2000 1 5 0.284354282359106 5 1000 4012 5
"6776" "A" 0.008 -0.825 0.62875 1 1 2000 1 5 0.464021557568188 5 1000 3096 5
"6777" "A" 0.008 -0.20625 0.71125 0 1 2000 1 5 0.340731293541596 5 1000 855 5
"6778" "A" 0.008 -0.0825 0.2575 1 0 2000 1 5 1.35673555887835 5 1000 340 5
"6779" "A" 0.008 -0.33 0.21625 1 0.5 2000 1 5 1.53132013317015 5 1000 1235 5
"6780" "A" 0.008 -0.7425 0.34 0 0.5 2000 1 5 1.07880966137193 5 1000 2750 5
"6781" "A" 0.08 -0.04125 0.34 1 1 2000 1 5 1.07880966137193 5 1000 3954 5
"6782" "A" 0.08 -0.28875 0.835 1 1 2000 1 5 0.180323554131281 5 1000 4926 5
"6783" "A" 0.008 -0.04125 0.38125 1 1 2000 1 5 0.964299951060516 5 1000 210 5
"6784" "A" 0.08 -0.86625 0.95875 0 0.5 2000 1 5 0.042124926300671 5 1000 7040 5
"6785" "A" 0.008 -0.5775 0.05125 0 1 2000 1 5 2.97103966096362 5 1000 2109 5
"6786" "A" 0.08 -0.70125 0.54625 0 1 2000 1 5 0.604678532572337 5 1000 6381 5
"6787" "A" 0.008 -0.825 0.835 0 1 2000 1 5 0.180323554131281 5 1000 3123 5
"6788" "A" 0.008 -0.12375 0.7525 1 0 2000 1 5 0.284354282359106 5 1000 562 5
"6789" "A" 0.08 -0.2475 0.79375 0 0.5 2000 1 5 0.230986728775236 5 1000 4766 5
"6790" "A" 0.008 -0.5775 0.4225 0 0 2000 1 5 0.861565832184908 5 1000 2161 5
"6791" "A" 0.08 -0.4125 0.54625 0 0 2000 1 5 0.604678532572337 5 1000 5329 5
"6792" "A" 0.008 -0.66 0.29875 1 1 2000 1 5 1.20814817573642 5 1000 2448 5
"6793" "A" 0.08 -0.5775 0.01 0 0.5 2000 1 5 4.60517018598809 5 1000 5852 5
"6794" "A" 0.008 -0.61875 0.13375 0 0 2000 1 5 2.01178289320602 5 1000 2269 5
"6795" "A" 0.08 0 0.505 1 0.5 2000 1 5 0.683196849706777 5 1000 3827 5
"6796" "A" 0.008 -0.99 0.87625 1 0.5 2000 1 5 0.132103840633337 5 1000 3731 5
"6797" "A" 0.008 -0.61875 0.7525 1 0.5 2000 1 5 0.284354282359106 5 1000 2363 5
"6798" "A" 0.008 -0.0825 0.175 0 1 2000 1 5 1.74296930505862 5 1000 327 5
"6799" "A" 0.08 -0.495 0.7525 0 0 2000 1 5 0.284354282359106 5 1000 5659 5
"6800" "A" 0.08 -0.165 0.7525 1 0.5 2000 1 5 0.284354282359106 5 1000 4463 5
"6801" "A" 0.08 -0.495 0.62875 0 0.5 2000 1 5 0.464021557568188 5 1000 5642 5
"6802" "A" 0.008 -0.9075 0.21625 1 0.5 2000 1 5 1.53132013317015 5 1000 3335 5
"6803" "A" 0.008 -0.04125 0.175 0 1 2000 1 5 1.74296930505862 5 1000 177 5
"6804" "A" 0.08 -0.45375 0.05125 0 0.5 2000 1 5 2.97103966096362 5 1000 5408 5
"6805" "A" 0.008 -0.99 0.71125 1 1 2000 1 5 0.340731293541596 5 1000 3708 5
"6806" "A" 0.008 -0.20625 0.67 0 0.5 2000 1 5 0.400477566597125 5 1000 848 5
"6807" "A" 0.008 -0.165 0.5875 1 0 2000 1 5 0.531879032963823 5 1000 688 5
"6808" "A" 0.008 -0.66 0.4225 0 0 2000 1 5 0.861565832184908 5 1000 2461 5
"6809" "A" 0.08 -0.20625 0.34 1 0 2000 1 5 1.07880966137193 5 1000 4552 5
"6810" "A" 0.008 -0.495 0.95875 1 1 2000 1 5 0.042124926300671 5 1000 1944 5
"6811" "A" 0.08 -0.9075 0.79375 1 0.5 2000 1 5 0.230986728775236 5 1000 7169 5
"6812" "A" 0.008 -0.9075 0.0925 0 1 2000 1 5 2.38054663446376 5 1000 3315 5
"6813" "A" 0.008 -0.78375 0.4225 0 1 2000 1 5 0.861565832184908 5 1000 2913 5
"6814" "A" 0.008 -0.7425 0.79375 1 1 2000 1 5 0.230986728775236 5 1000 2820 5
"6815" "A" 0.008 -0.45375 0.29875 1 1 2000 1 5 1.20814817573642 5 1000 1698 5
"6816" "A" 0.08 -0.495 0.95875 0 0 2000 1 5 0.042124926300671 5 1000 5689 5
"6817" "A" 0.08 -0.78375 0.5875 1 0 2000 1 5 0.531879032963823 5 1000 6688 5
"6818" "A" 0.008 -0.825 0.79375 1 0 2000 1 5 0.230986728775236 5 1000 3118 5
"6819" "A" 0.08 -0.78375 0.67 0 0.5 2000 1 5 0.400477566597125 5 1000 6698 5
"6820" "A" 0.08 -0.495 0.05125 1 0.5 2000 1 5 2.97103966096362 5 1000 5561 5
"6821" "A" 0.008 -0.61875 0.34 0 0.5 2000 1 5 1.07880966137193 5 1000 2300 5
"6822" "A" 0.008 -0.70125 0.0925 0 0.5 2000 1 5 2.38054663446376 5 1000 2564 5
"6823" "A" 0.008 -0.2475 0.87625 1 1 2000 1 5 0.132103840633337 5 1000 1032 5
"6824" "A" 0.008 0 0.79375 0 0.5 2000 1 5 0.230986728775236 5 1000 116 5
"6825" "A" 0.08 -0.7425 0.4225 1 0.5 2000 1 5 0.861565832184908 5 1000 6515 5
"6826" "A" 0.008 -0.4125 0.71125 0 0.5 2000 1 5 0.340731293541596 5 1000 1604 5
"6827" "A" 0.08 -0.7425 0.01 1 0.5 2000 1 5 4.60517018598809 5 1000 6455 5
"6828" "A" 0.008 -0.37125 0.9175 1 1 2000 1 5 0.0861026990534116 5 1000 1488 5
"6829" "A" 0.008 -0.66 0.05125 0 1 2000 1 5 2.97103966096362 5 1000 2409 5
"6830" "A" 0.08 -0.28875 0.7525 1 0.5 2000 1 5 0.284354282359106 5 1000 4913 5
"6831" "A" 0.08 -0.4125 0.79375 1 0.5 2000 1 5 0.230986728775236 5 1000 5369 5
"6832" "A" 0.008 -0.165 0.34 0 1 2000 1 5 1.07880966137193 5 1000 651 5
"6833" "A" 0.008 -0.9075 0.01 0 0.5 2000 1 5 4.60517018598809 5 1000 3302 5
"6834" "A" 0.008 -0.825 0.67 0 0 2000 1 5 0.400477566597125 5 1000 3097 5
"6835" "A" 0.008 -0.9075 0.05125 1 1 2000 1 5 2.97103966096362 5 1000 3312 5
"6836" "A" 0.08 -0.2475 0.38125 1 0 2000 1 5 0.964299951060516 5 1000 4708 5
"6837" "A" 0.08 -0.61875 0.5875 1 1 2000 1 5 0.531879032963823 5 1000 6090 5
"6838" "A" 0.08 -0.66 0.175 0 0.5 2000 1 5 1.74296930505862 5 1000 6176 5
"6839" "A" 0.08 -0.78375 0.95875 1 0.5 2000 1 5 0.042124926300671 5 1000 6743 5
"6840" "A" 0.008 -0.2475 0.62875 1 0 2000 1 5 0.464021557568188 5 1000 994 5
"6841" "A" 0.08 -0.4125 0.87625 1 1 2000 1 5 0.132103840633337 5 1000 5382 5
"6842" "A" 0.008 -0.12375 0.13375 0 1 2000 1 5 2.01178289320602 5 1000 471 5
"6843" "A" 0.08 -0.78375 0.2575 1 0.5 2000 1 5 1.35673555887835 5 1000 6641 5
"6844" "A" 0.08 -0.33 0.29875 1 0.5 2000 1 5 1.20814817573642 5 1000 4997 5
"6845" "A" 0.08 -0.78375 0.05125 0 0 2000 1 5 2.97103966096362 5 1000 6607 5
"6846" "A" 0.008 -0.12375 0.71125 0 0.5 2000 1 5 0.340731293541596 5 1000 554 5
"6847" "A" 0.008 -0.2475 0.46375 0 0.5 2000 1 5 0.768409665060492 5 1000 968 5
"6848" "A" 0.008 -0.70125 0.87625 0 1 2000 1 5 0.132103840633337 5 1000 2679 5
"6849" "A" 0.08 -0.495 0.29875 0 1 2000 1 5 1.20814817573642 5 1000 5595 5
"6850" "A" 0.08 -0.12375 0.7525 1 0 2000 1 5 0.284354282359106 5 1000 4312 5
"6851" "A" 0.008 -0.66 0.87625 1 0.5 2000 1 5 0.132103840633337 5 1000 2531 5
"6852" "A" 0.008 -0.86625 0.01 0 1 2000 1 5 4.60517018598809 5 1000 3153 5
"6853" "A" 0.08 -0.45375 0.13375 0 0 2000 1 5 2.01178289320602 5 1000 5419 5
"6854" "A" 0.08 0 0.21625 0 0.5 2000 1 5 1.53132013317015 5 1000 3782 5
"6855" "A" 0.008 -0.86625 0.9175 1 1 2000 1 5 0.0861026990534116 5 1000 3288 5
"6856" "A" 0.008 -0.37125 0.4225 0 1 2000 1 5 0.861565832184908 5 1000 1413 5
"6857" "A" 0.08 0 0.2575 1 0.5 2000 1 5 1.35673555887835 5 1000 3791 5
"6858" "A" 0.008 -0.12375 0.67 0 0.5 2000 1 5 0.400477566597125 5 1000 548 5
"6859" "A" 0.08 -0.825 0.13375 0 0.5 2000 1 5 2.01178289320602 5 1000 6770 5
"6860" "A" 0.08 -0.5775 0.01 1 0.5 2000 1 5 4.60517018598809 5 1000 5855 5
"6861" "A" 0.08 -0.78375 0.67 1 0 2000 1 5 0.400477566597125 5 1000 6700 5
"6862" "A" 0.008 -0.4125 0.62875 1 1 2000 1 5 0.464021557568188 5 1000 1596 5
"6863" "A" 0.008 -0.4125 0.62875 0 1 2000 1 5 0.464021557568188 5 1000 1593 5
"6864" "A" 0.08 -0.4125 0.62875 1 1 2000 1 5 0.464021557568188 5 1000 5346 5
"6865" "A" 0.08 -0.33 0.29875 0 0 2000 1 5 1.20814817573642 5 1000 4993 5
"6866" "A" 0.08 -0.7425 0.79375 1 0.5 2000 1 5 0.230986728775236 5 1000 6569 5
"6867" "A" 0.08 -0.495 0.01 1 0 2000 1 5 4.60517018598809 5 1000 5554 5
"6868" "A" 0.08 -0.4125 0.67 0 1 2000 1 5 0.400477566597125 5 1000 5349 5
"6869" "A" 0.008 -0.28875 0.67 0 1 2000 1 5 0.400477566597125 5 1000 1149 5
"6870" "A" 0.008 -0.04125 0.38125 1 0 2000 1 5 0.964299951060516 5 1000 208 5
"6871" "A" 0.08 -0.495 1 1 1 2000 1 5 0 5 1000 5700 5
"6872" "A" 0.008 -0.165 0.87625 0 0.5 2000 1 5 0.132103840633337 5 1000 728 5
"6873" "A" 0.08 -0.94875 0.46375 1 0.5 2000 1 5 0.768409665060492 5 1000 7271 5
"6874" "A" 0.008 -0.94875 0.7525 1 1 2000 1 5 0.284354282359106 5 1000 3564 5
"6875" "A" 0.08 -0.45375 0.01 0 0.5 2000 1 5 4.60517018598809 5 1000 5402 5
"6876" "A" 0.008 -0.37125 0.05125 0 0 2000 1 5 2.97103966096362 5 1000 1357 5
"6877" "A" 0.008 -0.20625 0.175 0 0.5 2000 1 5 1.74296930505862 5 1000 776 5
"6878" "A" 0.08 -0.99 1 0 0.5 2000 1 5 0 5 1000 7496 5
"6879" "A" 0.008 -0.495 0.13375 0 1 2000 1 5 2.01178289320602 5 1000 1821 5
"6880" "A" 0.008 -0.94875 0.4225 0 1 2000 1 5 0.861565832184908 5 1000 3513 5
"6881" "A" 0.008 -0.0825 0.79375 1 1 2000 1 5 0.230986728775236 5 1000 420 5
"6882" "A" 0.08 -0.99 0.7525 1 1 2000 1 5 0.284354282359106 5 1000 7464 5
"6883" "A" 0.008 -0.66 0.95875 0 0 2000 1 5 0.042124926300671 5 1000 2539 5
"6884" "A" 0.008 0 0.71125 1 0.5 2000 1 5 0.340731293541596 5 1000 107 5
"6885" "A" 0.008 -0.495 0.5875 1 1 2000 1 5 0.531879032963823 5 1000 1890 5
"6886" "A" 0.08 -0.2475 0.4225 1 1 2000 1 5 0.861565832184908 5 1000 4716 5
"6887" "A" 0.08 -0.165 0.29875 0 0.5 2000 1 5 1.20814817573642 5 1000 4394 5
"6888" "A" 0.08 -0.20625 0.46375 0 0 2000 1 5 0.768409665060492 5 1000 4567 5
"6889" "A" 0.008 -0.37125 0.34 0 0 2000 1 5 1.07880966137193 5 1000 1399 5
"6890" "A" 0.008 -0.86625 0.95875 0 1 2000 1 5 0.042124926300671 5 1000 3291 5
"6891" "A" 0.008 -0.66 0.175 1 0.5 2000 1 5 1.74296930505862 5 1000 2429 5
"6892" "A" 0.008 -0.37125 0.67 0 0 2000 1 5 0.400477566597125 5 1000 1447 5
"6893" "A" 0.08 -0.37125 0.01 1 0 2000 1 5 4.60517018598809 5 1000 5104 5
"6894" "A" 0.08 -0.86625 0.79375 1 0 2000 1 5 0.230986728775236 5 1000 7018 5
"6895" "A" 0.008 -0.5775 0.5875 1 1 2000 1 5 0.531879032963823 5 1000 2190 5
"6896" "A" 0.08 -0.28875 0.87625 1 0 2000 1 5 0.132103840633337 5 1000 4930 5
"6897" "A" 0.08 -0.66 0.34 1 0.5 2000 1 5 1.07880966137193 5 1000 6203 5
"6898" "A" 0.008 -0.165 0.505 1 1 2000 1 5 0.683196849706777 5 1000 678 5
"6899" "A" 0.008 -0.825 0.34 0 1 2000 1 5 1.07880966137193 5 1000 3051 5
"6900" "A" 0.08 -0.28875 0.4225 0 0 2000 1 5 0.861565832184908 5 1000 4861 5
"6901" "A" 0.08 -0.78375 0.2575 1 1 2000 1 5 1.35673555887835 5 1000 6642 5
"6902" "A" 0.08 -0.78375 1 0 1 2000 1 5 0 5 1000 6747 5
"6903" "A" 0.008 -0.53625 0.34 0 0.5 2000 1 5 1.07880966137193 5 1000 2000 5
"6904" "A" 0.008 -0.0825 0.4225 1 1 2000 1 5 0.861565832184908 5 1000 366 5
"6905" "A" 0.08 -0.61875 0.29875 0 0 2000 1 5 1.20814817573642 5 1000 6043 5
"6906" "A" 0.008 -0.7425 0.34 1 0.5 2000 1 5 1.07880966137193 5 1000 2753 5
"6907" "A" 0.008 -0.99 0.7525 1 0 2000 1 5 0.284354282359106 5 1000 3712 5
"6908" "A" 0.08 -0.9075 0.4225 0 0 2000 1 5 0.861565832184908 5 1000 7111 5
"6909" "A" 0.008 -0.70125 0.38125 1 0 2000 1 5 0.964299951060516 5 1000 2608 5
"6910" "A" 0.008 -0.12375 0.46375 0 0 2000 1 5 0.768409665060492 5 1000 517 5
"6911" "A" 0.08 -0.7425 0.54625 1 0 2000 1 5 0.604678532572337 5 1000 6532 5
"6912" "A" 0.008 -0.165 0.46375 0 1 2000 1 5 0.768409665060492 5 1000 669 5
"6913" "A" 0.08 -0.825 0.4225 1 1 2000 1 5 0.861565832184908 5 1000 6816 5
"6914" "A" 0.008 -0.33 0.95875 0 1 2000 1 5 0.042124926300671 5 1000 1341 5
"6915" "A" 0.008 -0.7425 0.67 0 0.5 2000 1 5 0.400477566597125 5 1000 2798 5
"6916" "A" 0.08 -0.12375 0.4225 1 1 2000 1 5 0.861565832184908 5 1000 4266 5
"6917" "A" 0.008 -0.12375 0.87625 1 0.5 2000 1 5 0.132103840633337 5 1000 581 5
"6918" "A" 0.008 -0.53625 0.62875 0 0 2000 1 5 0.464021557568188 5 1000 2041 5
"6919" "A" 0.08 -0.495 0.79375 1 0 2000 1 5 0.230986728775236 5 1000 5668 5
"6920" "A" 0.08 -0.5775 0.175 0 0 2000 1 5 1.74296930505862 5 1000 5875 5
"6921" "A" 0.008 -0.9075 0.95875 0 0.5 2000 1 5 0.042124926300671 5 1000 3440 5
"6922" "A" 0.08 -0.28875 0.87625 0 1 2000 1 5 0.132103840633337 5 1000 4929 5
"6923" "A" 0.008 -0.5775 0.0925 1 0.5 2000 1 5 2.38054663446376 5 1000 2117 5
"6924" "A" 0.08 -0.20625 0.0925 0 0.5 2000 1 5 2.38054663446376 5 1000 4514 5
"6925" "A" 0.08 -0.28875 0.835 1 0.5 2000 1 5 0.180323554131281 5 1000 4925 5
"6926" "A" 0.008 -0.61875 0.38125 1 0 2000 1 5 0.964299951060516 5 1000 2308 5
"6927" "A" 0.008 -0.86625 0.13375 0 0 2000 1 5 2.01178289320602 5 1000 3169 5
"6928" "A" 0.08 -0.20625 0.0925 0 1 2000 1 5 2.38054663446376 5 1000 4515 5
"6929" "A" 0.008 -0.66 0.13375 1 0 2000 1 5 2.01178289320602 5 1000 2422 5
"6930" "A" 0.008 -0.45375 0.505 1 0 2000 1 5 0.683196849706777 5 1000 1726 5
"6931" "A" 0.08 0 0.21625 1 0 2000 1 5 1.53132013317015 5 1000 3784 5
"6932" "A" 0.008 -0.70125 0.7525 0 0.5 2000 1 5 0.284354282359106 5 1000 2660 5
"6933" "A" 0.08 -0.12375 0.67 1 0.5 2000 1 5 0.400477566597125 5 1000 4301 5
"6934" "A" 0.08 -0.45375 0.38125 0 0 2000 1 5 0.964299951060516 5 1000 5455 5
"6935" "A" 0.008 -0.20625 0.835 0 0.5 2000 1 5 0.180323554131281 5 1000 872 5
"6936" "A" 0.008 -0.12375 0.13375 0 0 2000 1 5 2.01178289320602 5 1000 469 5
"6937" "A" 0.008 -0.28875 1 1 1 2000 1 5 0 5 1000 1200 5
"6938" "A" 0.008 -0.37125 0.9175 1 0 2000 1 5 0.0861026990534116 5 1000 1486 5
"6939" "A" 0.08 -0.45375 0.9175 1 0.5 2000 1 5 0.0861026990534116 5 1000 5537 5
"6940" "A" 0.008 -0.94875 0.05125 1 0.5 2000 1 5 2.97103966096362 5 1000 3461 5
"6941" "A" 0.08 -0.33 0.38125 0 0 2000 1 5 0.964299951060516 5 1000 5005 5
"6942" "A" 0.008 -0.53625 0.505 1 0.5 2000 1 5 0.683196849706777 5 1000 2027 5
"6943" "A" 0.008 -0.70125 0.79375 0 0.5 2000 1 5 0.230986728775236 5 1000 2666 5
"6944" "A" 0.008 -0.0825 0.95875 0 1 2000 1 5 0.042124926300671 5 1000 441 5
"6945" "A" 0.08 -0.70125 0.01 1 0 2000 1 5 4.60517018598809 5 1000 6304 5
"6946" "A" 0.08 -0.45375 0.79375 1 0 2000 1 5 0.230986728775236 5 1000 5518 5
"6947" "A" 0.08 -0.2475 0.62875 0 0 2000 1 5 0.464021557568188 5 1000 4741 5
"6948" "A" 0.08 -0.12375 0.2575 0 0 2000 1 5 1.35673555887835 5 1000 4237 5
"6949" "A" 0.008 -0.33 0.71125 0 0.5 2000 1 5 0.340731293541596 5 1000 1304 5
"6950" "A" 0.008 -0.9075 0.175 0 1 2000 1 5 1.74296930505862 5 1000 3327 5
"6951" "A" 0.008 -0.33 0.01 0 0.5 2000 1 5 4.60517018598809 5 1000 1202 5
"6952" "A" 0.08 -0.78375 0.9175 0 1 2000 1 5 0.0861026990534116 5 1000 6735 5
"6953" "A" 0.008 -0.66 0.7525 0 1 2000 1 5 0.284354282359106 5 1000 2511 5
"6954" "A" 0.08 -0.04125 0.87625 1 0.5 2000 1 5 0.132103840633337 5 1000 4031 5
"6955" "A" 0.08 -0.37125 0.5875 0 0.5 2000 1 5 0.531879032963823 5 1000 5186 5
"6956" "A" 0.08 -0.61875 0.38125 0 0.5 2000 1 5 0.964299951060516 5 1000 6056 5
"6957" "A" 0.08 -0.20625 0.05125 0 0.5 2000 1 5 2.97103966096362 5 1000 4508 5
"6958" "A" 0.08 0 0.01 1 0.5 2000 1 5 4.60517018598809 5 1000 3755 5
"6959" "A" 0.08 -0.61875 0.71125 0 1 2000 1 5 0.340731293541596 5 1000 6105 5
"6960" "A" 0.008 -0.66 0.175 1 0 2000 1 5 1.74296930505862 5 1000 2428 5
"6961" "A" 0.008 0 0.87625 0 0 2000 1 5 0.132103840633337 5 1000 127 5
"6962" "A" 0.08 -0.53625 0.835 0 1 2000 1 5 0.180323554131281 5 1000 5823 5
"6963" "A" 0.008 -0.86625 0.9175 0 0 2000 1 5 0.0861026990534116 5 1000 3283 5
"6964" "A" 0.08 -0.53625 0.0925 1 0 2000 1 5 2.38054663446376 5 1000 5716 5
"6965" "A" 0.008 -0.9075 0.71125 1 0 2000 1 5 0.340731293541596 5 1000 3406 5
"6966" "A" 0.008 -0.78375 0.46375 0 0.5 2000 1 5 0.768409665060492 5 1000 2918 5
"6967" "A" 0.008 -0.5775 0.67 0 0.5 2000 1 5 0.400477566597125 5 1000 2198 5
"6968" "A" 0.08 -0.12375 0.05125 0 0.5 2000 1 5 2.97103966096362 5 1000 4208 5
"6969" "A" 0.008 -0.2475 1 0 0.5 2000 1 5 0 5 1000 1046 5
"6970" "A" 0.08 -0.495 0.505 0 0 2000 1 5 0.683196849706777 5 1000 5623 5
"6971" "A" 0.08 -0.61875 0.505 0 0.5 2000 1 5 0.683196849706777 5 1000 6074 5
"6972" "A" 0.08 -0.94875 0.05125 1 0.5 2000 1 5 2.97103966096362 5 1000 7211 5
"6973" "A" 0.08 -0.61875 0.71125 0 0 2000 1 5 0.340731293541596 5 1000 6103 5
"6974" "A" 0.08 -0.33 0.34 1 0.5 2000 1 5 1.07880966137193 5 1000 5003 5
"6975" "A" 0.08 0 0.175 1 0.5 2000 1 5 1.74296930505862 5 1000 3779 5
"6976" "A" 0.08 -0.4125 0.835 0 0.5 2000 1 5 0.180323554131281 5 1000 5372 5
"6977" "A" 0.08 -0.45375 1 1 1 2000 1 5 0 5 1000 5550 5
"6978" "A" 0.08 -0.825 0.34 1 0.5 2000 1 5 1.07880966137193 5 1000 6803 5
"6979" "A" 0.008 -0.86625 0.46375 1 1 2000 1 5 0.768409665060492 5 1000 3222 5
"6980" "A" 0.008 -0.7425 0.0925 1 0.5 2000 1 5 2.38054663446376 5 1000 2717 5
"6981" "A" 0.08 -0.37125 0.67 0 0 2000 1 5 0.400477566597125 5 1000 5197 5
"6982" "A" 0.008 -0.78375 0.505 0 1 2000 1 5 0.683196849706777 5 1000 2925 5
"6983" "A" 0.008 -0.0825 0.175 0 0.5 2000 1 5 1.74296930505862 5 1000 326 5
"6984" "A" 0.008 -0.45375 0.7525 0 0.5 2000 1 5 0.284354282359106 5 1000 1760 5
"6985" "A" 0.008 -0.86625 0.38125 0 0.5 2000 1 5 0.964299951060516 5 1000 3206 5
"6986" "A" 0.008 -0.165 0.71125 1 1 2000 1 5 0.340731293541596 5 1000 708 5
"6987" "A" 0.008 -0.28875 0.175 0 1 2000 1 5 1.74296930505862 5 1000 1077 5
"6988" "A" 0.08 -0.165 0.46375 1 0.5 2000 1 5 0.768409665060492 5 1000 4421 5
"6989" "A" 0.08 -0.45375 0.7525 1 1 2000 1 5 0.284354282359106 5 1000 5514 5
"6990" "A" 0.08 -0.2475 0.67 1 0.5 2000 1 5 0.400477566597125 5 1000 4751 5
"6991" "A" 0.08 -0.7425 0.46375 0 1 2000 1 5 0.768409665060492 5 1000 6519 5
"6992" "A" 0.08 -0.70125 0.62875 0 0.5 2000 1 5 0.464021557568188 5 1000 6392 5
"6993" "A" 0.08 -0.94875 0.38125 0 0.5 2000 1 5 0.964299951060516 5 1000 7256 5
"6994" "A" 0.008 -0.37125 0.71125 1 0 2000 1 5 0.340731293541596 5 1000 1456 5
"6995" "A" 0.08 -0.0825 0.9175 1 0.5 2000 1 5 0.0861026990534116 5 1000 4187 5
"6996" "A" 0.08 -0.45375 0.87625 0 0 2000 1 5 0.132103840633337 5 1000 5527 5
"6997" "A" 0.08 -0.45375 0.46375 0 0.5 2000 1 5 0.768409665060492 5 1000 5468 5
"6998" "A" 0.008 -0.0825 0.34 0 1 2000 1 5 1.07880966137193 5 1000 351 5
"6999" "A" 0.008 -0.12375 0.4225 1 0.5 2000 1 5 0.861565832184908 5 1000 515 5
"7000" "A" 0.008 -0.7425 0.71125 0 0 2000 1 5 0.340731293541596 5 1000 2803 5
"7001" "A" 0.008 -0.04125 0.05125 0 0.5 2000 1 5 2.97103966096362 5 1000 158 5
"7002" "A" 0.08 -0.28875 0.38125 1 1 2000 1 5 0.964299951060516 5 1000 4860 5
"7003" "A" 0.08 -0.12375 0.7525 1 1 2000 1 5 0.284354282359106 5 1000 4314 5
"7004" "A" 0.08 -0.20625 0.5875 1 0.5 2000 1 5 0.531879032963823 5 1000 4589 5
"7005" "A" 0.08 -0.2475 0.54625 0 0.5 2000 1 5 0.604678532572337 5 1000 4730 5
"7006" "A" 0.008 -0.0825 0.21625 0 0.5 2000 1 5 1.53132013317015 5 1000 332 5
"7007" "A" 0.008 -0.2475 0.0925 1 0 2000 1 5 2.38054663446376 5 1000 916 5
"7008" "A" 0.08 -0.99 0.7525 0 0.5 2000 1 5 0.284354282359106 5 1000 7460 5
"7009" "A" 0.08 -0.33 0.34 1 1 2000 1 5 1.07880966137193 5 1000 5004 5
"7010" "A" 0.08 -0.12375 0.46375 0 0 2000 1 5 0.768409665060492 5 1000 4267 5
"7011" "A" 0.008 -0.495 0.05125 0 1 2000 1 5 2.97103966096362 5 1000 1809 5
"7012" "A" 0.008 -0.9075 0.79375 0 0 2000 1 5 0.230986728775236 5 1000 3415 5
"7013" "A" 0.008 -0.28875 0.2575 0 1 2000 1 5 1.35673555887835 5 1000 1089 5
"7014" "A" 0.08 -0.9075 0.95875 0 1 2000 1 5 0.042124926300671 5 1000 7191 5
"7015" "A" 0.008 -0.4125 0.9175 0 0 2000 1 5 0.0861026990534116 5 1000 1633 5
"7016" "A" 0.008 -0.12375 0.79375 1 0 2000 1 5 0.230986728775236 5 1000 568 5
"7017" "A" 0.08 -0.495 0.5875 1 1 2000 1 5 0.531879032963823 5 1000 5640 5
"7018" "A" 0.08 -0.99 0.21625 1 0.5 2000 1 5 1.53132013317015 5 1000 7385 5
"7019" "A" 0.008 -0.33 0.71125 1 1 2000 1 5 0.340731293541596 5 1000 1308 5
"7020" "A" 0.008 -0.9075 1 0 1 2000 1 5 0 5 1000 3447 5
"7021" "A" 0.008 -0.33 0.175 1 0 2000 1 5 1.74296930505862 5 1000 1228 5
"7022" "A" 0.08 -0.0825 0.71125 0 1 2000 1 5 0.340731293541596 5 1000 4155 5
"7023" "A" 0.08 -0.53625 0.4225 0 0.5 2000 1 5 0.861565832184908 5 1000 5762 5
"7024" "A" 0.008 -0.0825 0.9175 0 0.5 2000 1 5 0.0861026990534116 5 1000 434 5
"7025" "A" 0.08 -0.94875 0.62875 1 1 2000 1 5 0.464021557568188 5 1000 7296 5
"7026" "A" 0.008 -0.165 0.05125 1 0 2000 1 5 2.97103966096362 5 1000 610 5
"7027" "A" 0.08 -0.66 0.46375 0 0 2000 1 5 0.768409665060492 5 1000 6217 5
"7028" "A" 0.008 -0.53625 0.175 0 0 2000 1 5 1.74296930505862 5 1000 1975 5
"7029" "A" 0.08 -0.37125 0.13375 0 0.5 2000 1 5 2.01178289320602 5 1000 5120 5
"7030" "A" 0.008 -0.61875 0.87625 1 0 2000 1 5 0.132103840633337 5 1000 2380 5
"7031" "A" 0.08 -0.165 0.7525 0 0.5 2000 1 5 0.284354282359106 5 1000 4460 5
"7032" "A" 0.008 -0.99 0.5875 0 0.5 2000 1 5 0.531879032963823 5 1000 3686 5
"7033" "A" 0.008 -0.495 0.505 1 0.5 2000 1 5 0.683196849706777 5 1000 1877 5
"7034" "A" 0.08 -0.99 0.7525 0 0 2000 1 5 0.284354282359106 5 1000 7459 5
"7035" "A" 0.008 -0.99 0.46375 0 0 2000 1 5 0.768409665060492 5 1000 3667 5
"7036" "A" 0.08 -0.04125 1 1 1 2000 1 5 0 5 1000 4050 5
"7037" "A" 0.08 -0.61875 0.54625 0 1 2000 1 5 0.604678532572337 5 1000 6081 5
"7038" "A" 0.08 -0.94875 0.79375 0 0 2000 1 5 0.230986728775236 5 1000 7315 5
"7039" "A" 0.008 0 0.05125 0 0 2000 1 5 2.97103966096362 5 1000 7 5
"7040" "A" 0.008 -0.45375 0.54625 0 1 2000 1 5 0.604678532572337 5 1000 1731 5
"7041" "A" 0.08 -0.99 0.505 1 0 2000 1 5 0.683196849706777 5 1000 7426 5
"7042" "A" 0.08 -0.2475 0.0925 0 0.5 2000 1 5 2.38054663446376 5 1000 4664 5
"7043" "A" 0.008 -0.20625 0.29875 0 1 2000 1 5 1.20814817573642 5 1000 795 5
"7044" "A" 0.008 -0.86625 1 0 1 2000 1 5 0 5 1000 3297 5
"7045" "A" 0.008 -0.28875 0.29875 0 0 2000 1 5 1.20814817573642 5 1000 1093 5
"7046" "A" 0.008 -0.165 0.4225 0 1 2000 1 5 0.861565832184908 5 1000 663 5
"7047" "A" 0.008 -0.2475 0.5875 1 1 2000 1 5 0.531879032963823 5 1000 990 5
"7048" "A" 0.008 -0.78375 0.71125 0 0 2000 1 5 0.340731293541596 5 1000 2953 5
"7049" "A" 0.008 -0.99 0.46375 1 1 2000 1 5 0.768409665060492 5 1000 3672 5
"7050" "A" 0.08 -0.28875 0.34 1 0.5 2000 1 5 1.07880966137193 5 1000 4853 5
"7051" "A" 0.08 -0.70125 0.29875 1 1 2000 1 5 1.20814817573642 5 1000 6348 5
"7052" "A" 0.08 -0.4125 0.71125 1 0 2000 1 5 0.340731293541596 5 1000 5356 5
"7053" "A" 0.08 -0.495 0.67 1 1 2000 1 5 0.400477566597125 5 1000 5652 5
"7054" "A" 0.008 -0.99 0.0925 1 0.5 2000 1 5 2.38054663446376 5 1000 3617 5
"7055" "A" 0.08 -0.53625 0.38125 1 1 2000 1 5 0.964299951060516 5 1000 5760 5
"7056" "A" 0.08 -0.28875 0.71125 0 0 2000 1 5 0.340731293541596 5 1000 4903 5
"7057" "A" 0.08 -0.5775 0.67 1 0 2000 1 5 0.400477566597125 5 1000 5950 5
"7058" "A" 0.008 -0.7425 0.29875 1 0.5 2000 1 5 1.20814817573642 5 1000 2747 5
"7059" "A" 0.08 -0.825 0.46375 1 0.5 2000 1 5 0.768409665060492 5 1000 6821 5
"7060" "A" 0.08 -0.94875 0.5875 0 0.5 2000 1 5 0.531879032963823 5 1000 7286 5
"7061" "A" 0.08 -0.53625 0.95875 1 0.5 2000 1 5 0.042124926300671 5 1000 5843 5
"7062" "A" 0.08 -0.825 0.29875 1 1 2000 1 5 1.20814817573642 5 1000 6798 5
"7063" "A" 0.008 -0.53625 0.38125 1 0 2000 1 5 0.964299951060516 5 1000 2008 5
"7064" "A" 0.008 -0.0825 0.13375 1 0.5 2000 1 5 2.01178289320602 5 1000 323 5
"7065" "A" 0.08 -0.45375 0.01 1 1 2000 1 5 4.60517018598809 5 1000 5406 5
"7066" "A" 0.08 -0.28875 0.05125 1 1 2000 1 5 2.97103966096362 5 1000 4812 5
"7067" "A" 0.008 -0.70125 0.54625 0 1 2000 1 5 0.604678532572337 5 1000 2631 5
"7068" "A" 0.008 -0.9075 0.46375 0 0.5 2000 1 5 0.768409665060492 5 1000 3368 5
"7069" "A" 0.008 -0.53625 0.34 1 0.5 2000 1 5 1.07880966137193 5 1000 2003 5
"7070" "A" 0.08 -0.28875 0.505 1 0.5 2000 1 5 0.683196849706777 5 1000 4877 5
"7071" "A" 0.008 -0.45375 0.21625 1 0 2000 1 5 1.53132013317015 5 1000 1684 5
"7072" "A" 0.08 -0.495 0.79375 1 1 2000 1 5 0.230986728775236 5 1000 5670 5
"7073" "A" 0.08 -0.28875 0.79375 1 0 2000 1 5 0.230986728775236 5 1000 4918 5
"7074" "A" 0.08 -0.9075 0.835 0 0 2000 1 5 0.180323554131281 5 1000 7171 5
"7075" "A" 0.008 -0.20625 0.4225 0 1 2000 1 5 0.861565832184908 5 1000 813 5
"7076" "A" 0.008 -0.12375 0.54625 0 0.5 2000 1 5 0.604678532572337 5 1000 530 5
"7077" "A" 0.08 -0.7425 0.87625 0 0 2000 1 5 0.132103840633337 5 1000 6577 5
"7078" "A" 0.008 -0.0825 0.34 0 0.5 2000 1 5 1.07880966137193 5 1000 350 5
"7079" "A" 0.08 -0.33 0.54625 0 0 2000 1 5 0.604678532572337 5 1000 5029 5
"7080" "A" 0.08 -0.94875 0.34 1 0.5 2000 1 5 1.07880966137193 5 1000 7253 5
"7081" "A" 0.08 -0.20625 0.835 0 0 2000 1 5 0.180323554131281 5 1000 4621 5
"7082" "A" 0.008 -0.70125 0.05125 1 0.5 2000 1 5 2.97103966096362 5 1000 2561 5
"7083" "A" 0.008 -0.495 0.835 0 1 2000 1 5 0.180323554131281 5 1000 1923 5
"7084" "A" 0.08 -0.2475 0.71125 1 0.5 2000 1 5 0.340731293541596 5 1000 4757 5
"7085" "A" 0.008 0 0.2575 0 1 2000 1 5 1.35673555887835 5 1000 39 5
"7086" "A" 0.008 -0.70125 0.67 1 0 2000 1 5 0.400477566597125 5 1000 2650 5
"7087" "A" 0.08 -0.495 0.71125 0 0.5 2000 1 5 0.340731293541596 5 1000 5654 5
"7088" "A" 0.08 -0.78375 0.835 0 1 2000 1 5 0.180323554131281 5 1000 6723 5
"7089" "A" 0.08 -0.53625 0.7525 1 0.5 2000 1 5 0.284354282359106 5 1000 5813 5
"7090" "A" 0.08 -0.165 0.67 1 0.5 2000 1 5 0.400477566597125 5 1000 4451 5
"7091" "A" 0.008 -0.5775 0.79375 0 0.5 2000 1 5 0.230986728775236 5 1000 2216 5
"7092" "A" 0.008 -0.20625 0.95875 0 1 2000 1 5 0.042124926300671 5 1000 891 5
"7093" "A" 0.08 -0.04125 0.46375 0 0.5 2000 1 5 0.768409665060492 5 1000 3968 5
"7094" "A" 0.08 -0.495 0.5875 0 0.5 2000 1 5 0.531879032963823 5 1000 5636 5
"7095" "A" 0.008 -0.4125 0.62875 0 0 2000 1 5 0.464021557568188 5 1000 1591 5
"7096" "A" 0.008 -0.61875 0.7525 0 1 2000 1 5 0.284354282359106 5 1000 2361 5
"7097" "A" 0.08 -0.4125 0.4225 0 1 2000 1 5 0.861565832184908 5 1000 5313 5
"7098" "A" 0.08 -0.53625 0.01 1 0.5 2000 1 5 4.60517018598809 5 1000 5705 5
"7099" "A" 0.08 -0.78375 0.87625 0 0 2000 1 5 0.132103840633337 5 1000 6727 5
"7100" "A" 0.008 -0.9075 0.7525 1 0 2000 1 5 0.284354282359106 5 1000 3412 5
"7101" "A" 0.08 -0.12375 0.175 1 0 2000 1 5 1.74296930505862 5 1000 4228 5
"7102" "A" 0.08 -0.66 0.54625 0 0.5 2000 1 5 0.604678532572337 5 1000 6230 5
"7103" "A" 0.008 -0.61875 0.175 1 0 2000 1 5 1.74296930505862 5 1000 2278 5
"7104" "A" 0.008 -0.94875 0.79375 0 1 2000 1 5 0.230986728775236 5 1000 3567 5
"7105" "A" 0.008 -0.33 0.9175 0 1 2000 1 5 0.0861026990534116 5 1000 1335 5
"7106" "A" 0.08 -0.5775 0.46375 1 0.5 2000 1 5 0.768409665060492 5 1000 5921 5
"7107" "A" 0.008 -0.2475 0.71125 1 0 2000 1 5 0.340731293541596 5 1000 1006 5
"7108" "A" 0.08 -0.7425 0.87625 1 0.5 2000 1 5 0.132103840633337 5 1000 6581 5
"7109" "A" 0.008 -0.28875 0.835 1 0.5 2000 1 5 0.180323554131281 5 1000 1175 5
"7110" "A" 0.08 -0.53625 0.01 1 1 2000 1 5 4.60517018598809 5 1000 5706 5
"7111" "A" 0.08 -0.94875 0.2575 1 1 2000 1 5 1.35673555887835 5 1000 7242 5
"7112" "A" 0.008 -0.9075 0.13375 1 0 2000 1 5 2.01178289320602 5 1000 3322 5
"7113" "A" 0.008 -0.2475 0.95875 0 0 2000 1 5 0.042124926300671 5 1000 1039 5
"7114" "A" 0.008 -0.86625 0.505 0 0.5 2000 1 5 0.683196849706777 5 1000 3224 5
"7115" "A" 0.008 -0.86625 0.7525 1 0.5 2000 1 5 0.284354282359106 5 1000 3263 5
"7116" "A" 0.08 -0.9075 0.5875 0 1 2000 1 5 0.531879032963823 5 1000 7137 5
"7117" "A" 0.008 -0.495 0.2575 0 0 2000 1 5 1.35673555887835 5 1000 1837 5
"7118" "A" 0.08 -0.2475 1 0 0.5 2000 1 5 0 5 1000 4796 5
"7119" "A" 0.08 -0.2475 0.87625 0 0 2000 1 5 0.132103840633337 5 1000 4777 5
"7120" "A" 0.08 -0.5775 0.67 0 1 2000 1 5 0.400477566597125 5 1000 5949 5
"7121" "A" 0.08 -0.99 0.13375 0 1 2000 1 5 2.01178289320602 5 1000 7371 5
"7122" "A" 0.08 -0.04125 0.87625 0 0.5 2000 1 5 0.132103840633337 5 1000 4028 5
"7123" "A" 0.008 -0.165 1 0 0 2000 1 5 0 5 1000 745 5
"7124" "A" 0.08 -0.66 0.38125 0 0 2000 1 5 0.964299951060516 5 1000 6205 5
"7125" "A" 0.008 -0.78375 0.4225 0 0.5 2000 1 5 0.861565832184908 5 1000 2912 5
"7126" "A" 0.08 -0.20625 0.79375 0 0 2000 1 5 0.230986728775236 5 1000 4615 5
"7127" "A" 0.08 -0.9075 0.79375 1 0 2000 1 5 0.230986728775236 5 1000 7168 5
"7128" "A" 0.008 -0.165 0.21625 1 1 2000 1 5 1.53132013317015 5 1000 636 5
"7129" "A" 0.08 -0.33 0.835 0 1 2000 1 5 0.180323554131281 5 1000 5073 5
"7130" "A" 0.008 -0.45375 0.13375 0 0 2000 1 5 2.01178289320602 5 1000 1669 5
"7131" "A" 0.08 -0.37125 0.87625 1 0.5 2000 1 5 0.132103840633337 5 1000 5231 5
"7132" "A" 0.08 -0.66 0.05125 1 0 2000 1 5 2.97103966096362 5 1000 6160 5
"7133" "A" 0.08 -0.04125 0.5875 0 0.5 2000 1 5 0.531879032963823 5 1000 3986 5
"7134" "A" 0.008 -0.9075 0.7525 1 1 2000 1 5 0.284354282359106 5 1000 3414 5
"7135" "A" 0.008 -0.495 0.21625 1 0.5 2000 1 5 1.53132013317015 5 1000 1835 5
"7136" "A" 0.008 0 0.505 1 0.5 2000 1 5 0.683196849706777 5 1000 77 5
"7137" "A" 0.008 0 0.4225 0 0 2000 1 5 0.861565832184908 5 1000 61 5
"7138" "A" 0.08 -0.53625 0.9175 1 0.5 2000 1 5 0.0861026990534116 5 1000 5837 5
"7139" "A" 0.08 -0.495 0.9175 0 1 2000 1 5 0.0861026990534116 5 1000 5685 5
"7140" "A" 0.08 -0.45375 0.95875 0 0 2000 1 5 0.042124926300671 5 1000 5539 5
"7141" "A" 0.08 -0.53625 0.505 0 0 2000 1 5 0.683196849706777 5 1000 5773 5
"7142" "A" 0.08 -0.78375 0.21625 0 0 2000 1 5 1.53132013317015 5 1000 6631 5
"7143" "A" 0.08 -0.33 0.46375 1 1 2000 1 5 0.768409665060492 5 1000 5022 5
"7144" "A" 0.08 -0.86625 0.95875 1 0.5 2000 1 5 0.042124926300671 5 1000 7043 5
"7145" "A" 0.008 -0.94875 0.21625 0 0 2000 1 5 1.53132013317015 5 1000 3481 5
"7146" "A" 0.08 -0.86625 1 0 1 2000 1 5 0 5 1000 7047 5
"7147" "A" 0.008 -0.66 0.71125 0 1 2000 1 5 0.340731293541596 5 1000 2505 5
"7148" "A" 0.08 -0.12375 0.2575 0 1 2000 1 5 1.35673555887835 5 1000 4239 5
"7149" "A" 0.008 -0.86625 0.21625 0 0 2000 1 5 1.53132013317015 5 1000 3181 5
"7150" "A" 0.08 -0.165 0.79375 1 1 2000 1 5 0.230986728775236 5 1000 4470 5
"7151" "A" 0.08 0 0.9175 0 1 2000 1 5 0.0861026990534116 5 1000 3885 5
"7152" "A" 0.08 -0.66 0.54625 1 0.5 2000 1 5 0.604678532572337 5 1000 6233 5
"7153" "A" 0.08 -0.0825 0.4225 1 0.5 2000 1 5 0.861565832184908 5 1000 4115 5
"7154" "A" 0.008 -0.70125 0.175 1 0 2000 1 5 1.74296930505862 5 1000 2578 5
"7155" "A" 0.008 -0.5775 0.505 1 0.5 2000 1 5 0.683196849706777 5 1000 2177 5
"7156" "A" 0.08 -0.53625 0.13375 0 1 2000 1 5 2.01178289320602 5 1000 5721 5
"7157" "A" 0.008 -0.33 0.79375 0 0 2000 1 5 0.230986728775236 5 1000 1315 5
"7158" "A" 0.08 -0.33 0.0925 0 0.5 2000 1 5 2.38054663446376 5 1000 4964 5
"7159" "A" 0.08 -0.2475 0.9175 1 0.5 2000 1 5 0.0861026990534116 5 1000 4787 5
"7160" "A" 0.08 -0.99 0.5875 1 0.5 2000 1 5 0.531879032963823 5 1000 7439 5
"7161" "A" 0.008 -0.61875 0.5875 1 0.5 2000 1 5 0.531879032963823 5 1000 2339 5
"7162" "A" 0.008 -0.825 0.505 1 0.5 2000 1 5 0.683196849706777 5 1000 3077 5
"7163" "A" 0.008 -0.9075 0.9175 1 0 2000 1 5 0.0861026990534116 5 1000 3436 5
"7164" "A" 0.008 -0.94875 0.38125 1 0.5 2000 1 5 0.964299951060516 5 1000 3509 5
"7165" "A" 0.08 -0.70125 0.505 1 1 2000 1 5 0.683196849706777 5 1000 6378 5
"7166" "A" 0.08 -0.5775 0.79375 0 0.5 2000 1 5 0.230986728775236 5 1000 5966 5
"7167" "A" 0.008 -0.78375 0.5875 1 0 2000 1 5 0.531879032963823 5 1000 2938 5
"7168" "A" 0.08 -0.0825 0.4225 1 1 2000 1 5 0.861565832184908 5 1000 4116 5
"7169" "A" 0.08 -0.70125 0.505 1 0 2000 1 5 0.683196849706777 5 1000 6376 5
"7170" "A" 0.008 -0.165 0.79375 0 0 2000 1 5 0.230986728775236 5 1000 715 5
"7171" "A" 0.008 -0.33 0.13375 0 1 2000 1 5 2.01178289320602 5 1000 1221 5
"7172" "A" 0.08 -0.37125 0.95875 0 0.5 2000 1 5 0.042124926300671 5 1000 5240 5
"7173" "A" 0.08 -0.2475 0.7525 1 1 2000 1 5 0.284354282359106 5 1000 4764 5
"7174" "A" 0.008 -0.99 0.0925 0 0 2000 1 5 2.38054663446376 5 1000 3613 5
"7175" "A" 0.008 -0.4125 0.7525 0 0.5 2000 1 5 0.284354282359106 5 1000 1610 5
"7176" "A" 0.008 -0.0825 0.46375 1 1 2000 1 5 0.768409665060492 5 1000 372 5
"7177" "A" 0.008 -0.0825 0.4225 0 1 2000 1 5 0.861565832184908 5 1000 363 5
"7178" "A" 0.08 -0.2475 0.2575 0 0.5 2000 1 5 1.35673555887835 5 1000 4688 5
"7179" "A" 0.008 -0.45375 0.21625 1 0.5 2000 1 5 1.53132013317015 5 1000 1685 5
"7180" "A" 0.008 -0.04125 0.34 1 0 2000 1 5 1.07880966137193 5 1000 202 5
"7181" "A" 0.08 -0.78375 1 0 0.5 2000 1 5 0 5 1000 6746 5
"7182" "A" 0.08 -0.20625 1 1 0.5 2000 1 5 0 5 1000 4649 5
"7183" "A" 0.08 -0.5775 0.5875 1 0 2000 1 5 0.531879032963823 5 1000 5938 5
"7184" "A" 0.08 -0.495 0.0925 1 0 2000 1 5 2.38054663446376 5 1000 5566 5
"7185" "A" 0.008 -0.12375 0.95875 1 0.5 2000 1 5 0.042124926300671 5 1000 593 5
"7186" "A" 0.008 -0.0825 0.01 0 0 2000 1 5 4.60517018598809 5 1000 301 5
"7187" "A" 0.08 -0.37125 0.21625 1 1 2000 1 5 1.53132013317015 5 1000 5136 5
"7188" "A" 0.008 -0.70125 0.5875 1 1 2000 1 5 0.531879032963823 5 1000 2640 5
"7189" "A" 0.008 -0.33 0.46375 1 1 2000 1 5 0.768409665060492 5 1000 1272 5
"7190" "A" 0.008 -0.7425 0.05125 1 1 2000 1 5 2.97103966096362 5 1000 2712 5
"7191" "A" 0.008 -0.70125 0.71125 1 0.5 2000 1 5 0.340731293541596 5 1000 2657 5
"7192" "A" 0.08 -0.94875 0.38125 1 1 2000 1 5 0.964299951060516 5 1000 7260 5
"7193" "A" 0.008 -0.4125 0.71125 1 1 2000 1 5 0.340731293541596 5 1000 1608 5
"7194" "A" 0.008 -0.7425 0.01 0 0 2000 1 5 4.60517018598809 5 1000 2701 5
"7195" "A" 0.08 -0.78375 0.46375 0 0.5 2000 1 5 0.768409665060492 5 1000 6668 5
"7196" "A" 0.008 -0.70125 0.95875 0 0.5 2000 1 5 0.042124926300671 5 1000 2690 5
"7197" "A" 0.008 -0.825 0.835 0 0.5 2000 1 5 0.180323554131281 5 1000 3122 5
"7198" "A" 0.08 -0.165 0.5875 1 0.5 2000 1 5 0.531879032963823 5 1000 4439 5
"7199" "A" 0.08 -0.66 0.175 1 0 2000 1 5 1.74296930505862 5 1000 6178 5
"7200" "A" 0.008 -0.99 0.87625 1 0 2000 1 5 0.132103840633337 5 1000 3730 5
"7201" "A" 0.08 -0.5775 0.95875 0 0.5 2000 1 5 0.042124926300671 5 1000 5990 5
"7202" "A" 0.008 -0.9075 0.01 0 0 2000 1 5 4.60517018598809 5 1000 3301 5
"7203" "A" 0.08 -0.20625 0.2575 1 0 2000 1 5 1.35673555887835 5 1000 4540 5
"7204" "A" 0.08 -0.37125 0.95875 1 1 2000 1 5 0.042124926300671 5 1000 5244 5
"7205" "A" 0.008 -0.5775 0.62875 1 0 2000 1 5 0.464021557568188 5 1000 2194 5
"7206" "A" 0.08 -0.37125 0.21625 0 0 2000 1 5 1.53132013317015 5 1000 5131 5
"7207" "A" 0.08 -0.86625 0.54625 1 0 2000 1 5 0.604678532572337 5 1000 6982 5
"7208" "A" 0.08 -0.825 0.175 1 0.5 2000 1 5 1.74296930505862 5 1000 6779 5
"7209" "A" 0.08 -0.0825 0.0925 0 1 2000 1 5 2.38054663446376 5 1000 4065 5
"7210" "A" 0.008 -0.9075 0.9175 0 0 2000 1 5 0.0861026990534116 5 1000 3433 5
"7211" "A" 0.008 -0.04125 0.4225 0 1 2000 1 5 0.861565832184908 5 1000 213 5
"7212" "A" 0.008 -0.70125 0.87625 1 1 2000 1 5 0.132103840633337 5 1000 2682 5
"7213" "A" 0.008 -0.70125 0.54625 1 0.5 2000 1 5 0.604678532572337 5 1000 2633 5
"7214" "A" 0.008 -0.33 0.46375 1 0 2000 1 5 0.768409665060492 5 1000 1270 5
"7215" "A" 0.08 -0.99 0.34 0 0 2000 1 5 1.07880966137193 5 1000 7399 5
"7216" "A" 0.008 -0.495 1 1 1 2000 1 5 0 5 1000 1950 5
"7217" "A" 0.08 -0.2475 0.505 0 0.5 2000 1 5 0.683196849706777 5 1000 4724 5
"7218" "A" 0.08 -0.2475 0.9175 1 1 2000 1 5 0.0861026990534116 5 1000 4788 5
"7219" "A" 0.008 -0.66 0.835 1 0 2000 1 5 0.180323554131281 5 1000 2524 5
"7220" "A" 0.08 -0.0825 0.79375 0 1 2000 1 5 0.230986728775236 5 1000 4167 5
"7221" "A" 0.008 -0.495 0.2575 1 0.5 2000 1 5 1.35673555887835 5 1000 1841 5
"7222" "A" 0.008 -0.2475 0.62875 1 0.5 2000 1 5 0.464021557568188 5 1000 995 5
"7223" "A" 0.08 -0.0825 0.835 1 1 2000 1 5 0.180323554131281 5 1000 4176 5
"7224" "A" 0.08 -0.9075 0.13375 0 0.5 2000 1 5 2.01178289320602 5 1000 7070 5
"7225" "A" 0.008 -0.495 0.175 1 0 2000 1 5 1.74296930505862 5 1000 1828 5
"7226" "A" 0.08 -0.5775 0.67 0 0 2000 1 5 0.400477566597125 5 1000 5947 5
"7227" "A" 0.08 -0.825 0.79375 1 0 2000 1 5 0.230986728775236 5 1000 6868 5
"7228" "A" 0.008 -0.66 0.71125 1 0 2000 1 5 0.340731293541596 5 1000 2506 5
"7229" "A" 0.008 0 0.38125 0 0 2000 1 5 0.964299951060516 5 1000 55 5
"7230" "A" 0.08 -0.61875 0.62875 1 0 2000 1 5 0.464021557568188 5 1000 6094 5
"7231" "A" 0.08 -0.53625 0.62875 1 0.5 2000 1 5 0.464021557568188 5 1000 5795 5
"7232" "A" 0.008 -0.66 0.38125 0 1 2000 1 5 0.964299951060516 5 1000 2457 5
"7233" "A" 0.08 -0.45375 1 1 0.5 2000 1 5 0 5 1000 5549 5
"7234" "A" 0.08 -0.37125 0.835 1 1 2000 1 5 0.180323554131281 5 1000 5226 5
"7235" "A" 0.08 -0.70125 0.505 0 1 2000 1 5 0.683196849706777 5 1000 6375 5
"7236" "A" 0.008 -0.28875 0.0925 1 0.5 2000 1 5 2.38054663446376 5 1000 1067 5
"7237" "A" 0.08 -0.33 0.175 1 1 2000 1 5 1.74296930505862 5 1000 4980 5
"7238" "A" 0.08 -0.28875 0.21625 0 0.5 2000 1 5 1.53132013317015 5 1000 4832 5
"7239" "A" 0.08 -0.5775 0.9175 0 1 2000 1 5 0.0861026990534116 5 1000 5985 5
"7240" "A" 0.008 -0.99 0.7525 1 1 2000 1 5 0.284354282359106 5 1000 3714 5
"7241" "A" 0.008 -0.53625 0.21625 1 1 2000 1 5 1.53132013317015 5 1000 1986 5
"7242" "A" 0.008 -0.4125 0.95875 1 1 2000 1 5 0.042124926300671 5 1000 1644 5
"7243" "A" 0.008 -0.165 0.54625 0 0 2000 1 5 0.604678532572337 5 1000 679 5
"7244" "A" 0.008 -0.53625 0.87625 1 0 2000 1 5 0.132103840633337 5 1000 2080 5
"7245" "A" 0.008 -0.5775 0.67 1 0.5 2000 1 5 0.400477566597125 5 1000 2201 5
"7246" "A" 0.008 -0.28875 0.79375 1 1 2000 1 5 0.230986728775236 5 1000 1170 5
"7247" "A" 0.08 -0.165 0.4225 0 0.5 2000 1 5 0.861565832184908 5 1000 4412 5
"7248" "A" 0.008 -0.5775 0.79375 0 1 2000 1 5 0.230986728775236 5 1000 2217 5
"7249" "A" 0.008 -0.7425 0.79375 0 0 2000 1 5 0.230986728775236 5 1000 2815 5
"7250" "A" 0.08 -0.0825 0.4225 0 1 2000 1 5 0.861565832184908 5 1000 4113 5
"7251" "A" 0.08 -0.86625 0.175 0 0.5 2000 1 5 1.74296930505862 5 1000 6926 5
"7252" "A" 0.08 -0.4125 0.7525 0 0.5 2000 1 5 0.284354282359106 5 1000 5360 5
"7253" "A" 0.008 -0.99 0.34 1 1 2000 1 5 1.07880966137193 5 1000 3654 5
"7254" "A" 0.08 -0.86625 0.505 1 0.5 2000 1 5 0.683196849706777 5 1000 6977 5
"7255" "A" 0.08 -0.20625 0.87625 0 1 2000 1 5 0.132103840633337 5 1000 4629 5
"7256" "A" 0.08 -0.66 0.9175 0 0.5 2000 1 5 0.0861026990534116 5 1000 6284 5
"7257" "A" 0.08 -0.33 0.29875 0 0.5 2000 1 5 1.20814817573642 5 1000 4994 5
"7258" "A" 0.08 -0.0825 0.54625 1 0.5 2000 1 5 0.604678532572337 5 1000 4133 5
"7259" "A" 0.08 -0.9075 0.38125 1 0.5 2000 1 5 0.964299951060516 5 1000 7109 5
"7260" "A" 0.08 -0.86625 0.46375 1 1 2000 1 5 0.768409665060492 5 1000 6972 5
"7261" "A" 0.08 -0.99 0.05125 1 0 2000 1 5 2.97103966096362 5 1000 7360 5
"7262" "A" 0.008 -0.45375 0.835 1 1 2000 1 5 0.180323554131281 5 1000 1776 5
"7263" "A" 0.08 -0.66 0.29875 0 0.5 2000 1 5 1.20814817573642 5 1000 6194 5
"7264" "A" 0.008 -0.5775 0.67 0 1 2000 1 5 0.400477566597125 5 1000 2199 5
"7265" "A" 0.08 -0.53625 0.34 0 0 2000 1 5 1.07880966137193 5 1000 5749 5
"7266" "A" 0.008 -0.0825 0.21625 1 1 2000 1 5 1.53132013317015 5 1000 336 5
"7267" "A" 0.08 -0.165 0.95875 0 0.5 2000 1 5 0.042124926300671 5 1000 4490 5
"7268" "A" 0.08 -0.70125 0.87625 0 0.5 2000 1 5 0.132103840633337 5 1000 6428 5
"7269" "A" 0.08 -0.78375 0.95875 0 1 2000 1 5 0.042124926300671 5 1000 6741 5
"7270" "A" 0.08 -0.825 0.71125 1 0 2000 1 5 0.340731293541596 5 1000 6856 5
"7271" "A" 0.08 -0.4125 0.79375 1 0 2000 1 5 0.230986728775236 5 1000 5368 5
"7272" "A" 0.008 -0.495 0.54625 1 0 2000 1 5 0.604678532572337 5 1000 1882 5
"7273" "A" 0.08 -0.7425 0.05125 1 0 2000 1 5 2.97103966096362 5 1000 6460 5
"7274" "A" 0.008 -0.45375 0.34 1 1 2000 1 5 1.07880966137193 5 1000 1704 5
"7275" "A" 0.08 -0.94875 0.67 0 0 2000 1 5 0.400477566597125 5 1000 7297 5
"7276" "A" 0.008 -0.33 0.87625 0 1 2000 1 5 0.132103840633337 5 1000 1329 5
"7277" "A" 0.08 -0.66 0.01 0 1 2000 1 5 4.60517018598809 5 1000 6153 5
"7278" "A" 0.008 -0.94875 0.2575 1 0.5 2000 1 5 1.35673555887835 5 1000 3491 5
"7279" "A" 0.08 -0.86625 0.505 0 0.5 2000 1 5 0.683196849706777 5 1000 6974 5
"7280" "A" 0.008 -0.61875 1 1 0 2000 1 5 0 5 1000 2398 5
"7281" "A" 0.08 -0.70125 0.67 1 0 2000 1 5 0.400477566597125 5 1000 6400 5
"7282" "A" 0.008 -0.0825 0.4225 0 0 2000 1 5 0.861565832184908 5 1000 361 5
"7283" "A" 0.008 -0.495 0.67 0 1 2000 1 5 0.400477566597125 5 1000 1899 5
"7284" "A" 0.08 -0.28875 0.34 0 0.5 2000 1 5 1.07880966137193 5 1000 4850 5
"7285" "A" 0.008 -0.45375 0.54625 1 0.5 2000 1 5 0.604678532572337 5 1000 1733 5
"7286" "A" 0.08 -0.33 0.38125 0 0.5 2000 1 5 0.964299951060516 5 1000 5006 5
"7287" "A" 0.008 -0.78375 0.0925 1 0 2000 1 5 2.38054663446376 5 1000 2866 5
"7288" "A" 0.008 -0.495 0.01 1 0 2000 1 5 4.60517018598809 5 1000 1804 5
"7289" "A" 0.08 -0.20625 0.175 1 0 2000 1 5 1.74296930505862 5 1000 4528 5
"7290" "A" 0.008 -0.4125 0.87625 0 0.5 2000 1 5 0.132103840633337 5 1000 1628 5
"7291" "A" 0.08 -0.53625 0.21625 1 1 2000 1 5 1.53132013317015 5 1000 5736 5
"7292" "A" 0.08 -0.7425 0.13375 1 1 2000 1 5 2.01178289320602 5 1000 6474 5
"7293" "A" 0.008 -0.12375 0.01 1 0 2000 1 5 4.60517018598809 5 1000 454 5
"7294" "A" 0.08 -0.33 1 1 1 2000 1 5 0 5 1000 5100 5
"7295" "A" 0.008 -0.495 0.05125 1 0.5 2000 1 5 2.97103966096362 5 1000 1811 5
"7296" "A" 0.008 -0.61875 0.0925 1 0.5 2000 1 5 2.38054663446376 5 1000 2267 5
"7297" "A" 0.008 -0.7425 0.46375 0 1 2000 1 5 0.768409665060492 5 1000 2769 5
"7298" "A" 0.08 -0.04125 0.2575 0 1 2000 1 5 1.35673555887835 5 1000 3939 5
"7299" "A" 0.008 -0.86625 0.67 0 0 2000 1 5 0.400477566597125 5 1000 3247 5
"7300" "A" 0.008 -0.66 0.835 0 0 2000 1 5 0.180323554131281 5 1000 2521 5
"7301" "A" 0.008 -0.61875 0.71125 0 0.5 2000 1 5 0.340731293541596 5 1000 2354 5
"7302" "A" 0.008 -0.37125 0.175 0 0.5 2000 1 5 1.74296930505862 5 1000 1376 5
"7303" "A" 0.08 -0.78375 0.67 0 1 2000 1 5 0.400477566597125 5 1000 6699 5
"7304" "A" 0.008 -0.78375 0.505 1 0.5 2000 1 5 0.683196849706777 5 1000 2927 5
"7305" "A" 0.008 0 0.4225 0 1 2000 1 5 0.861565832184908 5 1000 63 5
"7306" "A" 0.008 -0.7425 0.4225 1 1 2000 1 5 0.861565832184908 5 1000 2766 5
"7307" "A" 0.008 -0.33 0.79375 1 1 2000 1 5 0.230986728775236 5 1000 1320 5
"7308" "A" 0.008 -0.45375 0.67 1 0 2000 1 5 0.400477566597125 5 1000 1750 5
"7309" "A" 0.08 -0.12375 0.5875 0 0 2000 1 5 0.531879032963823 5 1000 4285 5
"7310" "A" 0.08 -0.66 0.29875 0 1 2000 1 5 1.20814817573642 5 1000 6195 5
"7311" "A" 0.08 -0.53625 0.835 1 0 2000 1 5 0.180323554131281 5 1000 5824 5
"7312" "A" 0.08 -0.94875 0.05125 1 1 2000 1 5 2.97103966096362 5 1000 7212 5
"7313" "A" 0.08 -0.66 0.62875 1 0.5 2000 1 5 0.464021557568188 5 1000 6245 5
"7314" "A" 0.008 -0.4125 0.835 1 0 2000 1 5 0.180323554131281 5 1000 1624 5
"7315" "A" 0.008 -0.5775 0.95875 0 0.5 2000 1 5 0.042124926300671 5 1000 2240 5
"7316" "A" 0.008 -0.9075 0.7525 1 0.5 2000 1 5 0.284354282359106 5 1000 3413 5
"7317" "A" 0.008 -0.7425 0.38125 0 1 2000 1 5 0.964299951060516 5 1000 2757 5
"7318" "A" 0.008 -0.5775 0.175 0 0 2000 1 5 1.74296930505862 5 1000 2125 5
"7319" "A" 0.08 -0.0825 0.62875 1 0 2000 1 5 0.464021557568188 5 1000 4144 5
"7320" "A" 0.008 -0.9075 0.9175 0 1 2000 1 5 0.0861026990534116 5 1000 3435 5
"7321" "A" 0.08 -0.37125 0.34 1 0 2000 1 5 1.07880966137193 5 1000 5152 5
"7322" "A" 0.08 -0.5775 0.0925 1 1 2000 1 5 2.38054663446376 5 1000 5868 5
"7323" "A" 0.08 -0.825 0.505 0 0 2000 1 5 0.683196849706777 5 1000 6823 5
"7324" "A" 0.08 -0.99 0.34 1 0.5 2000 1 5 1.07880966137193 5 1000 7403 5
"7325" "A" 0.08 -0.7425 0.38125 0 0 2000 1 5 0.964299951060516 5 1000 6505 5
"7326" "A" 0.08 -0.9075 0.29875 1 0 2000 1 5 1.20814817573642 5 1000 7096 5
"7327" "A" 0.008 -0.94875 0.9175 0 0.5 2000 1 5 0.0861026990534116 5 1000 3584 5
"7328" "A" 0.008 -0.5775 0.29875 1 0 2000 1 5 1.20814817573642 5 1000 2146 5
"7329" "A" 0.08 -0.78375 0.175 1 0.5 2000 1 5 1.74296930505862 5 1000 6629 5
"7330" "A" 0.08 -0.66 0.71125 0 0 2000 1 5 0.340731293541596 5 1000 6253 5
"7331" "A" 0.008 -0.5775 0.9175 0 0 2000 1 5 0.0861026990534116 5 1000 2233 5
"7332" "A" 0.008 -0.7425 0.505 0 1 2000 1 5 0.683196849706777 5 1000 2775 5
"7333" "A" 0.008 -0.20625 0.2575 1 0.5 2000 1 5 1.35673555887835 5 1000 791 5
"7334" "A" 0.008 -0.5775 0.71125 0 1 2000 1 5 0.340731293541596 5 1000 2205 5
"7335" "A" 0.08 -0.45375 0.54625 1 0.5 2000 1 5 0.604678532572337 5 1000 5483 5
"7336" "A" 0.08 -0.4125 0.0925 1 0 2000 1 5 2.38054663446376 5 1000 5266 5
"7337" "A" 0.08 -0.04125 0.05125 1 0.5 2000 1 5 2.97103966096362 5 1000 3911 5
"7338" "A" 0.008 -0.33 0.0925 1 0.5 2000 1 5 2.38054663446376 5 1000 1217 5
"7339" "A" 0.008 -0.165 0.5875 0 1 2000 1 5 0.531879032963823 5 1000 687 5
"7340" "A" 0.08 -0.2475 0.2575 1 0 2000 1 5 1.35673555887835 5 1000 4690 5
"7341" "A" 0.08 -0.7425 0.67 1 1 2000 1 5 0.400477566597125 5 1000 6552 5
"7342" "A" 0.08 -0.70125 0.87625 0 1 2000 1 5 0.132103840633337 5 1000 6429 5
"7343" "A" 0.08 -0.20625 0.13375 0 1 2000 1 5 2.01178289320602 5 1000 4521 5
"7344" "A" 0.08 -0.28875 0.0925 0 1 2000 1 5 2.38054663446376 5 1000 4815 5
"7345" "A" 0.008 -0.99 1 0 0 2000 1 5 0 5 1000 3745 5
"7346" "A" 0.08 -0.04125 0.67 1 0.5 2000 1 5 0.400477566597125 5 1000 4001 5
"7347" "A" 0.08 -0.86625 0.46375 0 0 2000 1 5 0.768409665060492 5 1000 6967 5
"7348" "A" 0.008 -0.86625 0.05125 0 0.5 2000 1 5 2.97103966096362 5 1000 3158 5
"7349" "A" 0.008 -0.7425 0.54625 0 1 2000 1 5 0.604678532572337 5 1000 2781 5
"7350" "A" 0.008 -0.86625 0.95875 1 0 2000 1 5 0.042124926300671 5 1000 3292 5
"7351" "A" 0.08 -0.2475 0.5875 0 1 2000 1 5 0.531879032963823 5 1000 4737 5
"7352" "A" 0.08 -0.4125 0.46375 0 0 2000 1 5 0.768409665060492 5 1000 5317 5
"7353" "A" 0.008 -0.78375 0.0925 1 0.5 2000 1 5 2.38054663446376 5 1000 2867 5
"7354" "A" 0.008 -0.94875 0.87625 1 0.5 2000 1 5 0.132103840633337 5 1000 3581 5
"7355" "A" 0.08 -0.70125 0.2575 0 0.5 2000 1 5 1.35673555887835 5 1000 6338 5
"7356" "A" 0.008 -0.5775 1 1 0 2000 1 5 0 5 1000 2248 5
"7357" "A" 0.08 -0.2475 0.4225 0 0.5 2000 1 5 0.861565832184908 5 1000 4712 5
"7358" "A" 0.008 -0.165 0.05125 0 1 2000 1 5 2.97103966096362 5 1000 609 5
"7359" "A" 0.008 -0.04125 0.46375 0 0 2000 1 5 0.768409665060492 5 1000 217 5
"7360" "A" 0.008 -0.37125 0.01 0 0.5 2000 1 5 4.60517018598809 5 1000 1352 5
"7361" "A" 0.08 -0.78375 1 1 1 2000 1 5 0 5 1000 6750 5
"7362" "A" 0.008 -0.12375 0.21625 0 0.5 2000 1 5 1.53132013317015 5 1000 482 5
"7363" "A" 0.08 -0.45375 0.62875 0 0.5 2000 1 5 0.464021557568188 5 1000 5492 5
"7364" "A" 0.008 -0.4125 0.4225 0 0.5 2000 1 5 0.861565832184908 5 1000 1562 5
"7365" "A" 0.008 0 0.05125 0 0.5 2000 1 5 2.97103966096362 5 1000 8 5
"7366" "A" 0.008 -0.37125 0.71125 0 0 2000 1 5 0.340731293541596 5 1000 1453 5
"7367" "A" 0.008 -0.2475 0.175 0 0.5 2000 1 5 1.74296930505862 5 1000 926 5
"7368" "A" 0.008 0 0.5875 0 0.5 2000 1 5 0.531879032963823 5 1000 86 5
"7369" "A" 0.008 -0.04125 0.71125 0 0 2000 1 5 0.340731293541596 5 1000 253 5
"7370" "A" 0.008 -0.66 0.54625 1 0 2000 1 5 0.604678532572337 5 1000 2482 5
"7371" "A" 0.08 -0.37125 0.0925 0 0.5 2000 1 5 2.38054663446376 5 1000 5114 5
"7372" "A" 0.008 -0.2475 0.38125 0 0 2000 1 5 0.964299951060516 5 1000 955 5
"7373" "A" 0.08 0 0.7525 0 0.5 2000 1 5 0.284354282359106 5 1000 3860 5
"7374" "A" 0.008 -0.5775 0.87625 1 0 2000 1 5 0.132103840633337 5 1000 2230 5
"7375" "A" 0.008 -0.825 0.4225 0 0.5 2000 1 5 0.861565832184908 5 1000 3062 5
"7376" "A" 0.08 -0.5775 0.21625 0 1 2000 1 5 1.53132013317015 5 1000 5883 5
"7377" "A" 0.008 -0.165 0.46375 0 0.5 2000 1 5 0.768409665060492 5 1000 668 5
"7378" "A" 0.08 -0.5775 0.38125 1 0 2000 1 5 0.964299951060516 5 1000 5908 5
"7379" "A" 0.08 -0.99 0.87625 0 1 2000 1 5 0.132103840633337 5 1000 7479 5
"7380" "A" 0.08 -0.495 0.505 1 1 2000 1 5 0.683196849706777 5 1000 5628 5
"7381" "A" 0.008 -0.33 0.0925 1 1 2000 1 5 2.38054663446376 5 1000 1218 5
"7382" "A" 0.08 -0.0825 0.505 1 0.5 2000 1 5 0.683196849706777 5 1000 4127 5
"7383" "A" 0.008 -0.5775 0.9175 1 0.5 2000 1 5 0.0861026990534116 5 1000 2237 5
"7384" "A" 0.08 -0.495 0.2575 0 1 2000 1 5 1.35673555887835 5 1000 5589 5
"7385" "A" 0.08 -0.9075 0.67 1 1 2000 1 5 0.400477566597125 5 1000 7152 5
"7386" "A" 0.008 -0.86625 0.05125 0 1 2000 1 5 2.97103966096362 5 1000 3159 5
"7387" "A" 0.008 0 0.29875 0 0 2000 1 5 1.20814817573642 5 1000 43 5
"7388" "A" 0.008 -0.33 0.34 1 0.5 2000 1 5 1.07880966137193 5 1000 1253 5
"7389" "A" 0.008 0 0.87625 0 1 2000 1 5 0.132103840633337 5 1000 129 5
"7390" "A" 0.08 -0.70125 0.2575 0 1 2000 1 5 1.35673555887835 5 1000 6339 5
"7391" "A" 0.08 -0.53625 0.4225 0 1 2000 1 5 0.861565832184908 5 1000 5763 5
"7392" "A" 0.08 -0.9075 0.01 0 0.5 2000 1 5 4.60517018598809 5 1000 7052 5
"7393" "A" 0.008 -0.86625 0.21625 1 0 2000 1 5 1.53132013317015 5 1000 3184 5
"7394" "A" 0.008 -0.61875 0.29875 0 0.5 2000 1 5 1.20814817573642 5 1000 2294 5
"7395" "A" 0.008 -0.37125 0.62875 0 0.5 2000 1 5 0.464021557568188 5 1000 1442 5
"7396" "A" 0.008 -0.28875 0.505 1 0.5 2000 1 5 0.683196849706777 5 1000 1127 5
"7397" "A" 0.08 -0.825 0.62875 1 0.5 2000 1 5 0.464021557568188 5 1000 6845 5
"7398" "A" 0.008 -0.0825 0.01 1 0 2000 1 5 4.60517018598809 5 1000 304 5
"7399" "A" 0.08 -0.20625 0.95875 0 0 2000 1 5 0.042124926300671 5 1000 4639 5
"7400" "A" 0.08 -0.165 0.2575 1 0.5 2000 1 5 1.35673555887835 5 1000 4391 5
"7401" "A" 0.008 -0.20625 0.67 1 0 2000 1 5 0.400477566597125 5 1000 850 5
"7402" "A" 0.08 -0.61875 0.05125 1 0 2000 1 5 2.97103966096362 5 1000 6010 5
"7403" "A" 0.008 -0.2475 0.62875 0 0.5 2000 1 5 0.464021557568188 5 1000 992 5
"7404" "A" 0.008 -0.99 0.01 1 0.5 2000 1 5 4.60517018598809 5 1000 3605 5
"7405" "A" 0.08 -0.165 0.54625 0 1 2000 1 5 0.604678532572337 5 1000 4431 5
"7406" "A" 0.008 -0.9075 0.0925 1 1 2000 1 5 2.38054663446376 5 1000 3318 5
"7407" "A" 0.008 -0.70125 0.175 0 0.5 2000 1 5 1.74296930505862 5 1000 2576 5
"7408" "A" 0.08 -0.70125 0.05125 0 0 2000 1 5 2.97103966096362 5 1000 6307 5
"7409" "A" 0.08 -0.28875 0.05125 0 0 2000 1 5 2.97103966096362 5 1000 4807 5
"7410" "A" 0.08 -0.61875 0.95875 0 0 2000 1 5 0.042124926300671 5 1000 6139 5
"7411" "A" 0.08 -0.70125 0.0925 0 1 2000 1 5 2.38054663446376 5 1000 6315 5
"7412" "A" 0.08 -0.7425 0.71125 0 0 2000 1 5 0.340731293541596 5 1000 6553 5
"7413" "A" 0.008 -0.12375 0.62875 0 1 2000 1 5 0.464021557568188 5 1000 543 5
"7414" "A" 0.08 -0.70125 0.01 0 0.5 2000 1 5 4.60517018598809 5 1000 6302 5
"7415" "A" 0.08 -0.28875 0.0925 1 1 2000 1 5 2.38054663446376 5 1000 4818 5
"7416" "A" 0.08 -0.20625 0.4225 1 0 2000 1 5 0.861565832184908 5 1000 4564 5
"7417" "A" 0.008 -0.53625 0.29875 1 0 2000 1 5 1.20814817573642 5 1000 1996 5
"7418" "A" 0.08 -0.165 0.175 0 0.5 2000 1 5 1.74296930505862 5 1000 4376 5
"7419" "A" 0.08 -0.04125 1 0 1 2000 1 5 0 5 1000 4047 5
"7420" "A" 0.008 -0.37125 0.01 1 1 2000 1 5 4.60517018598809 5 1000 1356 5
"7421" "A" 0.08 -0.4125 0.9175 1 1 2000 1 5 0.0861026990534116 5 1000 5388 5
"7422" "A" 0.008 -0.20625 0.05125 1 0 2000 1 5 2.97103966096362 5 1000 760 5
"7423" "A" 0.008 -0.7425 0.38125 1 1 2000 1 5 0.964299951060516 5 1000 2760 5
"7424" "A" 0.08 -0.0825 0.5875 0 0 2000 1 5 0.531879032963823 5 1000 4135 5
"7425" "A" 0.08 -0.66 0.05125 0 1 2000 1 5 2.97103966096362 5 1000 6159 5
"7426" "A" 0.08 -0.4125 0.79375 0 0.5 2000 1 5 0.230986728775236 5 1000 5366 5
"7427" "A" 0.008 -0.99 0.46375 1 0 2000 1 5 0.768409665060492 5 1000 3670 5
"7428" "A" 0.008 -0.5775 0.2575 1 0 2000 1 5 1.35673555887835 5 1000 2140 5
"7429" "A" 0.08 -0.0825 0.175 1 0.5 2000 1 5 1.74296930505862 5 1000 4079 5
"7430" "A" 0.008 -0.45375 0.835 0 0 2000 1 5 0.180323554131281 5 1000 1771 5
"7431" "A" 0.08 -0.04125 0.79375 0 1 2000 1 5 0.230986728775236 5 1000 4017 5
"7432" "A" 0.008 0 0.7525 0 0.5 2000 1 5 0.284354282359106 5 1000 110 5
"7433" "A" 0.008 -0.61875 0.54625 1 1 2000 1 5 0.604678532572337 5 1000 2334 5
"7434" "A" 0.08 -0.53625 0.67 0 1 2000 1 5 0.400477566597125 5 1000 5799 5
"7435" "A" 0.008 -0.53625 0.0925 0 0 2000 1 5 2.38054663446376 5 1000 1963 5
"7436" "A" 0.08 -0.495 0.54625 1 0 2000 1 5 0.604678532572337 5 1000 5632 5
"7437" "A" 0.08 -0.7425 0.01 1 1 2000 1 5 4.60517018598809 5 1000 6456 5
"7438" "A" 0.08 -0.5775 0.67 1 1 2000 1 5 0.400477566597125 5 1000 5952 5
"7439" "A" 0.08 0 0.0925 1 0.5 2000 1 5 2.38054663446376 5 1000 3767 5
"7440" "A" 0.08 -0.20625 0.05125 1 1 2000 1 5 2.97103966096362 5 1000 4512 5
"7441" "A" 0.08 -0.9075 0.835 0 1 2000 1 5 0.180323554131281 5 1000 7173 5
"7442" "A" 0.008 -0.86625 0.505 0 1 2000 1 5 0.683196849706777 5 1000 3225 5
"7443" "A" 0.008 -0.37125 0.67 0 1 2000 1 5 0.400477566597125 5 1000 1449 5
"7444" "A" 0.008 -0.165 0.38125 1 0 2000 1 5 0.964299951060516 5 1000 658 5
"7445" "A" 0.08 -0.66 0.54625 1 0 2000 1 5 0.604678532572337 5 1000 6232 5
"7446" "A" 0.08 -0.4125 0.54625 1 1 2000 1 5 0.604678532572337 5 1000 5334 5
"7447" "A" 0.008 0 0.9175 1 0.5 2000 1 5 0.0861026990534116 5 1000 137 5
"7448" "A" 0.08 -0.66 0.71125 1 0 2000 1 5 0.340731293541596 5 1000 6256 5
"7449" "A" 0.008 -0.4125 0.34 1 1 2000 1 5 1.07880966137193 5 1000 1554 5
"7450" "A" 0.008 -0.86625 0.21625 0 1 2000 1 5 1.53132013317015 5 1000 3183 5
"7451" "A" 0.08 -0.9075 0.87625 0 1 2000 1 5 0.132103840633337 5 1000 7179 5
"7452" "A" 0.08 -0.4125 1 0 0.5 2000 1 5 0 5 1000 5396 5
"7453" "A" 0.008 -0.495 0.67 1 0 2000 1 5 0.400477566597125 5 1000 1900 5
"7454" "A" 0.008 -0.20625 0.34 1 0.5 2000 1 5 1.07880966137193 5 1000 803 5
"7455" "A" 0.08 -0.33 1 0 1 2000 1 5 0 5 1000 5097 5
"7456" "A" 0.008 -0.86625 0.34 0 1 2000 1 5 1.07880966137193 5 1000 3201 5
"7457" "A" 0.08 -0.2475 0.62875 1 1 2000 1 5 0.464021557568188 5 1000 4746 5
"7458" "A" 0.008 0 0.2575 0 0 2000 1 5 1.35673555887835 5 1000 37 5
"7459" "A" 0.008 -0.04125 0.34 1 0.5 2000 1 5 1.07880966137193 5 1000 203 5
"7460" "A" 0.08 -0.99 0.71125 1 0 2000 1 5 0.340731293541596 5 1000 7456 5
"7461" "A" 0.08 -0.61875 0.38125 0 1 2000 1 5 0.964299951060516 5 1000 6057 5
"7462" "A" 0.08 -0.12375 0.4225 0 1 2000 1 5 0.861565832184908 5 1000 4263 5
"7463" "A" 0.08 -0.825 0.21625 0 0 2000 1 5 1.53132013317015 5 1000 6781 5
"7464" "A" 0.008 -0.61875 0.71125 1 0.5 2000 1 5 0.340731293541596 5 1000 2357 5
"7465" "A" 0.08 -0.9075 0.34 0 0.5 2000 1 5 1.07880966137193 5 1000 7100 5
"7466" "A" 0.08 -0.70125 0.21625 0 0 2000 1 5 1.53132013317015 5 1000 6331 5
"7467" "A" 0.08 -0.495 0.4225 1 1 2000 1 5 0.861565832184908 5 1000 5616 5
"7468" "A" 0.08 -0.33 0.7525 1 0 2000 1 5 0.284354282359106 5 1000 5062 5
"7469" "A" 0.08 -0.94875 0.13375 1 1 2000 1 5 2.01178289320602 5 1000 7224 5
"7470" "A" 0.008 -0.825 0.05125 0 0.5 2000 1 5 2.97103966096362 5 1000 3008 5
"7471" "A" 0.08 -0.28875 0.87625 1 0.5 2000 1 5 0.132103840633337 5 1000 4931 5
"7472" "A" 0.08 0 0.46375 0 0 2000 1 5 0.768409665060492 5 1000 3817 5
"7473" "A" 0.08 -0.28875 0.79375 1 1 2000 1 5 0.230986728775236 5 1000 4920 5
"7474" "A" 0.008 -0.165 0.9175 1 1 2000 1 5 0.0861026990534116 5 1000 738 5
"7475" "A" 0.08 -0.04125 0.505 1 1 2000 1 5 0.683196849706777 5 1000 3978 5
"7476" "A" 0.008 -0.4125 0.7525 0 1 2000 1 5 0.284354282359106 5 1000 1611 5
"7477" "A" 0.008 0 0.95875 0 0 2000 1 5 0.042124926300671 5 1000 139 5
"7478" "A" 0.08 -0.28875 0.05125 1 0 2000 1 5 2.97103966096362 5 1000 4810 5
"7479" "A" 0.08 -0.70125 0.46375 1 0 2000 1 5 0.768409665060492 5 1000 6370 5
"7480" "A" 0.08 -0.99 0.9175 1 1 2000 1 5 0.0861026990534116 5 1000 7488 5
"7481" "A" 0.08 -0.165 0.4225 0 1 2000 1 5 0.861565832184908 5 1000 4413 5
"7482" "A" 0.008 -0.53625 0.95875 1 1 2000 1 5 0.042124926300671 5 1000 2094 5
"7483" "A" 0.08 -0.99 0.38125 0 0 2000 1 5 0.964299951060516 5 1000 7405 5
"7484" "A" 0.08 -0.45375 0.67 0 0 2000 1 5 0.400477566597125 5 1000 5497 5
"7485" "A" 0.008 0 0.7525 0 0 2000 1 5 0.284354282359106 5 1000 109 5
"7486" "A" 0.008 -0.7425 0.0925 0 1 2000 1 5 2.38054663446376 5 1000 2715 5
"7487" "A" 0.008 0 0.21625 1 0.5 2000 1 5 1.53132013317015 5 1000 35 5
"7488" "A" 0.08 -0.12375 0.9175 0 1 2000 1 5 0.0861026990534116 5 1000 4335 5
"7489" "A" 0.008 -0.7425 0.87625 1 0.5 2000 1 5 0.132103840633337 5 1000 2831 5
"7490" "A" 0.008 -0.37125 0.67 1 0 2000 1 5 0.400477566597125 5 1000 1450 5
"7491" "A" 0.008 -0.825 0.5875 1 0.5 2000 1 5 0.531879032963823 5 1000 3089 5
"7492" "A" 0.08 -0.495 1 0 0 2000 1 5 0 5 1000 5695 5
"7493" "A" 0.008 -0.825 0.9175 0 0 2000 1 5 0.0861026990534116 5 1000 3133 5
"7494" "A" 0.08 -0.94875 0.9175 0 1 2000 1 5 0.0861026990534116 5 1000 7335 5
"7495" "A" 0.08 -0.33 0.62875 0 0.5 2000 1 5 0.464021557568188 5 1000 5042 5
"7496" "A" 0.08 0 0.54625 0 1 2000 1 5 0.604678532572337 5 1000 3831 5
"7497" "A" 0.08 -0.5775 0.34 0 1 2000 1 5 1.07880966137193 5 1000 5901 5
"7498" "A" 0.008 -0.61875 0.67 1 0 2000 1 5 0.400477566597125 5 1000 2350 5
"7499" "A" 0.08 -0.66 0.71125 1 1 2000 1 5 0.340731293541596 5 1000 6258 5
"7500" "A" 0.008 -0.61875 0.0925 0 1 2000 1 5 2.38054663446376 5 1000 2265 5
