"chromosome" "v" "D" "refractory_period_prop_cohort_alive" "sex_expressed" "dominance" "Starting_pop_size" "baseline_mean_lifespan" "f" "refractory_period" "mutation_time" "time_end" "parameter_space_ID" "mutation_events"
"1" "Z" 0.006 -0.9075 0.87625 0 1 2666.66666666667 1 5 0.132103840633337 5 1000 16037 5
"2" "Z" 0.006 -0.28875 0.835 0 1 2666.66666666667 1 5 0.180323554131281 5 1000 14533 5
"3" "Z" 0.006 -0.61875 0.9175 0 0 2666.66666666667 1 5 0.0861026990534116 5 1000 15339 5
"4" "Z" 0.06 -0.61875 0.95875 0 1 2666.66666666667 1 5 0.042124926300671 5 1000 17845 5
"5" "Z" 0.006 -0.5775 0.05125 0 1 2666.66666666667 1 5 2.97103966096362 5 1000 15157 5
"6" "Z" 0.006 -0.0825 0.34 0 0.5 2666.66666666667 1 5 1.07880966137193 5 1000 13984 5
"7" "Z" 0.006 -0.825 0.79375 1 1 2666.66666666667 1 5 0.230986728775236 5 1000 15830 5
"8" "Z" 0.006 -0.78375 0.505 0 0 2666.66666666667 1 5 0.683196849706777 5 1000 15699 5
"9" "Z" 0.06 -0.94875 0.01 0 0 2666.66666666667 1 5 4.60517018598809 5 1000 18551 5
"10" "Z" 0.006 -0.825 0.5875 1 1 2666.66666666667 1 5 0.531879032963823 5 1000 15810 5
"11" "Z" 0.06 -0.825 0.9175 0 0.5 2666.66666666667 1 5 0.0861026990534116 5 1000 18340 5
"12" "Z" 0.006 -0.165 0.175 0 0 2666.66666666667 1 5 1.74296930505862 5 1000 14167 5
"13" "Z" 0.06 -0.70125 0.835 0 0 2666.66666666667 1 5 0.180323554131281 5 1000 18031 5
"14" "Z" 0.006 -0.5775 0.29875 0 0.5 2666.66666666667 1 5 1.20814817573642 5 1000 15180 5
"15" "Z" 0.006 -0.2475 0.34 0 0.5 2666.66666666667 1 5 1.07880966137193 5 1000 14384 5
"16" "Z" 0.06 -0.53625 0.38125 0 0.5 2666.66666666667 1 5 0.964299951060516 5 1000 17588 5
"17" "Z" 0.06 -0.7425 0.9175 1 1 2666.66666666667 1 5 0.0861026990534116 5 1000 18142 5
"18" "Z" 0.06 -0.20625 0.95875 0 1 2666.66666666667 1 5 0.042124926300671 5 1000 16845 5
"19" "Z" 0.006 -0.94875 0.95875 0 0 2666.66666666667 1 5 0.042124926300671 5 1000 16143 5
"20" "Z" 0.06 -0.12375 0.7525 0 1 2666.66666666667 1 5 0.284354282359106 5 1000 16625 5
"21" "Z" 0.06 -0.28875 0.4225 1 1 2666.66666666667 1 5 0.861565832184908 5 1000 16994 5
"22" "Z" 0.006 -0.4125 0.835 1 1 2666.66666666667 1 5 0.180323554131281 5 1000 14834 5
"23" "Z" 0.006 -0.04125 0.01 0 0.5 2666.66666666667 1 5 4.60517018598809 5 1000 13852 5
"24" "Z" 0.06 -0.94875 0.54625 1 1 2666.66666666667 1 5 0.604678532572337 5 1000 18606 5
"25" "Z" 0.006 -0.53625 0.2575 0 0.5 2666.66666666667 1 5 1.35673555887835 5 1000 15076 5
"26" "Z" 0.06 -0.53625 0.54625 0 0 2666.66666666667 1 5 0.604678532572337 5 1000 17603 5
"27" "Z" 0.06 -0.66 0.505 0 0 2666.66666666667 1 5 0.683196849706777 5 1000 17899 5
"28" "Z" 0.006 -0.28875 1 0 0 2666.66666666667 1 5 0 5 1000 14547 5
"29" "Z" 0.06 -0.33 0.87625 0 0 2666.66666666667 1 5 0.132103840633337 5 1000 17135 5
"30" "Z" 0.06 -0.165 0.4225 0 0.5 2666.66666666667 1 5 0.861565832184908 5 1000 16692 5
"31" "Z" 0.006 -0.4125 0.5875 0 1 2666.66666666667 1 5 0.531879032963823 5 1000 14809 5
"32" "Z" 0.06 -0.66 0.62875 0 0 2666.66666666667 1 5 0.464021557568188 5 1000 17911 5
"33" "Z" 0.06 -0.78375 0.835 0 0 2666.66666666667 1 5 0.180323554131281 5 1000 18231 5
"34" "Z" 0.06 -0.20625 0.29875 1 1 2666.66666666667 1 5 1.20814817573642 5 1000 16782 5
"35" "Z" 0.006 -0.53625 0.9175 1 1 2666.66666666667 1 5 0.0861026990534116 5 1000 15142 5
"36" "Z" 0.06 -0.165 0.0925 0 0 2666.66666666667 1 5 2.38054663446376 5 1000 16659 5
"37" "Z" 0.06 -0.9075 0.54625 1 1 2666.66666666667 1 5 0.604678532572337 5 1000 18506 5
"38" "Z" 0.006 -0.78375 0.34 0 0 2666.66666666667 1 5 1.07880966137193 5 1000 15683 5
"39" "Z" 0.006 -0.66 0.95875 1 1 2666.66666666667 1 5 0.042124926300671 5 1000 15446 5
"40" "Z" 0.006 0 0.2575 0 0 2666.66666666667 1 5 1.35673555887835 5 1000 13775 5
"41" "Z" 0.06 -0.33 0.95875 0 0.5 2666.66666666667 1 5 0.042124926300671 5 1000 17144 5
"42" "Z" 0.006 -0.66 0.0925 0 0.5 2666.66666666667 1 5 2.38054663446376 5 1000 15360 5
"43" "Z" 0.006 -0.78375 0.79375 1 1 2666.66666666667 1 5 0.230986728775236 5 1000 15730 5
"44" "Z" 0.006 -0.53625 0.54625 0 0.5 2666.66666666667 1 5 0.604678532572337 5 1000 15104 5
"45" "Z" 0.06 -0.99 1 0 0.5 2666.66666666667 1 5 0 5 1000 18748 5
"46" "Z" 0.06 -0.825 0.95875 1 1 2666.66666666667 1 5 0.042124926300671 5 1000 18346 5
"47" "Z" 0.006 -0.495 0.4225 0 0.5 2666.66666666667 1 5 0.861565832184908 5 1000 14992 5
"48" "Z" 0.006 -0.33 0.9175 0 0.5 2666.66666666667 1 5 0.0861026990534116 5 1000 14640 5
"49" "Z" 0.06 -0.2475 0.21625 1 1 2666.66666666667 1 5 1.53132013317015 5 1000 16874 5
"50" "Z" 0.006 -0.12375 0.21625 0 1 2666.66666666667 1 5 1.53132013317015 5 1000 14073 5
"51" "Z" 0.006 0 0.2575 0 1 2666.66666666667 1 5 1.35673555887835 5 1000 13777 5
"52" "Z" 0.06 -0.4125 0.67 0 1 2666.66666666667 1 5 0.400477566597125 5 1000 17317 5
"53" "Z" 0.06 -0.70125 0.05125 0 1 2666.66666666667 1 5 2.97103966096362 5 1000 17957 5
"54" "Z" 0.006 -0.825 0.175 0 1 2666.66666666667 1 5 1.74296930505862 5 1000 15769 5
"55" "Z" 0.06 -0.0825 0.5875 1 1 2666.66666666667 1 5 0.531879032963823 5 1000 16510 5
"56" "Z" 0.06 -0.99 0.67 1 1 2666.66666666667 1 5 0.400477566597125 5 1000 18718 5
"57" "Z" 0.006 -0.825 0.835 1 1 2666.66666666667 1 5 0.180323554131281 5 1000 15834 5
"58" "Z" 0.006 -0.165 0.5875 1 1 2666.66666666667 1 5 0.531879032963823 5 1000 14210 5
"59" "Z" 0.006 -0.78375 0.21625 0 0 2666.66666666667 1 5 1.53132013317015 5 1000 15671 5
"60" "Z" 0.006 -0.5775 0.505 0 0.5 2666.66666666667 1 5 0.683196849706777 5 1000 15200 5
"61" "Z" 0.006 -0.33 0.67 0 0 2666.66666666667 1 5 0.400477566597125 5 1000 14615 5
"62" "Z" 0.006 -0.78375 0.505 0 0.5 2666.66666666667 1 5 0.683196849706777 5 1000 15700 5
"63" "Z" 0.006 -0.99 0.5875 0 0.5 2666.66666666667 1 5 0.531879032963823 5 1000 16208 5
"64" "Z" 0.006 -0.4125 0.13375 1 1 2666.66666666667 1 5 2.01178289320602 5 1000 14766 5
"65" "Z" 0.06 -0.165 0.54625 0 1 2666.66666666667 1 5 0.604678532572337 5 1000 16705 5
"66" "Z" 0.06 -0.53625 0.67 0 0 2666.66666666667 1 5 0.400477566597125 5 1000 17615 5
"67" "Z" 0.006 -0.12375 0.87625 0 0 2666.66666666667 1 5 0.132103840633337 5 1000 14135 5
"68" "Z" 0.006 -0.37125 0.175 0 1 2666.66666666667 1 5 1.74296930505862 5 1000 14669 5
"69" "Z" 0.06 -0.70125 1 0 1 2666.66666666667 1 5 0 5 1000 18049 5
"70" "Z" 0.06 -0.37125 0.835 0 0.5 2666.66666666667 1 5 0.180323554131281 5 1000 17232 5
"71" "Z" 0.006 -0.86625 0.87625 0 0.5 2666.66666666667 1 5 0.132103840633337 5 1000 15936 5
"72" "Z" 0.006 -0.12375 0.9175 0 0.5 2666.66666666667 1 5 0.0861026990534116 5 1000 14140 5
"73" "Z" 0.06 0 0.4225 1 1 2666.66666666667 1 5 0.861565832184908 5 1000 16294 5
"74" "Z" 0.06 -0.7425 0.835 0 1 2666.66666666667 1 5 0.180323554131281 5 1000 18133 5
"75" "Z" 0.06 -0.5775 0.835 1 1 2666.66666666667 1 5 0.180323554131281 5 1000 17734 5
"76" "Z" 0.006 -0.12375 0.87625 0 0.5 2666.66666666667 1 5 0.132103840633337 5 1000 14136 5
"77" "Z" 0.06 -0.04125 0.79375 0 0.5 2666.66666666667 1 5 0.230986728775236 5 1000 16428 5
"78" "Z" 0.006 -0.33 0.2575 1 1 2666.66666666667 1 5 1.35673555887835 5 1000 14578 5
"79" "Z" 0.06 -0.70125 0.67 0 0 2666.66666666667 1 5 0.400477566597125 5 1000 18015 5
"80" "Z" 0.06 -0.53625 0.67 0 1 2666.66666666667 1 5 0.400477566597125 5 1000 17617 5
"81" "Z" 0.006 -0.9075 0.0925 0 0.5 2666.66666666667 1 5 2.38054663446376 5 1000 15960 5
"82" "Z" 0.006 -0.825 0.505 0 1 2666.66666666667 1 5 0.683196849706777 5 1000 15801 5
"83" "Z" 0.06 -0.7425 0.0925 1 1 2666.66666666667 1 5 2.38054663446376 5 1000 18062 5
"84" "Z" 0.006 0 0.505 0 0 2666.66666666667 1 5 0.683196849706777 5 1000 13799 5
"85" "Z" 0.006 -0.12375 0.4225 0 0.5 2666.66666666667 1 5 0.861565832184908 5 1000 14092 5
"86" "Z" 0.006 -0.33 0.87625 0 0.5 2666.66666666667 1 5 0.132103840633337 5 1000 14636 5
"87" "Z" 0.006 -0.4125 0.67 0 0.5 2666.66666666667 1 5 0.400477566597125 5 1000 14816 5
"88" "Z" 0.006 -0.20625 0.175 1 1 2666.66666666667 1 5 1.74296930505862 5 1000 14270 5
"89" "Z" 0.006 -0.5775 0.5875 0 0 2666.66666666667 1 5 0.531879032963823 5 1000 15207 5
"90" "Z" 0.006 -0.33 0.7525 0 0 2666.66666666667 1 5 0.284354282359106 5 1000 14623 5
"91" "Z" 0.06 -0.37125 0.71125 0 0.5 2666.66666666667 1 5 0.340731293541596 5 1000 17220 5
"92" "Z" 0.006 -0.28875 0.34 0 0 2666.66666666667 1 5 1.07880966137193 5 1000 14483 5
"93" "Z" 0.006 -0.78375 0.5875 0 1 2666.66666666667 1 5 0.531879032963823 5 1000 15709 5
"94" "Z" 0.06 -0.2475 0.87625 1 1 2666.66666666667 1 5 0.132103840633337 5 1000 16938 5
"95" "Z" 0.06 -0.33 0.46375 0 1 2666.66666666667 1 5 0.768409665060492 5 1000 17097 5
"96" "Z" 0.006 -0.20625 0.05125 0 1 2666.66666666667 1 5 2.97103966096362 5 1000 14257 5
"97" "Z" 0.006 -0.4125 0.54625 0 0.5 2666.66666666667 1 5 0.604678532572337 5 1000 14804 5
"98" "Z" 0.06 -0.28875 1 0 0 2666.66666666667 1 5 0 5 1000 17047 5
"99" "Z" 0.06 -0.4125 0.21625 0 1 2666.66666666667 1 5 1.53132013317015 5 1000 17273 5
"100" "Z" 0.006 -0.61875 0.79375 0 0 2666.66666666667 1 5 0.230986728775236 5 1000 15327 5
"101" "Z" 0.06 -0.33 0.34 0 0.5 2666.66666666667 1 5 1.07880966137193 5 1000 17084 5
"102" "Z" 0.006 -0.495 0.7525 0 1 2666.66666666667 1 5 0.284354282359106 5 1000 15025 5
"103" "Z" 0.006 -0.825 0.05125 0 1 2666.66666666667 1 5 2.97103966096362 5 1000 15757 5
"104" "Z" 0.06 -0.04125 0.0925 0 0 2666.66666666667 1 5 2.38054663446376 5 1000 16359 5
"105" "Z" 0.006 -0.61875 0.34 1 1 2666.66666666667 1 5 1.07880966137193 5 1000 15286 5
"106" "Z" 0.006 -0.0825 0.79375 0 0 2666.66666666667 1 5 0.230986728775236 5 1000 14027 5
"107" "Z" 0.006 -0.37125 0.95875 0 1 2666.66666666667 1 5 0.042124926300671 5 1000 14745 5
"108" "Z" 0.006 -0.66 0.79375 0 1 2666.66666666667 1 5 0.230986728775236 5 1000 15429 5
"109" "Z" 0.006 -0.12375 0.5875 1 1 2666.66666666667 1 5 0.531879032963823 5 1000 14110 5
"110" "Z" 0.006 -0.12375 0.01 0 0.5 2666.66666666667 1 5 4.60517018598809 5 1000 14052 5
"111" "Z" 0.06 -0.86625 1 0 0 2666.66666666667 1 5 0 5 1000 18447 5
"112" "Z" 0.006 -0.45375 0.4225 1 1 2666.66666666667 1 5 0.861565832184908 5 1000 14894 5
"113" "Z" 0.06 -0.45375 0.71125 1 1 2666.66666666667 1 5 0.340731293541596 5 1000 17422 5
"114" "Z" 0.06 -0.53625 1 0 1 2666.66666666667 1 5 0 5 1000 17649 5
"115" "Z" 0.06 -0.78375 0.05125 0 1 2666.66666666667 1 5 2.97103966096362 5 1000 18157 5
"116" "Z" 0.006 -0.53625 0.29875 0 0 2666.66666666667 1 5 1.20814817573642 5 1000 15079 5
"117" "Z" 0.06 -0.4125 0.5875 0 0 2666.66666666667 1 5 0.531879032963823 5 1000 17307 5
"118" "Z" 0.06 -0.12375 0.34 1 1 2666.66666666667 1 5 1.07880966137193 5 1000 16586 5
"119" "Z" 0.006 -0.20625 0.01 0 0.5 2666.66666666667 1 5 4.60517018598809 5 1000 14252 5
"120" "Z" 0.06 -0.61875 0.05125 0 0 2666.66666666667 1 5 2.97103966096362 5 1000 17755 5
"121" "Z" 0.06 -0.66 0.46375 0 0.5 2666.66666666667 1 5 0.768409665060492 5 1000 17896 5
"122" "Z" 0.06 -0.2475 0.4225 1 1 2666.66666666667 1 5 0.861565832184908 5 1000 16894 5
"123" "Z" 0.06 -0.165 0.21625 0 0 2666.66666666667 1 5 1.53132013317015 5 1000 16671 5
"124" "Z" 0.06 -0.53625 0.71125 0 0.5 2666.66666666667 1 5 0.340731293541596 5 1000 17620 5
"125" "Z" 0.06 -0.33 0.4225 0 0 2666.66666666667 1 5 0.861565832184908 5 1000 17091 5
"126" "Z" 0.006 -0.5775 0.2575 0 0 2666.66666666667 1 5 1.35673555887835 5 1000 15175 5
"127" "Z" 0.006 -0.165 0.79375 0 0 2666.66666666667 1 5 0.230986728775236 5 1000 14227 5
"128" "Z" 0.006 -0.70125 0.21625 0 1 2666.66666666667 1 5 1.53132013317015 5 1000 15473 5
"129" "Z" 0.006 0 0.05125 1 1 2666.66666666667 1 5 2.97103966096362 5 1000 13758 5
"130" "Z" 0.06 -0.7425 0.2575 0 0.5 2666.66666666667 1 5 1.35673555887835 5 1000 18076 5
"131" "Z" 0.006 0 0.7525 0 0.5 2666.66666666667 1 5 0.284354282359106 5 1000 13824 5
"132" "Z" 0.006 -0.20625 0.2575 0 1 2666.66666666667 1 5 1.35673555887835 5 1000 14277 5
"133" "Z" 0.06 -0.70125 0.0925 1 1 2666.66666666667 1 5 2.38054663446376 5 1000 17962 5
"134" "Z" 0.006 -0.86625 0.835 0 1 2666.66666666667 1 5 0.180323554131281 5 1000 15933 5
"135" "Z" 0.06 -0.99 0.34 0 1 2666.66666666667 1 5 1.07880966137193 5 1000 18685 5
"136" "Z" 0.006 -0.45375 0.835 0 0.5 2666.66666666667 1 5 0.180323554131281 5 1000 14932 5
"137" "Z" 0.006 -0.04125 0.62875 0 0.5 2666.66666666667 1 5 0.464021557568188 5 1000 13912 5
"138" "Z" 0.006 -0.825 0.835 0 0.5 2666.66666666667 1 5 0.180323554131281 5 1000 15832 5
"139" "Z" 0.006 -0.78375 0.175 0 1 2666.66666666667 1 5 1.74296930505862 5 1000 15669 5
"140" "Z" 0.006 -0.4125 0.05125 0 0.5 2666.66666666667 1 5 2.97103966096362 5 1000 14756 5
"141" "Z" 0.006 -0.53625 0.34 1 1 2666.66666666667 1 5 1.07880966137193 5 1000 15086 5
"142" "Z" 0.006 -0.70125 0.34 1 1 2666.66666666667 1 5 1.07880966137193 5 1000 15486 5
"143" "Z" 0.06 -0.33 0.4225 0 1 2666.66666666667 1 5 0.861565832184908 5 1000 17093 5
"144" "Z" 0.06 -0.5775 0.505 0 1 2666.66666666667 1 5 0.683196849706777 5 1000 17701 5
"145" "Z" 0.06 -0.0825 0.34 1 1 2666.66666666667 1 5 1.07880966137193 5 1000 16486 5
"146" "Z" 0.06 -0.53625 0.5875 0 0.5 2666.66666666667 1 5 0.531879032963823 5 1000 17608 5
"147" "Z" 0.06 -0.7425 0.87625 0 0 2666.66666666667 1 5 0.132103840633337 5 1000 18135 5
"148" "Z" 0.06 -0.66 0.7525 1 1 2666.66666666667 1 5 0.284354282359106 5 1000 17926 5
"149" "Z" 0.06 -0.33 0.95875 0 0 2666.66666666667 1 5 0.042124926300671 5 1000 17143 5
"150" "Z" 0.006 -0.99 0.95875 1 1 2666.66666666667 1 5 0.042124926300671 5 1000 16246 5
"151" "Z" 0.06 -0.165 0.54625 0 0 2666.66666666667 1 5 0.604678532572337 5 1000 16703 5
"152" "Z" 0.006 0 0.95875 0 1 2666.66666666667 1 5 0.042124926300671 5 1000 13845 5
"153" "Z" 0.006 -0.70125 1 0 0 2666.66666666667 1 5 0 5 1000 15547 5
"154" "Z" 0.06 -0.70125 0.29875 1 1 2666.66666666667 1 5 1.20814817573642 5 1000 17982 5
"155" "Z" 0.006 -0.5775 0.87625 0 0.5 2666.66666666667 1 5 0.132103840633337 5 1000 15236 5
"156" "Z" 0.06 -0.94875 0.79375 0 0 2666.66666666667 1 5 0.230986728775236 5 1000 18627 5
"157" "Z" 0.006 -0.495 0.0925 1 1 2666.66666666667 1 5 2.38054663446376 5 1000 14962 5
"158" "Z" 0.006 -0.4125 0.01 1 1 2666.66666666667 1 5 4.60517018598809 5 1000 14754 5
"159" "Z" 0.006 -0.04125 0.62875 0 0 2666.66666666667 1 5 0.464021557568188 5 1000 13911 5
"160" "Z" 0.006 -0.94875 0.13375 1 1 2666.66666666667 1 5 2.01178289320602 5 1000 16066 5
"161" "Z" 0.06 -0.495 0.46375 0 1 2666.66666666667 1 5 0.768409665060492 5 1000 17497 5
"162" "Z" 0.06 -0.99 0.01 1 1 2666.66666666667 1 5 4.60517018598809 5 1000 18654 5
"163" "Z" 0.006 -0.20625 1 0 0 2666.66666666667 1 5 0 5 1000 14347 5
"164" "Z" 0.006 -0.04125 0.71125 0 0 2666.66666666667 1 5 0.340731293541596 5 1000 13919 5
"165" "Z" 0.006 -0.61875 0.835 0 1 2666.66666666667 1 5 0.180323554131281 5 1000 15333 5
"166" "Z" 0.06 -0.12375 0.05125 0 1 2666.66666666667 1 5 2.97103966096362 5 1000 16557 5
"167" "Z" 0.006 -0.99 0.7525 0 0.5 2666.66666666667 1 5 0.284354282359106 5 1000 16224 5
"168" "Z" 0.006 -0.61875 0.34 0 0.5 2666.66666666667 1 5 1.07880966137193 5 1000 15284 5
"169" "Z" 0.06 -0.94875 0.175 0 1 2666.66666666667 1 5 1.74296930505862 5 1000 18569 5
"170" "Z" 0.006 -0.9075 0.54625 0 1 2666.66666666667 1 5 0.604678532572337 5 1000 16005 5
"171" "Z" 0.06 -0.20625 0.0925 1 1 2666.66666666667 1 5 2.38054663446376 5 1000 16762 5
"172" "Z" 0.006 -0.70125 0.01 0 1 2666.66666666667 1 5 4.60517018598809 5 1000 15453 5
"173" "Z" 0.006 -0.9075 0.79375 1 1 2666.66666666667 1 5 0.230986728775236 5 1000 16030 5
"174" "Z" 0.06 -0.4125 0.0925 0 0.5 2666.66666666667 1 5 2.38054663446376 5 1000 17260 5
"175" "Z" 0.006 -0.70125 0.01 0 0.5 2666.66666666667 1 5 4.60517018598809 5 1000 15452 5
"176" "Z" 0.06 -0.61875 0.79375 0 0.5 2666.66666666667 1 5 0.230986728775236 5 1000 17828 5
"177" "Z" 0.06 -0.9075 0.34 0 0 2666.66666666667 1 5 1.07880966137193 5 1000 18483 5
"178" "Z" 0.006 -0.28875 0.79375 0 0.5 2666.66666666667 1 5 0.230986728775236 5 1000 14528 5
"179" "Z" 0.006 -0.825 0.0925 1 1 2666.66666666667 1 5 2.38054663446376 5 1000 15762 5
"180" "Z" 0.006 -0.5775 0.62875 0 1 2666.66666666667 1 5 0.464021557568188 5 1000 15213 5
"181" "Z" 0.006 -0.7425 0.95875 0 0.5 2666.66666666667 1 5 0.042124926300671 5 1000 15644 5
"182" "Z" 0.006 -0.9075 0.5875 0 0.5 2666.66666666667 1 5 0.531879032963823 5 1000 16008 5
"183" "Z" 0.006 -0.0825 0.29875 1 1 2666.66666666667 1 5 1.20814817573642 5 1000 13982 5
"184" "Z" 0.006 -0.20625 0.01 1 1 2666.66666666667 1 5 4.60517018598809 5 1000 14254 5
"185" "Z" 0.006 -0.33 0.38125 0 0 2666.66666666667 1 5 0.964299951060516 5 1000 14587 5
"186" "Z" 0.006 -0.33 0.38125 0 0.5 2666.66666666667 1 5 0.964299951060516 5 1000 14588 5
"187" "Z" 0.06 -0.99 0.9175 0 0 2666.66666666667 1 5 0.0861026990534116 5 1000 18739 5
"188" "Z" 0.06 -0.28875 0.71125 0 1 2666.66666666667 1 5 0.340731293541596 5 1000 17021 5
"189" "Z" 0.006 -0.0825 0.95875 0 0.5 2666.66666666667 1 5 0.042124926300671 5 1000 14044 5
"190" "Z" 0.006 -0.45375 0.71125 1 1 2666.66666666667 1 5 0.340731293541596 5 1000 14922 5
"191" "Z" 0.006 -0.4125 0.4225 0 0.5 2666.66666666667 1 5 0.861565832184908 5 1000 14792 5
"192" "Z" 0.006 -0.5775 0.01 0 0.5 2666.66666666667 1 5 4.60517018598809 5 1000 15152 5
"193" "Z" 0.06 -0.61875 0.29875 0 0 2666.66666666667 1 5 1.20814817573642 5 1000 17779 5
"194" "Z" 0.006 -0.70125 0.87625 0 0 2666.66666666667 1 5 0.132103840633337 5 1000 15535 5
"195" "Z" 0.06 -0.0825 0.79375 0 0.5 2666.66666666667 1 5 0.230986728775236 5 1000 16528 5
"196" "Z" 0.006 -0.61875 0.5875 0 0 2666.66666666667 1 5 0.531879032963823 5 1000 15307 5
"197" "Z" 0.06 -0.0825 0.2575 0 1 2666.66666666667 1 5 1.35673555887835 5 1000 16477 5
"198" "Z" 0.006 -0.20625 0.79375 0 1 2666.66666666667 1 5 0.230986728775236 5 1000 14329 5
"199" "Z" 0.06 0 0.835 0 1 2666.66666666667 1 5 0.180323554131281 5 1000 16333 5
"200" "Z" 0.06 -0.7425 0.54625 0 1 2666.66666666667 1 5 0.604678532572337 5 1000 18105 5
"201" "Z" 0.006 -0.53625 0.05125 0 0 2666.66666666667 1 5 2.97103966096362 5 1000 15055 5
"202" "Z" 0.06 -0.78375 0.29875 1 1 2666.66666666667 1 5 1.20814817573642 5 1000 18182 5
"203" "Z" 0.06 -0.495 0.0925 1 1 2666.66666666667 1 5 2.38054663446376 5 1000 17462 5
"204" "Z" 0.06 0 0.38125 0 0 2666.66666666667 1 5 0.964299951060516 5 1000 16287 5
"205" "Z" 0.006 -0.12375 0.01 1 1 2666.66666666667 1 5 4.60517018598809 5 1000 14054 5
"206" "Z" 0.06 -0.94875 0.62875 0 0 2666.66666666667 1 5 0.464021557568188 5 1000 18611 5
"207" "Z" 0.006 -0.7425 0.175 0 1 2666.66666666667 1 5 1.74296930505862 5 1000 15569 5
"208" "Z" 0.06 -0.70125 0.13375 0 0.5 2666.66666666667 1 5 2.01178289320602 5 1000 17964 5
"209" "Z" 0.006 -0.0825 1 0 0.5 2666.66666666667 1 5 0 5 1000 14048 5
"210" "Z" 0.006 -0.4125 0.01 0 1 2666.66666666667 1 5 4.60517018598809 5 1000 14753 5
"211" "Z" 0.06 -0.70125 1 1 1 2666.66666666667 1 5 0 5 1000 18050 5
"212" "Z" 0.06 -0.5775 0.835 0 0 2666.66666666667 1 5 0.180323554131281 5 1000 17731 5
"213" "Z" 0.006 -0.495 0.71125 0 1 2666.66666666667 1 5 0.340731293541596 5 1000 15021 5
"214" "Z" 0.006 -0.70125 0.4225 1 1 2666.66666666667 1 5 0.861565832184908 5 1000 15494 5
"215" "Z" 0.06 -0.165 0.62875 0 0 2666.66666666667 1 5 0.464021557568188 5 1000 16711 5
"216" "Z" 0.06 -0.0825 0.0925 0 1 2666.66666666667 1 5 2.38054663446376 5 1000 16461 5
"217" "Z" 0.006 -0.12375 0.71125 0 0 2666.66666666667 1 5 0.340731293541596 5 1000 14119 5
"218" "Z" 0.006 0 0.95875 0 0 2666.66666666667 1 5 0.042124926300671 5 1000 13843 5
"219" "Z" 0.06 -0.45375 0.05125 0 1 2666.66666666667 1 5 2.97103966096362 5 1000 17357 5
"220" "Z" 0.006 -0.33 0.67 0 1 2666.66666666667 1 5 0.400477566597125 5 1000 14617 5
"221" "Z" 0.06 -0.12375 0.7525 0 0 2666.66666666667 1 5 0.284354282359106 5 1000 16623 5
"222" "Z" 0.06 -0.495 0.7525 0 0.5 2666.66666666667 1 5 0.284354282359106 5 1000 17524 5
"223" "Z" 0.06 -0.61875 0.13375 0 1 2666.66666666667 1 5 2.01178289320602 5 1000 17765 5
"224" "Z" 0.006 -0.2475 0.0925 0 1 2666.66666666667 1 5 2.38054663446376 5 1000 14361 5
"225" "Z" 0.06 -0.70125 0.87625 0 0 2666.66666666667 1 5 0.132103840633337 5 1000 18035 5
"226" "Z" 0.06 -0.99 0.5875 0 0 2666.66666666667 1 5 0.531879032963823 5 1000 18707 5
"227" "Z" 0.006 -0.94875 0.9175 1 1 2666.66666666667 1 5 0.0861026990534116 5 1000 16142 5
"228" "Z" 0.006 -0.86625 0.05125 0 0 2666.66666666667 1 5 2.97103966096362 5 1000 15855 5
"229" "Z" 0.006 -0.78375 1 0 0.5 2666.66666666667 1 5 0 5 1000 15748 5
"230" "Z" 0.06 0 1 0 0 2666.66666666667 1 5 0 5 1000 16347 5
"231" "Z" 0.06 -0.2475 0.29875 0 1 2666.66666666667 1 5 1.20814817573642 5 1000 16881 5
"232" "Z" 0.006 -0.70125 1 1 1 2666.66666666667 1 5 0 5 1000 15550 5
"233" "Z" 0.06 -0.2475 0.2575 0 0 2666.66666666667 1 5 1.35673555887835 5 1000 16875 5
"234" "Z" 0.06 -0.66 0.9175 0 0.5 2666.66666666667 1 5 0.0861026990534116 5 1000 17940 5
"235" "Z" 0.006 -0.70125 0.0925 0 0.5 2666.66666666667 1 5 2.38054663446376 5 1000 15460 5
"236" "Z" 0.006 -0.825 0.54625 0 0 2666.66666666667 1 5 0.604678532572337 5 1000 15803 5
"237" "Z" 0.006 -0.5775 0.46375 1 1 2666.66666666667 1 5 0.768409665060492 5 1000 15198 5
"238" "Z" 0.06 -0.495 0.21625 0 0 2666.66666666667 1 5 1.53132013317015 5 1000 17471 5
"239" "Z" 0.006 -0.53625 0.62875 0 1 2666.66666666667 1 5 0.464021557568188 5 1000 15113 5
"240" "Z" 0.06 -0.495 0.505 0 0.5 2666.66666666667 1 5 0.683196849706777 5 1000 17500 5
"241" "Z" 0.006 -0.4125 0.9175 0 0 2666.66666666667 1 5 0.0861026990534116 5 1000 14839 5
"242" "Z" 0.06 -0.78375 0.13375 1 1 2666.66666666667 1 5 2.01178289320602 5 1000 18166 5
"243" "Z" 0.06 -0.12375 0.38125 0 0.5 2666.66666666667 1 5 0.964299951060516 5 1000 16588 5
"244" "Z" 0.006 -0.94875 0.4225 1 1 2666.66666666667 1 5 0.861565832184908 5 1000 16094 5
"245" "Z" 0.006 -0.5775 0.2575 0 0.5 2666.66666666667 1 5 1.35673555887835 5 1000 15176 5
"246" "Z" 0.06 -0.0825 0.4225 0 1 2666.66666666667 1 5 0.861565832184908 5 1000 16493 5
"247" "Z" 0.006 -0.28875 0.34 1 1 2666.66666666667 1 5 1.07880966137193 5 1000 14486 5
"248" "Z" 0.06 -0.99 1 0 1 2666.66666666667 1 5 0 5 1000 18749 5
"249" "Z" 0.006 -0.2475 1 0 0.5 2666.66666666667 1 5 0 5 1000 14448 5
"250" "Z" 0.06 -0.70125 0.38125 0 1 2666.66666666667 1 5 0.964299951060516 5 1000 17989 5
"251" "Z" 0.06 -0.45375 0.95875 1 1 2666.66666666667 1 5 0.042124926300671 5 1000 17446 5
"252" "Z" 0.006 -0.5775 0.835 0 0.5 2666.66666666667 1 5 0.180323554131281 5 1000 15232 5
"253" "Z" 0.06 -0.70125 0.175 1 1 2666.66666666667 1 5 1.74296930505862 5 1000 17970 5
"254" "Z" 0.006 -0.61875 0.0925 0 1 2666.66666666667 1 5 2.38054663446376 5 1000 15261 5
"255" "Z" 0.06 -0.33 0.0925 0 0.5 2666.66666666667 1 5 2.38054663446376 5 1000 17060 5
"256" "Z" 0.06 -0.99 0.175 0 0.5 2666.66666666667 1 5 1.74296930505862 5 1000 18668 5
"257" "Z" 0.06 -0.825 0.9175 0 0 2666.66666666667 1 5 0.0861026990534116 5 1000 18339 5
"258" "Z" 0.006 -0.37125 0.62875 0 0.5 2666.66666666667 1 5 0.464021557568188 5 1000 14712 5
"259" "Z" 0.06 -0.94875 0.4225 0 0.5 2666.66666666667 1 5 0.861565832184908 5 1000 18592 5
"260" "Z" 0.006 -0.53625 0.505 0 0.5 2666.66666666667 1 5 0.683196849706777 5 1000 15100 5
"261" "Z" 0.006 -0.61875 0.62875 0 1 2666.66666666667 1 5 0.464021557568188 5 1000 15313 5
"262" "Z" 0.06 -0.70125 0.0925 0 0.5 2666.66666666667 1 5 2.38054663446376 5 1000 17960 5
"263" "Z" 0.06 -0.70125 0.4225 0 0 2666.66666666667 1 5 0.861565832184908 5 1000 17991 5
"264" "Z" 0.006 -0.7425 0.95875 0 1 2666.66666666667 1 5 0.042124926300671 5 1000 15645 5
"265" "Z" 0.06 -0.9075 0.4225 0 1 2666.66666666667 1 5 0.861565832184908 5 1000 18493 5
"266" "Z" 0.006 -0.37125 0.34 0 1 2666.66666666667 1 5 1.07880966137193 5 1000 14685 5
"267" "Z" 0.06 -0.45375 0.62875 1 1 2666.66666666667 1 5 0.464021557568188 5 1000 17414 5
"268" "Z" 0.06 -0.20625 0.505 0 0 2666.66666666667 1 5 0.683196849706777 5 1000 16799 5
"269" "Z" 0.006 0 0.9175 0 0.5 2666.66666666667 1 5 0.0861026990534116 5 1000 13840 5
"270" "Z" 0.06 -0.94875 0.34 0 0.5 2666.66666666667 1 5 1.07880966137193 5 1000 18584 5
"271" "Z" 0.006 -0.12375 0.79375 0 0.5 2666.66666666667 1 5 0.230986728775236 5 1000 14128 5
"272" "Z" 0.006 -0.165 0.54625 0 1 2666.66666666667 1 5 0.604678532572337 5 1000 14205 5
"273" "Z" 0.06 -0.20625 0.175 0 1 2666.66666666667 1 5 1.74296930505862 5 1000 16769 5
"274" "Z" 0.06 -0.53625 0.0925 1 1 2666.66666666667 1 5 2.38054663446376 5 1000 17562 5
"275" "Z" 0.006 -0.4125 0.5875 0 0.5 2666.66666666667 1 5 0.531879032963823 5 1000 14808 5
"276" "Z" 0.06 -0.28875 0.505 0 0 2666.66666666667 1 5 0.683196849706777 5 1000 16999 5
"277" "Z" 0.006 -0.7425 0.175 1 1 2666.66666666667 1 5 1.74296930505862 5 1000 15570 5
"278" "Z" 0.06 -0.825 0.2575 0 1 2666.66666666667 1 5 1.35673555887835 5 1000 18277 5
"279" "Z" 0.06 -0.61875 0.87625 0 1 2666.66666666667 1 5 0.132103840633337 5 1000 17837 5
"280" "Z" 0.06 -0.5775 0.21625 0 0 2666.66666666667 1 5 1.53132013317015 5 1000 17671 5
"281" "Z" 0.006 -0.4125 0.175 0 0.5 2666.66666666667 1 5 1.74296930505862 5 1000 14768 5
"282" "Z" 0.006 -0.53625 0.67 0 0.5 2666.66666666667 1 5 0.400477566597125 5 1000 15116 5
"283" "Z" 0.006 -0.78375 0.835 1 1 2666.66666666667 1 5 0.180323554131281 5 1000 15734 5
"284" "Z" 0.06 -0.0825 0.835 0 0.5 2666.66666666667 1 5 0.180323554131281 5 1000 16532 5
"285" "Z" 0.006 -0.825 0.34 0 0.5 2666.66666666667 1 5 1.07880966137193 5 1000 15784 5
"286" "Z" 0.006 -0.4125 0.46375 1 1 2666.66666666667 1 5 0.768409665060492 5 1000 14798 5
"287" "Z" 0.06 -0.78375 1 1 1 2666.66666666667 1 5 0 5 1000 18250 5
"288" "Z" 0.06 -0.33 0.34 0 1 2666.66666666667 1 5 1.07880966137193 5 1000 17085 5
"289" "Z" 0.006 -0.12375 0.7525 0 0 2666.66666666667 1 5 0.284354282359106 5 1000 14123 5
"290" "Z" 0.006 -0.2475 0.2575 0 1 2666.66666666667 1 5 1.35673555887835 5 1000 14377 5
"291" "Z" 0.006 -0.70125 0.835 0 0.5 2666.66666666667 1 5 0.180323554131281 5 1000 15532 5
"292" "Z" 0.06 -0.20625 0.29875 0 0 2666.66666666667 1 5 1.20814817573642 5 1000 16779 5
"293" "Z" 0.06 -0.66 0.46375 1 1 2666.66666666667 1 5 0.768409665060492 5 1000 17898 5
"294" "Z" 0.006 -0.165 0.71125 0 1 2666.66666666667 1 5 0.340731293541596 5 1000 14221 5
"295" "Z" 0.06 -0.20625 0.54625 0 1 2666.66666666667 1 5 0.604678532572337 5 1000 16805 5
"296" "Z" 0.06 0 0.21625 1 1 2666.66666666667 1 5 1.53132013317015 5 1000 16274 5
"297" "Z" 0.006 -0.4125 0.54625 1 1 2666.66666666667 1 5 0.604678532572337 5 1000 14806 5
"298" "Z" 0.006 -0.70125 0.67 0 0 2666.66666666667 1 5 0.400477566597125 5 1000 15515 5
"299" "Z" 0.006 -0.99 0.2575 0 0.5 2666.66666666667 1 5 1.35673555887835 5 1000 16176 5
"300" "Z" 0.06 -0.2475 0.62875 1 1 2666.66666666667 1 5 0.464021557568188 5 1000 16914 5
"301" "Z" 0.006 -0.04125 0.95875 0 1 2666.66666666667 1 5 0.042124926300671 5 1000 13945 5
"302" "Z" 0.06 -0.45375 0.46375 1 1 2666.66666666667 1 5 0.768409665060492 5 1000 17398 5
"303" "Z" 0.06 -0.7425 0.67 0 1 2666.66666666667 1 5 0.400477566597125 5 1000 18117 5
"304" "Z" 0.006 -0.53625 0.4225 0 0 2666.66666666667 1 5 0.861565832184908 5 1000 15091 5
"305" "Z" 0.06 -0.61875 1 0 0 2666.66666666667 1 5 0 5 1000 17847 5
"306" "Z" 0.06 -0.12375 0.29875 0 0 2666.66666666667 1 5 1.20814817573642 5 1000 16579 5
"307" "Z" 0.006 -0.5775 0.9175 0 0 2666.66666666667 1 5 0.0861026990534116 5 1000 15239 5
"308" "Z" 0.006 -0.86625 0.38125 0 0 2666.66666666667 1 5 0.964299951060516 5 1000 15887 5
"309" "Z" 0.06 -0.37125 0.38125 0 1 2666.66666666667 1 5 0.964299951060516 5 1000 17189 5
"310" "Z" 0.06 -0.78375 0.0925 0 0.5 2666.66666666667 1 5 2.38054663446376 5 1000 18160 5
"311" "Z" 0.006 -0.45375 0.0925 0 0.5 2666.66666666667 1 5 2.38054663446376 5 1000 14860 5
"312" "Z" 0.06 -0.78375 0.38125 0 0.5 2666.66666666667 1 5 0.964299951060516 5 1000 18188 5
"313" "Z" 0.06 -0.825 0.38125 0 0 2666.66666666667 1 5 0.964299951060516 5 1000 18287 5
"314" "Z" 0.06 -0.5775 0.5875 0 0.5 2666.66666666667 1 5 0.531879032963823 5 1000 17708 5
"315" "Z" 0.006 -0.20625 0.54625 0 0.5 2666.66666666667 1 5 0.604678532572337 5 1000 14304 5
"316" "Z" 0.06 -0.53625 0.835 0 1 2666.66666666667 1 5 0.180323554131281 5 1000 17633 5
"317" "Z" 0.06 -0.2475 0.9175 0 0.5 2666.66666666667 1 5 0.0861026990534116 5 1000 16940 5
"318" "Z" 0.006 -0.5775 0.9175 1 1 2666.66666666667 1 5 0.0861026990534116 5 1000 15242 5
"319" "Z" 0.006 -0.165 0.9175 0 1 2666.66666666667 1 5 0.0861026990534116 5 1000 14241 5
"320" "Z" 0.006 -0.20625 0.95875 0 1 2666.66666666667 1 5 0.042124926300671 5 1000 14345 5
"321" "Z" 0.06 -0.78375 0.4225 0 0 2666.66666666667 1 5 0.861565832184908 5 1000 18191 5
"322" "Z" 0.006 -0.28875 0.46375 0 1 2666.66666666667 1 5 0.768409665060492 5 1000 14497 5
"323" "Z" 0.06 -0.20625 0.67 0 0 2666.66666666667 1 5 0.400477566597125 5 1000 16815 5
"324" "Z" 0.06 -0.70125 0.7525 0 1 2666.66666666667 1 5 0.284354282359106 5 1000 18025 5
"325" "Z" 0.006 -0.4125 0.62875 0 1 2666.66666666667 1 5 0.464021557568188 5 1000 14813 5
"326" "Z" 0.006 -0.0825 0.2575 0 0 2666.66666666667 1 5 1.35673555887835 5 1000 13975 5
"327" "Z" 0.006 -0.04125 0.505 0 1 2666.66666666667 1 5 0.683196849706777 5 1000 13901 5
"328" "Z" 0.06 -0.28875 0.34 0 0 2666.66666666667 1 5 1.07880966137193 5 1000 16983 5
"329" "Z" 0.006 -0.12375 0.505 1 1 2666.66666666667 1 5 0.683196849706777 5 1000 14102 5
"330" "Z" 0.006 -0.7425 0.62875 0 1 2666.66666666667 1 5 0.464021557568188 5 1000 15613 5
"331" "Z" 0.006 -0.33 0.5875 1 1 2666.66666666667 1 5 0.531879032963823 5 1000 14610 5
"332" "Z" 0.06 -0.825 0.95875 0 0 2666.66666666667 1 5 0.042124926300671 5 1000 18343 5
"333" "Z" 0.06 -0.86625 0.835 0 0.5 2666.66666666667 1 5 0.180323554131281 5 1000 18432 5
"334" "Z" 0.06 -0.5775 0.7525 0 1 2666.66666666667 1 5 0.284354282359106 5 1000 17725 5
"335" "Z" 0.006 -0.04125 0.95875 0 0.5 2666.66666666667 1 5 0.042124926300671 5 1000 13944 5
"336" "Z" 0.006 -0.495 0.01 1 1 2666.66666666667 1 5 4.60517018598809 5 1000 14954 5
"337" "Z" 0.006 -0.9075 0.71125 0 0 2666.66666666667 1 5 0.340731293541596 5 1000 16019 5
"338" "Z" 0.06 -0.165 0.95875 0 0.5 2666.66666666667 1 5 0.042124926300671 5 1000 16744 5
"339" "Z" 0.06 0 0.05125 1 1 2666.66666666667 1 5 2.97103966096362 5 1000 16258 5
"340" "Z" 0.06 -0.45375 0.7525 0 0.5 2666.66666666667 1 5 0.284354282359106 5 1000 17424 5
"341" "Z" 0.006 -0.20625 0.67 0 0.5 2666.66666666667 1 5 0.400477566597125 5 1000 14316 5
"342" "Z" 0.006 -0.33 0.9175 1 1 2666.66666666667 1 5 0.0861026990534116 5 1000 14642 5
"343" "Z" 0.006 -0.78375 0.4225 0 1 2666.66666666667 1 5 0.861565832184908 5 1000 15693 5
"344" "Z" 0.006 -0.20625 0.0925 0 0.5 2666.66666666667 1 5 2.38054663446376 5 1000 14260 5
"345" "Z" 0.006 -0.7425 0.67 0 0.5 2666.66666666667 1 5 0.400477566597125 5 1000 15616 5
"346" "Z" 0.06 -0.66 0.21625 1 1 2666.66666666667 1 5 1.53132013317015 5 1000 17874 5
"347" "Z" 0.06 -0.9075 0.46375 1 1 2666.66666666667 1 5 0.768409665060492 5 1000 18498 5
"348" "Z" 0.06 -0.0825 0.54625 0 0 2666.66666666667 1 5 0.604678532572337 5 1000 16503 5
"349" "Z" 0.006 -0.495 0.87625 0 1 2666.66666666667 1 5 0.132103840633337 5 1000 15037 5
"350" "Z" 0.006 -0.20625 0.21625 0 0.5 2666.66666666667 1 5 1.53132013317015 5 1000 14272 5
"351" "Z" 0.06 -0.2475 0.505 0 1 2666.66666666667 1 5 0.683196849706777 5 1000 16901 5
"352" "Z" 0.006 -0.99 0.835 0 0.5 2666.66666666667 1 5 0.180323554131281 5 1000 16232 5
"353" "Z" 0.06 -0.86625 0.71125 0 1 2666.66666666667 1 5 0.340731293541596 5 1000 18421 5
"354" "Z" 0.06 -0.94875 0.29875 1 1 2666.66666666667 1 5 1.20814817573642 5 1000 18582 5
"355" "Z" 0.006 -0.61875 0.79375 1 1 2666.66666666667 1 5 0.230986728775236 5 1000 15330 5
"356" "Z" 0.006 -0.12375 0.175 1 1 2666.66666666667 1 5 1.74296930505862 5 1000 14070 5
"357" "Z" 0.06 -0.28875 0.835 0 1 2666.66666666667 1 5 0.180323554131281 5 1000 17033 5
"358" "Z" 0.06 -0.66 1 0 1 2666.66666666667 1 5 0 5 1000 17949 5
"359" "Z" 0.006 -0.28875 0.175 0 0.5 2666.66666666667 1 5 1.74296930505862 5 1000 14468 5
"360" "Z" 0.006 -0.12375 0.79375 0 0 2666.66666666667 1 5 0.230986728775236 5 1000 14127 5
"361" "Z" 0.06 -0.12375 0.54625 0 0.5 2666.66666666667 1 5 0.604678532572337 5 1000 16604 5
"362" "Z" 0.006 -0.86625 0.13375 0 0 2666.66666666667 1 5 2.01178289320602 5 1000 15863 5
"363" "Z" 0.006 -0.825 0.87625 0 0.5 2666.66666666667 1 5 0.132103840633337 5 1000 15836 5
"364" "Z" 0.06 -0.04125 0.54625 0 0.5 2666.66666666667 1 5 0.604678532572337 5 1000 16404 5
"365" "Z" 0.06 -0.53625 0.46375 0 0 2666.66666666667 1 5 0.768409665060492 5 1000 17595 5
"366" "Z" 0.006 -0.825 0.95875 0 0.5 2666.66666666667 1 5 0.042124926300671 5 1000 15844 5
"367" "Z" 0.06 -0.7425 0.34 1 1 2666.66666666667 1 5 1.07880966137193 5 1000 18086 5
"368" "Z" 0.006 -0.70125 0.71125 1 1 2666.66666666667 1 5 0.340731293541596 5 1000 15522 5
"369" "Z" 0.06 -0.12375 0.67 0 0 2666.66666666667 1 5 0.400477566597125 5 1000 16615 5
"370" "Z" 0.006 -0.7425 0.835 0 1 2666.66666666667 1 5 0.180323554131281 5 1000 15633 5
"371" "Z" 0.006 -0.9075 0.21625 1 1 2666.66666666667 1 5 1.53132013317015 5 1000 15974 5
"372" "Z" 0.006 -0.9075 0.835 1 1 2666.66666666667 1 5 0.180323554131281 5 1000 16034 5
"373" "Z" 0.006 -0.86625 0.2575 0 1 2666.66666666667 1 5 1.35673555887835 5 1000 15877 5
"374" "Z" 0.006 -0.37125 0.01 0 0.5 2666.66666666667 1 5 4.60517018598809 5 1000 14652 5
"375" "Z" 0.006 -0.9075 0.38125 1 1 2666.66666666667 1 5 0.964299951060516 5 1000 15990 5
"376" "Z" 0.06 -0.165 0.175 0 0.5 2666.66666666667 1 5 1.74296930505862 5 1000 16668 5
"377" "Z" 0.06 -0.4125 0.87625 0 0.5 2666.66666666667 1 5 0.132103840633337 5 1000 17336 5
"378" "Z" 0.06 -0.70125 0.0925 0 1 2666.66666666667 1 5 2.38054663446376 5 1000 17961 5
"379" "Z" 0.06 0 0.67 0 0.5 2666.66666666667 1 5 0.400477566597125 5 1000 16316 5
"380" "Z" 0.06 -0.66 0.34 1 1 2666.66666666667 1 5 1.07880966137193 5 1000 17886 5
"381" "Z" 0.06 -0.165 0.2575 0 1 2666.66666666667 1 5 1.35673555887835 5 1000 16677 5
"382" "Z" 0.06 -0.04125 0.67 0 1 2666.66666666667 1 5 0.400477566597125 5 1000 16417 5
"383" "Z" 0.006 -0.0825 0.175 0 0.5 2666.66666666667 1 5 1.74296930505862 5 1000 13968 5
"384" "Z" 0.006 -0.61875 0.05125 0 0 2666.66666666667 1 5 2.97103966096362 5 1000 15255 5
"385" "Z" 0.06 -0.12375 0.7525 0 0.5 2666.66666666667 1 5 0.284354282359106 5 1000 16624 5
"386" "Z" 0.006 -0.12375 0.34 0 0 2666.66666666667 1 5 1.07880966137193 5 1000 14083 5
"387" "Z" 0.06 -0.5775 0.87625 0 0.5 2666.66666666667 1 5 0.132103840633337 5 1000 17736 5
"388" "Z" 0.06 -0.61875 0.01 0 1 2666.66666666667 1 5 4.60517018598809 5 1000 17753 5
"389" "Z" 0.006 -0.86625 0.175 0 1 2666.66666666667 1 5 1.74296930505862 5 1000 15869 5
"390" "Z" 0.06 -0.37125 0.79375 0 0.5 2666.66666666667 1 5 0.230986728775236 5 1000 17228 5
"391" "Z" 0.06 -0.04125 0.34 0 0 2666.66666666667 1 5 1.07880966137193 5 1000 16383 5
"392" "Z" 0.006 -0.37125 0.21625 1 1 2666.66666666667 1 5 1.53132013317015 5 1000 14674 5
"393" "Z" 0.006 -0.45375 0.87625 0 0 2666.66666666667 1 5 0.132103840633337 5 1000 14935 5
"394" "Z" 0.06 -0.4125 0.29875 0 0.5 2666.66666666667 1 5 1.20814817573642 5 1000 17280 5
"395" "Z" 0.006 -0.04125 0.4225 1 1 2666.66666666667 1 5 0.861565832184908 5 1000 13894 5
"396" "Z" 0.06 -0.53625 0.29875 1 1 2666.66666666667 1 5 1.20814817573642 5 1000 17582 5
"397" "Z" 0.06 -0.33 0.79375 1 1 2666.66666666667 1 5 0.230986728775236 5 1000 17130 5
"398" "Z" 0.006 -0.37125 0.67 0 1 2666.66666666667 1 5 0.400477566597125 5 1000 14717 5
"399" "Z" 0.06 -0.66 0.29875 0 0.5 2666.66666666667 1 5 1.20814817573642 5 1000 17880 5
"400" "Z" 0.006 -0.825 0.05125 0 0 2666.66666666667 1 5 2.97103966096362 5 1000 15755 5
"401" "Z" 0.006 -0.86625 0.05125 1 1 2666.66666666667 1 5 2.97103966096362 5 1000 15858 5
"402" "Z" 0.06 -0.86625 0.01 0 1 2666.66666666667 1 5 4.60517018598809 5 1000 18353 5
"403" "Z" 0.006 -0.2475 0.835 0 1 2666.66666666667 1 5 0.180323554131281 5 1000 14433 5
"404" "Z" 0.006 -0.86625 0.62875 0 1 2666.66666666667 1 5 0.464021557568188 5 1000 15913 5
"405" "Z" 0.006 -0.0825 0.05125 0 0 2666.66666666667 1 5 2.97103966096362 5 1000 13955 5
"406" "Z" 0.006 -0.66 0.835 0 0.5 2666.66666666667 1 5 0.180323554131281 5 1000 15432 5
"407" "Z" 0.006 -0.78375 0.67 0 0.5 2666.66666666667 1 5 0.400477566597125 5 1000 15716 5
"408" "Z" 0.006 -0.61875 0.38125 1 1 2666.66666666667 1 5 0.964299951060516 5 1000 15290 5
"409" "Z" 0.06 -0.45375 0.38125 0 0 2666.66666666667 1 5 0.964299951060516 5 1000 17387 5
"410" "Z" 0.06 -0.20625 0.13375 0 0 2666.66666666667 1 5 2.01178289320602 5 1000 16763 5
"411" "Z" 0.006 -0.28875 0.29875 0 1 2666.66666666667 1 5 1.20814817573642 5 1000 14481 5
"412" "Z" 0.06 0 0.29875 1 1 2666.66666666667 1 5 1.20814817573642 5 1000 16282 5
"413" "Z" 0.06 -0.99 0.05125 1 1 2666.66666666667 1 5 2.97103966096362 5 1000 18658 5
"414" "Z" 0.06 0 0.2575 1 1 2666.66666666667 1 5 1.35673555887835 5 1000 16278 5
"415" "Z" 0.006 -0.61875 0.87625 1 1 2666.66666666667 1 5 0.132103840633337 5 1000 15338 5
"416" "Z" 0.006 -0.20625 1 0 0.5 2666.66666666667 1 5 0 5 1000 14348 5
"417" "Z" 0.06 -0.825 0.4225 0 0.5 2666.66666666667 1 5 0.861565832184908 5 1000 18292 5
"418" "Z" 0.06 -0.33 0.05125 0 0 2666.66666666667 1 5 2.97103966096362 5 1000 17055 5
"419" "Z" 0.006 -0.04125 0.9175 0 0.5 2666.66666666667 1 5 0.0861026990534116 5 1000 13940 5
"420" "Z" 0.006 -0.12375 0.2575 0 1 2666.66666666667 1 5 1.35673555887835 5 1000 14077 5
"421" "Z" 0.006 -0.86625 0.54625 0 0 2666.66666666667 1 5 0.604678532572337 5 1000 15903 5
"422" "Z" 0.06 -0.9075 0.05125 0 1 2666.66666666667 1 5 2.97103966096362 5 1000 18457 5
"423" "Z" 0.006 -0.33 0.835 0 0.5 2666.66666666667 1 5 0.180323554131281 5 1000 14632 5
"424" "Z" 0.006 -0.53625 0.835 1 1 2666.66666666667 1 5 0.180323554131281 5 1000 15134 5
"425" "Z" 0.006 -0.33 0.175 0 0.5 2666.66666666667 1 5 1.74296930505862 5 1000 14568 5
"426" "Z" 0.06 0 0.505 0 1 2666.66666666667 1 5 0.683196849706777 5 1000 16301 5
"427" "Z" 0.06 -0.86625 0.67 0 0 2666.66666666667 1 5 0.400477566597125 5 1000 18415 5
"428" "Z" 0.006 -0.825 1 0 0 2666.66666666667 1 5 0 5 1000 15847 5
"429" "Z" 0.06 -0.78375 0.67 0 0.5 2666.66666666667 1 5 0.400477566597125 5 1000 18216 5
"430" "Z" 0.006 -0.2475 0.38125 0 1 2666.66666666667 1 5 0.964299951060516 5 1000 14389 5
"431" "Z" 0.06 -0.495 0.54625 0 0 2666.66666666667 1 5 0.604678532572337 5 1000 17503 5
"432" "Z" 0.006 -0.45375 0.62875 0 0.5 2666.66666666667 1 5 0.464021557568188 5 1000 14912 5
"433" "Z" 0.006 -0.86625 0.5875 1 1 2666.66666666667 1 5 0.531879032963823 5 1000 15910 5
"434" "Z" 0.006 -0.94875 1 0 0.5 2666.66666666667 1 5 0 5 1000 16148 5
"435" "Z" 0.06 -0.495 0.4225 0 0 2666.66666666667 1 5 0.861565832184908 5 1000 17491 5
"436" "Z" 0.006 -0.9075 0.95875 0 0.5 2666.66666666667 1 5 0.042124926300671 5 1000 16044 5
"437" "Z" 0.006 -0.2475 0.62875 0 1 2666.66666666667 1 5 0.464021557568188 5 1000 14413 5
"438" "Z" 0.006 -0.66 0.67 1 1 2666.66666666667 1 5 0.400477566597125 5 1000 15418 5
"439" "Z" 0.06 -0.04125 0.01 1 1 2666.66666666667 1 5 4.60517018598809 5 1000 16354 5
"440" "Z" 0.06 0 0.5875 1 1 2666.66666666667 1 5 0.531879032963823 5 1000 16310 5
"441" "Z" 0.06 -0.33 0.5875 0 0.5 2666.66666666667 1 5 0.531879032963823 5 1000 17108 5
"442" "Z" 0.06 -0.33 0.79375 0 0 2666.66666666667 1 5 0.230986728775236 5 1000 17127 5
"443" "Z" 0.006 -0.7425 0.79375 0 1 2666.66666666667 1 5 0.230986728775236 5 1000 15629 5
"444" "Z" 0.006 -0.4125 0.7525 0 0 2666.66666666667 1 5 0.284354282359106 5 1000 14823 5
"445" "Z" 0.06 -0.2475 0.29875 0 0.5 2666.66666666667 1 5 1.20814817573642 5 1000 16880 5
"446" "Z" 0.006 -0.28875 0.2575 1 1 2666.66666666667 1 5 1.35673555887835 5 1000 14478 5
"447" "Z" 0.006 -0.495 0.46375 0 0 2666.66666666667 1 5 0.768409665060492 5 1000 14995 5
"448" "Z" 0.06 -0.4125 0.7525 0 1 2666.66666666667 1 5 0.284354282359106 5 1000 17325 5
"449" "Z" 0.06 -0.99 0.29875 1 1 2666.66666666667 1 5 1.20814817573642 5 1000 18682 5
"450" "Z" 0.006 -0.165 0.95875 1 1 2666.66666666667 1 5 0.042124926300671 5 1000 14246 5
"451" "Z" 0.006 -0.165 0.21625 0 0.5 2666.66666666667 1 5 1.53132013317015 5 1000 14172 5
"452" "Z" 0.06 -0.37125 0.34 0 0 2666.66666666667 1 5 1.07880966137193 5 1000 17183 5
"453" "Z" 0.006 -0.495 0.505 0 0.5 2666.66666666667 1 5 0.683196849706777 5 1000 15000 5
"454" "Z" 0.06 -0.4125 0.0925 0 0 2666.66666666667 1 5 2.38054663446376 5 1000 17259 5
"455" "Z" 0.006 -0.04125 0.34 0 0.5 2666.66666666667 1 5 1.07880966137193 5 1000 13884 5
"456" "Z" 0.06 -0.61875 1 0 0.5 2666.66666666667 1 5 0 5 1000 17848 5
"457" "Z" 0.006 -0.94875 0.2575 1 1 2666.66666666667 1 5 1.35673555887835 5 1000 16078 5
"458" "Z" 0.006 -0.04125 0.54625 0 1 2666.66666666667 1 5 0.604678532572337 5 1000 13905 5
"459" "Z" 0.006 -0.33 0.01 0 0 2666.66666666667 1 5 4.60517018598809 5 1000 14551 5
"460" "Z" 0.06 -0.99 0.34 1 1 2666.66666666667 1 5 1.07880966137193 5 1000 18686 5
"461" "Z" 0.006 -0.165 0.38125 0 0 2666.66666666667 1 5 0.964299951060516 5 1000 14187 5
"462" "Z" 0.06 -0.53625 0.4225 0 1 2666.66666666667 1 5 0.861565832184908 5 1000 17593 5
"463" "Z" 0.006 0 0.79375 0 0.5 2666.66666666667 1 5 0.230986728775236 5 1000 13828 5
"464" "Z" 0.006 -0.20625 0.38125 0 0 2666.66666666667 1 5 0.964299951060516 5 1000 14287 5
"465" "Z" 0.006 -0.28875 0.34 0 1 2666.66666666667 1 5 1.07880966137193 5 1000 14485 5
"466" "Z" 0.006 -0.28875 0.0925 0 0 2666.66666666667 1 5 2.38054663446376 5 1000 14459 5
"467" "Z" 0.06 -0.28875 0.4225 0 1 2666.66666666667 1 5 0.861565832184908 5 1000 16993 5
"468" "Z" 0.006 -0.66 0.2575 0 1 2666.66666666667 1 5 1.35673555887835 5 1000 15377 5
"469" "Z" 0.006 0 0.95875 0 0.5 2666.66666666667 1 5 0.042124926300671 5 1000 13844 5
"470" "Z" 0.06 0 0.05125 0 0.5 2666.66666666667 1 5 2.97103966096362 5 1000 16256 5
"471" "Z" 0.006 -0.45375 0.21625 0 1 2666.66666666667 1 5 1.53132013317015 5 1000 14873 5
"472" "Z" 0.06 -0.28875 1 1 1 2666.66666666667 1 5 0 5 1000 17050 5
"473" "Z" 0.006 -0.94875 0.505 0 0 2666.66666666667 1 5 0.683196849706777 5 1000 16099 5
"474" "Z" 0.06 -0.5775 0.67 0 0.5 2666.66666666667 1 5 0.400477566597125 5 1000 17716 5
"475" "Z" 0.006 -0.0825 0.01 1 1 2666.66666666667 1 5 4.60517018598809 5 1000 13954 5
"476" "Z" 0.06 0 0.01 0 0 2666.66666666667 1 5 4.60517018598809 5 1000 16251 5
"477" "Z" 0.06 -0.495 0.29875 0 1 2666.66666666667 1 5 1.20814817573642 5 1000 17481 5
"478" "Z" 0.006 0 0.05125 0 0.5 2666.66666666667 1 5 2.97103966096362 5 1000 13756 5
"479" "Z" 0.06 -0.94875 0.01 0 0.5 2666.66666666667 1 5 4.60517018598809 5 1000 18552 5
"480" "Z" 0.06 -0.9075 0.34 0 1 2666.66666666667 1 5 1.07880966137193 5 1000 18485 5
"481" "Z" 0.006 -0.2475 0.38125 1 1 2666.66666666667 1 5 0.964299951060516 5 1000 14390 5
"482" "Z" 0.06 -0.94875 0.95875 1 1 2666.66666666667 1 5 0.042124926300671 5 1000 18646 5
"483" "Z" 0.006 -0.7425 0.62875 0 0.5 2666.66666666667 1 5 0.464021557568188 5 1000 15612 5
"484" "Z" 0.06 -0.495 0.95875 0 0 2666.66666666667 1 5 0.042124926300671 5 1000 17543 5
"485" "Z" 0.06 -0.53625 0.34 0 0.5 2666.66666666667 1 5 1.07880966137193 5 1000 17584 5
"486" "Z" 0.006 0 0.9175 1 1 2666.66666666667 1 5 0.0861026990534116 5 1000 13842 5
"487" "Z" 0.06 -0.5775 0.62875 0 0.5 2666.66666666667 1 5 0.464021557568188 5 1000 17712 5
"488" "Z" 0.006 -0.825 0.34 1 1 2666.66666666667 1 5 1.07880966137193 5 1000 15786 5
"489" "Z" 0.06 -0.99 0.2575 0 1 2666.66666666667 1 5 1.35673555887835 5 1000 18677 5
"490" "Z" 0.06 -0.99 0.34 0 0 2666.66666666667 1 5 1.07880966137193 5 1000 18683 5
"491" "Z" 0.06 -0.94875 0.505 0 0 2666.66666666667 1 5 0.683196849706777 5 1000 18599 5
"492" "Z" 0.006 -0.45375 0.01 1 1 2666.66666666667 1 5 4.60517018598809 5 1000 14854 5
"493" "Z" 0.06 -0.7425 0.46375 0 0 2666.66666666667 1 5 0.768409665060492 5 1000 18095 5
"494" "Z" 0.06 -0.12375 0.835 1 1 2666.66666666667 1 5 0.180323554131281 5 1000 16634 5
"495" "Z" 0.06 -0.9075 0.05125 0 0 2666.66666666667 1 5 2.97103966096362 5 1000 18455 5
"496" "Z" 0.06 -0.20625 0.62875 0 0 2666.66666666667 1 5 0.464021557568188 5 1000 16811 5
"497" "Z" 0.006 -0.0825 0.38125 0 1 2666.66666666667 1 5 0.964299951060516 5 1000 13989 5
"498" "Z" 0.006 -0.61875 0.01 0 0.5 2666.66666666667 1 5 4.60517018598809 5 1000 15252 5
"499" "Z" 0.06 -0.66 0.13375 0 0 2666.66666666667 1 5 2.01178289320602 5 1000 17863 5
"500" "Z" 0.06 -0.86625 0.13375 1 1 2666.66666666667 1 5 2.01178289320602 5 1000 18366 5
"501" "Z" 0.06 -0.0825 0.79375 0 1 2666.66666666667 1 5 0.230986728775236 5 1000 16529 5
"502" "Z" 0.06 -0.20625 1 1 1 2666.66666666667 1 5 0 5 1000 16850 5
"503" "Z" 0.006 -0.165 0.54625 1 1 2666.66666666667 1 5 0.604678532572337 5 1000 14206 5
"504" "Z" 0.006 -0.37125 0.67 1 1 2666.66666666667 1 5 0.400477566597125 5 1000 14718 5
"505" "Z" 0.06 -0.61875 0.7525 0 1 2666.66666666667 1 5 0.284354282359106 5 1000 17825 5
"506" "Z" 0.06 -0.86625 0.2575 0 0 2666.66666666667 1 5 1.35673555887835 5 1000 18375 5
"507" "Z" 0.006 -0.5775 0.2575 0 1 2666.66666666667 1 5 1.35673555887835 5 1000 15177 5
"508" "Z" 0.006 -0.53625 0.01 0 0.5 2666.66666666667 1 5 4.60517018598809 5 1000 15052 5
"509" "Z" 0.06 -0.7425 0.21625 1 1 2666.66666666667 1 5 1.53132013317015 5 1000 18074 5
"510" "Z" 0.06 -0.61875 0.67 0 1 2666.66666666667 1 5 0.400477566597125 5 1000 17817 5
"511" "Z" 0.006 -0.4125 0.13375 0 1 2666.66666666667 1 5 2.01178289320602 5 1000 14765 5
"512" "Z" 0.06 -0.825 0.05125 0 0 2666.66666666667 1 5 2.97103966096362 5 1000 18255 5
"513" "Z" 0.006 -0.45375 0.29875 1 1 2666.66666666667 1 5 1.20814817573642 5 1000 14882 5
"514" "Z" 0.006 -0.9075 0.46375 0 0 2666.66666666667 1 5 0.768409665060492 5 1000 15995 5
"515" "Z" 0.06 -0.45375 0.21625 0 0.5 2666.66666666667 1 5 1.53132013317015 5 1000 17372 5
"516" "Z" 0.006 -0.825 0.71125 0 0 2666.66666666667 1 5 0.340731293541596 5 1000 15819 5
"517" "Z" 0.06 -0.495 0.05125 0 1 2666.66666666667 1 5 2.97103966096362 5 1000 17457 5
"518" "Z" 0.006 -0.70125 0.87625 0 0.5 2666.66666666667 1 5 0.132103840633337 5 1000 15536 5
"519" "Z" 0.06 -0.99 0.46375 0 0.5 2666.66666666667 1 5 0.768409665060492 5 1000 18696 5
"520" "Z" 0.06 -0.33 0.71125 1 1 2666.66666666667 1 5 0.340731293541596 5 1000 17122 5
"521" "Z" 0.006 -0.78375 0.46375 0 1 2666.66666666667 1 5 0.768409665060492 5 1000 15697 5
"522" "Z" 0.06 -0.2475 0.34 0 1 2666.66666666667 1 5 1.07880966137193 5 1000 16885 5
"523" "Z" 0.06 -0.86625 0.05125 1 1 2666.66666666667 1 5 2.97103966096362 5 1000 18358 5
"524" "Z" 0.06 -0.53625 0.05125 0 0.5 2666.66666666667 1 5 2.97103966096362 5 1000 17556 5
"525" "Z" 0.006 -0.0825 0.0925 0 1 2666.66666666667 1 5 2.38054663446376 5 1000 13961 5
"526" "Z" 0.006 -0.825 0.9175 0 0 2666.66666666667 1 5 0.0861026990534116 5 1000 15839 5
"527" "Z" 0.06 -0.99 0.835 0 0 2666.66666666667 1 5 0.180323554131281 5 1000 18731 5
"528" "Z" 0.06 -0.94875 0.38125 1 1 2666.66666666667 1 5 0.964299951060516 5 1000 18590 5
"529" "Z" 0.06 -0.70125 0.9175 1 1 2666.66666666667 1 5 0.0861026990534116 5 1000 18042 5
"530" "Z" 0.06 -0.45375 0.21625 0 1 2666.66666666667 1 5 1.53132013317015 5 1000 17373 5
"531" "Z" 0.06 -0.70125 0.9175 0 0 2666.66666666667 1 5 0.0861026990534116 5 1000 18039 5
"532" "Z" 0.06 -0.12375 0.0925 0 0.5 2666.66666666667 1 5 2.38054663446376 5 1000 16560 5
"533" "Z" 0.06 -0.165 0.835 0 1 2666.66666666667 1 5 0.180323554131281 5 1000 16733 5
"534" "Z" 0.006 -0.2475 0.79375 0 1 2666.66666666667 1 5 0.230986728775236 5 1000 14429 5
"535" "Z" 0.006 -0.5775 0.01 0 0 2666.66666666667 1 5 4.60517018598809 5 1000 15151 5
"536" "Z" 0.06 -0.66 0.2575 0 0.5 2666.66666666667 1 5 1.35673555887835 5 1000 17876 5
"537" "Z" 0.006 -0.33 0.13375 1 1 2666.66666666667 1 5 2.01178289320602 5 1000 14566 5
"538" "Z" 0.006 -0.5775 0.0925 1 1 2666.66666666667 1 5 2.38054663446376 5 1000 15162 5
"539" "Z" 0.006 -0.45375 0.95875 0 0.5 2666.66666666667 1 5 0.042124926300671 5 1000 14944 5
"540" "Z" 0.006 -0.45375 0.13375 1 1 2666.66666666667 1 5 2.01178289320602 5 1000 14866 5
"541" "Z" 0.06 -0.4125 0.38125 0 0.5 2666.66666666667 1 5 0.964299951060516 5 1000 17288 5
"542" "Z" 0.06 -0.53625 0.505 0 0 2666.66666666667 1 5 0.683196849706777 5 1000 17599 5
"543" "Z" 0.006 -0.04125 0.175 1 1 2666.66666666667 1 5 1.74296930505862 5 1000 13870 5
"544" "Z" 0.06 0 0.0925 1 1 2666.66666666667 1 5 2.38054663446376 5 1000 16262 5
"545" "Z" 0.006 -0.2475 0.7525 0 0 2666.66666666667 1 5 0.284354282359106 5 1000 14423 5
"546" "Z" 0.06 -0.45375 1 1 1 2666.66666666667 1 5 0 5 1000 17450 5
"547" "Z" 0.006 -0.66 0.01 0 0 2666.66666666667 1 5 4.60517018598809 5 1000 15351 5
"548" "Z" 0.06 -0.495 0.79375 0 0.5 2666.66666666667 1 5 0.230986728775236 5 1000 17528 5
"549" "Z" 0.06 -0.37125 0.05125 0 0 2666.66666666667 1 5 2.97103966096362 5 1000 17155 5
"550" "Z" 0.006 -0.4125 0.01 0 0 2666.66666666667 1 5 4.60517018598809 5 1000 14751 5
"551" "Z" 0.006 -0.12375 0.13375 1 1 2666.66666666667 1 5 2.01178289320602 5 1000 14066 5
"552" "Z" 0.006 -0.5775 0.7525 1 1 2666.66666666667 1 5 0.284354282359106 5 1000 15226 5
"553" "Z" 0.06 -0.0825 0.0925 1 1 2666.66666666667 1 5 2.38054663446376 5 1000 16462 5
"554" "Z" 0.06 -0.825 0.38125 1 1 2666.66666666667 1 5 0.964299951060516 5 1000 18290 5
"555" "Z" 0.06 -0.4125 0.01 1 1 2666.66666666667 1 5 4.60517018598809 5 1000 17254 5
"556" "Z" 0.006 -0.04125 0.79375 0 1 2666.66666666667 1 5 0.230986728775236 5 1000 13929 5
"557" "Z" 0.006 -0.61875 0.505 1 1 2666.66666666667 1 5 0.683196849706777 5 1000 15302 5
"558" "Z" 0.06 -0.04125 0.38125 1 1 2666.66666666667 1 5 0.964299951060516 5 1000 16390 5
"559" "Z" 0.06 -0.165 0.05125 1 1 2666.66666666667 1 5 2.97103966096362 5 1000 16658 5
"560" "Z" 0.06 -0.0825 0.67 1 1 2666.66666666667 1 5 0.400477566597125 5 1000 16518 5
"561" "Z" 0.06 -0.99 0.505 0 0.5 2666.66666666667 1 5 0.683196849706777 5 1000 18700 5
"562" "Z" 0.06 -0.5775 0.13375 0 1 2666.66666666667 1 5 2.01178289320602 5 1000 17665 5
"563" "Z" 0.006 -0.37125 0.13375 1 1 2666.66666666667 1 5 2.01178289320602 5 1000 14666 5
"564" "Z" 0.006 -0.99 0.4225 1 1 2666.66666666667 1 5 0.861565832184908 5 1000 16194 5
"565" "Z" 0.06 -0.33 0.4225 0 0.5 2666.66666666667 1 5 0.861565832184908 5 1000 17092 5
"566" "Z" 0.006 -0.7425 0.67 1 1 2666.66666666667 1 5 0.400477566597125 5 1000 15618 5
"567" "Z" 0.006 -0.66 0.71125 0 0.5 2666.66666666667 1 5 0.340731293541596 5 1000 15420 5
"568" "Z" 0.06 -0.20625 0.2575 0 1 2666.66666666667 1 5 1.35673555887835 5 1000 16777 5
"569" "Z" 0.006 -0.165 0.13375 0 0 2666.66666666667 1 5 2.01178289320602 5 1000 14163 5
"570" "Z" 0.06 -0.04125 0.505 0 0 2666.66666666667 1 5 0.683196849706777 5 1000 16399 5
"571" "Z" 0.06 -0.70125 0.95875 0 0.5 2666.66666666667 1 5 0.042124926300671 5 1000 18044 5
"572" "Z" 0.06 -0.37125 0.67 0 0.5 2666.66666666667 1 5 0.400477566597125 5 1000 17216 5
"573" "Z" 0.06 -0.0825 0.01 0 1 2666.66666666667 1 5 4.60517018598809 5 1000 16453 5
"574" "Z" 0.006 -0.0825 0.38125 1 1 2666.66666666667 1 5 0.964299951060516 5 1000 13990 5
"575" "Z" 0.006 -0.45375 0.54625 0 1 2666.66666666667 1 5 0.604678532572337 5 1000 14905 5
"576" "Z" 0.06 -0.33 0.05125 0 0.5 2666.66666666667 1 5 2.97103966096362 5 1000 17056 5
"577" "Z" 0.006 -0.70125 0.835 0 0 2666.66666666667 1 5 0.180323554131281 5 1000 15531 5
"578" "Z" 0.006 -0.66 0.34 0 0 2666.66666666667 1 5 1.07880966137193 5 1000 15383 5
"579" "Z" 0.06 -0.165 0.13375 0 0 2666.66666666667 1 5 2.01178289320602 5 1000 16663 5
"580" "Z" 0.06 -0.66 0.62875 1 1 2666.66666666667 1 5 0.464021557568188 5 1000 17914 5
"581" "Z" 0.06 -0.66 0.54625 0 0 2666.66666666667 1 5 0.604678532572337 5 1000 17903 5
"582" "Z" 0.06 -0.9075 0.62875 0 1 2666.66666666667 1 5 0.464021557568188 5 1000 18513 5
"583" "Z" 0.06 -0.495 0.13375 1 1 2666.66666666667 1 5 2.01178289320602 5 1000 17466 5
"584" "Z" 0.06 -0.5775 0.4225 0 0.5 2666.66666666667 1 5 0.861565832184908 5 1000 17692 5
"585" "Z" 0.06 -0.12375 1 0 0 2666.66666666667 1 5 0 5 1000 16647 5
"586" "Z" 0.006 -0.37125 0.13375 0 0.5 2666.66666666667 1 5 2.01178289320602 5 1000 14664 5
"587" "Z" 0.06 -0.4125 0.13375 0 0 2666.66666666667 1 5 2.01178289320602 5 1000 17263 5
"588" "Z" 0.06 -0.28875 0.62875 1 1 2666.66666666667 1 5 0.464021557568188 5 1000 17014 5
"589" "Z" 0.06 -0.66 0.21625 0 0 2666.66666666667 1 5 1.53132013317015 5 1000 17871 5
"590" "Z" 0.06 -0.2475 0.5875 0 0 2666.66666666667 1 5 0.531879032963823 5 1000 16907 5
"591" "Z" 0.06 -0.2475 1 1 1 2666.66666666667 1 5 0 5 1000 16950 5
"592" "Z" 0.06 -0.45375 0.505 1 1 2666.66666666667 1 5 0.683196849706777 5 1000 17402 5
"593" "Z" 0.006 -0.12375 0.01 0 0 2666.66666666667 1 5 4.60517018598809 5 1000 14051 5
"594" "Z" 0.006 -0.70125 0.46375 0 0 2666.66666666667 1 5 0.768409665060492 5 1000 15495 5
"595" "Z" 0.06 -0.28875 0.05125 0 0 2666.66666666667 1 5 2.97103966096362 5 1000 16955 5
"596" "Z" 0.006 -0.78375 0.38125 0 0.5 2666.66666666667 1 5 0.964299951060516 5 1000 15688 5
"597" "Z" 0.06 -0.825 0.62875 1 1 2666.66666666667 1 5 0.464021557568188 5 1000 18314 5
"598" "Z" 0.006 -0.66 0.505 0 1 2666.66666666667 1 5 0.683196849706777 5 1000 15401 5
"599" "Z" 0.006 -0.37125 0.54625 0 0.5 2666.66666666667 1 5 0.604678532572337 5 1000 14704 5
"600" "Z" 0.06 -0.37125 0.95875 0 0 2666.66666666667 1 5 0.042124926300671 5 1000 17243 5
"601" "Z" 0.006 -0.33 0.505 0 1 2666.66666666667 1 5 0.683196849706777 5 1000 14601 5
"602" "Z" 0.06 -0.70125 0.71125 0 1 2666.66666666667 1 5 0.340731293541596 5 1000 18021 5
"603" "Z" 0.06 -0.0825 0.9175 0 1 2666.66666666667 1 5 0.0861026990534116 5 1000 16541 5
"604" "Z" 0.06 -0.78375 0.835 0 1 2666.66666666667 1 5 0.180323554131281 5 1000 18233 5
"605" "Z" 0.006 0 0.29875 0 0 2666.66666666667 1 5 1.20814817573642 5 1000 13779 5
"606" "Z" 0.06 -0.37125 1 0 1 2666.66666666667 1 5 0 5 1000 17249 5
"607" "Z" 0.06 -0.66 0.0925 0 0.5 2666.66666666667 1 5 2.38054663446376 5 1000 17860 5
"608" "Z" 0.06 -0.33 0.54625 0 1 2666.66666666667 1 5 0.604678532572337 5 1000 17105 5
"609" "Z" 0.006 -0.0825 0.01 0 0 2666.66666666667 1 5 4.60517018598809 5 1000 13951 5
"610" "Z" 0.06 -0.37125 0.2575 0 0 2666.66666666667 1 5 1.35673555887835 5 1000 17175 5
"611" "Z" 0.06 -0.70125 0.67 1 1 2666.66666666667 1 5 0.400477566597125 5 1000 18018 5
"612" "Z" 0.06 -0.165 0.29875 0 0.5 2666.66666666667 1 5 1.20814817573642 5 1000 16680 5
"613" "Z" 0.006 -0.78375 0.9175 0 0 2666.66666666667 1 5 0.0861026990534116 5 1000 15739 5
"614" "Z" 0.06 -0.70125 0.95875 0 1 2666.66666666667 1 5 0.042124926300671 5 1000 18045 5
"615" "Z" 0.06 -0.0825 1 0 0 2666.66666666667 1 5 0 5 1000 16547 5
"616" "Z" 0.006 -0.7425 0.835 1 1 2666.66666666667 1 5 0.180323554131281 5 1000 15634 5
"617" "Z" 0.006 -0.20625 0.05125 0 0 2666.66666666667 1 5 2.97103966096362 5 1000 14255 5
"618" "Z" 0.006 -0.45375 0.87625 0 1 2666.66666666667 1 5 0.132103840633337 5 1000 14937 5
"619" "Z" 0.006 -0.12375 0.0925 0 0 2666.66666666667 1 5 2.38054663446376 5 1000 14059 5
"620" "Z" 0.06 -0.5775 0.2575 0 0 2666.66666666667 1 5 1.35673555887835 5 1000 17675 5
"621" "Z" 0.006 -0.7425 0.71125 0 0 2666.66666666667 1 5 0.340731293541596 5 1000 15619 5
"622" "Z" 0.06 -0.165 0.95875 0 1 2666.66666666667 1 5 0.042124926300671 5 1000 16745 5
"623" "Z" 0.06 -0.78375 0.46375 1 1 2666.66666666667 1 5 0.768409665060492 5 1000 18198 5
"624" "Z" 0.06 -0.70125 0.01 1 1 2666.66666666667 1 5 4.60517018598809 5 1000 17954 5
"625" "Z" 0.06 -0.86625 0.01 0 0 2666.66666666667 1 5 4.60517018598809 5 1000 18351 5
"626" "Z" 0.006 -0.9075 0.62875 0 0.5 2666.66666666667 1 5 0.464021557568188 5 1000 16012 5
"627" "Z" 0.06 -0.12375 0.13375 0 0.5 2666.66666666667 1 5 2.01178289320602 5 1000 16564 5
"628" "Z" 0.06 -0.78375 0.9175 0 0.5 2666.66666666667 1 5 0.0861026990534116 5 1000 18240 5
"629" "Z" 0.06 -0.4125 0.95875 0 0.5 2666.66666666667 1 5 0.042124926300671 5 1000 17344 5
"630" "Z" 0.006 0 0.5875 1 1 2666.66666666667 1 5 0.531879032963823 5 1000 13810 5
"631" "Z" 0.06 -0.28875 0.29875 0 0 2666.66666666667 1 5 1.20814817573642 5 1000 16979 5
"632" "Z" 0.06 -0.0825 0.95875 0 0.5 2666.66666666667 1 5 0.042124926300671 5 1000 16544 5
"633" "Z" 0.06 -0.78375 0.95875 0 0.5 2666.66666666667 1 5 0.042124926300671 5 1000 18244 5
"634" "Z" 0.06 -0.9075 0.13375 0 0 2666.66666666667 1 5 2.01178289320602 5 1000 18463 5
"635" "Z" 0.06 -0.165 0.4225 0 1 2666.66666666667 1 5 0.861565832184908 5 1000 16693 5
"636" "Z" 0.006 -0.20625 0.29875 0 1 2666.66666666667 1 5 1.20814817573642 5 1000 14281 5
"637" "Z" 0.06 -0.7425 0.5875 1 1 2666.66666666667 1 5 0.531879032963823 5 1000 18110 5
"638" "Z" 0.06 -0.70125 0.01 0 0 2666.66666666667 1 5 4.60517018598809 5 1000 17951 5
"639" "Z" 0.06 -0.37125 0.0925 0 0 2666.66666666667 1 5 2.38054663446376 5 1000 17159 5
"640" "Z" 0.006 -0.9075 0.38125 0 0 2666.66666666667 1 5 0.964299951060516 5 1000 15987 5
"641" "Z" 0.06 -0.70125 0.5875 0 0.5 2666.66666666667 1 5 0.531879032963823 5 1000 18008 5
"642" "Z" 0.006 -0.165 0.505 0 1 2666.66666666667 1 5 0.683196849706777 5 1000 14201 5
"643" "Z" 0.06 -0.33 0.29875 0 0 2666.66666666667 1 5 1.20814817573642 5 1000 17079 5
"644" "Z" 0.06 -0.78375 0.79375 0 0 2666.66666666667 1 5 0.230986728775236 5 1000 18227 5
"645" "Z" 0.06 -0.0825 0.505 0 0.5 2666.66666666667 1 5 0.683196849706777 5 1000 16500 5
"646" "Z" 0.06 -0.165 0.21625 1 1 2666.66666666667 1 5 1.53132013317015 5 1000 16674 5
"647" "Z" 0.06 -0.53625 0.79375 1 1 2666.66666666667 1 5 0.230986728775236 5 1000 17630 5
"648" "Z" 0.006 -0.9075 0.05125 0 1 2666.66666666667 1 5 2.97103966096362 5 1000 15957 5
"649" "Z" 0.06 -0.7425 0.87625 0 0.5 2666.66666666667 1 5 0.132103840633337 5 1000 18136 5
"650" "Z" 0.06 -0.9075 0.62875 0 0.5 2666.66666666667 1 5 0.464021557568188 5 1000 18512 5
"651" "Z" 0.006 -0.78375 0.34 0 1 2666.66666666667 1 5 1.07880966137193 5 1000 15685 5
"652" "Z" 0.06 -0.78375 0.62875 1 1 2666.66666666667 1 5 0.464021557568188 5 1000 18214 5
"653" "Z" 0.06 -0.825 0.79375 0 1 2666.66666666667 1 5 0.230986728775236 5 1000 18329 5
"654" "Z" 0.06 -0.825 1 1 1 2666.66666666667 1 5 0 5 1000 18350 5
"655" "Z" 0.006 -0.33 0.175 0 1 2666.66666666667 1 5 1.74296930505862 5 1000 14569 5
"656" "Z" 0.006 -0.94875 1 1 1 2666.66666666667 1 5 0 5 1000 16150 5
"657" "Z" 0.006 -0.2475 0.46375 1 1 2666.66666666667 1 5 0.768409665060492 5 1000 14398 5
"658" "Z" 0.006 -0.0825 0.13375 0 0.5 2666.66666666667 1 5 2.01178289320602 5 1000 13964 5
"659" "Z" 0.06 -0.86625 0.87625 0 0.5 2666.66666666667 1 5 0.132103840633337 5 1000 18436 5
"660" "Z" 0.06 -0.94875 0.505 1 1 2666.66666666667 1 5 0.683196849706777 5 1000 18602 5
"661" "Z" 0.06 -0.12375 0.175 0 0.5 2666.66666666667 1 5 1.74296930505862 5 1000 16568 5
"662" "Z" 0.006 -0.0825 0.46375 0 0.5 2666.66666666667 1 5 0.768409665060492 5 1000 13996 5
"663" "Z" 0.06 -0.66 0.01 1 1 2666.66666666667 1 5 4.60517018598809 5 1000 17854 5
"664" "Z" 0.06 -0.66 0.71125 0 1 2666.66666666667 1 5 0.340731293541596 5 1000 17921 5
"665" "Z" 0.006 -0.37125 0.71125 0 0.5 2666.66666666667 1 5 0.340731293541596 5 1000 14720 5
"666" "Z" 0.006 -0.5775 0.29875 1 1 2666.66666666667 1 5 1.20814817573642 5 1000 15182 5
"667" "Z" 0.06 -0.28875 0.2575 0 0.5 2666.66666666667 1 5 1.35673555887835 5 1000 16976 5
"668" "Z" 0.006 -0.4125 0.95875 0 1 2666.66666666667 1 5 0.042124926300671 5 1000 14845 5
"669" "Z" 0.06 -0.495 0.71125 1 1 2666.66666666667 1 5 0.340731293541596 5 1000 17522 5
"670" "Z" 0.06 -0.2475 0.67 1 1 2666.66666666667 1 5 0.400477566597125 5 1000 16918 5
"671" "Z" 0.06 -0.28875 0.71125 0 0.5 2666.66666666667 1 5 0.340731293541596 5 1000 17020 5
"672" "Z" 0.06 -0.0825 0.01 1 1 2666.66666666667 1 5 4.60517018598809 5 1000 16454 5
"673" "Z" 0.06 -0.5775 0.79375 0 0 2666.66666666667 1 5 0.230986728775236 5 1000 17727 5
"674" "Z" 0.006 -0.825 0.46375 0 0.5 2666.66666666667 1 5 0.768409665060492 5 1000 15796 5
"675" "Z" 0.006 -0.5775 0.79375 0 1 2666.66666666667 1 5 0.230986728775236 5 1000 15229 5
"676" "Z" 0.006 -0.12375 0.34 0 0.5 2666.66666666667 1 5 1.07880966137193 5 1000 14084 5
"677" "Z" 0.06 -0.70125 0.46375 0 1 2666.66666666667 1 5 0.768409665060492 5 1000 17997 5
"678" "Z" 0.006 -0.86625 0.87625 1 1 2666.66666666667 1 5 0.132103840633337 5 1000 15938 5
"679" "Z" 0.06 -0.04125 0.9175 0 1 2666.66666666667 1 5 0.0861026990534116 5 1000 16441 5
"680" "Z" 0.006 -0.7425 0.505 0 1 2666.66666666667 1 5 0.683196849706777 5 1000 15601 5
"681" "Z" 0.06 -0.33 0.9175 0 1 2666.66666666667 1 5 0.0861026990534116 5 1000 17141 5
"682" "Z" 0.006 -0.2475 0.9175 1 1 2666.66666666667 1 5 0.0861026990534116 5 1000 14442 5
"683" "Z" 0.006 -0.37125 0.835 0 0.5 2666.66666666667 1 5 0.180323554131281 5 1000 14732 5
"684" "Z" 0.006 -0.45375 0.67 0 1 2666.66666666667 1 5 0.400477566597125 5 1000 14917 5
"685" "Z" 0.06 -0.61875 0.9175 1 1 2666.66666666667 1 5 0.0861026990534116 5 1000 17842 5
"686" "Z" 0.06 -0.04125 0.2575 0 1 2666.66666666667 1 5 1.35673555887835 5 1000 16377 5
"687" "Z" 0.006 -0.7425 0.0925 1 1 2666.66666666667 1 5 2.38054663446376 5 1000 15562 5
"688" "Z" 0.06 -0.53625 0.13375 0 0 2666.66666666667 1 5 2.01178289320602 5 1000 17563 5
"689" "Z" 0.06 -0.825 0.835 0 0 2666.66666666667 1 5 0.180323554131281 5 1000 18331 5
"690" "Z" 0.06 -0.12375 0.79375 1 1 2666.66666666667 1 5 0.230986728775236 5 1000 16630 5
"691" "Z" 0.006 -0.04125 0.67 0 1 2666.66666666667 1 5 0.400477566597125 5 1000 13917 5
"692" "Z" 0.006 -0.94875 0.21625 0 1 2666.66666666667 1 5 1.53132013317015 5 1000 16073 5
"693" "Z" 0.06 -0.78375 0.505 0 0.5 2666.66666666667 1 5 0.683196849706777 5 1000 18200 5
"694" "Z" 0.006 -0.53625 0.175 0 1 2666.66666666667 1 5 1.74296930505862 5 1000 15069 5
"695" "Z" 0.06 -0.33 0.87625 0 1 2666.66666666667 1 5 0.132103840633337 5 1000 17137 5
"696" "Z" 0.06 -0.825 0.29875 0 0 2666.66666666667 1 5 1.20814817573642 5 1000 18279 5
"697" "Z" 0.006 0 0.62875 0 0.5 2666.66666666667 1 5 0.464021557568188 5 1000 13812 5
"698" "Z" 0.06 -0.28875 0.62875 0 1 2666.66666666667 1 5 0.464021557568188 5 1000 17013 5
"699" "Z" 0.06 -0.7425 0.95875 1 1 2666.66666666667 1 5 0.042124926300671 5 1000 18146 5
"700" "Z" 0.006 -0.86625 0.95875 0 0.5 2666.66666666667 1 5 0.042124926300671 5 1000 15944 5
"701" "Z" 0.06 -0.20625 0.21625 0 1 2666.66666666667 1 5 1.53132013317015 5 1000 16773 5
"702" "Z" 0.06 0 0.505 0 0 2666.66666666667 1 5 0.683196849706777 5 1000 16299 5
"703" "Z" 0.006 -0.825 0.5875 0 1 2666.66666666667 1 5 0.531879032963823 5 1000 15809 5
"704" "Z" 0.006 -0.9075 0.7525 0 1 2666.66666666667 1 5 0.284354282359106 5 1000 16025 5
"705" "Z" 0.006 -0.86625 0.175 0 0.5 2666.66666666667 1 5 1.74296930505862 5 1000 15868 5
"706" "Z" 0.006 -0.20625 0.54625 1 1 2666.66666666667 1 5 0.604678532572337 5 1000 14306 5
"707" "Z" 0.06 -0.28875 0.29875 0 1 2666.66666666667 1 5 1.20814817573642 5 1000 16981 5
"708" "Z" 0.06 -0.94875 0.21625 0 0 2666.66666666667 1 5 1.53132013317015 5 1000 18571 5
"709" "Z" 0.06 -0.7425 0.21625 0 0.5 2666.66666666667 1 5 1.53132013317015 5 1000 18072 5
"710" "Z" 0.006 -0.2475 0.29875 1 1 2666.66666666667 1 5 1.20814817573642 5 1000 14382 5
"711" "Z" 0.06 -0.4125 0.29875 0 0 2666.66666666667 1 5 1.20814817573642 5 1000 17279 5
"712" "Z" 0.006 -0.04125 0.95875 0 0 2666.66666666667 1 5 0.042124926300671 5 1000 13943 5
"713" "Z" 0.06 -0.61875 0.46375 0 1 2666.66666666667 1 5 0.768409665060492 5 1000 17797 5
"714" "Z" 0.006 -0.37125 0.9175 0 1 2666.66666666667 1 5 0.0861026990534116 5 1000 14741 5
"715" "Z" 0.06 -0.7425 0.5875 0 1 2666.66666666667 1 5 0.531879032963823 5 1000 18109 5
"716" "Z" 0.006 -0.45375 0.21625 0 0.5 2666.66666666667 1 5 1.53132013317015 5 1000 14872 5
"717" "Z" 0.006 -0.61875 1 0 0 2666.66666666667 1 5 0 5 1000 15347 5
"718" "Z" 0.006 -0.7425 0.01 0 0.5 2666.66666666667 1 5 4.60517018598809 5 1000 15552 5
"719" "Z" 0.006 -0.28875 0.7525 0 0.5 2666.66666666667 1 5 0.284354282359106 5 1000 14524 5
"720" "Z" 0.006 -0.7425 0.38125 0 0.5 2666.66666666667 1 5 0.964299951060516 5 1000 15588 5
"721" "Z" 0.06 -0.99 0.46375 0 0 2666.66666666667 1 5 0.768409665060492 5 1000 18695 5
"722" "Z" 0.06 -0.45375 0.38125 0 1 2666.66666666667 1 5 0.964299951060516 5 1000 17389 5
"723" "Z" 0.006 -0.495 0.62875 1 1 2666.66666666667 1 5 0.464021557568188 5 1000 15014 5
"724" "Z" 0.006 -0.86625 0.4225 0 0.5 2666.66666666667 1 5 0.861565832184908 5 1000 15892 5
"725" "Z" 0.006 -0.53625 0.21625 0 0 2666.66666666667 1 5 1.53132013317015 5 1000 15071 5
"726" "Z" 0.006 -0.66 0.34 0 1 2666.66666666667 1 5 1.07880966137193 5 1000 15385 5
"727" "Z" 0.06 -0.66 0.79375 0 0.5 2666.66666666667 1 5 0.230986728775236 5 1000 17928 5
"728" "Z" 0.006 -0.78375 0.0925 0 0 2666.66666666667 1 5 2.38054663446376 5 1000 15659 5
"729" "Z" 0.006 -0.37125 0.01 0 1 2666.66666666667 1 5 4.60517018598809 5 1000 14653 5
"730" "Z" 0.06 -0.165 0.835 0 0.5 2666.66666666667 1 5 0.180323554131281 5 1000 16732 5
"731" "Z" 0.06 -0.70125 0.175 0 0.5 2666.66666666667 1 5 1.74296930505862 5 1000 17968 5
"732" "Z" 0.06 -0.78375 0.34 0 1 2666.66666666667 1 5 1.07880966137193 5 1000 18185 5
"733" "Z" 0.006 -0.165 0.175 1 1 2666.66666666667 1 5 1.74296930505862 5 1000 14170 5
"734" "Z" 0.06 -0.66 0.87625 0 1 2666.66666666667 1 5 0.132103840633337 5 1000 17937 5
"735" "Z" 0.006 -0.5775 0.71125 0 0.5 2666.66666666667 1 5 0.340731293541596 5 1000 15220 5
"736" "Z" 0.006 -0.86625 0.835 0 0.5 2666.66666666667 1 5 0.180323554131281 5 1000 15932 5
"737" "Z" 0.06 -0.37125 0.29875 1 1 2666.66666666667 1 5 1.20814817573642 5 1000 17182 5
"738" "Z" 0.06 -0.78375 0.46375 0 0.5 2666.66666666667 1 5 0.768409665060492 5 1000 18196 5
"739" "Z" 0.06 -0.9075 0.835 0 1 2666.66666666667 1 5 0.180323554131281 5 1000 18533 5
"740" "Z" 0.06 -0.5775 0.7525 0 0.5 2666.66666666667 1 5 0.284354282359106 5 1000 17724 5
"741" "Z" 0.006 -0.495 0.34 0 0.5 2666.66666666667 1 5 1.07880966137193 5 1000 14984 5
"742" "Z" 0.006 0 0.5875 0 1 2666.66666666667 1 5 0.531879032963823 5 1000 13809 5
"743" "Z" 0.006 -0.37125 0.13375 0 0 2666.66666666667 1 5 2.01178289320602 5 1000 14663 5
"744" "Z" 0.06 -0.495 0.835 1 1 2666.66666666667 1 5 0.180323554131281 5 1000 17534 5
"745" "Z" 0.06 -0.5775 0.01 1 1 2666.66666666667 1 5 4.60517018598809 5 1000 17654 5
"746" "Z" 0.06 -0.12375 0.505 0 1 2666.66666666667 1 5 0.683196849706777 5 1000 16601 5
"747" "Z" 0.06 -0.12375 0.62875 1 1 2666.66666666667 1 5 0.464021557568188 5 1000 16614 5
"748" "Z" 0.006 -0.5775 1 0 0 2666.66666666667 1 5 0 5 1000 15247 5
"749" "Z" 0.06 -0.94875 0.4225 0 1 2666.66666666667 1 5 0.861565832184908 5 1000 18593 5
"750" "Z" 0.06 -0.2475 0.5875 0 0.5 2666.66666666667 1 5 0.531879032963823 5 1000 16908 5
"751" "Z" 0.006 -0.86625 0.62875 0 0 2666.66666666667 1 5 0.464021557568188 5 1000 15911 5
"752" "Z" 0.06 -0.20625 0.175 0 0 2666.66666666667 1 5 1.74296930505862 5 1000 16767 5
"753" "Z" 0.06 -0.0825 0.9175 0 0.5 2666.66666666667 1 5 0.0861026990534116 5 1000 16540 5
"754" "Z" 0.06 -0.0825 0.62875 0 0 2666.66666666667 1 5 0.464021557568188 5 1000 16511 5
"755" "Z" 0.06 -0.53625 0.62875 0 0.5 2666.66666666667 1 5 0.464021557568188 5 1000 17612 5
"756" "Z" 0.006 -0.53625 0.71125 0 1 2666.66666666667 1 5 0.340731293541596 5 1000 15121 5
"757" "Z" 0.06 -0.165 0.87625 0 1 2666.66666666667 1 5 0.132103840633337 5 1000 16737 5
"758" "Z" 0.06 -0.94875 0.13375 0 0.5 2666.66666666667 1 5 2.01178289320602 5 1000 18564 5
"759" "Z" 0.006 -0.04125 0.71125 1 1 2666.66666666667 1 5 0.340731293541596 5 1000 13922 5
"760" "Z" 0.006 -0.04125 0.71125 0 0.5 2666.66666666667 1 5 0.340731293541596 5 1000 13920 5
"761" "Z" 0.06 -0.0825 0.79375 1 1 2666.66666666667 1 5 0.230986728775236 5 1000 16530 5
"762" "Z" 0.006 0 0.87625 0 0.5 2666.66666666667 1 5 0.132103840633337 5 1000 13836 5
"763" "Z" 0.06 -0.0825 0.5875 0 0 2666.66666666667 1 5 0.531879032963823 5 1000 16507 5
"764" "Z" 0.06 -0.825 0.71125 1 1 2666.66666666667 1 5 0.340731293541596 5 1000 18322 5
"765" "Z" 0.06 -0.165 0.95875 0 0 2666.66666666667 1 5 0.042124926300671 5 1000 16743 5
"766" "Z" 0.06 -0.5775 0.13375 0 0 2666.66666666667 1 5 2.01178289320602 5 1000 17663 5
"767" "Z" 0.06 -0.61875 0.95875 0 0 2666.66666666667 1 5 0.042124926300671 5 1000 17843 5
"768" "Z" 0.06 -0.70125 0.71125 0 0 2666.66666666667 1 5 0.340731293541596 5 1000 18019 5
"769" "Z" 0.006 -0.99 0.95875 0 1 2666.66666666667 1 5 0.042124926300671 5 1000 16245 5
"770" "Z" 0.006 -0.94875 0.34 0 0 2666.66666666667 1 5 1.07880966137193 5 1000 16083 5
"771" "Z" 0.006 -0.825 0.29875 0 0.5 2666.66666666667 1 5 1.20814817573642 5 1000 15780 5
"772" "Z" 0.06 -0.37125 0.21625 0 0.5 2666.66666666667 1 5 1.53132013317015 5 1000 17172 5
"773" "Z" 0.006 -0.78375 0.21625 0 1 2666.66666666667 1 5 1.53132013317015 5 1000 15673 5
"774" "Z" 0.06 -0.45375 0.34 0 0.5 2666.66666666667 1 5 1.07880966137193 5 1000 17384 5
"775" "Z" 0.06 -0.78375 0.21625 0 0.5 2666.66666666667 1 5 1.53132013317015 5 1000 18172 5
"776" "Z" 0.006 -0.61875 0.0925 0 0 2666.66666666667 1 5 2.38054663446376 5 1000 15259 5
"777" "Z" 0.06 -0.66 0.29875 0 0 2666.66666666667 1 5 1.20814817573642 5 1000 17879 5
"778" "Z" 0.006 -0.53625 0.54625 0 0 2666.66666666667 1 5 0.604678532572337 5 1000 15103 5
"779" "Z" 0.06 -0.4125 1 0 0 2666.66666666667 1 5 0 5 1000 17347 5
"780" "Z" 0.006 -0.4125 0.7525 0 1 2666.66666666667 1 5 0.284354282359106 5 1000 14825 5
"781" "Z" 0.06 -0.165 0.505 0 0.5 2666.66666666667 1 5 0.683196849706777 5 1000 16700 5
"782" "Z" 0.06 -0.99 0.62875 0 0.5 2666.66666666667 1 5 0.464021557568188 5 1000 18712 5
"783" "Z" 0.06 -0.78375 0.2575 0 1 2666.66666666667 1 5 1.35673555887835 5 1000 18177 5
"784" "Z" 0.006 0 0.46375 0 1 2666.66666666667 1 5 0.768409665060492 5 1000 13797 5
"785" "Z" 0.006 -0.20625 0.38125 0 0.5 2666.66666666667 1 5 0.964299951060516 5 1000 14288 5
"786" "Z" 0.006 -0.5775 0.67 0 0 2666.66666666667 1 5 0.400477566597125 5 1000 15215 5
"787" "Z" 0.06 -0.165 0.34 0 0.5 2666.66666666667 1 5 1.07880966137193 5 1000 16684 5
"788" "Z" 0.006 -0.5775 0.05125 0 0 2666.66666666667 1 5 2.97103966096362 5 1000 15155 5
"789" "Z" 0.006 -0.0825 0.13375 0 0 2666.66666666667 1 5 2.01178289320602 5 1000 13963 5
"790" "Z" 0.006 -0.86625 0.7525 0 0.5 2666.66666666667 1 5 0.284354282359106 5 1000 15924 5
"791" "Z" 0.06 -0.7425 0.835 0 0 2666.66666666667 1 5 0.180323554131281 5 1000 18131 5
"792" "Z" 0.06 -0.45375 0.38125 1 1 2666.66666666667 1 5 0.964299951060516 5 1000 17390 5
"793" "Z" 0.006 -0.9075 0.13375 0 0 2666.66666666667 1 5 2.01178289320602 5 1000 15963 5
"794" "Z" 0.006 -0.9075 0.67 0 1 2666.66666666667 1 5 0.400477566597125 5 1000 16017 5
"795" "Z" 0.06 -0.4125 0.38125 0 1 2666.66666666667 1 5 0.964299951060516 5 1000 17289 5
"796" "Z" 0.06 0 0.62875 0 0 2666.66666666667 1 5 0.464021557568188 5 1000 16311 5
"797" "Z" 0.006 -0.495 0.79375 0 0 2666.66666666667 1 5 0.230986728775236 5 1000 15027 5
"798" "Z" 0.06 -0.2475 0.0925 0 1 2666.66666666667 1 5 2.38054663446376 5 1000 16861 5
"799" "Z" 0.06 -0.86625 1 0 1 2666.66666666667 1 5 0 5 1000 18449 5
"800" "Z" 0.06 -0.45375 0.2575 1 1 2666.66666666667 1 5 1.35673555887835 5 1000 17378 5
"801" "Z" 0.06 -0.04125 0.835 0 0 2666.66666666667 1 5 0.180323554131281 5 1000 16431 5
"802" "Z" 0.006 -0.86625 0.95875 1 1 2666.66666666667 1 5 0.042124926300671 5 1000 15946 5
"803" "Z" 0.006 0 0.2575 1 1 2666.66666666667 1 5 1.35673555887835 5 1000 13778 5
"804" "Z" 0.06 -0.78375 0.505 0 1 2666.66666666667 1 5 0.683196849706777 5 1000 18201 5
"805" "Z" 0.006 -0.28875 0.21625 0 1 2666.66666666667 1 5 1.53132013317015 5 1000 14473 5
"806" "Z" 0.006 -0.78375 0.0925 0 1 2666.66666666667 1 5 2.38054663446376 5 1000 15661 5
"807" "Z" 0.06 -0.0825 0.95875 0 0 2666.66666666667 1 5 0.042124926300671 5 1000 16543 5
"808" "Z" 0.06 -0.20625 0.87625 0 0.5 2666.66666666667 1 5 0.132103840633337 5 1000 16836 5
"809" "Z" 0.06 -0.61875 0.2575 0 0.5 2666.66666666667 1 5 1.35673555887835 5 1000 17776 5
"810" "Z" 0.06 -0.0825 0.54625 0 1 2666.66666666667 1 5 0.604678532572337 5 1000 16505 5
"811" "Z" 0.06 -0.70125 0.29875 0 0 2666.66666666667 1 5 1.20814817573642 5 1000 17979 5
"812" "Z" 0.06 -0.61875 0.87625 0 0 2666.66666666667 1 5 0.132103840633337 5 1000 17835 5
"813" "Z" 0.006 -0.86625 0.67 1 1 2666.66666666667 1 5 0.400477566597125 5 1000 15918 5
"814" "Z" 0.006 -0.5775 0.5875 1 1 2666.66666666667 1 5 0.531879032963823 5 1000 15210 5
"815" "Z" 0.006 -0.45375 0.46375 0 1 2666.66666666667 1 5 0.768409665060492 5 1000 14897 5
"816" "Z" 0.06 -0.86625 0.7525 0 0.5 2666.66666666667 1 5 0.284354282359106 5 1000 18424 5
"817" "Z" 0.06 -0.53625 0.21625 0 1 2666.66666666667 1 5 1.53132013317015 5 1000 17573 5
"818" "Z" 0.06 -0.0825 0.21625 1 1 2666.66666666667 1 5 1.53132013317015 5 1000 16474 5
"819" "Z" 0.06 -0.94875 0.79375 0 1 2666.66666666667 1 5 0.230986728775236 5 1000 18629 5
"820" "Z" 0.006 -0.78375 0.38125 1 1 2666.66666666667 1 5 0.964299951060516 5 1000 15690 5
"821" "Z" 0.06 -0.12375 0.505 1 1 2666.66666666667 1 5 0.683196849706777 5 1000 16602 5
"822" "Z" 0.006 -0.7425 0.34 0 1 2666.66666666667 1 5 1.07880966137193 5 1000 15585 5
"823" "Z" 0.006 -0.9075 0.29875 1 1 2666.66666666667 1 5 1.20814817573642 5 1000 15982 5
"824" "Z" 0.06 -0.12375 0.46375 0 1 2666.66666666667 1 5 0.768409665060492 5 1000 16597 5
"825" "Z" 0.06 -0.37125 0.505 0 0.5 2666.66666666667 1 5 0.683196849706777 5 1000 17200 5
"826" "Z" 0.06 -0.4125 0.9175 0 1 2666.66666666667 1 5 0.0861026990534116 5 1000 17341 5
"827" "Z" 0.006 -0.45375 0.01 0 0.5 2666.66666666667 1 5 4.60517018598809 5 1000 14852 5
"828" "Z" 0.006 -0.0825 0.21625 0 0.5 2666.66666666667 1 5 1.53132013317015 5 1000 13972 5
"829" "Z" 0.06 0 0.9175 0 0 2666.66666666667 1 5 0.0861026990534116 5 1000 16339 5
"830" "Z" 0.06 -0.37125 0.46375 0 0 2666.66666666667 1 5 0.768409665060492 5 1000 17195 5
"831" "Z" 0.006 -0.4125 0.79375 1 1 2666.66666666667 1 5 0.230986728775236 5 1000 14830 5
"832" "Z" 0.006 -0.99 0.79375 1 1 2666.66666666667 1 5 0.230986728775236 5 1000 16230 5
"833" "Z" 0.06 -0.86625 0.62875 0 0 2666.66666666667 1 5 0.464021557568188 5 1000 18411 5
"834" "Z" 0.006 -0.28875 0.0925 0 1 2666.66666666667 1 5 2.38054663446376 5 1000 14461 5
"835" "Z" 0.06 -0.70125 0.46375 0 0.5 2666.66666666667 1 5 0.768409665060492 5 1000 17996 5
"836" "Z" 0.06 -0.04125 1 1 1 2666.66666666667 1 5 0 5 1000 16450 5
"837" "Z" 0.006 -0.53625 0.13375 0 0.5 2666.66666666667 1 5 2.01178289320602 5 1000 15064 5
"838" "Z" 0.06 -0.53625 0.4225 0 0.5 2666.66666666667 1 5 0.861565832184908 5 1000 17592 5
"839" "Z" 0.06 0 0.46375 0 0 2666.66666666667 1 5 0.768409665060492 5 1000 16295 5
"840" "Z" 0.06 -0.825 0.21625 0 1 2666.66666666667 1 5 1.53132013317015 5 1000 18273 5
"841" "Z" 0.06 -0.04125 0.175 0 0 2666.66666666667 1 5 1.74296930505862 5 1000 16367 5
"842" "Z" 0.006 -0.4125 0.21625 1 1 2666.66666666667 1 5 1.53132013317015 5 1000 14774 5
"843" "Z" 0.06 -0.28875 0.21625 0 0.5 2666.66666666667 1 5 1.53132013317015 5 1000 16972 5
"844" "Z" 0.006 -0.94875 0.7525 0 1 2666.66666666667 1 5 0.284354282359106 5 1000 16125 5
"845" "Z" 0.06 -0.94875 0.46375 0 0.5 2666.66666666667 1 5 0.768409665060492 5 1000 18596 5
"846" "Z" 0.06 -0.37125 0.29875 0 0.5 2666.66666666667 1 5 1.20814817573642 5 1000 17180 5
"847" "Z" 0.06 -0.99 0.54625 0 0.5 2666.66666666667 1 5 0.604678532572337 5 1000 18704 5
"848" "Z" 0.006 -0.94875 0.4225 0 1 2666.66666666667 1 5 0.861565832184908 5 1000 16093 5
"849" "Z" 0.006 -0.33 0.95875 1 1 2666.66666666667 1 5 0.042124926300671 5 1000 14646 5
"850" "Z" 0.06 -0.78375 0.87625 0 0.5 2666.66666666667 1 5 0.132103840633337 5 1000 18236 5
"851" "Z" 0.006 -0.66 0.38125 0 0.5 2666.66666666667 1 5 0.964299951060516 5 1000 15388 5
"852" "Z" 0.006 -0.0825 0.505 0 1 2666.66666666667 1 5 0.683196849706777 5 1000 14001 5
"853" "Z" 0.06 -0.12375 0.62875 0 0.5 2666.66666666667 1 5 0.464021557568188 5 1000 16612 5
"854" "Z" 0.006 -0.53625 0.71125 1 1 2666.66666666667 1 5 0.340731293541596 5 1000 15122 5
"855" "Z" 0.006 -0.495 0.29875 0 1 2666.66666666667 1 5 1.20814817573642 5 1000 14981 5
"856" "Z" 0.06 -0.61875 0.4225 1 1 2666.66666666667 1 5 0.861565832184908 5 1000 17794 5
"857" "Z" 0.006 -0.0825 0.13375 1 1 2666.66666666667 1 5 2.01178289320602 5 1000 13966 5
"858" "Z" 0.06 -0.4125 0.13375 0 0.5 2666.66666666667 1 5 2.01178289320602 5 1000 17264 5
"859" "Z" 0.006 -0.0825 0.29875 0 1 2666.66666666667 1 5 1.20814817573642 5 1000 13981 5
"860" "Z" 0.006 -0.20625 0.62875 0 1 2666.66666666667 1 5 0.464021557568188 5 1000 14313 5
"861" "Z" 0.06 -0.86625 0.87625 0 0 2666.66666666667 1 5 0.132103840633337 5 1000 18435 5
"862" "Z" 0.06 -0.37125 0.9175 0 0.5 2666.66666666667 1 5 0.0861026990534116 5 1000 17240 5
"863" "Z" 0.006 -0.86625 0.38125 0 0.5 2666.66666666667 1 5 0.964299951060516 5 1000 15888 5
"864" "Z" 0.006 -0.37125 0.38125 0 0 2666.66666666667 1 5 0.964299951060516 5 1000 14687 5
"865" "Z" 0.006 -0.37125 0.21625 0 0.5 2666.66666666667 1 5 1.53132013317015 5 1000 14672 5
"866" "Z" 0.06 -0.45375 0.95875 0 0.5 2666.66666666667 1 5 0.042124926300671 5 1000 17444 5
"867" "Z" 0.06 -0.5775 0.54625 0 1 2666.66666666667 1 5 0.604678532572337 5 1000 17705 5
"868" "Z" 0.06 -0.45375 0.0925 0 0 2666.66666666667 1 5 2.38054663446376 5 1000 17359 5
"869" "Z" 0.06 -0.33 0.505 0 1 2666.66666666667 1 5 0.683196849706777 5 1000 17101 5
"870" "Z" 0.006 -0.5775 0.54625 0 0 2666.66666666667 1 5 0.604678532572337 5 1000 15203 5
"871" "Z" 0.006 -0.45375 0.46375 1 1 2666.66666666667 1 5 0.768409665060492 5 1000 14898 5
"872" "Z" 0.006 -0.7425 0.79375 1 1 2666.66666666667 1 5 0.230986728775236 5 1000 15630 5
"873" "Z" 0.06 -0.99 0.21625 0 0 2666.66666666667 1 5 1.53132013317015 5 1000 18671 5
"874" "Z" 0.006 -0.20625 0.95875 0 0.5 2666.66666666667 1 5 0.042124926300671 5 1000 14344 5
"875" "Z" 0.006 -0.28875 0.87625 0 0 2666.66666666667 1 5 0.132103840633337 5 1000 14535 5
"876" "Z" 0.006 -0.45375 0.05125 0 1 2666.66666666667 1 5 2.97103966096362 5 1000 14857 5
"877" "Z" 0.006 -0.99 0.21625 0 0 2666.66666666667 1 5 1.53132013317015 5 1000 16171 5
"878" "Z" 0.06 -0.12375 0.05125 0 0.5 2666.66666666667 1 5 2.97103966096362 5 1000 16556 5
"879" "Z" 0.006 -0.66 1 0 0.5 2666.66666666667 1 5 0 5 1000 15448 5
"880" "Z" 0.006 -0.165 0.54625 0 0 2666.66666666667 1 5 0.604678532572337 5 1000 14203 5
"881" "Z" 0.06 -0.04125 0.9175 1 1 2666.66666666667 1 5 0.0861026990534116 5 1000 16442 5
"882" "Z" 0.06 -0.33 0.38125 1 1 2666.66666666667 1 5 0.964299951060516 5 1000 17090 5
"883" "Z" 0.006 -0.495 0.46375 1 1 2666.66666666667 1 5 0.768409665060492 5 1000 14998 5
"884" "Z" 0.06 -0.78375 0.79375 1 1 2666.66666666667 1 5 0.230986728775236 5 1000 18230 5
"885" "Z" 0.006 -0.70125 0.505 0 0 2666.66666666667 1 5 0.683196849706777 5 1000 15499 5
"886" "Z" 0.06 -0.5775 0.46375 0 0.5 2666.66666666667 1 5 0.768409665060492 5 1000 17696 5
"887" "Z" 0.006 -0.61875 0.46375 1 1 2666.66666666667 1 5 0.768409665060492 5 1000 15298 5
"888" "Z" 0.06 -0.12375 0.46375 0 0.5 2666.66666666667 1 5 0.768409665060492 5 1000 16596 5
"889" "Z" 0.006 -0.45375 0.05125 0 0.5 2666.66666666667 1 5 2.97103966096362 5 1000 14856 5
"890" "Z" 0.06 -0.165 0.62875 1 1 2666.66666666667 1 5 0.464021557568188 5 1000 16714 5
"891" "Z" 0.06 -0.12375 0.9175 0 0 2666.66666666667 1 5 0.0861026990534116 5 1000 16639 5
"892" "Z" 0.006 -0.33 0.29875 0 0.5 2666.66666666667 1 5 1.20814817573642 5 1000 14580 5
"893" "Z" 0.006 -0.0825 0.4225 1 1 2666.66666666667 1 5 0.861565832184908 5 1000 13994 5
"894" "Z" 0.006 -0.7425 0.5875 0 1 2666.66666666667 1 5 0.531879032963823 5 1000 15609 5
"895" "Z" 0.06 -0.94875 0.4225 0 0 2666.66666666667 1 5 0.861565832184908 5 1000 18591 5
"896" "Z" 0.06 -0.9075 0.87625 0 1 2666.66666666667 1 5 0.132103840633337 5 1000 18537 5
"897" "Z" 0.006 -0.5775 0.7525 0 0.5 2666.66666666667 1 5 0.284354282359106 5 1000 15224 5
"898" "Z" 0.06 -0.78375 0.01 0 0 2666.66666666667 1 5 4.60517018598809 5 1000 18151 5
"899" "Z" 0.006 -0.66 0.13375 0 1 2666.66666666667 1 5 2.01178289320602 5 1000 15365 5
"900" "Z" 0.06 -0.61875 0.5875 1 1 2666.66666666667 1 5 0.531879032963823 5 1000 17810 5
"901" "Z" 0.006 -0.70125 0.79375 1 1 2666.66666666667 1 5 0.230986728775236 5 1000 15530 5
"902" "Z" 0.06 -0.495 0.29875 0 0.5 2666.66666666667 1 5 1.20814817573642 5 1000 17480 5
"903" "Z" 0.006 -0.33 0.62875 0 1 2666.66666666667 1 5 0.464021557568188 5 1000 14613 5
"904" "Z" 0.006 -0.20625 0.21625 1 1 2666.66666666667 1 5 1.53132013317015 5 1000 14274 5
"905" "Z" 0.006 -0.94875 0.0925 0 1 2666.66666666667 1 5 2.38054663446376 5 1000 16061 5
"906" "Z" 0.006 -0.5775 0.0925 0 1 2666.66666666667 1 5 2.38054663446376 5 1000 15161 5
"907" "Z" 0.006 -0.7425 0.7525 0 0 2666.66666666667 1 5 0.284354282359106 5 1000 15623 5
"908" "Z" 0.006 -0.70125 0.46375 0 0.5 2666.66666666667 1 5 0.768409665060492 5 1000 15496 5
"909" "Z" 0.006 -0.99 0.54625 0 0.5 2666.66666666667 1 5 0.604678532572337 5 1000 16204 5
"910" "Z" 0.06 -0.28875 0.5875 0 1 2666.66666666667 1 5 0.531879032963823 5 1000 17009 5
"911" "Z" 0.006 -0.7425 0.2575 0 0 2666.66666666667 1 5 1.35673555887835 5 1000 15575 5
"912" "Z" 0.006 -0.5775 0.95875 1 1 2666.66666666667 1 5 0.042124926300671 5 1000 15246 5
"913" "Z" 0.06 -0.28875 0.01 0 1 2666.66666666667 1 5 4.60517018598809 5 1000 16953 5
"914" "Z" 0.006 0 0.34 0 0 2666.66666666667 1 5 1.07880966137193 5 1000 13783 5
"915" "Z" 0.06 -0.86625 0.38125 0 0.5 2666.66666666667 1 5 0.964299951060516 5 1000 18388 5
"916" "Z" 0.006 -0.86625 0.175 1 1 2666.66666666667 1 5 1.74296930505862 5 1000 15870 5
"917" "Z" 0.06 -0.9075 0.21625 1 1 2666.66666666667 1 5 1.53132013317015 5 1000 18474 5
"918" "Z" 0.006 -0.94875 0.9175 0 0 2666.66666666667 1 5 0.0861026990534116 5 1000 16139 5
"919" "Z" 0.006 0 0.7525 0 0 2666.66666666667 1 5 0.284354282359106 5 1000 13823 5
"920" "Z" 0.006 -0.0825 0.9175 0 0.5 2666.66666666667 1 5 0.0861026990534116 5 1000 14040 5
"921" "Z" 0.006 -0.53625 0.95875 0 0.5 2666.66666666667 1 5 0.042124926300671 5 1000 15144 5
"922" "Z" 0.006 -0.37125 0.95875 1 1 2666.66666666667 1 5 0.042124926300671 5 1000 14746 5
"923" "Z" 0.006 -0.7425 0.4225 0 0.5 2666.66666666667 1 5 0.861565832184908 5 1000 15592 5
"924" "Z" 0.06 -0.825 0.79375 0 0.5 2666.66666666667 1 5 0.230986728775236 5 1000 18328 5
"925" "Z" 0.006 -0.165 0.62875 0 0.5 2666.66666666667 1 5 0.464021557568188 5 1000 14212 5
"926" "Z" 0.006 -0.495 0.9175 1 1 2666.66666666667 1 5 0.0861026990534116 5 1000 15042 5
"927" "Z" 0.06 -0.37125 0.87625 1 1 2666.66666666667 1 5 0.132103840633337 5 1000 17238 5
"928" "Z" 0.06 -0.0825 0.87625 0 0 2666.66666666667 1 5 0.132103840633337 5 1000 16535 5
"929" "Z" 0.006 -0.86625 0.01 1 1 2666.66666666667 1 5 4.60517018598809 5 1000 15854 5
"930" "Z" 0.06 -0.825 0.5875 0 0.5 2666.66666666667 1 5 0.531879032963823 5 1000 18308 5
"931" "Z" 0.06 -0.04125 0.0925 0 0.5 2666.66666666667 1 5 2.38054663446376 5 1000 16360 5
"932" "Z" 0.06 -0.66 0.38125 1 1 2666.66666666667 1 5 0.964299951060516 5 1000 17890 5
"933" "Z" 0.06 -0.33 0.54625 0 0 2666.66666666667 1 5 0.604678532572337 5 1000 17103 5
"934" "Z" 0.06 -0.495 0.05125 0 0 2666.66666666667 1 5 2.97103966096362 5 1000 17455 5
"935" "Z" 0.06 -0.33 0.29875 0 1 2666.66666666667 1 5 1.20814817573642 5 1000 17081 5
"936" "Z" 0.006 -0.86625 0.87625 0 0 2666.66666666667 1 5 0.132103840633337 5 1000 15935 5
"937" "Z" 0.006 -0.78375 0.2575 0 1 2666.66666666667 1 5 1.35673555887835 5 1000 15677 5
"938" "Z" 0.06 -0.5775 0.505 0 0.5 2666.66666666667 1 5 0.683196849706777 5 1000 17700 5
"939" "Z" 0.006 -0.99 0.34 1 1 2666.66666666667 1 5 1.07880966137193 5 1000 16186 5
"940" "Z" 0.006 -0.20625 0.9175 1 1 2666.66666666667 1 5 0.0861026990534116 5 1000 14342 5
"941" "Z" 0.006 -0.04125 0.7525 0 1 2666.66666666667 1 5 0.284354282359106 5 1000 13925 5
"942" "Z" 0.06 -0.33 0.175 0 0 2666.66666666667 1 5 1.74296930505862 5 1000 17067 5
"943" "Z" 0.06 -0.99 0.835 0 0.5 2666.66666666667 1 5 0.180323554131281 5 1000 18732 5
"944" "Z" 0.06 -0.04125 0.0925 0 1 2666.66666666667 1 5 2.38054663446376 5 1000 16361 5
"945" "Z" 0.006 -0.61875 0.71125 0 0.5 2666.66666666667 1 5 0.340731293541596 5 1000 15320 5
"946" "Z" 0.06 -0.165 0.87625 0 0 2666.66666666667 1 5 0.132103840633337 5 1000 16735 5
"947" "Z" 0.006 -0.5775 0.62875 0 0.5 2666.66666666667 1 5 0.464021557568188 5 1000 15212 5
"948" "Z" 0.006 -0.4125 0.67 0 1 2666.66666666667 1 5 0.400477566597125 5 1000 14817 5
"949" "Z" 0.006 -0.20625 0.5875 0 1 2666.66666666667 1 5 0.531879032963823 5 1000 14309 5
"950" "Z" 0.006 -0.9075 0.5875 0 0 2666.66666666667 1 5 0.531879032963823 5 1000 16007 5
"951" "Z" 0.006 -0.4125 0.79375 0 1 2666.66666666667 1 5 0.230986728775236 5 1000 14829 5
"952" "Z" 0.006 -0.37125 0.95875 0 0.5 2666.66666666667 1 5 0.042124926300671 5 1000 14744 5
"953" "Z" 0.06 -0.4125 0.505 0 0 2666.66666666667 1 5 0.683196849706777 5 1000 17299 5
"954" "Z" 0.006 -0.495 1 0 1 2666.66666666667 1 5 0 5 1000 15049 5
"955" "Z" 0.06 -0.99 0.2575 0 0.5 2666.66666666667 1 5 1.35673555887835 5 1000 18676 5
"956" "Z" 0.06 -0.70125 0.175 0 1 2666.66666666667 1 5 1.74296930505862 5 1000 17969 5
"957" "Z" 0.06 -0.7425 0.4225 0 1 2666.66666666667 1 5 0.861565832184908 5 1000 18093 5
"958" "Z" 0.06 -0.70125 0.835 0 0.5 2666.66666666667 1 5 0.180323554131281 5 1000 18032 5
"959" "Z" 0.06 -0.0825 0.38125 1 1 2666.66666666667 1 5 0.964299951060516 5 1000 16490 5
"960" "Z" 0.06 -0.20625 0.79375 0 0 2666.66666666667 1 5 0.230986728775236 5 1000 16827 5
"961" "Z" 0.06 -0.70125 0.34 1 1 2666.66666666667 1 5 1.07880966137193 5 1000 17986 5
"962" "Z" 0.006 -0.37125 0.505 1 1 2666.66666666667 1 5 0.683196849706777 5 1000 14702 5
"963" "Z" 0.06 -0.2475 1 0 0 2666.66666666667 1 5 0 5 1000 16947 5
"964" "Z" 0.006 -0.20625 0.505 0 0.5 2666.66666666667 1 5 0.683196849706777 5 1000 14300 5
"965" "Z" 0.006 -0.5775 0.67 0 1 2666.66666666667 1 5 0.400477566597125 5 1000 15217 5
"966" "Z" 0.06 -0.53625 0.87625 0 0.5 2666.66666666667 1 5 0.132103840633337 5 1000 17636 5
"967" "Z" 0.006 -0.45375 0.01 0 1 2666.66666666667 1 5 4.60517018598809 5 1000 14853 5
"968" "Z" 0.006 -0.53625 0.175 0 0 2666.66666666667 1 5 1.74296930505862 5 1000 15067 5
"969" "Z" 0.006 -0.20625 0.835 0 0 2666.66666666667 1 5 0.180323554131281 5 1000 14331 5
"970" "Z" 0.06 -0.86625 0.5875 1 1 2666.66666666667 1 5 0.531879032963823 5 1000 18410 5
"971" "Z" 0.06 -0.7425 0.175 0 0.5 2666.66666666667 1 5 1.74296930505862 5 1000 18068 5
"972" "Z" 0.006 -0.495 0.38125 0 0.5 2666.66666666667 1 5 0.964299951060516 5 1000 14988 5
"973" "Z" 0.06 -0.165 1 0 1 2666.66666666667 1 5 0 5 1000 16749 5
"974" "Z" 0.006 -0.37125 0.175 1 1 2666.66666666667 1 5 1.74296930505862 5 1000 14670 5
"975" "Z" 0.006 -0.4125 0.5875 1 1 2666.66666666667 1 5 0.531879032963823 5 1000 14810 5
"976" "Z" 0.006 -0.28875 0.62875 0 1 2666.66666666667 1 5 0.464021557568188 5 1000 14513 5
"977" "Z" 0.06 -0.20625 0.05125 0 0 2666.66666666667 1 5 2.97103966096362 5 1000 16755 5
"978" "Z" 0.006 -0.99 0.38125 0 0.5 2666.66666666667 1 5 0.964299951060516 5 1000 16188 5
"979" "Z" 0.006 0 0.505 0 0.5 2666.66666666667 1 5 0.683196849706777 5 1000 13800 5
"980" "Z" 0.006 -0.94875 0.835 1 1 2666.66666666667 1 5 0.180323554131281 5 1000 16134 5
"981" "Z" 0.006 -0.37125 0.7525 1 1 2666.66666666667 1 5 0.284354282359106 5 1000 14726 5
"982" "Z" 0.06 -0.70125 0.05125 1 1 2666.66666666667 1 5 2.97103966096362 5 1000 17958 5
"983" "Z" 0.06 -0.165 0.71125 0 0.5 2666.66666666667 1 5 0.340731293541596 5 1000 16720 5
"984" "Z" 0.06 -0.86625 0.4225 1 1 2666.66666666667 1 5 0.861565832184908 5 1000 18394 5
"985" "Z" 0.006 -0.165 0.4225 0 1 2666.66666666667 1 5 0.861565832184908 5 1000 14193 5
"986" "Z" 0.006 -0.86625 0.0925 0 1 2666.66666666667 1 5 2.38054663446376 5 1000 15861 5
"987" "Z" 0.006 -0.5775 0.13375 0 0 2666.66666666667 1 5 2.01178289320602 5 1000 15163 5
"988" "Z" 0.006 -0.78375 0.54625 1 1 2666.66666666667 1 5 0.604678532572337 5 1000 15706 5
"989" "Z" 0.006 -0.45375 0.38125 1 1 2666.66666666667 1 5 0.964299951060516 5 1000 14890 5
"990" "Z" 0.06 -0.45375 0.67 1 1 2666.66666666667 1 5 0.400477566597125 5 1000 17418 5
"991" "Z" 0.06 -0.12375 0.38125 0 0 2666.66666666667 1 5 0.964299951060516 5 1000 16587 5
"992" "Z" 0.006 -0.33 0.01 0 1 2666.66666666667 1 5 4.60517018598809 5 1000 14553 5
"993" "Z" 0.006 -0.04125 0.34 1 1 2666.66666666667 1 5 1.07880966137193 5 1000 13886 5
"994" "Z" 0.06 -0.78375 0.29875 0 1 2666.66666666667 1 5 1.20814817573642 5 1000 18181 5
"995" "Z" 0.006 -0.33 0.87625 1 1 2666.66666666667 1 5 0.132103840633337 5 1000 14638 5
"996" "Z" 0.06 -0.33 1 0 0.5 2666.66666666667 1 5 0 5 1000 17148 5
"997" "Z" 0.006 -0.45375 0.7525 0 0 2666.66666666667 1 5 0.284354282359106 5 1000 14923 5
"998" "Z" 0.006 -0.86625 1 0 0.5 2666.66666666667 1 5 0 5 1000 15948 5
"999" "Z" 0.006 -0.7425 0.67 0 0 2666.66666666667 1 5 0.400477566597125 5 1000 15615 5
"1000" "Z" 0.06 -0.53625 0.4225 1 1 2666.66666666667 1 5 0.861565832184908 5 1000 17594 5
"1001" "Z" 0.06 -0.86625 0.835 1 1 2666.66666666667 1 5 0.180323554131281 5 1000 18434 5
"1002" "Z" 0.06 -0.53625 0.67 1 1 2666.66666666667 1 5 0.400477566597125 5 1000 17618 5
"1003" "Z" 0.06 -0.61875 0.2575 0 0 2666.66666666667 1 5 1.35673555887835 5 1000 17775 5
"1004" "Z" 0.06 -0.165 0.21625 0 1 2666.66666666667 1 5 1.53132013317015 5 1000 16673 5
"1005" "Z" 0.006 -0.70125 0.67 1 1 2666.66666666667 1 5 0.400477566597125 5 1000 15518 5
"1006" "Z" 0.006 -0.53625 0.505 0 0 2666.66666666667 1 5 0.683196849706777 5 1000 15099 5
"1007" "Z" 0.06 -0.9075 0.87625 1 1 2666.66666666667 1 5 0.132103840633337 5 1000 18538 5
"1008" "Z" 0.006 -0.33 0.87625 0 0 2666.66666666667 1 5 0.132103840633337 5 1000 14635 5
"1009" "Z" 0.06 -0.78375 0.38125 0 1 2666.66666666667 1 5 0.964299951060516 5 1000 18189 5
"1010" "Z" 0.006 -0.66 0.29875 0 0.5 2666.66666666667 1 5 1.20814817573642 5 1000 15380 5
"1011" "Z" 0.06 -0.7425 0.71125 0 0.5 2666.66666666667 1 5 0.340731293541596 5 1000 18120 5
"1012" "Z" 0.006 -0.53625 0.0925 1 1 2666.66666666667 1 5 2.38054663446376 5 1000 15062 5
"1013" "Z" 0.06 -0.28875 0.175 0 0 2666.66666666667 1 5 1.74296930505862 5 1000 16967 5
"1014" "Z" 0.06 -0.04125 0.21625 0 1 2666.66666666667 1 5 1.53132013317015 5 1000 16373 5
"1015" "Z" 0.06 -0.94875 0.13375 0 0 2666.66666666667 1 5 2.01178289320602 5 1000 18563 5
"1016" "Z" 0.006 -0.20625 0.87625 0 0 2666.66666666667 1 5 0.132103840633337 5 1000 14335 5
"1017" "Z" 0.006 -0.37125 0.4225 0 0 2666.66666666667 1 5 0.861565832184908 5 1000 14691 5
"1018" "Z" 0.06 -0.61875 0.0925 1 1 2666.66666666667 1 5 2.38054663446376 5 1000 17762 5
"1019" "Z" 0.006 0 0.2575 0 0.5 2666.66666666667 1 5 1.35673555887835 5 1000 13776 5
"1020" "Z" 0.006 -0.86625 0.5875 0 0.5 2666.66666666667 1 5 0.531879032963823 5 1000 15908 5
"1021" "Z" 0.006 -0.9075 0.79375 0 0.5 2666.66666666667 1 5 0.230986728775236 5 1000 16028 5
"1022" "Z" 0.006 -0.2475 0.835 1 1 2666.66666666667 1 5 0.180323554131281 5 1000 14434 5
"1023" "Z" 0.006 -0.9075 0.4225 0 1 2666.66666666667 1 5 0.861565832184908 5 1000 15993 5
"1024" "Z" 0.006 -0.7425 0.54625 0 1 2666.66666666667 1 5 0.604678532572337 5 1000 15605 5
"1025" "Z" 0.06 -0.94875 0.505 0 1 2666.66666666667 1 5 0.683196849706777 5 1000 18601 5
"1026" "Z" 0.06 -0.9075 0.0925 1 1 2666.66666666667 1 5 2.38054663446376 5 1000 18462 5
"1027" "Z" 0.006 -0.20625 0.62875 0 0.5 2666.66666666667 1 5 0.464021557568188 5 1000 14312 5
"1028" "Z" 0.06 -0.825 0.62875 0 1 2666.66666666667 1 5 0.464021557568188 5 1000 18313 5
"1029" "Z" 0.006 -0.165 1 1 1 2666.66666666667 1 5 0 5 1000 14250 5
"1030" "Z" 0.06 -0.94875 0.71125 0 0.5 2666.66666666667 1 5 0.340731293541596 5 1000 18620 5
"1031" "Z" 0.06 -0.28875 0.67 0 0 2666.66666666667 1 5 0.400477566597125 5 1000 17015 5
"1032" "Z" 0.006 -0.0825 0.87625 0 0.5 2666.66666666667 1 5 0.132103840633337 5 1000 14036 5
"1033" "Z" 0.006 -0.04125 1 0 0 2666.66666666667 1 5 0 5 1000 13947 5
"1034" "Z" 0.06 -0.94875 0.38125 0 0.5 2666.66666666667 1 5 0.964299951060516 5 1000 18588 5
"1035" "Z" 0.006 -0.7425 0.9175 0 1 2666.66666666667 1 5 0.0861026990534116 5 1000 15641 5
"1036" "Z" 0.06 -0.61875 0.38125 1 1 2666.66666666667 1 5 0.964299951060516 5 1000 17790 5
"1037" "Z" 0.006 -0.61875 1 0 0.5 2666.66666666667 1 5 0 5 1000 15348 5
"1038" "Z" 0.006 -0.2475 0.34 0 0 2666.66666666667 1 5 1.07880966137193 5 1000 14383 5
"1039" "Z" 0.06 -0.825 0.4225 0 1 2666.66666666667 1 5 0.861565832184908 5 1000 18293 5
"1040" "Z" 0.06 -0.66 0.34 0 1 2666.66666666667 1 5 1.07880966137193 5 1000 17885 5
"1041" "Z" 0.006 -0.66 0.9175 0 0 2666.66666666667 1 5 0.0861026990534116 5 1000 15439 5
"1042" "Z" 0.006 -0.94875 0.175 0 1 2666.66666666667 1 5 1.74296930505862 5 1000 16069 5
"1043" "Z" 0.06 -0.20625 0.54625 1 1 2666.66666666667 1 5 0.604678532572337 5 1000 16806 5
"1044" "Z" 0.006 -0.33 0.67 1 1 2666.66666666667 1 5 0.400477566597125 5 1000 14618 5
"1045" "Z" 0.06 -0.53625 0.29875 0 0.5 2666.66666666667 1 5 1.20814817573642 5 1000 17580 5
"1046" "Z" 0.06 -0.04125 0.21625 0 0.5 2666.66666666667 1 5 1.53132013317015 5 1000 16372 5
"1047" "Z" 0.06 -0.37125 0.67 0 1 2666.66666666667 1 5 0.400477566597125 5 1000 17217 5
"1048" "Z" 0.06 -0.78375 0.0925 0 0 2666.66666666667 1 5 2.38054663446376 5 1000 18159 5
"1049" "Z" 0.006 -0.9075 0.835 0 0.5 2666.66666666667 1 5 0.180323554131281 5 1000 16032 5
"1050" "Z" 0.06 -0.04125 0.7525 0 1 2666.66666666667 1 5 0.284354282359106 5 1000 16425 5
"1051" "Z" 0.06 -0.7425 0.67 0 0 2666.66666666667 1 5 0.400477566597125 5 1000 18115 5
"1052" "Z" 0.06 -0.4125 0.87625 0 0 2666.66666666667 1 5 0.132103840633337 5 1000 17335 5
"1053" "Z" 0.06 -0.61875 0.7525 0 0 2666.66666666667 1 5 0.284354282359106 5 1000 17823 5
"1054" "Z" 0.06 -0.61875 1 1 1 2666.66666666667 1 5 0 5 1000 17850 5
"1055" "Z" 0.06 -0.45375 0.175 1 1 2666.66666666667 1 5 1.74296930505862 5 1000 17370 5
"1056" "Z" 0.006 -0.28875 0.62875 0 0 2666.66666666667 1 5 0.464021557568188 5 1000 14511 5
"1057" "Z" 0.006 -0.70125 0.62875 1 1 2666.66666666667 1 5 0.464021557568188 5 1000 15514 5
"1058" "Z" 0.006 -0.5775 0.01 1 1 2666.66666666667 1 5 4.60517018598809 5 1000 15154 5
"1059" "Z" 0.06 0 0.4225 0 0.5 2666.66666666667 1 5 0.861565832184908 5 1000 16292 5
"1060" "Z" 0.06 -0.94875 1 0 1 2666.66666666667 1 5 0 5 1000 18649 5
"1061" "Z" 0.006 -0.9075 0.62875 0 1 2666.66666666667 1 5 0.464021557568188 5 1000 16013 5
"1062" "Z" 0.06 -0.78375 0.0925 1 1 2666.66666666667 1 5 2.38054663446376 5 1000 18162 5
"1063" "Z" 0.06 -0.9075 0.13375 1 1 2666.66666666667 1 5 2.01178289320602 5 1000 18466 5
"1064" "Z" 0.06 -0.37125 0.505 0 0 2666.66666666667 1 5 0.683196849706777 5 1000 17199 5
"1065" "Z" 0.006 -0.20625 0.29875 0 0.5 2666.66666666667 1 5 1.20814817573642 5 1000 14280 5
"1066" "Z" 0.06 0 0.29875 0 1 2666.66666666667 1 5 1.20814817573642 5 1000 16281 5
"1067" "Z" 0.006 -0.37125 0.62875 0 1 2666.66666666667 1 5 0.464021557568188 5 1000 14713 5
"1068" "Z" 0.06 -0.53625 0.46375 0 1 2666.66666666667 1 5 0.768409665060492 5 1000 17597 5
"1069" "Z" 0.006 -0.495 0.62875 0 1 2666.66666666667 1 5 0.464021557568188 5 1000 15013 5
"1070" "Z" 0.006 -0.2475 0.62875 1 1 2666.66666666667 1 5 0.464021557568188 5 1000 14414 5
"1071" "Z" 0.006 -0.5775 0.05125 0 0.5 2666.66666666667 1 5 2.97103966096362 5 1000 15156 5
"1072" "Z" 0.06 -0.78375 0.95875 0 0 2666.66666666667 1 5 0.042124926300671 5 1000 18243 5
"1073" "Z" 0.06 -0.86625 0.29875 0 0.5 2666.66666666667 1 5 1.20814817573642 5 1000 18380 5
"1074" "Z" 0.06 -0.04125 0.71125 0 1 2666.66666666667 1 5 0.340731293541596 5 1000 16421 5
"1075" "Z" 0.006 -0.66 0.95875 0 1 2666.66666666667 1 5 0.042124926300671 5 1000 15445 5
"1076" "Z" 0.06 -0.7425 0.835 1 1 2666.66666666667 1 5 0.180323554131281 5 1000 18134 5
"1077" "Z" 0.006 -0.37125 0.505 0 1 2666.66666666667 1 5 0.683196849706777 5 1000 14701 5
"1078" "Z" 0.06 -0.04125 0.34 1 1 2666.66666666667 1 5 1.07880966137193 5 1000 16386 5
"1079" "Z" 0.006 -0.37125 0.175 0 0 2666.66666666667 1 5 1.74296930505862 5 1000 14667 5
"1080" "Z" 0.06 -0.99 0.87625 0 0.5 2666.66666666667 1 5 0.132103840633337 5 1000 18736 5
"1081" "Z" 0.006 -0.0825 0.95875 0 1 2666.66666666667 1 5 0.042124926300671 5 1000 14045 5
"1082" "Z" 0.006 -0.04125 0.4225 0 0 2666.66666666667 1 5 0.861565832184908 5 1000 13891 5
"1083" "Z" 0.006 -0.12375 0.0925 0 0.5 2666.66666666667 1 5 2.38054663446376 5 1000 14060 5
"1084" "Z" 0.06 -0.2475 0.67 0 0 2666.66666666667 1 5 0.400477566597125 5 1000 16915 5
"1085" "Z" 0.06 -0.2475 0.95875 0 1 2666.66666666667 1 5 0.042124926300671 5 1000 16945 5
"1086" "Z" 0.06 -0.37125 0.5875 0 0 2666.66666666667 1 5 0.531879032963823 5 1000 17207 5
"1087" "Z" 0.06 -0.12375 0.01 0 1 2666.66666666667 1 5 4.60517018598809 5 1000 16553 5
"1088" "Z" 0.006 -0.12375 0.62875 0 0 2666.66666666667 1 5 0.464021557568188 5 1000 14111 5
"1089" "Z" 0.006 -0.0825 0.505 1 1 2666.66666666667 1 5 0.683196849706777 5 1000 14002 5
"1090" "Z" 0.006 -0.45375 0.71125 0 0.5 2666.66666666667 1 5 0.340731293541596 5 1000 14920 5
"1091" "Z" 0.06 -0.495 0.175 0 1 2666.66666666667 1 5 1.74296930505862 5 1000 17469 5
"1092" "Z" 0.06 -0.20625 0.0925 0 0.5 2666.66666666667 1 5 2.38054663446376 5 1000 16760 5
"1093" "Z" 0.006 -0.04125 0.01 0 0 2666.66666666667 1 5 4.60517018598809 5 1000 13851 5
"1094" "Z" 0.006 -0.4125 0.835 0 0.5 2666.66666666667 1 5 0.180323554131281 5 1000 14832 5
"1095" "Z" 0.006 -0.61875 0.0925 0 0.5 2666.66666666667 1 5 2.38054663446376 5 1000 15260 5
"1096" "Z" 0.006 -0.495 0.7525 1 1 2666.66666666667 1 5 0.284354282359106 5 1000 15026 5
"1097" "Z" 0.06 -0.5775 0.46375 1 1 2666.66666666667 1 5 0.768409665060492 5 1000 17698 5
"1098" "Z" 0.006 -0.45375 0.7525 0 1 2666.66666666667 1 5 0.284354282359106 5 1000 14925 5
"1099" "Z" 0.06 -0.94875 0.7525 1 1 2666.66666666667 1 5 0.284354282359106 5 1000 18626 5
"1100" "Z" 0.06 -0.7425 0.9175 0 1 2666.66666666667 1 5 0.0861026990534116 5 1000 18141 5
"1101" "Z" 0.06 -0.04125 1 0 0.5 2666.66666666667 1 5 0 5 1000 16448 5
"1102" "Z" 0.006 -0.94875 0.71125 0 0.5 2666.66666666667 1 5 0.340731293541596 5 1000 16120 5
"1103" "Z" 0.06 -0.825 0.54625 1 1 2666.66666666667 1 5 0.604678532572337 5 1000 18306 5
"1104" "Z" 0.06 -0.825 0.5875 0 1 2666.66666666667 1 5 0.531879032963823 5 1000 18309 5
"1105" "Z" 0.006 -0.45375 0.46375 0 0.5 2666.66666666667 1 5 0.768409665060492 5 1000 14896 5
"1106" "Z" 0.06 -0.70125 0.62875 0 0.5 2666.66666666667 1 5 0.464021557568188 5 1000 18012 5
"1107" "Z" 0.06 -0.04125 0.13375 0 0 2666.66666666667 1 5 2.01178289320602 5 1000 16363 5
"1108" "Z" 0.06 -0.28875 0.13375 0 0.5 2666.66666666667 1 5 2.01178289320602 5 1000 16964 5
"1109" "Z" 0.06 -0.165 0.0925 1 1 2666.66666666667 1 5 2.38054663446376 5 1000 16662 5
"1110" "Z" 0.06 -0.2475 0.95875 0 0.5 2666.66666666667 1 5 0.042124926300671 5 1000 16944 5
"1111" "Z" 0.006 0 0.4225 0 0 2666.66666666667 1 5 0.861565832184908 5 1000 13791 5
"1112" "Z" 0.06 -0.4125 0.46375 0 0.5 2666.66666666667 1 5 0.768409665060492 5 1000 17296 5
"1113" "Z" 0.06 -0.495 0.2575 0 1 2666.66666666667 1 5 1.35673555887835 5 1000 17477 5
"1114" "Z" 0.006 -0.0825 0.62875 0 0 2666.66666666667 1 5 0.464021557568188 5 1000 14011 5
"1115" "Z" 0.06 -0.28875 0.54625 0 0.5 2666.66666666667 1 5 0.604678532572337 5 1000 17004 5
"1116" "Z" 0.06 -0.70125 0.29875 0 1 2666.66666666667 1 5 1.20814817573642 5 1000 17981 5
"1117" "Z" 0.06 -0.33 0.175 0 0.5 2666.66666666667 1 5 1.74296930505862 5 1000 17068 5
"1118" "Z" 0.06 -0.53625 0.46375 1 1 2666.66666666667 1 5 0.768409665060492 5 1000 17598 5
"1119" "Z" 0.006 -0.165 1 0 1 2666.66666666667 1 5 0 5 1000 14249 5
"1120" "Z" 0.06 -0.5775 0.175 0 0 2666.66666666667 1 5 1.74296930505862 5 1000 17667 5
"1121" "Z" 0.06 0 0.87625 0 0 2666.66666666667 1 5 0.132103840633337 5 1000 16335 5
"1122" "Z" 0.006 -0.5775 0.5875 0 1 2666.66666666667 1 5 0.531879032963823 5 1000 15209 5
"1123" "Z" 0.06 -0.7425 0.175 1 1 2666.66666666667 1 5 1.74296930505862 5 1000 18070 5
"1124" "Z" 0.006 -0.45375 0.9175 1 1 2666.66666666667 1 5 0.0861026990534116 5 1000 14942 5
"1125" "Z" 0.006 -0.37125 0.67 0 0.5 2666.66666666667 1 5 0.400477566597125 5 1000 14716 5
"1126" "Z" 0.006 -0.9075 0.505 0 0 2666.66666666667 1 5 0.683196849706777 5 1000 15999 5
"1127" "Z" 0.06 0 0.67 0 0 2666.66666666667 1 5 0.400477566597125 5 1000 16315 5
"1128" "Z" 0.06 -0.5775 0.67 0 1 2666.66666666667 1 5 0.400477566597125 5 1000 17717 5
"1129" "Z" 0.006 0 1 0 1 2666.66666666667 1 5 0 5 1000 13849 5
"1130" "Z" 0.06 -0.37125 0.5875 0 0.5 2666.66666666667 1 5 0.531879032963823 5 1000 17208 5
"1131" "Z" 0.06 -0.37125 0.4225 1 1 2666.66666666667 1 5 0.861565832184908 5 1000 17194 5
"1132" "Z" 0.06 -0.45375 0.67 0 0.5 2666.66666666667 1 5 0.400477566597125 5 1000 17416 5
"1133" "Z" 0.006 -0.9075 0.05125 0 0.5 2666.66666666667 1 5 2.97103966096362 5 1000 15956 5
"1134" "Z" 0.06 -0.70125 0.05125 0 0.5 2666.66666666667 1 5 2.97103966096362 5 1000 17956 5
"1135" "Z" 0.06 -0.53625 0.0925 0 0.5 2666.66666666667 1 5 2.38054663446376 5 1000 17560 5
"1136" "Z" 0.006 -0.4125 0.38125 0 0.5 2666.66666666667 1 5 0.964299951060516 5 1000 14788 5
"1137" "Z" 0.006 -0.37125 0.5875 0 0 2666.66666666667 1 5 0.531879032963823 5 1000 14707 5
"1138" "Z" 0.006 0 0.0925 1 1 2666.66666666667 1 5 2.38054663446376 5 1000 13762 5
"1139" "Z" 0.006 -0.04125 0.38125 0 0.5 2666.66666666667 1 5 0.964299951060516 5 1000 13888 5
"1140" "Z" 0.06 -0.61875 0.54625 0 0.5 2666.66666666667 1 5 0.604678532572337 5 1000 17804 5
"1141" "Z" 0.06 -0.66 0.7525 0 0.5 2666.66666666667 1 5 0.284354282359106 5 1000 17924 5
"1142" "Z" 0.06 -0.12375 0.4225 0 0 2666.66666666667 1 5 0.861565832184908 5 1000 16591 5
"1143" "Z" 0.06 -0.99 0.95875 1 1 2666.66666666667 1 5 0.042124926300671 5 1000 18746 5
"1144" "Z" 0.006 -0.78375 0.54625 0 1 2666.66666666667 1 5 0.604678532572337 5 1000 15705 5
"1145" "Z" 0.06 -0.495 0.175 1 1 2666.66666666667 1 5 1.74296930505862 5 1000 17470 5
"1146" "Z" 0.06 -0.28875 0.835 1 1 2666.66666666667 1 5 0.180323554131281 5 1000 17034 5
"1147" "Z" 0.06 -0.94875 0.835 0 0.5 2666.66666666667 1 5 0.180323554131281 5 1000 18632 5
"1148" "Z" 0.06 -0.99 1 0 0 2666.66666666667 1 5 0 5 1000 18747 5
"1149" "Z" 0.06 -0.495 0.13375 0 0.5 2666.66666666667 1 5 2.01178289320602 5 1000 17464 5
"1150" "Z" 0.006 -0.94875 1 0 1 2666.66666666667 1 5 0 5 1000 16149 5
"1151" "Z" 0.006 -0.4125 1 0 0 2666.66666666667 1 5 0 5 1000 14847 5
"1152" "Z" 0.06 -0.33 0.0925 0 0 2666.66666666667 1 5 2.38054663446376 5 1000 17059 5
"1153" "Z" 0.06 -0.37125 0.05125 1 1 2666.66666666667 1 5 2.97103966096362 5 1000 17158 5
"1154" "Z" 0.06 -0.45375 0.9175 0 0 2666.66666666667 1 5 0.0861026990534116 5 1000 17439 5
"1155" "Z" 0.06 -0.45375 1 0 0.5 2666.66666666667 1 5 0 5 1000 17448 5
"1156" "Z" 0.006 -0.33 0.95875 0 0 2666.66666666667 1 5 0.042124926300671 5 1000 14643 5
"1157" "Z" 0.006 -0.825 0.54625 0 1 2666.66666666667 1 5 0.604678532572337 5 1000 15805 5
"1158" "Z" 0.006 -0.61875 0.05125 0 0.5 2666.66666666667 1 5 2.97103966096362 5 1000 15256 5
"1159" "Z" 0.06 -0.495 0.05125 1 1 2666.66666666667 1 5 2.97103966096362 5 1000 17458 5
"1160" "Z" 0.006 -0.0825 0.79375 0 1 2666.66666666667 1 5 0.230986728775236 5 1000 14029 5
"1161" "Z" 0.006 -0.04125 0.13375 0 0.5 2666.66666666667 1 5 2.01178289320602 5 1000 13864 5
"1162" "Z" 0.06 -0.4125 0.9175 1 1 2666.66666666667 1 5 0.0861026990534116 5 1000 17342 5
"1163" "Z" 0.06 -0.94875 0.95875 0 0.5 2666.66666666667 1 5 0.042124926300671 5 1000 18644 5
"1164" "Z" 0.06 -0.12375 0.835 0 0.5 2666.66666666667 1 5 0.180323554131281 5 1000 16632 5
"1165" "Z" 0.006 -0.20625 0.29875 1 1 2666.66666666667 1 5 1.20814817573642 5 1000 14282 5
"1166" "Z" 0.06 -0.45375 0.0925 1 1 2666.66666666667 1 5 2.38054663446376 5 1000 17362 5
"1167" "Z" 0.006 -0.99 0.13375 0 1 2666.66666666667 1 5 2.01178289320602 5 1000 16165 5
"1168" "Z" 0.006 -0.99 0.9175 0 0 2666.66666666667 1 5 0.0861026990534116 5 1000 16239 5
"1169" "Z" 0.06 -0.165 0.01 0 0.5 2666.66666666667 1 5 4.60517018598809 5 1000 16652 5
"1170" "Z" 0.06 -0.53625 0.62875 1 1 2666.66666666667 1 5 0.464021557568188 5 1000 17614 5
"1171" "Z" 0.06 -0.37125 0.7525 0 1 2666.66666666667 1 5 0.284354282359106 5 1000 17225 5
"1172" "Z" 0.06 -0.0825 0.38125 0 0.5 2666.66666666667 1 5 0.964299951060516 5 1000 16488 5
"1173" "Z" 0.06 0 0.175 0 1 2666.66666666667 1 5 1.74296930505862 5 1000 16269 5
"1174" "Z" 0.06 -0.78375 0.05125 1 1 2666.66666666667 1 5 2.97103966096362 5 1000 18158 5
"1175" "Z" 0.06 -0.33 0.4225 1 1 2666.66666666667 1 5 0.861565832184908 5 1000 17094 5
"1176" "Z" 0.006 -0.2475 0.13375 1 1 2666.66666666667 1 5 2.01178289320602 5 1000 14366 5
"1177" "Z" 0.006 -0.70125 0.34 0 0.5 2666.66666666667 1 5 1.07880966137193 5 1000 15484 5
"1178" "Z" 0.006 -0.4125 0.7525 1 1 2666.66666666667 1 5 0.284354282359106 5 1000 14826 5
"1179" "Z" 0.006 -0.165 0.71125 1 1 2666.66666666667 1 5 0.340731293541596 5 1000 14222 5
"1180" "Z" 0.06 0 0.13375 0 0 2666.66666666667 1 5 2.01178289320602 5 1000 16263 5
"1181" "Z" 0.006 -0.66 0.29875 0 0 2666.66666666667 1 5 1.20814817573642 5 1000 15379 5
"1182" "Z" 0.06 -0.37125 0.13375 0 0 2666.66666666667 1 5 2.01178289320602 5 1000 17163 5
"1183" "Z" 0.06 -0.86625 0.38125 0 1 2666.66666666667 1 5 0.964299951060516 5 1000 18389 5
"1184" "Z" 0.06 -0.66 0.87625 0 0 2666.66666666667 1 5 0.132103840633337 5 1000 17935 5
"1185" "Z" 0.006 -0.825 0.2575 0 0.5 2666.66666666667 1 5 1.35673555887835 5 1000 15776 5
"1186" "Z" 0.06 -0.45375 0.9175 0 0.5 2666.66666666667 1 5 0.0861026990534116 5 1000 17440 5
"1187" "Z" 0.006 -0.70125 0.38125 0 1 2666.66666666667 1 5 0.964299951060516 5 1000 15489 5
"1188" "Z" 0.06 -0.495 0.01 0 1 2666.66666666667 1 5 4.60517018598809 5 1000 17453 5
"1189" "Z" 0.06 -0.37125 0.21625 1 1 2666.66666666667 1 5 1.53132013317015 5 1000 17174 5
"1190" "Z" 0.06 -0.33 0.67 0 0.5 2666.66666666667 1 5 0.400477566597125 5 1000 17116 5
"1191" "Z" 0.06 -0.20625 0.9175 1 1 2666.66666666667 1 5 0.0861026990534116 5 1000 16842 5
"1192" "Z" 0.006 -0.4125 0.34 0 0.5 2666.66666666667 1 5 1.07880966137193 5 1000 14784 5
"1193" "Z" 0.06 -0.825 0.7525 0 0 2666.66666666667 1 5 0.284354282359106 5 1000 18323 5
"1194" "Z" 0.006 -0.53625 0.05125 1 1 2666.66666666667 1 5 2.97103966096362 5 1000 15058 5
"1195" "Z" 0.06 -0.12375 0.2575 0 0.5 2666.66666666667 1 5 1.35673555887835 5 1000 16576 5
"1196" "Z" 0.006 -0.33 0.71125 0 0 2666.66666666667 1 5 0.340731293541596 5 1000 14619 5
"1197" "Z" 0.006 0 0.05125 0 0 2666.66666666667 1 5 2.97103966096362 5 1000 13755 5
"1198" "Z" 0.006 -0.20625 0.2575 0 0 2666.66666666667 1 5 1.35673555887835 5 1000 14275 5
"1199" "Z" 0.006 -0.9075 0.01 1 1 2666.66666666667 1 5 4.60517018598809 5 1000 15954 5
"1200" "Z" 0.006 -0.9075 0.71125 1 1 2666.66666666667 1 5 0.340731293541596 5 1000 16022 5
"1201" "Z" 0.06 -0.86625 0.38125 0 0 2666.66666666667 1 5 0.964299951060516 5 1000 18387 5
"1202" "Z" 0.06 -0.86625 0.21625 0 1 2666.66666666667 1 5 1.53132013317015 5 1000 18373 5
"1203" "Z" 0.006 -0.70125 0.2575 0 0 2666.66666666667 1 5 1.35673555887835 5 1000 15475 5
"1204" "Z" 0.06 -0.825 0.4225 0 0 2666.66666666667 1 5 0.861565832184908 5 1000 18291 5
"1205" "Z" 0.06 -0.495 0.29875 1 1 2666.66666666667 1 5 1.20814817573642 5 1000 17482 5
"1206" "Z" 0.06 -0.9075 0.7525 0 0 2666.66666666667 1 5 0.284354282359106 5 1000 18523 5
"1207" "Z" 0.006 -0.78375 0.54625 0 0 2666.66666666667 1 5 0.604678532572337 5 1000 15703 5
"1208" "Z" 0.06 -0.7425 0.13375 0 0 2666.66666666667 1 5 2.01178289320602 5 1000 18063 5
"1209" "Z" 0.06 -0.20625 0.21625 1 1 2666.66666666667 1 5 1.53132013317015 5 1000 16774 5
"1210" "Z" 0.06 -0.61875 0.7525 0 0.5 2666.66666666667 1 5 0.284354282359106 5 1000 17824 5
"1211" "Z" 0.006 -0.12375 0.05125 1 1 2666.66666666667 1 5 2.97103966096362 5 1000 14058 5
"1212" "Z" 0.006 -0.78375 0.87625 1 1 2666.66666666667 1 5 0.132103840633337 5 1000 15738 5
"1213" "Z" 0.06 -0.495 0.67 0 0 2666.66666666667 1 5 0.400477566597125 5 1000 17515 5
"1214" "Z" 0.06 -0.53625 0.505 0 1 2666.66666666667 1 5 0.683196849706777 5 1000 17601 5
"1215" "Z" 0.006 -0.66 0.13375 1 1 2666.66666666667 1 5 2.01178289320602 5 1000 15366 5
"1216" "Z" 0.006 -0.66 0.05125 1 1 2666.66666666667 1 5 2.97103966096362 5 1000 15358 5
"1217" "Z" 0.06 -0.4125 0.71125 0 0.5 2666.66666666667 1 5 0.340731293541596 5 1000 17320 5
"1218" "Z" 0.06 -0.86625 0.01 1 1 2666.66666666667 1 5 4.60517018598809 5 1000 18354 5
"1219" "Z" 0.06 -0.94875 0.5875 0 0 2666.66666666667 1 5 0.531879032963823 5 1000 18607 5
"1220" "Z" 0.06 -0.165 0.29875 0 1 2666.66666666667 1 5 1.20814817573642 5 1000 16681 5
"1221" "Z" 0.06 -0.53625 0.34 1 1 2666.66666666667 1 5 1.07880966137193 5 1000 17586 5
"1222" "Z" 0.06 -0.04125 0.5875 0 0.5 2666.66666666667 1 5 0.531879032963823 5 1000 16408 5
"1223" "Z" 0.006 -0.0825 0.54625 0 1 2666.66666666667 1 5 0.604678532572337 5 1000 14005 5
"1224" "Z" 0.006 -0.66 0.505 1 1 2666.66666666667 1 5 0.683196849706777 5 1000 15402 5
"1225" "Z" 0.006 -0.9075 0.0925 1 1 2666.66666666667 1 5 2.38054663446376 5 1000 15962 5
"1226" "Z" 0.006 -0.12375 0.67 0 1 2666.66666666667 1 5 0.400477566597125 5 1000 14117 5
"1227" "Z" 0.06 -0.825 0.7525 0 1 2666.66666666667 1 5 0.284354282359106 5 1000 18325 5
"1228" "Z" 0.006 -0.825 0.46375 1 1 2666.66666666667 1 5 0.768409665060492 5 1000 15798 5
"1229" "Z" 0.06 -0.825 0.4225 1 1 2666.66666666667 1 5 0.861565832184908 5 1000 18294 5
"1230" "Z" 0.06 -0.28875 0.2575 0 1 2666.66666666667 1 5 1.35673555887835 5 1000 16977 5
"1231" "Z" 0.06 -0.37125 0.4225 0 1 2666.66666666667 1 5 0.861565832184908 5 1000 17193 5
"1232" "Z" 0.006 -0.5775 0.4225 0 0.5 2666.66666666667 1 5 0.861565832184908 5 1000 15192 5
"1233" "Z" 0.006 -0.495 0.62875 0 0 2666.66666666667 1 5 0.464021557568188 5 1000 15011 5
"1234" "Z" 0.006 -0.33 0.46375 0 1 2666.66666666667 1 5 0.768409665060492 5 1000 14597 5
"1235" "Z" 0.006 -0.37125 0.67 0 0 2666.66666666667 1 5 0.400477566597125 5 1000 14715 5
"1236" "Z" 0.006 -0.4125 0.62875 1 1 2666.66666666667 1 5 0.464021557568188 5 1000 14814 5
"1237" "Z" 0.006 -0.12375 0.29875 0 1 2666.66666666667 1 5 1.20814817573642 5 1000 14081 5
"1238" "Z" 0.06 -0.61875 0.0925 0 0.5 2666.66666666667 1 5 2.38054663446376 5 1000 17760 5
"1239" "Z" 0.006 -0.7425 0.0925 0 1 2666.66666666667 1 5 2.38054663446376 5 1000 15561 5
"1240" "Z" 0.006 -0.495 0.54625 1 1 2666.66666666667 1 5 0.604678532572337 5 1000 15006 5
"1241" "Z" 0.06 -0.12375 0.5875 0 1 2666.66666666667 1 5 0.531879032963823 5 1000 16609 5
"1242" "Z" 0.006 -0.2475 0.46375 0 0.5 2666.66666666667 1 5 0.768409665060492 5 1000 14396 5
"1243" "Z" 0.06 -0.37125 0.87625 0 0.5 2666.66666666667 1 5 0.132103840633337 5 1000 17236 5
"1244" "Z" 0.006 -0.61875 0.54625 0 0 2666.66666666667 1 5 0.604678532572337 5 1000 15303 5
"1245" "Z" 0.06 -0.20625 0.38125 0 0 2666.66666666667 1 5 0.964299951060516 5 1000 16787 5
"1246" "Z" 0.006 -0.165 0.0925 1 1 2666.66666666667 1 5 2.38054663446376 5 1000 14162 5
"1247" "Z" 0.006 -0.33 1 0 1 2666.66666666667 1 5 0 5 1000 14649 5
"1248" "Z" 0.06 -0.495 0.87625 0 0 2666.66666666667 1 5 0.132103840633337 5 1000 17535 5
"1249" "Z" 0.06 -0.04125 0.835 0 1 2666.66666666667 1 5 0.180323554131281 5 1000 16433 5
"1250" "Z" 0.06 -0.66 0.835 0 1 2666.66666666667 1 5 0.180323554131281 5 1000 17933 5
"1251" "Z" 0.06 -0.45375 0.4225 1 1 2666.66666666667 1 5 0.861565832184908 5 1000 17394 5
"1252" "Z" 0.006 -0.495 0.29875 0 0 2666.66666666667 1 5 1.20814817573642 5 1000 14979 5
"1253" "Z" 0.06 -0.495 0.95875 1 1 2666.66666666667 1 5 0.042124926300671 5 1000 17546 5
"1254" "Z" 0.06 -0.78375 0.5875 0 0 2666.66666666667 1 5 0.531879032963823 5 1000 18207 5
"1255" "Z" 0.006 -0.20625 0.05125 0 0.5 2666.66666666667 1 5 2.97103966096362 5 1000 14256 5
"1256" "Z" 0.06 -0.78375 0.2575 1 1 2666.66666666667 1 5 1.35673555887835 5 1000 18178 5
"1257" "Z" 0.006 -0.4125 0.34 1 1 2666.66666666667 1 5 1.07880966137193 5 1000 14786 5
"1258" "Z" 0.006 -0.04125 0.46375 1 1 2666.66666666667 1 5 0.768409665060492 5 1000 13898 5
"1259" "Z" 0.006 -0.33 0.7525 0 1 2666.66666666667 1 5 0.284354282359106 5 1000 14625 5
"1260" "Z" 0.06 -0.165 0.0925 0 0.5 2666.66666666667 1 5 2.38054663446376 5 1000 16660 5
"1261" "Z" 0.06 -0.99 0.505 1 1 2666.66666666667 1 5 0.683196849706777 5 1000 18702 5
"1262" "Z" 0.06 -0.86625 0.5875 0 0 2666.66666666667 1 5 0.531879032963823 5 1000 18407 5
"1263" "Z" 0.06 -0.825 0.54625 0 0.5 2666.66666666667 1 5 0.604678532572337 5 1000 18304 5
"1264" "Z" 0.06 -0.04125 0.71125 0 0.5 2666.66666666667 1 5 0.340731293541596 5 1000 16420 5
"1265" "Z" 0.006 -0.66 0.46375 0 0.5 2666.66666666667 1 5 0.768409665060492 5 1000 15396 5
"1266" "Z" 0.06 -0.37125 0.38125 0 0 2666.66666666667 1 5 0.964299951060516 5 1000 17187 5
"1267" "Z" 0.06 -0.61875 0.38125 0 0.5 2666.66666666667 1 5 0.964299951060516 5 1000 17788 5
"1268" "Z" 0.006 -0.5775 0.21625 0 1 2666.66666666667 1 5 1.53132013317015 5 1000 15173 5
"1269" "Z" 0.006 -0.33 0.505 0 0.5 2666.66666666667 1 5 0.683196849706777 5 1000 14600 5
"1270" "Z" 0.006 -0.94875 0.87625 0 0.5 2666.66666666667 1 5 0.132103840633337 5 1000 16136 5
"1271" "Z" 0.006 -0.28875 0.54625 1 1 2666.66666666667 1 5 0.604678532572337 5 1000 14506 5
"1272" "Z" 0.006 -0.165 0.01 0 0.5 2666.66666666667 1 5 4.60517018598809 5 1000 14152 5
"1273" "Z" 0.006 -0.70125 0.62875 0 0 2666.66666666667 1 5 0.464021557568188 5 1000 15511 5
"1274" "Z" 0.006 -0.37125 0.0925 0 1 2666.66666666667 1 5 2.38054663446376 5 1000 14661 5
"1275" "Z" 0.06 -0.4125 0.505 0 0.5 2666.66666666667 1 5 0.683196849706777 5 1000 17300 5
"1276" "Z" 0.006 -0.94875 0.38125 0 1 2666.66666666667 1 5 0.964299951060516 5 1000 16089 5
"1277" "Z" 0.06 -0.37125 0.9175 0 1 2666.66666666667 1 5 0.0861026990534116 5 1000 17241 5
"1278" "Z" 0.006 -0.7425 0.71125 0 0.5 2666.66666666667 1 5 0.340731293541596 5 1000 15620 5
"1279" "Z" 0.006 -0.61875 0.7525 0 0.5 2666.66666666667 1 5 0.284354282359106 5 1000 15324 5
"1280" "Z" 0.06 -0.5775 0.2575 0 1 2666.66666666667 1 5 1.35673555887835 5 1000 17677 5
"1281" "Z" 0.06 -0.37125 0.01 0 0.5 2666.66666666667 1 5 4.60517018598809 5 1000 17152 5
"1282" "Z" 0.06 -0.5775 0.62875 0 0 2666.66666666667 1 5 0.464021557568188 5 1000 17711 5
"1283" "Z" 0.006 -0.33 0.29875 0 1 2666.66666666667 1 5 1.20814817573642 5 1000 14581 5
"1284" "Z" 0.006 -0.165 0.505 0 0.5 2666.66666666667 1 5 0.683196849706777 5 1000 14200 5
"1285" "Z" 0.006 -0.28875 0.0925 0 0.5 2666.66666666667 1 5 2.38054663446376 5 1000 14460 5
"1286" "Z" 0.06 -0.61875 0.62875 0 1 2666.66666666667 1 5 0.464021557568188 5 1000 17813 5
"1287" "Z" 0.006 -0.4125 0.54625 0 1 2666.66666666667 1 5 0.604678532572337 5 1000 14805 5
"1288" "Z" 0.006 -0.0825 0.67 0 1 2666.66666666667 1 5 0.400477566597125 5 1000 14017 5
"1289" "Z" 0.06 -0.2475 0.01 0 0 2666.66666666667 1 5 4.60517018598809 5 1000 16851 5
"1290" "Z" 0.06 -0.4125 0.835 0 0 2666.66666666667 1 5 0.180323554131281 5 1000 17331 5
"1291" "Z" 0.06 -0.825 0.87625 0 0.5 2666.66666666667 1 5 0.132103840633337 5 1000 18336 5
"1292" "Z" 0.006 -0.5775 1 1 1 2666.66666666667 1 5 0 5 1000 15250 5
"1293" "Z" 0.006 -0.0825 0.05125 1 1 2666.66666666667 1 5 2.97103966096362 5 1000 13958 5
"1294" "Z" 0.06 -0.33 1 0 1 2666.66666666667 1 5 0 5 1000 17149 5
"1295" "Z" 0.006 -0.53625 0.21625 0 0.5 2666.66666666667 1 5 1.53132013317015 5 1000 15072 5
"1296" "Z" 0.06 -0.37125 0.0925 0 0.5 2666.66666666667 1 5 2.38054663446376 5 1000 17160 5
"1297" "Z" 0.006 -0.165 0.4225 1 1 2666.66666666667 1 5 0.861565832184908 5 1000 14194 5
"1298" "Z" 0.006 -0.37125 0.7525 0 0.5 2666.66666666667 1 5 0.284354282359106 5 1000 14724 5
"1299" "Z" 0.06 -0.5775 0.62875 0 1 2666.66666666667 1 5 0.464021557568188 5 1000 17713 5
"1300" "Z" 0.006 -0.04125 0.05125 0 0.5 2666.66666666667 1 5 2.97103966096362 5 1000 13856 5
"1301" "Z" 0.06 -0.94875 0.9175 1 1 2666.66666666667 1 5 0.0861026990534116 5 1000 18642 5
"1302" "Z" 0.006 -0.5775 0.87625 1 1 2666.66666666667 1 5 0.132103840633337 5 1000 15238 5
"1303" "Z" 0.006 -0.165 1 0 0 2666.66666666667 1 5 0 5 1000 14247 5
"1304" "Z" 0.006 -0.61875 0.835 1 1 2666.66666666667 1 5 0.180323554131281 5 1000 15334 5
"1305" "Z" 0.006 -0.7425 0.21625 0 0.5 2666.66666666667 1 5 1.53132013317015 5 1000 15572 5
"1306" "Z" 0.06 -0.20625 0.87625 0 0 2666.66666666667 1 5 0.132103840633337 5 1000 16835 5
"1307" "Z" 0.06 -0.20625 0.175 0 0.5 2666.66666666667 1 5 1.74296930505862 5 1000 16768 5
"1308" "Z" 0.006 -0.61875 0.13375 1 1 2666.66666666667 1 5 2.01178289320602 5 1000 15266 5
"1309" "Z" 0.06 -0.2475 0.505 0 0.5 2666.66666666667 1 5 0.683196849706777 5 1000 16900 5
"1310" "Z" 0.006 -0.45375 0.34 0 0 2666.66666666667 1 5 1.07880966137193 5 1000 14883 5
"1311" "Z" 0.06 -0.94875 0.87625 1 1 2666.66666666667 1 5 0.132103840633337 5 1000 18638 5
"1312" "Z" 0.06 -0.28875 0.01 0 0 2666.66666666667 1 5 4.60517018598809 5 1000 16951 5
"1313" "Z" 0.06 -0.0825 0.29875 0 0.5 2666.66666666667 1 5 1.20814817573642 5 1000 16480 5
"1314" "Z" 0.006 -0.825 0.67 0 0.5 2666.66666666667 1 5 0.400477566597125 5 1000 15816 5
"1315" "Z" 0.06 0 0.01 0 0.5 2666.66666666667 1 5 4.60517018598809 5 1000 16252 5
"1316" "Z" 0.06 -0.0825 0.71125 0 0.5 2666.66666666667 1 5 0.340731293541596 5 1000 16520 5
"1317" "Z" 0.06 -0.70125 0.175 0 0 2666.66666666667 1 5 1.74296930505862 5 1000 17967 5
"1318" "Z" 0.06 -0.28875 0.71125 1 1 2666.66666666667 1 5 0.340731293541596 5 1000 17022 5
"1319" "Z" 0.006 -0.9075 0.34 0 0.5 2666.66666666667 1 5 1.07880966137193 5 1000 15984 5
"1320" "Z" 0.006 -0.12375 0.67 1 1 2666.66666666667 1 5 0.400477566597125 5 1000 14118 5
"1321" "Z" 0.006 -0.5775 0.505 0 1 2666.66666666667 1 5 0.683196849706777 5 1000 15201 5
"1322" "Z" 0.006 -0.495 0.9175 0 1 2666.66666666667 1 5 0.0861026990534116 5 1000 15041 5
"1323" "Z" 0.006 -0.9075 0.05125 0 0 2666.66666666667 1 5 2.97103966096362 5 1000 15955 5
"1324" "Z" 0.06 -0.28875 0.54625 0 0 2666.66666666667 1 5 0.604678532572337 5 1000 17003 5
"1325" "Z" 0.006 -0.66 0.38125 1 1 2666.66666666667 1 5 0.964299951060516 5 1000 15390 5
"1326" "Z" 0.06 -0.28875 0.2575 0 0 2666.66666666667 1 5 1.35673555887835 5 1000 16975 5
"1327" "Z" 0.006 -0.0825 0.21625 1 1 2666.66666666667 1 5 1.53132013317015 5 1000 13974 5
"1328" "Z" 0.06 -0.165 0.79375 1 1 2666.66666666667 1 5 0.230986728775236 5 1000 16730 5
"1329" "Z" 0.006 -0.86625 0.9175 0 1 2666.66666666667 1 5 0.0861026990534116 5 1000 15941 5
"1330" "Z" 0.006 -0.20625 0.21625 0 0 2666.66666666667 1 5 1.53132013317015 5 1000 14271 5
"1331" "Z" 0.006 -0.37125 0.05125 0 0.5 2666.66666666667 1 5 2.97103966096362 5 1000 14656 5
"1332" "Z" 0.06 -0.20625 0.95875 0 0 2666.66666666667 1 5 0.042124926300671 5 1000 16843 5
"1333" "Z" 0.06 -0.99 0.05125 0 0.5 2666.66666666667 1 5 2.97103966096362 5 1000 18656 5
"1334" "Z" 0.06 -0.66 0.21625 0 1 2666.66666666667 1 5 1.53132013317015 5 1000 17873 5
"1335" "Z" 0.006 -0.04125 0.38125 0 1 2666.66666666667 1 5 0.964299951060516 5 1000 13889 5
"1336" "Z" 0.06 -0.28875 0.175 0 0.5 2666.66666666667 1 5 1.74296930505862 5 1000 16968 5
"1337" "Z" 0.006 -0.165 0.29875 0 0 2666.66666666667 1 5 1.20814817573642 5 1000 14179 5
"1338" "Z" 0.006 -0.45375 0.34 0 1 2666.66666666667 1 5 1.07880966137193 5 1000 14885 5
"1339" "Z" 0.006 -0.0825 0.9175 0 1 2666.66666666667 1 5 0.0861026990534116 5 1000 14041 5
"1340" "Z" 0.006 -0.99 0.34 0 0.5 2666.66666666667 1 5 1.07880966137193 5 1000 16184 5
"1341" "Z" 0.06 -0.4125 0.29875 0 1 2666.66666666667 1 5 1.20814817573642 5 1000 17281 5
"1342" "Z" 0.06 -0.7425 0.34 0 0.5 2666.66666666667 1 5 1.07880966137193 5 1000 18084 5
"1343" "Z" 0.006 -0.12375 0.67 0 0.5 2666.66666666667 1 5 0.400477566597125 5 1000 14116 5
"1344" "Z" 0.06 -0.33 0.835 0 0.5 2666.66666666667 1 5 0.180323554131281 5 1000 17132 5
"1345" "Z" 0.06 -0.9075 0.4225 0 0.5 2666.66666666667 1 5 0.861565832184908 5 1000 18492 5
"1346" "Z" 0.06 -0.2475 1 0 0.5 2666.66666666667 1 5 0 5 1000 16948 5
"1347" "Z" 0.006 -0.28875 0.4225 0 0 2666.66666666667 1 5 0.861565832184908 5 1000 14491 5
"1348" "Z" 0.06 -0.5775 0.87625 0 1 2666.66666666667 1 5 0.132103840633337 5 1000 17737 5
"1349" "Z" 0.006 -0.28875 0.67 0 1 2666.66666666667 1 5 0.400477566597125 5 1000 14517 5
"1350" "Z" 0.06 -0.7425 0.29875 0 0 2666.66666666667 1 5 1.20814817573642 5 1000 18079 5
"1351" "Z" 0.06 0 0.62875 1 1 2666.66666666667 1 5 0.464021557568188 5 1000 16314 5
"1352" "Z" 0.006 -0.66 0.54625 0 0.5 2666.66666666667 1 5 0.604678532572337 5 1000 15404 5
"1353" "Z" 0.006 -0.495 0.2575 0 1 2666.66666666667 1 5 1.35673555887835 5 1000 14977 5
"1354" "Z" 0.006 -0.99 0.62875 0 0.5 2666.66666666667 1 5 0.464021557568188 5 1000 16212 5
"1355" "Z" 0.06 -0.70125 0.79375 0 0.5 2666.66666666667 1 5 0.230986728775236 5 1000 18028 5
"1356" "Z" 0.006 -0.45375 0.29875 0 0 2666.66666666667 1 5 1.20814817573642 5 1000 14879 5
"1357" "Z" 0.06 -0.86625 0.79375 1 1 2666.66666666667 1 5 0.230986728775236 5 1000 18430 5
"1358" "Z" 0.006 -0.99 0.01 0 0.5 2666.66666666667 1 5 4.60517018598809 5 1000 16152 5
"1359" "Z" 0.06 -0.78375 0.21625 0 1 2666.66666666667 1 5 1.53132013317015 5 1000 18173 5
"1360" "Z" 0.006 -0.04125 0.05125 0 0 2666.66666666667 1 5 2.97103966096362 5 1000 13855 5
"1361" "Z" 0.06 -0.28875 0.79375 0 0.5 2666.66666666667 1 5 0.230986728775236 5 1000 17028 5
"1362" "Z" 0.006 -0.12375 1 0 0.5 2666.66666666667 1 5 0 5 1000 14148 5
"1363" "Z" 0.06 -0.61875 0.29875 1 1 2666.66666666667 1 5 1.20814817573642 5 1000 17782 5
"1364" "Z" 0.006 -0.78375 0.29875 1 1 2666.66666666667 1 5 1.20814817573642 5 1000 15682 5
"1365" "Z" 0.006 -0.66 0.5875 0 0.5 2666.66666666667 1 5 0.531879032963823 5 1000 15408 5
"1366" "Z" 0.006 -0.2475 0.9175 0 1 2666.66666666667 1 5 0.0861026990534116 5 1000 14441 5
"1367" "Z" 0.006 -0.9075 0.95875 0 1 2666.66666666667 1 5 0.042124926300671 5 1000 16045 5
"1368" "Z" 0.006 -0.2475 0.9175 0 0 2666.66666666667 1 5 0.0861026990534116 5 1000 14439 5
"1369" "Z" 0.06 -0.33 0.87625 0 0.5 2666.66666666667 1 5 0.132103840633337 5 1000 17136 5
"1370" "Z" 0.06 -0.61875 0.4225 0 1 2666.66666666667 1 5 0.861565832184908 5 1000 17793 5
"1371" "Z" 0.006 -0.4125 0.4225 1 1 2666.66666666667 1 5 0.861565832184908 5 1000 14794 5
"1372" "Z" 0.06 -0.53625 0.7525 0 1 2666.66666666667 1 5 0.284354282359106 5 1000 17625 5
"1373" "Z" 0.06 -0.37125 0.2575 0 1 2666.66666666667 1 5 1.35673555887835 5 1000 17177 5
"1374" "Z" 0.06 -0.825 0.2575 0 0.5 2666.66666666667 1 5 1.35673555887835 5 1000 18276 5
"1375" "Z" 0.006 0 0.62875 1 1 2666.66666666667 1 5 0.464021557568188 5 1000 13814 5
"1376" "Z" 0.06 -0.28875 0.7525 0 0.5 2666.66666666667 1 5 0.284354282359106 5 1000 17024 5
"1377" "Z" 0.06 -0.4125 0.71125 0 0 2666.66666666667 1 5 0.340731293541596 5 1000 17319 5
"1378" "Z" 0.006 -0.78375 0.79375 0 0 2666.66666666667 1 5 0.230986728775236 5 1000 15727 5
"1379" "Z" 0.006 -0.37125 0.5875 1 1 2666.66666666667 1 5 0.531879032963823 5 1000 14710 5
"1380" "Z" 0.06 -0.20625 0.79375 0 0.5 2666.66666666667 1 5 0.230986728775236 5 1000 16828 5
"1381" "Z" 0.06 -0.9075 1 1 1 2666.66666666667 1 5 0 5 1000 18550 5
"1382" "Z" 0.006 -0.28875 0.7525 0 1 2666.66666666667 1 5 0.284354282359106 5 1000 14525 5
"1383" "Z" 0.006 -0.66 0.05125 0 1 2666.66666666667 1 5 2.97103966096362 5 1000 15357 5
"1384" "Z" 0.006 -0.70125 0.71125 0 1 2666.66666666667 1 5 0.340731293541596 5 1000 15521 5
"1385" "Z" 0.006 -0.495 0.05125 1 1 2666.66666666667 1 5 2.97103966096362 5 1000 14958 5
"1386" "Z" 0.006 -0.37125 0.5875 0 0.5 2666.66666666667 1 5 0.531879032963823 5 1000 14708 5
"1387" "Z" 0.06 -0.2475 1 0 1 2666.66666666667 1 5 0 5 1000 16949 5
"1388" "Z" 0.06 -0.28875 0.2575 1 1 2666.66666666667 1 5 1.35673555887835 5 1000 16978 5
"1389" "Z" 0.06 -0.45375 0.29875 0 0.5 2666.66666666667 1 5 1.20814817573642 5 1000 17380 5
"1390" "Z" 0.006 -0.45375 0.7525 1 1 2666.66666666667 1 5 0.284354282359106 5 1000 14926 5
"1391" "Z" 0.06 -0.70125 0.95875 1 1 2666.66666666667 1 5 0.042124926300671 5 1000 18046 5
"1392" "Z" 0.06 -0.9075 0.4225 0 0 2666.66666666667 1 5 0.861565832184908 5 1000 18491 5
"1393" "Z" 0.006 0 1 0 0.5 2666.66666666667 1 5 0 5 1000 13848 5
"1394" "Z" 0.06 -0.70125 0.87625 0 1 2666.66666666667 1 5 0.132103840633337 5 1000 18037 5
"1395" "Z" 0.06 -0.70125 0.34 0 0 2666.66666666667 1 5 1.07880966137193 5 1000 17983 5
"1396" "Z" 0.006 -0.33 0.79375 1 1 2666.66666666667 1 5 0.230986728775236 5 1000 14630 5
"1397" "Z" 0.006 -0.86625 0.05125 0 1 2666.66666666667 1 5 2.97103966096362 5 1000 15857 5
"1398" "Z" 0.06 -0.45375 0.54625 0 0.5 2666.66666666667 1 5 0.604678532572337 5 1000 17404 5
"1399" "Z" 0.006 0 0.21625 0 0 2666.66666666667 1 5 1.53132013317015 5 1000 13771 5
"1400" "Z" 0.006 -0.4125 0.9175 0 0.5 2666.66666666667 1 5 0.0861026990534116 5 1000 14840 5
"1401" "Z" 0.006 -0.53625 0.67 1 1 2666.66666666667 1 5 0.400477566597125 5 1000 15118 5
"1402" "Z" 0.006 -0.4125 0.05125 0 0 2666.66666666667 1 5 2.97103966096362 5 1000 14755 5
"1403" "Z" 0.06 -0.61875 0.4225 0 0 2666.66666666667 1 5 0.861565832184908 5 1000 17791 5
"1404" "Z" 0.006 -0.66 0.9175 0 0.5 2666.66666666667 1 5 0.0861026990534116 5 1000 15440 5
"1405" "Z" 0.006 -0.61875 0.2575 0 1 2666.66666666667 1 5 1.35673555887835 5 1000 15277 5
"1406" "Z" 0.006 -0.5775 0.67 1 1 2666.66666666667 1 5 0.400477566597125 5 1000 15218 5
"1407" "Z" 0.06 -0.825 0.87625 0 0 2666.66666666667 1 5 0.132103840633337 5 1000 18335 5
"1408" "Z" 0.006 -0.28875 0.505 0 1 2666.66666666667 1 5 0.683196849706777 5 1000 14501 5
"1409" "Z" 0.06 -0.20625 0.835 1 1 2666.66666666667 1 5 0.180323554131281 5 1000 16834 5
"1410" "Z" 0.006 -0.825 0.7525 1 1 2666.66666666667 1 5 0.284354282359106 5 1000 15826 5
"1411" "Z" 0.06 0 0.05125 0 0 2666.66666666667 1 5 2.97103966096362 5 1000 16255 5
"1412" "Z" 0.06 -0.4125 0.54625 0 1 2666.66666666667 1 5 0.604678532572337 5 1000 17305 5
"1413" "Z" 0.006 -0.53625 0.34 0 1 2666.66666666667 1 5 1.07880966137193 5 1000 15085 5
"1414" "Z" 0.06 -0.04125 0.5875 0 0 2666.66666666667 1 5 0.531879032963823 5 1000 16407 5
"1415" "Z" 0.06 -0.9075 0.9175 0 1 2666.66666666667 1 5 0.0861026990534116 5 1000 18541 5
"1416" "Z" 0.06 -0.33 0.2575 0 1 2666.66666666667 1 5 1.35673555887835 5 1000 17077 5
"1417" "Z" 0.006 -0.70125 0.54625 0 0 2666.66666666667 1 5 0.604678532572337 5 1000 15503 5
"1418" "Z" 0.06 -0.28875 0.05125 1 1 2666.66666666667 1 5 2.97103966096362 5 1000 16958 5
"1419" "Z" 0.06 -0.33 0.7525 0 1 2666.66666666667 1 5 0.284354282359106 5 1000 17125 5
"1420" "Z" 0.006 -0.825 0.7525 0 0.5 2666.66666666667 1 5 0.284354282359106 5 1000 15824 5
"1421" "Z" 0.06 -0.99 0.34 0 0.5 2666.66666666667 1 5 1.07880966137193 5 1000 18684 5
"1422" "Z" 0.006 -0.94875 0.54625 1 1 2666.66666666667 1 5 0.604678532572337 5 1000 16106 5
"1423" "Z" 0.06 -0.33 0.54625 0 0.5 2666.66666666667 1 5 0.604678532572337 5 1000 17104 5
"1424" "Z" 0.006 -0.33 1 1 1 2666.66666666667 1 5 0 5 1000 14650 5
"1425" "Z" 0.006 -0.04125 0.79375 0 0.5 2666.66666666667 1 5 0.230986728775236 5 1000 13928 5
"1426" "Z" 0.006 -0.7425 0.71125 1 1 2666.66666666667 1 5 0.340731293541596 5 1000 15622 5
"1427" "Z" 0.06 -0.825 0.05125 1 1 2666.66666666667 1 5 2.97103966096362 5 1000 18258 5
"1428" "Z" 0.06 -0.99 0.13375 1 1 2666.66666666667 1 5 2.01178289320602 5 1000 18666 5
"1429" "Z" 0.06 -0.04125 0.79375 0 1 2666.66666666667 1 5 0.230986728775236 5 1000 16429 5
"1430" "Z" 0.06 -0.12375 0.01 1 1 2666.66666666667 1 5 4.60517018598809 5 1000 16554 5
"1431" "Z" 0.06 -0.99 1 1 1 2666.66666666667 1 5 0 5 1000 18750 5
"1432" "Z" 0.06 -0.0825 0.0925 0 0 2666.66666666667 1 5 2.38054663446376 5 1000 16459 5
"1433" "Z" 0.006 -0.20625 0.67 0 0 2666.66666666667 1 5 0.400477566597125 5 1000 14315 5
"1434" "Z" 0.006 -0.7425 0.5875 0 0 2666.66666666667 1 5 0.531879032963823 5 1000 15607 5
"1435" "Z" 0.006 -0.2475 0.7525 0 1 2666.66666666667 1 5 0.284354282359106 5 1000 14425 5
"1436" "Z" 0.006 -0.20625 0.87625 0 0.5 2666.66666666667 1 5 0.132103840633337 5 1000 14336 5
"1437" "Z" 0.006 -0.45375 0.62875 0 0 2666.66666666667 1 5 0.464021557568188 5 1000 14911 5
"1438" "Z" 0.06 -0.45375 0.79375 1 1 2666.66666666667 1 5 0.230986728775236 5 1000 17430 5
"1439" "Z" 0.006 -0.33 0.7525 1 1 2666.66666666667 1 5 0.284354282359106 5 1000 14626 5
"1440" "Z" 0.006 -0.4125 0.95875 0 0.5 2666.66666666667 1 5 0.042124926300671 5 1000 14844 5
"1441" "Z" 0.006 -0.495 0.38125 1 1 2666.66666666667 1 5 0.964299951060516 5 1000 14990 5
"1442" "Z" 0.006 -0.53625 0.29875 0 1 2666.66666666667 1 5 1.20814817573642 5 1000 15081 5
"1443" "Z" 0.006 -0.04125 0.67 0 0.5 2666.66666666667 1 5 0.400477566597125 5 1000 13916 5
"1444" "Z" 0.06 -0.20625 0.13375 0 1 2666.66666666667 1 5 2.01178289320602 5 1000 16765 5
"1445" "Z" 0.06 -0.28875 0.0925 0 1 2666.66666666667 1 5 2.38054663446376 5 1000 16961 5
"1446" "Z" 0.006 -0.61875 0.71125 0 0 2666.66666666667 1 5 0.340731293541596 5 1000 15319 5
"1447" "Z" 0.006 -0.78375 0.505 1 1 2666.66666666667 1 5 0.683196849706777 5 1000 15702 5
"1448" "Z" 0.006 -0.78375 0.5875 0 0.5 2666.66666666667 1 5 0.531879032963823 5 1000 15708 5
"1449" "Z" 0.006 -0.78375 0.62875 0 0.5 2666.66666666667 1 5 0.464021557568188 5 1000 15712 5
"1450" "Z" 0.06 -0.66 0.34 0 0.5 2666.66666666667 1 5 1.07880966137193 5 1000 17884 5
"1451" "Z" 0.06 -0.53625 0.95875 1 1 2666.66666666667 1 5 0.042124926300671 5 1000 17646 5
"1452" "Z" 0.006 -0.53625 0.05125 0 1 2666.66666666667 1 5 2.97103966096362 5 1000 15057 5
"1453" "Z" 0.06 -0.825 0.29875 0 1 2666.66666666667 1 5 1.20814817573642 5 1000 18281 5
"1454" "Z" 0.006 -0.04125 0.87625 0 1 2666.66666666667 1 5 0.132103840633337 5 1000 13937 5
"1455" "Z" 0.06 -0.165 0.79375 0 1 2666.66666666667 1 5 0.230986728775236 5 1000 16729 5
"1456" "Z" 0.006 -0.165 1 0 0.5 2666.66666666667 1 5 0 5 1000 14248 5
"1457" "Z" 0.06 -0.53625 0.4225 0 0 2666.66666666667 1 5 0.861565832184908 5 1000 17591 5
"1458" "Z" 0.06 -0.66 1 0 0 2666.66666666667 1 5 0 5 1000 17947 5
"1459" "Z" 0.006 -0.70125 0.9175 1 1 2666.66666666667 1 5 0.0861026990534116 5 1000 15542 5
"1460" "Z" 0.06 -0.2475 0.95875 0 0 2666.66666666667 1 5 0.042124926300671 5 1000 16943 5
"1461" "Z" 0.06 -0.495 0.79375 0 1 2666.66666666667 1 5 0.230986728775236 5 1000 17529 5
"1462" "Z" 0.006 -0.495 0.13375 1 1 2666.66666666667 1 5 2.01178289320602 5 1000 14966 5
"1463" "Z" 0.06 -0.4125 0.62875 1 1 2666.66666666667 1 5 0.464021557568188 5 1000 17314 5
"1464" "Z" 0.006 -0.78375 0.13375 0 0.5 2666.66666666667 1 5 2.01178289320602 5 1000 15664 5
"1465" "Z" 0.06 -0.53625 0.835 0 0.5 2666.66666666667 1 5 0.180323554131281 5 1000 17632 5
"1466" "Z" 0.006 -0.86625 0.46375 0 1 2666.66666666667 1 5 0.768409665060492 5 1000 15897 5
"1467" "Z" 0.06 -0.0825 1 0 0.5 2666.66666666667 1 5 0 5 1000 16548 5
"1468" "Z" 0.006 -0.0825 0.54625 0 0 2666.66666666667 1 5 0.604678532572337 5 1000 14003 5
"1469" "Z" 0.06 -0.66 0.79375 0 1 2666.66666666667 1 5 0.230986728775236 5 1000 17929 5
"1470" "Z" 0.06 -0.20625 0.34 0 0.5 2666.66666666667 1 5 1.07880966137193 5 1000 16784 5
"1471" "Z" 0.06 -0.45375 0.4225 0 0 2666.66666666667 1 5 0.861565832184908 5 1000 17391 5
"1472" "Z" 0.006 -0.45375 0.62875 1 1 2666.66666666667 1 5 0.464021557568188 5 1000 14914 5
"1473" "Z" 0.06 -0.45375 1 0 0 2666.66666666667 1 5 0 5 1000 17447 5
"1474" "Z" 0.06 -0.33 0.62875 0 0.5 2666.66666666667 1 5 0.464021557568188 5 1000 17112 5
"1475" "Z" 0.06 -0.53625 0.0925 0 0 2666.66666666667 1 5 2.38054663446376 5 1000 17559 5
"1476" "Z" 0.006 -0.70125 0.71125 0 0.5 2666.66666666667 1 5 0.340731293541596 5 1000 15520 5
"1477" "Z" 0.006 0 0.29875 0 1 2666.66666666667 1 5 1.20814817573642 5 1000 13781 5
"1478" "Z" 0.06 -0.825 0.46375 0 1 2666.66666666667 1 5 0.768409665060492 5 1000 18297 5
"1479" "Z" 0.006 -0.165 0.79375 1 1 2666.66666666667 1 5 0.230986728775236 5 1000 14230 5
"1480" "Z" 0.006 -0.495 0.13375 0 1 2666.66666666667 1 5 2.01178289320602 5 1000 14965 5
"1481" "Z" 0.006 -0.0825 0.71125 0 0.5 2666.66666666667 1 5 0.340731293541596 5 1000 14020 5
"1482" "Z" 0.006 -0.495 0.95875 1 1 2666.66666666667 1 5 0.042124926300671 5 1000 15046 5
"1483" "Z" 0.06 -0.12375 1 0 1 2666.66666666667 1 5 0 5 1000 16649 5
"1484" "Z" 0.006 -0.94875 0.62875 0 0 2666.66666666667 1 5 0.464021557568188 5 1000 16111 5
"1485" "Z" 0.06 -0.78375 0.5875 0 1 2666.66666666667 1 5 0.531879032963823 5 1000 18209 5
"1486" "Z" 0.006 -0.165 0.13375 0 0.5 2666.66666666667 1 5 2.01178289320602 5 1000 14164 5
"1487" "Z" 0.06 -0.86625 0.34 0 0.5 2666.66666666667 1 5 1.07880966137193 5 1000 18384 5
"1488" "Z" 0.006 -0.66 0.0925 0 1 2666.66666666667 1 5 2.38054663446376 5 1000 15361 5
"1489" "Z" 0.006 -0.0825 0.54625 1 1 2666.66666666667 1 5 0.604678532572337 5 1000 14006 5
"1490" "Z" 0.06 -0.78375 0.835 1 1 2666.66666666667 1 5 0.180323554131281 5 1000 18234 5
"1491" "Z" 0.06 -0.28875 0.46375 0 0 2666.66666666667 1 5 0.768409665060492 5 1000 16995 5
"1492" "Z" 0.06 -0.5775 1 0 0 2666.66666666667 1 5 0 5 1000 17747 5
"1493" "Z" 0.006 -0.2475 0.34 0 1 2666.66666666667 1 5 1.07880966137193 5 1000 14385 5
"1494" "Z" 0.06 -0.165 0.7525 0 0.5 2666.66666666667 1 5 0.284354282359106 5 1000 16724 5
"1495" "Z" 0.06 -0.66 0.5875 0 0.5 2666.66666666667 1 5 0.531879032963823 5 1000 17908 5
"1496" "Z" 0.06 -0.20625 0.71125 0 1 2666.66666666667 1 5 0.340731293541596 5 1000 16821 5
"1497" "Z" 0.06 -0.12375 0.87625 0 1 2666.66666666667 1 5 0.132103840633337 5 1000 16637 5
"1498" "Z" 0.06 -0.495 0.175 0 0.5 2666.66666666667 1 5 1.74296930505862 5 1000 17468 5
"1499" "Z" 0.06 -0.66 0.2575 0 0 2666.66666666667 1 5 1.35673555887835 5 1000 17875 5
"1500" "Z" 0.06 0 0.46375 1 1 2666.66666666667 1 5 0.768409665060492 5 1000 16298 5
"1501" "Z" 0.006 -0.20625 0.38125 1 1 2666.66666666667 1 5 0.964299951060516 5 1000 14290 5
"1502" "Z" 0.006 -0.0825 0.34 1 1 2666.66666666667 1 5 1.07880966137193 5 1000 13986 5
"1503" "Z" 0.06 -0.33 1 0 0 2666.66666666667 1 5 0 5 1000 17147 5
"1504" "Z" 0.06 -0.86625 0.9175 1 1 2666.66666666667 1 5 0.0861026990534116 5 1000 18442 5
"1505" "Z" 0.06 -0.4125 0.5875 1 1 2666.66666666667 1 5 0.531879032963823 5 1000 17310 5
"1506" "Z" 0.006 -0.9075 0.175 0 0 2666.66666666667 1 5 1.74296930505862 5 1000 15967 5
"1507" "Z" 0.06 -0.66 0.38125 0 0.5 2666.66666666667 1 5 0.964299951060516 5 1000 17888 5
"1508" "Z" 0.006 -0.45375 0.505 1 1 2666.66666666667 1 5 0.683196849706777 5 1000 14902 5
"1509" "Z" 0.06 -0.825 0.62875 0 0.5 2666.66666666667 1 5 0.464021557568188 5 1000 18312 5
"1510" "Z" 0.06 -0.66 0.2575 0 1 2666.66666666667 1 5 1.35673555887835 5 1000 17877 5
"1511" "Z" 0.006 -0.70125 0.95875 1 1 2666.66666666667 1 5 0.042124926300671 5 1000 15546 5
"1512" "Z" 0.06 -0.66 0.505 0 1 2666.66666666667 1 5 0.683196849706777 5 1000 17901 5
"1513" "Z" 0.06 -0.495 0.01 0 0.5 2666.66666666667 1 5 4.60517018598809 5 1000 17452 5
"1514" "Z" 0.006 -0.53625 0.7525 1 1 2666.66666666667 1 5 0.284354282359106 5 1000 15126 5
"1515" "Z" 0.006 -0.04125 0.01 1 1 2666.66666666667 1 5 4.60517018598809 5 1000 13854 5
"1516" "Z" 0.006 -0.37125 0.34 0 0 2666.66666666667 1 5 1.07880966137193 5 1000 14683 5
"1517" "Z" 0.06 -0.33 0.13375 0 1 2666.66666666667 1 5 2.01178289320602 5 1000 17065 5
"1518" "Z" 0.06 -0.53625 0.835 0 0 2666.66666666667 1 5 0.180323554131281 5 1000 17631 5
"1519" "Z" 0.06 -0.5775 0.4225 1 1 2666.66666666667 1 5 0.861565832184908 5 1000 17694 5
"1520" "Z" 0.06 -0.99 0.38125 1 1 2666.66666666667 1 5 0.964299951060516 5 1000 18690 5
"1521" "Z" 0.06 -0.66 0.95875 0 1 2666.66666666667 1 5 0.042124926300671 5 1000 17945 5
"1522" "Z" 0.06 -0.165 0.7525 1 1 2666.66666666667 1 5 0.284354282359106 5 1000 16726 5
"1523" "Z" 0.006 -0.20625 0.54625 0 1 2666.66666666667 1 5 0.604678532572337 5 1000 14305 5
"1524" "Z" 0.006 -0.66 0.62875 1 1 2666.66666666667 1 5 0.464021557568188 5 1000 15414 5
"1525" "Z" 0.06 -0.86625 0.71125 0 0 2666.66666666667 1 5 0.340731293541596 5 1000 18419 5
"1526" "Z" 0.06 -0.165 0.5875 0 0 2666.66666666667 1 5 0.531879032963823 5 1000 16707 5
"1527" "Z" 0.006 -0.61875 0.54625 1 1 2666.66666666667 1 5 0.604678532572337 5 1000 15306 5
"1528" "Z" 0.006 -0.33 0.2575 0 0.5 2666.66666666667 1 5 1.35673555887835 5 1000 14576 5
"1529" "Z" 0.006 -0.2475 0.7525 1 1 2666.66666666667 1 5 0.284354282359106 5 1000 14426 5
"1530" "Z" 0.006 0 0.13375 0 0.5 2666.66666666667 1 5 2.01178289320602 5 1000 13764 5
"1531" "Z" 0.006 -0.37125 0.4225 0 1 2666.66666666667 1 5 0.861565832184908 5 1000 14693 5
"1532" "Z" 0.06 -0.4125 0.835 1 1 2666.66666666667 1 5 0.180323554131281 5 1000 17334 5
"1533" "Z" 0.06 -0.495 0.71125 0 0 2666.66666666667 1 5 0.340731293541596 5 1000 17519 5
"1534" "Z" 0.06 -0.86625 0.0925 0 0 2666.66666666667 1 5 2.38054663446376 5 1000 18359 5
"1535" "Z" 0.06 -0.78375 0.29875 0 0 2666.66666666667 1 5 1.20814817573642 5 1000 18179 5
"1536" "Z" 0.06 -0.78375 0.54625 1 1 2666.66666666667 1 5 0.604678532572337 5 1000 18206 5
"1537" "Z" 0.06 -0.99 0.62875 0 1 2666.66666666667 1 5 0.464021557568188 5 1000 18713 5
"1538" "Z" 0.06 -0.495 0.34 0 0 2666.66666666667 1 5 1.07880966137193 5 1000 17483 5
"1539" "Z" 0.06 -0.9075 0.54625 0 0 2666.66666666667 1 5 0.604678532572337 5 1000 18503 5
"1540" "Z" 0.06 -0.04125 0.87625 0 1 2666.66666666667 1 5 0.132103840633337 5 1000 16437 5
"1541" "Z" 0.06 -0.0825 0.71125 0 0 2666.66666666667 1 5 0.340731293541596 5 1000 16519 5
"1542" "Z" 0.006 -0.2475 0.05125 0 1 2666.66666666667 1 5 2.97103966096362 5 1000 14357 5
"1543" "Z" 0.006 -0.37125 0.46375 0 0 2666.66666666667 1 5 0.768409665060492 5 1000 14695 5
"1544" "Z" 0.06 -0.66 0.175 0 0 2666.66666666667 1 5 1.74296930505862 5 1000 17867 5
"1545" "Z" 0.006 -0.0825 0.13375 0 1 2666.66666666667 1 5 2.01178289320602 5 1000 13965 5
"1546" "Z" 0.06 -0.37125 0.4225 0 0.5 2666.66666666667 1 5 0.861565832184908 5 1000 17192 5
"1547" "Z" 0.006 -0.53625 0.67 0 0 2666.66666666667 1 5 0.400477566597125 5 1000 15115 5
"1548" "Z" 0.006 -0.45375 0.2575 1 1 2666.66666666667 1 5 1.35673555887835 5 1000 14878 5
"1549" "Z" 0.06 -0.28875 0.87625 0 0.5 2666.66666666667 1 5 0.132103840633337 5 1000 17036 5
"1550" "Z" 0.006 -0.70125 0.79375 0 0.5 2666.66666666667 1 5 0.230986728775236 5 1000 15528 5
"1551" "Z" 0.006 -0.12375 0.0925 1 1 2666.66666666667 1 5 2.38054663446376 5 1000 14062 5
"1552" "Z" 0.006 -0.33 0.71125 1 1 2666.66666666667 1 5 0.340731293541596 5 1000 14622 5
"1553" "Z" 0.006 -0.20625 0.34 0 0 2666.66666666667 1 5 1.07880966137193 5 1000 14283 5
"1554" "Z" 0.06 -0.33 0.5875 0 1 2666.66666666667 1 5 0.531879032963823 5 1000 17109 5
"1555" "Z" 0.06 0 0.7525 0 1 2666.66666666667 1 5 0.284354282359106 5 1000 16325 5
"1556" "Z" 0.06 -0.9075 0.46375 0 1 2666.66666666667 1 5 0.768409665060492 5 1000 18497 5
"1557" "Z" 0.06 -0.28875 0.95875 0 1 2666.66666666667 1 5 0.042124926300671 5 1000 17045 5
"1558" "Z" 0.06 -0.12375 0.95875 0 1 2666.66666666667 1 5 0.042124926300671 5 1000 16645 5
"1559" "Z" 0.06 -0.9075 0.38125 1 1 2666.66666666667 1 5 0.964299951060516 5 1000 18490 5
"1560" "Z" 0.006 -0.165 0.9175 1 1 2666.66666666667 1 5 0.0861026990534116 5 1000 14242 5
"1561" "Z" 0.006 -0.12375 0.2575 1 1 2666.66666666667 1 5 1.35673555887835 5 1000 14078 5
"1562" "Z" 0.006 -0.165 0.62875 1 1 2666.66666666667 1 5 0.464021557568188 5 1000 14214 5
"1563" "Z" 0.06 -0.825 0.46375 1 1 2666.66666666667 1 5 0.768409665060492 5 1000 18298 5
"1564" "Z" 0.06 -0.61875 0.79375 0 0 2666.66666666667 1 5 0.230986728775236 5 1000 17827 5
"1565" "Z" 0.006 -0.37125 0.505 0 0 2666.66666666667 1 5 0.683196849706777 5 1000 14699 5
"1566" "Z" 0.006 -0.4125 0.79375 0 0 2666.66666666667 1 5 0.230986728775236 5 1000 14827 5
"1567" "Z" 0.006 -0.825 0.21625 0 1 2666.66666666667 1 5 1.53132013317015 5 1000 15773 5
"1568" "Z" 0.06 -0.165 0.505 0 1 2666.66666666667 1 5 0.683196849706777 5 1000 16701 5
"1569" "Z" 0.006 -0.33 0.54625 0 1 2666.66666666667 1 5 0.604678532572337 5 1000 14605 5
"1570" "Z" 0.006 -0.45375 0.01 0 0 2666.66666666667 1 5 4.60517018598809 5 1000 14851 5
"1571" "Z" 0.006 -0.12375 0.29875 0 0.5 2666.66666666667 1 5 1.20814817573642 5 1000 14080 5
"1572" "Z" 0.006 -0.9075 0.7525 1 1 2666.66666666667 1 5 0.284354282359106 5 1000 16026 5
"1573" "Z" 0.06 -0.0825 0.95875 0 1 2666.66666666667 1 5 0.042124926300671 5 1000 16545 5
"1574" "Z" 0.006 -0.165 0.0925 0 0 2666.66666666667 1 5 2.38054663446376 5 1000 14159 5
"1575" "Z" 0.006 -0.7425 0.505 1 1 2666.66666666667 1 5 0.683196849706777 5 1000 15602 5
"1576" "Z" 0.06 -0.0825 0.7525 0 0.5 2666.66666666667 1 5 0.284354282359106 5 1000 16524 5
"1577" "Z" 0.06 -0.2475 0.2575 0 1 2666.66666666667 1 5 1.35673555887835 5 1000 16877 5
"1578" "Z" 0.06 -0.45375 0.01 1 1 2666.66666666667 1 5 4.60517018598809 5 1000 17354 5
"1579" "Z" 0.06 -0.28875 0.67 0 0.5 2666.66666666667 1 5 0.400477566597125 5 1000 17016 5
"1580" "Z" 0.06 -0.61875 0.9175 0 1 2666.66666666667 1 5 0.0861026990534116 5 1000 17841 5
"1581" "Z" 0.06 -0.45375 0.13375 0 0 2666.66666666667 1 5 2.01178289320602 5 1000 17363 5
"1582" "Z" 0.006 -0.04125 0.46375 0 0 2666.66666666667 1 5 0.768409665060492 5 1000 13895 5
"1583" "Z" 0.06 -0.33 0.835 0 1 2666.66666666667 1 5 0.180323554131281 5 1000 17133 5
"1584" "Z" 0.06 -0.12375 0.05125 1 1 2666.66666666667 1 5 2.97103966096362 5 1000 16558 5
"1585" "Z" 0.06 -0.4125 1 1 1 2666.66666666667 1 5 0 5 1000 17350 5
"1586" "Z" 0.06 -0.7425 0.29875 0 0.5 2666.66666666667 1 5 1.20814817573642 5 1000 18080 5
"1587" "Z" 0.06 -0.37125 0.175 1 1 2666.66666666667 1 5 1.74296930505862 5 1000 17170 5
"1588" "Z" 0.006 -0.61875 0.67 0 0.5 2666.66666666667 1 5 0.400477566597125 5 1000 15316 5
"1589" "Z" 0.06 -0.94875 0.87625 0 0.5 2666.66666666667 1 5 0.132103840633337 5 1000 18636 5
"1590" "Z" 0.06 -0.99 0.7525 0 0.5 2666.66666666667 1 5 0.284354282359106 5 1000 18724 5
"1591" "Z" 0.006 -0.94875 0.0925 0 0.5 2666.66666666667 1 5 2.38054663446376 5 1000 16060 5
"1592" "Z" 0.006 -0.45375 0.38125 0 0 2666.66666666667 1 5 0.964299951060516 5 1000 14887 5
"1593" "Z" 0.006 -0.20625 0.67 1 1 2666.66666666667 1 5 0.400477566597125 5 1000 14318 5
"1594" "Z" 0.06 -0.495 0.21625 1 1 2666.66666666667 1 5 1.53132013317015 5 1000 17474 5
"1595" "Z" 0.006 -0.94875 0.34 0 0.5 2666.66666666667 1 5 1.07880966137193 5 1000 16084 5
"1596" "Z" 0.06 -0.2475 0.2575 1 1 2666.66666666667 1 5 1.35673555887835 5 1000 16878 5
"1597" "Z" 0.006 -0.495 0.4225 0 0 2666.66666666667 1 5 0.861565832184908 5 1000 14991 5
"1598" "Z" 0.006 -0.12375 0.79375 0 1 2666.66666666667 1 5 0.230986728775236 5 1000 14129 5
"1599" "Z" 0.006 -0.66 0.4225 1 1 2666.66666666667 1 5 0.861565832184908 5 1000 15394 5
"1600" "Z" 0.006 -0.9075 0.71125 0 1 2666.66666666667 1 5 0.340731293541596 5 1000 16021 5
"1601" "Z" 0.006 -0.495 0.835 0 1 2666.66666666667 1 5 0.180323554131281 5 1000 15033 5
"1602" "Z" 0.006 -0.37125 0.87625 0 0.5 2666.66666666667 1 5 0.132103840633337 5 1000 14736 5
"1603" "Z" 0.006 -0.04125 0.5875 0 0 2666.66666666667 1 5 0.531879032963823 5 1000 13907 5
"1604" "Z" 0.06 -0.20625 0.01 0 1 2666.66666666667 1 5 4.60517018598809 5 1000 16753 5
"1605" "Z" 0.006 -0.45375 0.54625 1 1 2666.66666666667 1 5 0.604678532572337 5 1000 14906 5
"1606" "Z" 0.06 -0.78375 0.87625 1 1 2666.66666666667 1 5 0.132103840633337 5 1000 18238 5
"1607" "Z" 0.006 -0.5775 0.0925 0 0 2666.66666666667 1 5 2.38054663446376 5 1000 15159 5
"1608" "Z" 0.006 -0.2475 0.05125 1 1 2666.66666666667 1 5 2.97103966096362 5 1000 14358 5
"1609" "Z" 0.06 0 0.01 0 1 2666.66666666667 1 5 4.60517018598809 5 1000 16253 5
"1610" "Z" 0.06 -0.86625 0.95875 1 1 2666.66666666667 1 5 0.042124926300671 5 1000 18446 5
"1611" "Z" 0.06 -0.825 0.67 1 1 2666.66666666667 1 5 0.400477566597125 5 1000 18318 5
"1612" "Z" 0.06 -0.53625 0.79375 0 1 2666.66666666667 1 5 0.230986728775236 5 1000 17629 5
"1613" "Z" 0.06 -0.04125 0.34 0 0.5 2666.66666666667 1 5 1.07880966137193 5 1000 16384 5
"1614" "Z" 0.006 -0.78375 0.505 0 1 2666.66666666667 1 5 0.683196849706777 5 1000 15701 5
"1615" "Z" 0.06 -0.495 0.7525 0 0 2666.66666666667 1 5 0.284354282359106 5 1000 17523 5
"1616" "Z" 0.006 -0.53625 0.95875 0 0 2666.66666666667 1 5 0.042124926300671 5 1000 15143 5
"1617" "Z" 0.06 -0.61875 1 0 1 2666.66666666667 1 5 0 5 1000 17849 5
"1618" "Z" 0.06 -0.2475 0.13375 0 0.5 2666.66666666667 1 5 2.01178289320602 5 1000 16864 5
"1619" "Z" 0.006 -0.45375 0.13375 0 1 2666.66666666667 1 5 2.01178289320602 5 1000 14865 5
"1620" "Z" 0.06 -0.9075 0.95875 0 0.5 2666.66666666667 1 5 0.042124926300671 5 1000 18544 5
"1621" "Z" 0.006 -0.86625 0.21625 1 1 2666.66666666667 1 5 1.53132013317015 5 1000 15874 5
"1622" "Z" 0.06 -0.37125 0.79375 0 1 2666.66666666667 1 5 0.230986728775236 5 1000 17229 5
"1623" "Z" 0.06 -0.0825 1 1 1 2666.66666666667 1 5 0 5 1000 16550 5
"1624" "Z" 0.06 -0.66 1 0 0.5 2666.66666666667 1 5 0 5 1000 17948 5
"1625" "Z" 0.006 -0.495 0.67 0 0 2666.66666666667 1 5 0.400477566597125 5 1000 15015 5
"1626" "Z" 0.06 -0.4125 0.54625 0 0.5 2666.66666666667 1 5 0.604678532572337 5 1000 17304 5
"1627" "Z" 0.006 -0.165 0.95875 0 0.5 2666.66666666667 1 5 0.042124926300671 5 1000 14244 5
"1628" "Z" 0.006 -0.0825 0.5875 0 0 2666.66666666667 1 5 0.531879032963823 5 1000 14007 5
"1629" "Z" 0.006 -0.4125 0.67 0 0 2666.66666666667 1 5 0.400477566597125 5 1000 14815 5
"1630" "Z" 0.06 -0.5775 0.34 0 0 2666.66666666667 1 5 1.07880966137193 5 1000 17683 5
"1631" "Z" 0.006 -0.94875 0.29875 1 1 2666.66666666667 1 5 1.20814817573642 5 1000 16082 5
"1632" "Z" 0.006 -0.86625 0.13375 0 0.5 2666.66666666667 1 5 2.01178289320602 5 1000 15864 5
"1633" "Z" 0.006 -0.70125 0.175 1 1 2666.66666666667 1 5 1.74296930505862 5 1000 15470 5
"1634" "Z" 0.06 -0.99 0.87625 0 1 2666.66666666667 1 5 0.132103840633337 5 1000 18737 5
"1635" "Z" 0.006 -0.0825 0.835 0 0.5 2666.66666666667 1 5 0.180323554131281 5 1000 14032 5
"1636" "Z" 0.006 -0.70125 0.13375 1 1 2666.66666666667 1 5 2.01178289320602 5 1000 15466 5
"1637" "Z" 0.06 -0.2475 0.13375 0 0 2666.66666666667 1 5 2.01178289320602 5 1000 16863 5
"1638" "Z" 0.06 -0.5775 0.95875 1 1 2666.66666666667 1 5 0.042124926300671 5 1000 17746 5
"1639" "Z" 0.06 -0.04125 0.01 0 0.5 2666.66666666667 1 5 4.60517018598809 5 1000 16352 5
"1640" "Z" 0.006 -0.9075 0.62875 1 1 2666.66666666667 1 5 0.464021557568188 5 1000 16014 5
"1641" "Z" 0.006 -0.28875 0.21625 1 1 2666.66666666667 1 5 1.53132013317015 5 1000 14474 5
"1642" "Z" 0.06 -0.04125 0.01 0 1 2666.66666666667 1 5 4.60517018598809 5 1000 16353 5
"1643" "Z" 0.06 -0.33 0.21625 0 1 2666.66666666667 1 5 1.53132013317015 5 1000 17073 5
"1644" "Z" 0.006 0 0.175 0 0 2666.66666666667 1 5 1.74296930505862 5 1000 13767 5
"1645" "Z" 0.006 -0.33 0.21625 0 0.5 2666.66666666667 1 5 1.53132013317015 5 1000 14572 5
"1646" "Z" 0.006 -0.20625 0.4225 0 0 2666.66666666667 1 5 0.861565832184908 5 1000 14291 5
"1647" "Z" 0.006 -0.28875 0.9175 0 1 2666.66666666667 1 5 0.0861026990534116 5 1000 14541 5
"1648" "Z" 0.006 -0.165 0.67 0 0 2666.66666666667 1 5 0.400477566597125 5 1000 14215 5
"1649" "Z" 0.06 -0.86625 0.62875 1 1 2666.66666666667 1 5 0.464021557568188 5 1000 18414 5
"1650" "Z" 0.06 -0.61875 0.21625 0 1 2666.66666666667 1 5 1.53132013317015 5 1000 17773 5
"1651" "Z" 0.006 -0.78375 0.29875 0 0 2666.66666666667 1 5 1.20814817573642 5 1000 15679 5
"1652" "Z" 0.006 -0.825 0.67 1 1 2666.66666666667 1 5 0.400477566597125 5 1000 15818 5
"1653" "Z" 0.006 0 0.21625 1 1 2666.66666666667 1 5 1.53132013317015 5 1000 13774 5
"1654" "Z" 0.006 -0.28875 0.71125 0 0.5 2666.66666666667 1 5 0.340731293541596 5 1000 14520 5
"1655" "Z" 0.006 -0.94875 0.175 1 1 2666.66666666667 1 5 1.74296930505862 5 1000 16070 5
"1656" "Z" 0.06 -0.4125 0.13375 1 1 2666.66666666667 1 5 2.01178289320602 5 1000 17266 5
"1657" "Z" 0.006 -0.165 0.46375 1 1 2666.66666666667 1 5 0.768409665060492 5 1000 14198 5
"1658" "Z" 0.006 -0.28875 0.54625 0 0 2666.66666666667 1 5 0.604678532572337 5 1000 14503 5
"1659" "Z" 0.006 -0.12375 0.9175 1 1 2666.66666666667 1 5 0.0861026990534116 5 1000 14142 5
"1660" "Z" 0.06 -0.0825 0.505 0 1 2666.66666666667 1 5 0.683196849706777 5 1000 16501 5
"1661" "Z" 0.006 -0.78375 0.01 0 0.5 2666.66666666667 1 5 4.60517018598809 5 1000 15652 5
"1662" "Z" 0.06 -0.825 0.13375 0 0 2666.66666666667 1 5 2.01178289320602 5 1000 18263 5
"1663" "Z" 0.06 -0.66 0.46375 0 0 2666.66666666667 1 5 0.768409665060492 5 1000 17895 5
"1664" "Z" 0.006 -0.5775 0.71125 1 1 2666.66666666667 1 5 0.340731293541596 5 1000 15222 5
"1665" "Z" 0.006 -0.78375 0.87625 0 0 2666.66666666667 1 5 0.132103840633337 5 1000 15735 5
"1666" "Z" 0.006 -0.825 0.7525 0 0 2666.66666666667 1 5 0.284354282359106 5 1000 15823 5
"1667" "Z" 0.06 -0.04125 0.0925 1 1 2666.66666666667 1 5 2.38054663446376 5 1000 16362 5
"1668" "Z" 0.06 -0.20625 0.29875 0 1 2666.66666666667 1 5 1.20814817573642 5 1000 16781 5
"1669" "Z" 0.06 -0.2475 0.4225 0 0 2666.66666666667 1 5 0.861565832184908 5 1000 16891 5
"1670" "Z" 0.06 -0.4125 0.175 0 0 2666.66666666667 1 5 1.74296930505862 5 1000 17267 5
"1671" "Z" 0.006 -0.86625 0.62875 1 1 2666.66666666667 1 5 0.464021557568188 5 1000 15914 5
"1672" "Z" 0.06 -0.2475 0.175 0 0.5 2666.66666666667 1 5 1.74296930505862 5 1000 16868 5
"1673" "Z" 0.06 -0.165 0.67 0 0.5 2666.66666666667 1 5 0.400477566597125 5 1000 16716 5
"1674" "Z" 0.06 -0.4125 0.87625 0 1 2666.66666666667 1 5 0.132103840633337 5 1000 17337 5
"1675" "Z" 0.06 -0.825 0.71125 0 1 2666.66666666667 1 5 0.340731293541596 5 1000 18321 5
"1676" "Z" 0.06 -0.0825 0.835 1 1 2666.66666666667 1 5 0.180323554131281 5 1000 16534 5
"1677" "Z" 0.006 -0.28875 0.46375 0 0.5 2666.66666666667 1 5 0.768409665060492 5 1000 14496 5
"1678" "Z" 0.06 -0.165 0.13375 0 0.5 2666.66666666667 1 5 2.01178289320602 5 1000 16664 5
"1679" "Z" 0.006 -0.04125 0.13375 1 1 2666.66666666667 1 5 2.01178289320602 5 1000 13866 5
"1680" "Z" 0.06 -0.20625 0.46375 0 0 2666.66666666667 1 5 0.768409665060492 5 1000 16795 5
"1681" "Z" 0.06 -0.9075 0.2575 0 0 2666.66666666667 1 5 1.35673555887835 5 1000 18475 5
"1682" "Z" 0.06 -0.0825 0.05125 0 0.5 2666.66666666667 1 5 2.97103966096362 5 1000 16456 5
"1683" "Z" 0.006 -0.04125 0.34 0 0 2666.66666666667 1 5 1.07880966137193 5 1000 13883 5
"1684" "Z" 0.006 -0.33 0.0925 0 0.5 2666.66666666667 1 5 2.38054663446376 5 1000 14560 5
"1685" "Z" 0.06 -0.20625 0.95875 0 0.5 2666.66666666667 1 5 0.042124926300671 5 1000 16844 5
"1686" "Z" 0.06 -0.2475 0.05125 0 0.5 2666.66666666667 1 5 2.97103966096362 5 1000 16856 5
"1687" "Z" 0.006 -0.28875 0.175 0 1 2666.66666666667 1 5 1.74296930505862 5 1000 14469 5
"1688" "Z" 0.06 -0.04125 0.2575 0 0.5 2666.66666666667 1 5 1.35673555887835 5 1000 16376 5
"1689" "Z" 0.06 -0.20625 0.4225 1 1 2666.66666666667 1 5 0.861565832184908 5 1000 16794 5
"1690" "Z" 0.06 -0.33 0.71125 0 0.5 2666.66666666667 1 5 0.340731293541596 5 1000 17120 5
"1691" "Z" 0.06 0 0.175 0 0.5 2666.66666666667 1 5 1.74296930505862 5 1000 16268 5
"1692" "Z" 0.006 -0.99 0.0925 0 0 2666.66666666667 1 5 2.38054663446376 5 1000 16159 5
"1693" "Z" 0.006 -0.165 0.34 0 1 2666.66666666667 1 5 1.07880966137193 5 1000 14185 5
"1694" "Z" 0.006 -0.45375 0.87625 0 0.5 2666.66666666667 1 5 0.132103840633337 5 1000 14936 5
"1695" "Z" 0.06 -0.2475 0.38125 1 1 2666.66666666667 1 5 0.964299951060516 5 1000 16890 5
"1696" "Z" 0.06 -0.12375 0.46375 1 1 2666.66666666667 1 5 0.768409665060492 5 1000 16598 5
"1697" "Z" 0.06 -0.37125 0.79375 0 0 2666.66666666667 1 5 0.230986728775236 5 1000 17227 5
"1698" "Z" 0.006 -0.28875 0.7525 1 1 2666.66666666667 1 5 0.284354282359106 5 1000 14526 5
"1699" "Z" 0.06 -0.495 0.5875 0 0.5 2666.66666666667 1 5 0.531879032963823 5 1000 17508 5
"1700" "Z" 0.06 -0.78375 0.175 1 1 2666.66666666667 1 5 1.74296930505862 5 1000 18170 5
"1701" "Z" 0.006 0 0.67 1 1 2666.66666666667 1 5 0.400477566597125 5 1000 13818 5
"1702" "Z" 0.006 -0.495 0.13375 0 0 2666.66666666667 1 5 2.01178289320602 5 1000 14963 5
"1703" "Z" 0.06 -0.70125 0.54625 1 1 2666.66666666667 1 5 0.604678532572337 5 1000 18006 5
"1704" "Z" 0.06 -0.5775 0.38125 0 0.5 2666.66666666667 1 5 0.964299951060516 5 1000 17688 5
"1705" "Z" 0.06 -0.86625 0.5875 0 1 2666.66666666667 1 5 0.531879032963823 5 1000 18409 5
"1706" "Z" 0.006 -0.4125 0.505 0 0 2666.66666666667 1 5 0.683196849706777 5 1000 14799 5
"1707" "Z" 0.06 -0.53625 0.95875 0 0.5 2666.66666666667 1 5 0.042124926300671 5 1000 17644 5
"1708" "Z" 0.006 -0.7425 0.46375 0 0.5 2666.66666666667 1 5 0.768409665060492 5 1000 15596 5
"1709" "Z" 0.06 -0.28875 0.67 1 1 2666.66666666667 1 5 0.400477566597125 5 1000 17018 5
"1710" "Z" 0.06 -0.04125 0.835 1 1 2666.66666666667 1 5 0.180323554131281 5 1000 16434 5
"1711" "Z" 0.06 -0.28875 0.835 0 0 2666.66666666667 1 5 0.180323554131281 5 1000 17031 5
"1712" "Z" 0.006 -0.5775 0.7525 0 1 2666.66666666667 1 5 0.284354282359106 5 1000 15225 5
"1713" "Z" 0.006 -0.4125 0.29875 1 1 2666.66666666667 1 5 1.20814817573642 5 1000 14782 5
"1714" "Z" 0.06 -0.165 0.2575 1 1 2666.66666666667 1 5 1.35673555887835 5 1000 16678 5
"1715" "Z" 0.006 -0.28875 0.4225 0 0.5 2666.66666666667 1 5 0.861565832184908 5 1000 14492 5
"1716" "Z" 0.06 -0.9075 0.34 0 0.5 2666.66666666667 1 5 1.07880966137193 5 1000 18484 5
"1717" "Z" 0.06 -0.53625 0.54625 0 1 2666.66666666667 1 5 0.604678532572337 5 1000 17605 5
"1718" "Z" 0.06 -0.99 0.79375 0 1 2666.66666666667 1 5 0.230986728775236 5 1000 18729 5
"1719" "Z" 0.006 -0.86625 0.5875 0 0 2666.66666666667 1 5 0.531879032963823 5 1000 15907 5
"1720" "Z" 0.06 -0.45375 0.05125 0 0.5 2666.66666666667 1 5 2.97103966096362 5 1000 17356 5
"1721" "Z" 0.06 -0.2475 0.71125 1 1 2666.66666666667 1 5 0.340731293541596 5 1000 16922 5
"1722" "Z" 0.06 -0.7425 0.01 0 0.5 2666.66666666667 1 5 4.60517018598809 5 1000 18052 5
"1723" "Z" 0.06 -0.4125 0.2575 0 0 2666.66666666667 1 5 1.35673555887835 5 1000 17275 5
"1724" "Z" 0.006 -0.61875 0.9175 1 1 2666.66666666667 1 5 0.0861026990534116 5 1000 15342 5
"1725" "Z" 0.06 -0.165 0.29875 1 1 2666.66666666667 1 5 1.20814817573642 5 1000 16682 5
"1726" "Z" 0.06 -0.4125 0.21625 1 1 2666.66666666667 1 5 1.53132013317015 5 1000 17274 5
"1727" "Z" 0.06 -0.33 0.46375 0 0.5 2666.66666666667 1 5 0.768409665060492 5 1000 17096 5
"1728" "Z" 0.006 -0.94875 0.21625 0 0.5 2666.66666666667 1 5 1.53132013317015 5 1000 16072 5
"1729" "Z" 0.006 -0.53625 0.9175 0 1 2666.66666666667 1 5 0.0861026990534116 5 1000 15141 5
"1730" "Z" 0.006 -0.78375 0.79375 0 1 2666.66666666667 1 5 0.230986728775236 5 1000 15729 5
"1731" "Z" 0.06 -0.9075 0.505 1 1 2666.66666666667 1 5 0.683196849706777 5 1000 18502 5
"1732" "Z" 0.006 -0.0825 0.71125 1 1 2666.66666666667 1 5 0.340731293541596 5 1000 14022 5
"1733" "Z" 0.006 -0.45375 0.38125 0 0.5 2666.66666666667 1 5 0.964299951060516 5 1000 14888 5
"1734" "Z" 0.006 -0.5775 0.62875 1 1 2666.66666666667 1 5 0.464021557568188 5 1000 15214 5
"1735" "Z" 0.06 -0.70125 0.7525 0 0 2666.66666666667 1 5 0.284354282359106 5 1000 18023 5
"1736" "Z" 0.06 -0.78375 0.54625 0 0 2666.66666666667 1 5 0.604678532572337 5 1000 18203 5
"1737" "Z" 0.006 -0.86625 0.01 0 0 2666.66666666667 1 5 4.60517018598809 5 1000 15851 5
"1738" "Z" 0.006 -0.45375 0.95875 1 1 2666.66666666667 1 5 0.042124926300671 5 1000 14946 5
"1739" "Z" 0.06 -0.37125 1 0 0.5 2666.66666666667 1 5 0 5 1000 17248 5
"1740" "Z" 0.06 -0.66 0.5875 0 1 2666.66666666667 1 5 0.531879032963823 5 1000 17909 5
"1741" "Z" 0.06 -0.4125 0.79375 1 1 2666.66666666667 1 5 0.230986728775236 5 1000 17330 5
"1742" "Z" 0.06 -0.7425 1 0 1 2666.66666666667 1 5 0 5 1000 18149 5
"1743" "Z" 0.06 -0.99 0.13375 0 0.5 2666.66666666667 1 5 2.01178289320602 5 1000 18664 5
"1744" "Z" 0.006 -0.0825 1 1 1 2666.66666666667 1 5 0 5 1000 14050 5
"1745" "Z" 0.06 -0.12375 0.175 1 1 2666.66666666667 1 5 1.74296930505862 5 1000 16570 5
"1746" "Z" 0.06 -0.94875 0.9175 0 0.5 2666.66666666667 1 5 0.0861026990534116 5 1000 18640 5
"1747" "Z" 0.006 -0.825 0.835 0 1 2666.66666666667 1 5 0.180323554131281 5 1000 15833 5
"1748" "Z" 0.006 -0.53625 0.67 0 1 2666.66666666667 1 5 0.400477566597125 5 1000 15117 5
"1749" "Z" 0.006 -0.66 0.54625 0 1 2666.66666666667 1 5 0.604678532572337 5 1000 15405 5
"1750" "Z" 0.006 -0.9075 0.34 0 1 2666.66666666667 1 5 1.07880966137193 5 1000 15985 5
"1751" "Z" 0.06 -0.7425 0.95875 0 1 2666.66666666667 1 5 0.042124926300671 5 1000 18145 5
"1752" "Z" 0.06 -0.7425 0.95875 0 0.5 2666.66666666667 1 5 0.042124926300671 5 1000 18144 5
"1753" "Z" 0.006 -0.53625 0.87625 0 1 2666.66666666667 1 5 0.132103840633337 5 1000 15137 5
"1754" "Z" 0.06 -0.94875 0.21625 0 1 2666.66666666667 1 5 1.53132013317015 5 1000 18573 5
"1755" "Z" 0.06 -0.53625 0.2575 0 1 2666.66666666667 1 5 1.35673555887835 5 1000 17577 5
"1756" "Z" 0.06 -0.2475 0.21625 0 1 2666.66666666667 1 5 1.53132013317015 5 1000 16873 5
"1757" "Z" 0.006 -0.94875 0.67 0 1 2666.66666666667 1 5 0.400477566597125 5 1000 16117 5
"1758" "Z" 0.006 -0.20625 0.5875 0 0 2666.66666666667 1 5 0.531879032963823 5 1000 14307 5
"1759" "Z" 0.006 -0.94875 0.21625 1 1 2666.66666666667 1 5 1.53132013317015 5 1000 16074 5
"1760" "Z" 0.006 -0.99 0.5875 0 0 2666.66666666667 1 5 0.531879032963823 5 1000 16207 5
"1761" "Z" 0.006 -0.2475 0.4225 0 0 2666.66666666667 1 5 0.861565832184908 5 1000 14391 5
"1762" "Z" 0.006 -0.12375 0.01 0 1 2666.66666666667 1 5 4.60517018598809 5 1000 14053 5
"1763" "Z" 0.006 -0.45375 0.7525 0 0.5 2666.66666666667 1 5 0.284354282359106 5 1000 14924 5
"1764" "Z" 0.06 -0.7425 0.05125 0 0 2666.66666666667 1 5 2.97103966096362 5 1000 18055 5
"1765" "Z" 0.006 -0.825 0.95875 0 1 2666.66666666667 1 5 0.042124926300671 5 1000 15845 5
"1766" "Z" 0.06 -0.61875 0.05125 1 1 2666.66666666667 1 5 2.97103966096362 5 1000 17758 5
"1767" "Z" 0.006 -0.86625 0.67 0 1 2666.66666666667 1 5 0.400477566597125 5 1000 15917 5
"1768" "Z" 0.006 -0.66 0.835 1 1 2666.66666666667 1 5 0.180323554131281 5 1000 15434 5
"1769" "Z" 0.06 -0.825 0.79375 1 1 2666.66666666667 1 5 0.230986728775236 5 1000 18330 5
"1770" "Z" 0.06 -0.495 0.38125 1 1 2666.66666666667 1 5 0.964299951060516 5 1000 17490 5
"1771" "Z" 0.06 -0.7425 0.7525 0 1 2666.66666666667 1 5 0.284354282359106 5 1000 18125 5
"1772" "Z" 0.06 0 0.54625 0 0 2666.66666666667 1 5 0.604678532572337 5 1000 16303 5
"1773" "Z" 0.06 -0.4125 0.54625 0 0 2666.66666666667 1 5 0.604678532572337 5 1000 17303 5
"1774" "Z" 0.06 -0.165 1 0 0 2666.66666666667 1 5 0 5 1000 16747 5
"1775" "Z" 0.006 -0.165 0.21625 0 1 2666.66666666667 1 5 1.53132013317015 5 1000 14173 5
"1776" "Z" 0.006 -0.825 0.175 0 0 2666.66666666667 1 5 1.74296930505862 5 1000 15767 5
"1777" "Z" 0.06 -0.5775 0.5875 0 0 2666.66666666667 1 5 0.531879032963823 5 1000 17707 5
"1778" "Z" 0.06 -0.86625 0.29875 0 0 2666.66666666667 1 5 1.20814817573642 5 1000 18379 5
"1779" "Z" 0.006 -0.61875 0.62875 0 0.5 2666.66666666667 1 5 0.464021557568188 5 1000 15312 5
"1780" "Z" 0.06 -0.825 0.34 0 0 2666.66666666667 1 5 1.07880966137193 5 1000 18283 5
"1781" "Z" 0.06 -0.20625 0.67 0 0.5 2666.66666666667 1 5 0.400477566597125 5 1000 16816 5
"1782" "Z" 0.006 -0.53625 0.2575 0 1 2666.66666666667 1 5 1.35673555887835 5 1000 15077 5
"1783" "Z" 0.006 -0.5775 0.4225 0 1 2666.66666666667 1 5 0.861565832184908 5 1000 15193 5
"1784" "Z" 0.06 -0.66 0.34 0 0 2666.66666666667 1 5 1.07880966137193 5 1000 17883 5
"1785" "Z" 0.006 -0.53625 0.34 0 0 2666.66666666667 1 5 1.07880966137193 5 1000 15083 5
"1786" "Z" 0.06 -0.33 0.5875 0 0 2666.66666666667 1 5 0.531879032963823 5 1000 17107 5
"1787" "Z" 0.06 -0.78375 0.505 0 0 2666.66666666667 1 5 0.683196849706777 5 1000 18199 5
"1788" "Z" 0.06 -0.04125 0.67 1 1 2666.66666666667 1 5 0.400477566597125 5 1000 16418 5
"1789" "Z" 0.006 -0.28875 0.87625 0 0.5 2666.66666666667 1 5 0.132103840633337 5 1000 14536 5
"1790" "Z" 0.006 -0.4125 0.46375 0 1 2666.66666666667 1 5 0.768409665060492 5 1000 14797 5
"1791" "Z" 0.006 -0.495 0.21625 1 1 2666.66666666667 1 5 1.53132013317015 5 1000 14974 5
"1792" "Z" 0.06 -0.04125 0.05125 0 1 2666.66666666667 1 5 2.97103966096362 5 1000 16357 5
"1793" "Z" 0.006 -0.70125 0.62875 0 1 2666.66666666667 1 5 0.464021557568188 5 1000 15513 5
"1794" "Z" 0.006 -0.165 0.05125 0 0 2666.66666666667 1 5 2.97103966096362 5 1000 14155 5
"1795" "Z" 0.006 -0.94875 0.7525 1 1 2666.66666666667 1 5 0.284354282359106 5 1000 16126 5
"1796" "Z" 0.006 -0.825 0.71125 0 1 2666.66666666667 1 5 0.340731293541596 5 1000 15821 5
"1797" "Z" 0.006 -0.20625 0.4225 0 0.5 2666.66666666667 1 5 0.861565832184908 5 1000 14292 5
"1798" "Z" 0.06 -0.825 0.21625 1 1 2666.66666666667 1 5 1.53132013317015 5 1000 18274 5
"1799" "Z" 0.006 -0.33 0.2575 0 0 2666.66666666667 1 5 1.35673555887835 5 1000 14575 5
"1800" "Z" 0.006 -0.61875 0.87625 0 0.5 2666.66666666667 1 5 0.132103840633337 5 1000 15336 5
"1801" "Z" 0.06 -0.66 0.38125 0 0 2666.66666666667 1 5 0.964299951060516 5 1000 17887 5
"1802" "Z" 0.006 -0.66 0.175 0 1 2666.66666666667 1 5 1.74296930505862 5 1000 15369 5
"1803" "Z" 0.06 -0.20625 0.4225 0 1 2666.66666666667 1 5 0.861565832184908 5 1000 16793 5
"1804" "Z" 0.006 -0.825 0.95875 1 1 2666.66666666667 1 5 0.042124926300671 5 1000 15846 5
"1805" "Z" 0.006 -0.53625 0.87625 0 0 2666.66666666667 1 5 0.132103840633337 5 1000 15135 5
"1806" "Z" 0.06 -0.495 0.9175 0 1 2666.66666666667 1 5 0.0861026990534116 5 1000 17541 5
"1807" "Z" 0.006 -0.0825 0.46375 0 0 2666.66666666667 1 5 0.768409665060492 5 1000 13995 5
"1808" "Z" 0.06 -0.12375 0.21625 0 0.5 2666.66666666667 1 5 1.53132013317015 5 1000 16572 5
"1809" "Z" 0.006 -0.33 0.01 0 0.5 2666.66666666667 1 5 4.60517018598809 5 1000 14552 5
"1810" "Z" 0.06 -0.20625 0.9175 0 1 2666.66666666667 1 5 0.0861026990534116 5 1000 16841 5
"1811" "Z" 0.006 -0.78375 0.835 0 1 2666.66666666667 1 5 0.180323554131281 5 1000 15733 5
"1812" "Z" 0.006 -0.61875 0.21625 1 1 2666.66666666667 1 5 1.53132013317015 5 1000 15274 5
"1813" "Z" 0.006 -0.99 0.29875 0 0 2666.66666666667 1 5 1.20814817573642 5 1000 16179 5
"1814" "Z" 0.006 -0.99 0.29875 0 0.5 2666.66666666667 1 5 1.20814817573642 5 1000 16180 5
"1815" "Z" 0.006 -0.20625 0.2575 0 0.5 2666.66666666667 1 5 1.35673555887835 5 1000 14276 5
"1816" "Z" 0.006 0 0.87625 1 1 2666.66666666667 1 5 0.132103840633337 5 1000 13838 5
"1817" "Z" 0.06 -0.165 0.13375 1 1 2666.66666666667 1 5 2.01178289320602 5 1000 16666 5
"1818" "Z" 0.006 -0.86625 0.2575 0 0.5 2666.66666666667 1 5 1.35673555887835 5 1000 15876 5
"1819" "Z" 0.006 -0.2475 0.835 0 0.5 2666.66666666667 1 5 0.180323554131281 5 1000 14432 5
"1820" "Z" 0.06 -0.37125 0.01 0 1 2666.66666666667 1 5 4.60517018598809 5 1000 17153 5
"1821" "Z" 0.06 -0.5775 1 0 0.5 2666.66666666667 1 5 0 5 1000 17748 5
"1822" "Z" 0.06 -0.2475 0.46375 0 1 2666.66666666667 1 5 0.768409665060492 5 1000 16897 5
"1823" "Z" 0.06 -0.78375 1 0 0.5 2666.66666666667 1 5 0 5 1000 18248 5
"1824" "Z" 0.06 -0.33 0.21625 1 1 2666.66666666667 1 5 1.53132013317015 5 1000 17074 5
"1825" "Z" 0.006 -0.70125 0.95875 0 0 2666.66666666667 1 5 0.042124926300671 5 1000 15543 5
"1826" "Z" 0.06 -0.37125 0.54625 0 1 2666.66666666667 1 5 0.604678532572337 5 1000 17205 5
"1827" "Z" 0.06 -0.86625 0.67 0 1 2666.66666666667 1 5 0.400477566597125 5 1000 18417 5
"1828" "Z" 0.006 -0.04125 0.2575 0 0 2666.66666666667 1 5 1.35673555887835 5 1000 13875 5
"1829" "Z" 0.06 -0.825 0.175 0 0.5 2666.66666666667 1 5 1.74296930505862 5 1000 18268 5
"1830" "Z" 0.006 0 0.67 0 0.5 2666.66666666667 1 5 0.400477566597125 5 1000 13816 5
"1831" "Z" 0.06 -0.4125 0.13375 0 1 2666.66666666667 1 5 2.01178289320602 5 1000 17265 5
"1832" "Z" 0.06 -0.70125 0.46375 1 1 2666.66666666667 1 5 0.768409665060492 5 1000 17998 5
"1833" "Z" 0.006 -0.53625 0.46375 0 1 2666.66666666667 1 5 0.768409665060492 5 1000 15097 5
"1834" "Z" 0.006 -0.45375 0.79375 1 1 2666.66666666667 1 5 0.230986728775236 5 1000 14930 5
"1835" "Z" 0.006 -0.04125 0.2575 1 1 2666.66666666667 1 5 1.35673555887835 5 1000 13878 5
"1836" "Z" 0.06 -0.94875 0.5875 1 1 2666.66666666667 1 5 0.531879032963823 5 1000 18610 5
"1837" "Z" 0.06 -0.2475 0.01 0 1 2666.66666666667 1 5 4.60517018598809 5 1000 16853 5
"1838" "Z" 0.006 -0.7425 0.505 0 0 2666.66666666667 1 5 0.683196849706777 5 1000 15599 5
"1839" "Z" 0.006 -0.53625 0.505 0 1 2666.66666666667 1 5 0.683196849706777 5 1000 15101 5
"1840" "Z" 0.006 -0.37125 0.34 0 0.5 2666.66666666667 1 5 1.07880966137193 5 1000 14684 5
"1841" "Z" 0.006 -0.825 0.7525 0 1 2666.66666666667 1 5 0.284354282359106 5 1000 15825 5
"1842" "Z" 0.006 -0.0825 0.9175 1 1 2666.66666666667 1 5 0.0861026990534116 5 1000 14042 5
"1843" "Z" 0.06 -0.94875 0.54625 0 0.5 2666.66666666667 1 5 0.604678532572337 5 1000 18604 5
"1844" "Z" 0.006 -0.5775 0.9175 0 1 2666.66666666667 1 5 0.0861026990534116 5 1000 15241 5
"1845" "Z" 0.006 -0.28875 0.54625 0 1 2666.66666666667 1 5 0.604678532572337 5 1000 14505 5
"1846" "Z" 0.006 -0.33 0.38125 1 1 2666.66666666667 1 5 0.964299951060516 5 1000 14590 5
"1847" "Z" 0.06 -0.86625 0.0925 0 0.5 2666.66666666667 1 5 2.38054663446376 5 1000 18360 5
"1848" "Z" 0.006 -0.61875 0.175 0 0.5 2666.66666666667 1 5 1.74296930505862 5 1000 15268 5
"1849" "Z" 0.006 -0.53625 0.62875 1 1 2666.66666666667 1 5 0.464021557568188 5 1000 15114 5
"1850" "Z" 0.006 -0.165 0.7525 0 1 2666.66666666667 1 5 0.284354282359106 5 1000 14225 5
"1851" "Z" 0.006 -0.37125 0.38125 1 1 2666.66666666667 1 5 0.964299951060516 5 1000 14690 5
"1852" "Z" 0.06 -0.28875 0.0925 1 1 2666.66666666667 1 5 2.38054663446376 5 1000 16962 5
"1853" "Z" 0.06 -0.37125 0.71125 1 1 2666.66666666667 1 5 0.340731293541596 5 1000 17222 5
"1854" "Z" 0.006 -0.5775 0.87625 0 1 2666.66666666667 1 5 0.132103840633337 5 1000 15237 5
"1855" "Z" 0.06 -0.99 0.05125 0 0 2666.66666666667 1 5 2.97103966096362 5 1000 18655 5
"1856" "Z" 0.006 -0.37125 0.2575 0 0 2666.66666666667 1 5 1.35673555887835 5 1000 14675 5
"1857" "Z" 0.006 -0.53625 0.7525 0 1 2666.66666666667 1 5 0.284354282359106 5 1000 15125 5
"1858" "Z" 0.006 -0.28875 0.46375 0 0 2666.66666666667 1 5 0.768409665060492 5 1000 14495 5
"1859" "Z" 0.06 -0.9075 0.505 0 1 2666.66666666667 1 5 0.683196849706777 5 1000 18501 5
"1860" "Z" 0.006 -0.61875 0.67 0 0 2666.66666666667 1 5 0.400477566597125 5 1000 15315 5
"1861" "Z" 0.06 -0.0825 0.62875 1 1 2666.66666666667 1 5 0.464021557568188 5 1000 16514 5
"1862" "Z" 0.06 -0.70125 0.5875 0 0 2666.66666666667 1 5 0.531879032963823 5 1000 18007 5
"1863" "Z" 0.006 -0.2475 0.79375 1 1 2666.66666666667 1 5 0.230986728775236 5 1000 14430 5
"1864" "Z" 0.006 -0.20625 0.62875 0 0 2666.66666666667 1 5 0.464021557568188 5 1000 14311 5
"1865" "Z" 0.006 -0.53625 0.05125 0 0.5 2666.66666666667 1 5 2.97103966096362 5 1000 15056 5
"1866" "Z" 0.006 -0.28875 0.505 0 0.5 2666.66666666667 1 5 0.683196849706777 5 1000 14500 5
"1867" "Z" 0.006 -0.9075 0.87625 1 1 2666.66666666667 1 5 0.132103840633337 5 1000 16038 5
"1868" "Z" 0.006 -0.45375 0.5875 1 1 2666.66666666667 1 5 0.531879032963823 5 1000 14910 5
"1869" "Z" 0.006 -0.94875 0.95875 0 1 2666.66666666667 1 5 0.042124926300671 5 1000 16145 5
"1870" "Z" 0.006 -0.495 0.13375 0 0.5 2666.66666666667 1 5 2.01178289320602 5 1000 14964 5
"1871" "Z" 0.006 -0.86625 0.79375 0 0.5 2666.66666666667 1 5 0.230986728775236 5 1000 15928 5
"1872" "Z" 0.06 -0.825 0.05125 0 1 2666.66666666667 1 5 2.97103966096362 5 1000 18257 5
"1873" "Z" 0.06 -0.66 0.01 0 0.5 2666.66666666667 1 5 4.60517018598809 5 1000 17852 5
"1874" "Z" 0.006 -0.33 0.34 0 0.5 2666.66666666667 1 5 1.07880966137193 5 1000 14584 5
"1875" "Z" 0.006 -0.78375 0.38125 0 0 2666.66666666667 1 5 0.964299951060516 5 1000 15687 5
"1876" "Z" 0.06 -0.28875 0.01 1 1 2666.66666666667 1 5 4.60517018598809 5 1000 16954 5
"1877" "Z" 0.06 -0.165 0.9175 0 0.5 2666.66666666667 1 5 0.0861026990534116 5 1000 16740 5
"1878" "Z" 0.006 -0.99 0.95875 0 0.5 2666.66666666667 1 5 0.042124926300671 5 1000 16244 5
"1879" "Z" 0.06 -0.20625 0.7525 0 1 2666.66666666667 1 5 0.284354282359106 5 1000 16825 5
"1880" "Z" 0.006 -0.825 0.13375 0 1 2666.66666666667 1 5 2.01178289320602 5 1000 15765 5
"1881" "Z" 0.06 -0.33 0.21625 0 0.5 2666.66666666667 1 5 1.53132013317015 5 1000 17072 5
"1882" "Z" 0.06 -0.4125 0.34 0 1 2666.66666666667 1 5 1.07880966137193 5 1000 17285 5
"1883" "Z" 0.06 -0.5775 0.0925 0 0 2666.66666666667 1 5 2.38054663446376 5 1000 17659 5
"1884" "Z" 0.06 -0.45375 0.29875 0 1 2666.66666666667 1 5 1.20814817573642 5 1000 17381 5
"1885" "Z" 0.006 -0.04125 0.0925 0 0 2666.66666666667 1 5 2.38054663446376 5 1000 13859 5
"1886" "Z" 0.06 -0.12375 0.54625 0 1 2666.66666666667 1 5 0.604678532572337 5 1000 16605 5
"1887" "Z" 0.06 -0.04125 0.7525 1 1 2666.66666666667 1 5 0.284354282359106 5 1000 16426 5
"1888" "Z" 0.006 -0.7425 0.38125 0 1 2666.66666666667 1 5 0.964299951060516 5 1000 15589 5
"1889" "Z" 0.006 -0.2475 0.46375 0 1 2666.66666666667 1 5 0.768409665060492 5 1000 14397 5
"1890" "Z" 0.006 -0.78375 0.01 1 1 2666.66666666667 1 5 4.60517018598809 5 1000 15654 5
"1891" "Z" 0.006 -0.7425 0.21625 1 1 2666.66666666667 1 5 1.53132013317015 5 1000 15574 5
"1892" "Z" 0.06 -0.33 0.54625 1 1 2666.66666666667 1 5 0.604678532572337 5 1000 17106 5
"1893" "Z" 0.06 -0.94875 0.71125 0 1 2666.66666666667 1 5 0.340731293541596 5 1000 18621 5
"1894" "Z" 0.006 -0.78375 0.2575 1 1 2666.66666666667 1 5 1.35673555887835 5 1000 15678 5
"1895" "Z" 0.006 -0.94875 0.87625 1 1 2666.66666666667 1 5 0.132103840633337 5 1000 16138 5
"1896" "Z" 0.06 -0.45375 0.835 0 0.5 2666.66666666667 1 5 0.180323554131281 5 1000 17432 5
"1897" "Z" 0.006 -0.28875 0.71125 1 1 2666.66666666667 1 5 0.340731293541596 5 1000 14522 5
"1898" "Z" 0.006 -0.12375 0.34 1 1 2666.66666666667 1 5 1.07880966137193 5 1000 14086 5
"1899" "Z" 0.006 -0.2475 0.0925 1 1 2666.66666666667 1 5 2.38054663446376 5 1000 14362 5
"1900" "Z" 0.006 -0.04125 0.21625 0 0.5 2666.66666666667 1 5 1.53132013317015 5 1000 13872 5
"1901" "Z" 0.06 -0.99 0.95875 0 0 2666.66666666667 1 5 0.042124926300671 5 1000 18743 5
"1902" "Z" 0.06 -0.45375 0.21625 1 1 2666.66666666667 1 5 1.53132013317015 5 1000 17374 5
"1903" "Z" 0.06 -0.2475 0.05125 1 1 2666.66666666667 1 5 2.97103966096362 5 1000 16858 5
"1904" "Z" 0.006 -0.12375 0.5875 0 0.5 2666.66666666667 1 5 0.531879032963823 5 1000 14108 5
"1905" "Z" 0.06 -0.78375 0.62875 0 1 2666.66666666667 1 5 0.464021557568188 5 1000 18213 5
"1906" "Z" 0.006 -0.45375 0.505 0 0 2666.66666666667 1 5 0.683196849706777 5 1000 14899 5
"1907" "Z" 0.06 -0.9075 0.2575 0 0.5 2666.66666666667 1 5 1.35673555887835 5 1000 18476 5
"1908" "Z" 0.06 -0.0825 0.67 0 1 2666.66666666667 1 5 0.400477566597125 5 1000 16517 5
"1909" "Z" 0.006 -0.20625 0.01 0 0 2666.66666666667 1 5 4.60517018598809 5 1000 14251 5
"1910" "Z" 0.06 -0.53625 0.505 1 1 2666.66666666667 1 5 0.683196849706777 5 1000 17602 5
"1911" "Z" 0.06 -0.495 0.87625 0 1 2666.66666666667 1 5 0.132103840633337 5 1000 17537 5
"1912" "Z" 0.06 -0.20625 0.54625 0 0 2666.66666666667 1 5 0.604678532572337 5 1000 16803 5
"1913" "Z" 0.006 -0.94875 0.54625 0 0 2666.66666666667 1 5 0.604678532572337 5 1000 16103 5
"1914" "Z" 0.006 -0.28875 0.67 0 0.5 2666.66666666667 1 5 0.400477566597125 5 1000 14516 5
"1915" "Z" 0.06 -0.0825 0.87625 0 1 2666.66666666667 1 5 0.132103840633337 5 1000 16537 5
"1916" "Z" 0.06 -0.66 0.67 1 1 2666.66666666667 1 5 0.400477566597125 5 1000 17918 5
"1917" "Z" 0.06 -0.94875 0.5875 0 0.5 2666.66666666667 1 5 0.531879032963823 5 1000 18608 5
"1918" "Z" 0.006 -0.66 0.4225 0 0.5 2666.66666666667 1 5 0.861565832184908 5 1000 15392 5
"1919" "Z" 0.06 -0.66 0.71125 0 0 2666.66666666667 1 5 0.340731293541596 5 1000 17919 5
"1920" "Z" 0.006 -0.2475 0.71125 0 0 2666.66666666667 1 5 0.340731293541596 5 1000 14419 5
"1921" "Z" 0.006 -0.78375 0.71125 0 0.5 2666.66666666667 1 5 0.340731293541596 5 1000 15720 5
"1922" "Z" 0.006 -0.5775 0.54625 0 0.5 2666.66666666667 1 5 0.604678532572337 5 1000 15204 5
"1923" "Z" 0.06 -0.7425 0.79375 0 1 2666.66666666667 1 5 0.230986728775236 5 1000 18129 5
"1924" "Z" 0.06 -0.12375 0.835 0 1 2666.66666666667 1 5 0.180323554131281 5 1000 16633 5
"1925" "Z" 0.006 0 0.0925 0 1 2666.66666666667 1 5 2.38054663446376 5 1000 13761 5
"1926" "Z" 0.006 -0.99 0.54625 1 1 2666.66666666667 1 5 0.604678532572337 5 1000 16206 5
"1927" "Z" 0.06 -0.825 0.835 1 1 2666.66666666667 1 5 0.180323554131281 5 1000 18334 5
"1928" "Z" 0.006 -0.825 0.38125 0 0.5 2666.66666666667 1 5 0.964299951060516 5 1000 15788 5
"1929" "Z" 0.006 -0.94875 0.175 0 0 2666.66666666667 1 5 1.74296930505862 5 1000 16067 5
"1930" "Z" 0.006 -0.20625 0.4225 0 1 2666.66666666667 1 5 0.861565832184908 5 1000 14293 5
"1931" "Z" 0.06 -0.94875 0.505 0 0.5 2666.66666666667 1 5 0.683196849706777 5 1000 18600 5
"1932" "Z" 0.006 -0.495 0.5875 1 1 2666.66666666667 1 5 0.531879032963823 5 1000 15010 5
"1933" "Z" 0.06 -0.4125 0.01 0 0 2666.66666666667 1 5 4.60517018598809 5 1000 17251 5
"1934" "Z" 0.006 -0.9075 0.4225 0 0.5 2666.66666666667 1 5 0.861565832184908 5 1000 15992 5
"1935" "Z" 0.006 -0.45375 0.67 1 1 2666.66666666667 1 5 0.400477566597125 5 1000 14918 5
"1936" "Z" 0.06 -0.45375 0.79375 0 1 2666.66666666667 1 5 0.230986728775236 5 1000 17429 5
"1937" "Z" 0.006 -0.4125 0.29875 0 0 2666.66666666667 1 5 1.20814817573642 5 1000 14779 5
"1938" "Z" 0.006 -0.5775 0.13375 0 0.5 2666.66666666667 1 5 2.01178289320602 5 1000 15164 5
"1939" "Z" 0.006 -0.86625 0.46375 1 1 2666.66666666667 1 5 0.768409665060492 5 1000 15898 5
"1940" "Z" 0.006 -0.5775 0.13375 1 1 2666.66666666667 1 5 2.01178289320602 5 1000 15166 5
"1941" "Z" 0.06 -0.94875 0.9175 0 0 2666.66666666667 1 5 0.0861026990534116 5 1000 18639 5
"1942" "Z" 0.006 -0.53625 0.9175 0 0.5 2666.66666666667 1 5 0.0861026990534116 5 1000 15140 5
"1943" "Z" 0.006 -0.20625 0.46375 0 0.5 2666.66666666667 1 5 0.768409665060492 5 1000 14296 5
"1944" "Z" 0.006 -0.53625 0.79375 0 0.5 2666.66666666667 1 5 0.230986728775236 5 1000 15128 5
"1945" "Z" 0.006 -0.94875 0.46375 0 1 2666.66666666667 1 5 0.768409665060492 5 1000 16097 5
"1946" "Z" 0.006 -0.5775 0.29875 0 1 2666.66666666667 1 5 1.20814817573642 5 1000 15181 5
"1947" "Z" 0.006 -0.495 0.01 0 0.5 2666.66666666667 1 5 4.60517018598809 5 1000 14952 5
"1948" "Z" 0.006 -0.61875 0.21625 0 1 2666.66666666667 1 5 1.53132013317015 5 1000 15273 5
"1949" "Z" 0.006 -0.94875 0.79375 1 1 2666.66666666667 1 5 0.230986728775236 5 1000 16130 5
"1950" "Z" 0.006 -0.33 0.54625 0 0.5 2666.66666666667 1 5 0.604678532572337 5 1000 14604 5
"1951" "Z" 0.06 -0.99 0.5875 1 1 2666.66666666667 1 5 0.531879032963823 5 1000 18710 5
"1952" "Z" 0.006 -0.37125 0.5875 0 1 2666.66666666667 1 5 0.531879032963823 5 1000 14709 5
"1953" "Z" 0.06 -0.61875 0.5875 0 0.5 2666.66666666667 1 5 0.531879032963823 5 1000 17808 5
"1954" "Z" 0.006 0 0.38125 0 0 2666.66666666667 1 5 0.964299951060516 5 1000 13787 5
"1955" "Z" 0.06 -0.825 0.34 1 1 2666.66666666667 1 5 1.07880966137193 5 1000 18286 5
"1956" "Z" 0.006 -0.99 0.7525 0 0 2666.66666666667 1 5 0.284354282359106 5 1000 16223 5
"1957" "Z" 0.06 -0.28875 0.62875 0 0.5 2666.66666666667 1 5 0.464021557568188 5 1000 17012 5
"1958" "Z" 0.06 -0.2475 0.54625 0 0 2666.66666666667 1 5 0.604678532572337 5 1000 16903 5
"1959" "Z" 0.006 -0.66 0.46375 1 1 2666.66666666667 1 5 0.768409665060492 5 1000 15398 5
"1960" "Z" 0.06 -0.04125 0.67 0 0 2666.66666666667 1 5 0.400477566597125 5 1000 16415 5
"1961" "Z" 0.06 -0.94875 0.95875 0 0 2666.66666666667 1 5 0.042124926300671 5 1000 18643 5
"1962" "Z" 0.006 -0.70125 0.0925 0 1 2666.66666666667 1 5 2.38054663446376 5 1000 15461 5
"1963" "Z" 0.006 -0.9075 0.67 1 1 2666.66666666667 1 5 0.400477566597125 5 1000 16018 5
"1964" "Z" 0.006 -0.28875 0.05125 1 1 2666.66666666667 1 5 2.97103966096362 5 1000 14458 5
"1965" "Z" 0.006 -0.7425 0.95875 0 0 2666.66666666667 1 5 0.042124926300671 5 1000 15643 5
"1966" "Z" 0.06 -0.4125 0.01 0 1 2666.66666666667 1 5 4.60517018598809 5 1000 17253 5
"1967" "Z" 0.006 -0.20625 0.13375 0 0 2666.66666666667 1 5 2.01178289320602 5 1000 14263 5
"1968" "Z" 0.006 -0.28875 0.62875 0 0.5 2666.66666666667 1 5 0.464021557568188 5 1000 14512 5
"1969" "Z" 0.006 -0.04125 0.01 0 1 2666.66666666667 1 5 4.60517018598809 5 1000 13853 5
"1970" "Z" 0.006 -0.5775 0.01 0 1 2666.66666666667 1 5 4.60517018598809 5 1000 15153 5
"1971" "Z" 0.06 -0.4125 0.62875 0 0.5 2666.66666666667 1 5 0.464021557568188 5 1000 17312 5
"1972" "Z" 0.006 -0.94875 0.7525 0 0.5 2666.66666666667 1 5 0.284354282359106 5 1000 16124 5
"1973" "Z" 0.06 -0.53625 0.79375 0 0.5 2666.66666666667 1 5 0.230986728775236 5 1000 17628 5
"1974" "Z" 0.06 -0.495 0.38125 0 0 2666.66666666667 1 5 0.964299951060516 5 1000 17487 5
"1975" "Z" 0.006 -0.37125 0.79375 0 1 2666.66666666667 1 5 0.230986728775236 5 1000 14729 5
"1976" "Z" 0.006 -0.12375 0.38125 1 1 2666.66666666667 1 5 0.964299951060516 5 1000 14090 5
"1977" "Z" 0.06 -0.20625 0.71125 0 0 2666.66666666667 1 5 0.340731293541596 5 1000 16819 5
"1978" "Z" 0.006 -0.99 0.05125 0 1 2666.66666666667 1 5 2.97103966096362 5 1000 16157 5
"1979" "Z" 0.06 -0.825 0.13375 1 1 2666.66666666667 1 5 2.01178289320602 5 1000 18266 5
"1980" "Z" 0.006 -0.94875 0.62875 1 1 2666.66666666667 1 5 0.464021557568188 5 1000 16114 5
"1981" "Z" 0.06 0 0.835 1 1 2666.66666666667 1 5 0.180323554131281 5 1000 16334 5
"1982" "Z" 0.06 -0.495 1 0 0 2666.66666666667 1 5 0 5 1000 17547 5
"1983" "Z" 0.006 -0.28875 0.7525 0 0 2666.66666666667 1 5 0.284354282359106 5 1000 14523 5
"1984" "Z" 0.006 -0.165 0.13375 0 1 2666.66666666667 1 5 2.01178289320602 5 1000 14165 5
"1985" "Z" 0.006 -0.495 0.0925 0 1 2666.66666666667 1 5 2.38054663446376 5 1000 14961 5
"1986" "Z" 0.06 -0.66 0.38125 0 1 2666.66666666667 1 5 0.964299951060516 5 1000 17889 5
"1987" "Z" 0.006 -0.28875 0.2575 0 0.5 2666.66666666667 1 5 1.35673555887835 5 1000 14476 5
"1988" "Z" 0.06 -0.45375 0.34 1 1 2666.66666666667 1 5 1.07880966137193 5 1000 17386 5
"1989" "Z" 0.006 -0.0825 0.0925 1 1 2666.66666666667 1 5 2.38054663446376 5 1000 13962 5
"1990" "Z" 0.06 -0.2475 0.71125 0 0 2666.66666666667 1 5 0.340731293541596 5 1000 16919 5
"1991" "Z" 0.06 -0.2475 0.05125 0 1 2666.66666666667 1 5 2.97103966096362 5 1000 16857 5
"1992" "Z" 0.006 -0.12375 0.95875 0 0 2666.66666666667 1 5 0.042124926300671 5 1000 14143 5
"1993" "Z" 0.006 -0.86625 0.835 0 0 2666.66666666667 1 5 0.180323554131281 5 1000 15931 5
"1994" "Z" 0.006 -0.495 0.95875 0 0.5 2666.66666666667 1 5 0.042124926300671 5 1000 15044 5
"1995" "Z" 0.006 -0.86625 0.46375 0 0.5 2666.66666666667 1 5 0.768409665060492 5 1000 15896 5
"1996" "Z" 0.06 -0.7425 0.01 0 0 2666.66666666667 1 5 4.60517018598809 5 1000 18051 5
"1997" "Z" 0.06 -0.12375 0.54625 1 1 2666.66666666667 1 5 0.604678532572337 5 1000 16606 5
"1998" "Z" 0.06 -0.86625 0.54625 0 1 2666.66666666667 1 5 0.604678532572337 5 1000 18405 5
"1999" "Z" 0.06 -0.9075 1 0 0 2666.66666666667 1 5 0 5 1000 18547 5
"2000" "Z" 0.006 -0.37125 0.46375 1 1 2666.66666666667 1 5 0.768409665060492 5 1000 14698 5
"2001" "Z" 0.006 -0.0825 0.7525 1 1 2666.66666666667 1 5 0.284354282359106 5 1000 14026 5
"2002" "Z" 0.006 -0.04125 0.0925 0 1 2666.66666666667 1 5 2.38054663446376 5 1000 13861 5
"2003" "Z" 0.06 -0.9075 0.29875 0 0 2666.66666666667 1 5 1.20814817573642 5 1000 18479 5
"2004" "Z" 0.06 -0.0825 0.54625 1 1 2666.66666666667 1 5 0.604678532572337 5 1000 16506 5
"2005" "Z" 0.006 -0.28875 0.13375 1 1 2666.66666666667 1 5 2.01178289320602 5 1000 14466 5
"2006" "Z" 0.06 -0.7425 0.87625 1 1 2666.66666666667 1 5 0.132103840633337 5 1000 18138 5
"2007" "Z" 0.006 -0.53625 0.5875 1 1 2666.66666666667 1 5 0.531879032963823 5 1000 15110 5
"2008" "Z" 0.06 -0.33 0.175 0 1 2666.66666666667 1 5 1.74296930505862 5 1000 17069 5
"2009" "Z" 0.006 -0.66 0.46375 0 0 2666.66666666667 1 5 0.768409665060492 5 1000 15395 5
"2010" "Z" 0.06 -0.9075 0.835 0 0 2666.66666666667 1 5 0.180323554131281 5 1000 18531 5
"2011" "Z" 0.06 -0.33 0.7525 0 0 2666.66666666667 1 5 0.284354282359106 5 1000 17123 5
"2012" "Z" 0.06 -0.825 0.34 0 1 2666.66666666667 1 5 1.07880966137193 5 1000 18285 5
"2013" "Z" 0.006 -0.20625 0.79375 0 0.5 2666.66666666667 1 5 0.230986728775236 5 1000 14328 5
"2014" "Z" 0.006 -0.78375 0.87625 0 0.5 2666.66666666667 1 5 0.132103840633337 5 1000 15736 5
"2015" "Z" 0.006 -0.9075 0.2575 0 0.5 2666.66666666667 1 5 1.35673555887835 5 1000 15976 5
"2016" "Z" 0.006 -0.12375 0.95875 1 1 2666.66666666667 1 5 0.042124926300671 5 1000 14146 5
"2017" "Z" 0.006 -0.2475 0.4225 0 1 2666.66666666667 1 5 0.861565832184908 5 1000 14393 5
"2018" "Z" 0.006 -0.7425 0.87625 1 1 2666.66666666667 1 5 0.132103840633337 5 1000 15638 5
"2019" "Z" 0.06 -0.66 0.21625 0 0.5 2666.66666666667 1 5 1.53132013317015 5 1000 17872 5
"2020" "Z" 0.06 -0.12375 0.13375 0 1 2666.66666666667 1 5 2.01178289320602 5 1000 16565 5
"2021" "Z" 0.006 -0.33 0.4225 1 1 2666.66666666667 1 5 0.861565832184908 5 1000 14594 5
"2022" "Z" 0.06 -0.165 0.835 1 1 2666.66666666667 1 5 0.180323554131281 5 1000 16734 5
"2023" "Z" 0.06 -0.28875 0.34 0 1 2666.66666666667 1 5 1.07880966137193 5 1000 16985 5
"2024" "Z" 0.006 -0.0825 0.9175 0 0 2666.66666666667 1 5 0.0861026990534116 5 1000 14039 5
"2025" "Z" 0.006 -0.20625 0.79375 1 1 2666.66666666667 1 5 0.230986728775236 5 1000 14330 5
"2026" "Z" 0.06 -0.9075 0.5875 0 0.5 2666.66666666667 1 5 0.531879032963823 5 1000 18508 5
"2027" "Z" 0.006 0 0.79375 0 0 2666.66666666667 1 5 0.230986728775236 5 1000 13827 5
"2028" "Z" 0.06 -0.495 0.175 0 0 2666.66666666667 1 5 1.74296930505862 5 1000 17467 5
"2029" "Z" 0.06 -0.0825 0.5875 0 1 2666.66666666667 1 5 0.531879032963823 5 1000 16509 5
"2030" "Z" 0.06 -0.37125 0.21625 0 0 2666.66666666667 1 5 1.53132013317015 5 1000 17171 5
"2031" "Z" 0.06 -0.5775 0.87625 1 1 2666.66666666667 1 5 0.132103840633337 5 1000 17738 5
"2032" "Z" 0.06 -0.4125 0.38125 1 1 2666.66666666667 1 5 0.964299951060516 5 1000 17290 5
"2033" "Z" 0.006 -0.0825 0.835 0 0 2666.66666666667 1 5 0.180323554131281 5 1000 14031 5
"2034" "Z" 0.06 -0.94875 0.7525 0 1 2666.66666666667 1 5 0.284354282359106 5 1000 18625 5
"2035" "Z" 0.006 -0.33 0.835 0 1 2666.66666666667 1 5 0.180323554131281 5 1000 14633 5
"2036" "Z" 0.06 -0.37125 0.2575 0 0.5 2666.66666666667 1 5 1.35673555887835 5 1000 17176 5
"2037" "Z" 0.006 -0.4125 0.4225 0 1 2666.66666666667 1 5 0.861565832184908 5 1000 14793 5
"2038" "Z" 0.006 -0.86625 0.0925 0 0 2666.66666666667 1 5 2.38054663446376 5 1000 15859 5
"2039" "Z" 0.06 0 0.835 0 0.5 2666.66666666667 1 5 0.180323554131281 5 1000 16332 5
"2040" "Z" 0.006 -0.4125 0.5875 0 0 2666.66666666667 1 5 0.531879032963823 5 1000 14807 5
"2041" "Z" 0.06 -0.5775 0.175 0 1 2666.66666666667 1 5 1.74296930505862 5 1000 17669 5
"2042" "Z" 0.06 0 0.05125 0 1 2666.66666666667 1 5 2.97103966096362 5 1000 16257 5
"2043" "Z" 0.006 -0.825 0.01 1 1 2666.66666666667 1 5 4.60517018598809 5 1000 15754 5
"2044" "Z" 0.06 -0.99 0.62875 0 0 2666.66666666667 1 5 0.464021557568188 5 1000 18711 5
"2045" "Z" 0.06 0 0.9175 1 1 2666.66666666667 1 5 0.0861026990534116 5 1000 16342 5
"2046" "Z" 0.06 -0.99 0.38125 0 0.5 2666.66666666667 1 5 0.964299951060516 5 1000 18688 5
"2047" "Z" 0.006 -0.495 0.29875 1 1 2666.66666666667 1 5 1.20814817573642 5 1000 14982 5
"2048" "Z" 0.006 -0.9075 0.29875 0 0.5 2666.66666666667 1 5 1.20814817573642 5 1000 15980 5
"2049" "Z" 0.06 -0.04125 0.38125 0 0 2666.66666666667 1 5 0.964299951060516 5 1000 16387 5
"2050" "Z" 0.06 -0.12375 0.13375 1 1 2666.66666666667 1 5 2.01178289320602 5 1000 16566 5
"2051" "Z" 0.006 -0.165 0.29875 1 1 2666.66666666667 1 5 1.20814817573642 5 1000 14182 5
"2052" "Z" 0.06 -0.825 0.29875 0 0.5 2666.66666666667 1 5 1.20814817573642 5 1000 18280 5
"2053" "Z" 0.06 -0.04125 0.505 1 1 2666.66666666667 1 5 0.683196849706777 5 1000 16402 5
"2054" "Z" 0.06 -0.28875 0.46375 1 1 2666.66666666667 1 5 0.768409665060492 5 1000 16998 5
"2055" "Z" 0.006 -0.7425 0.4225 0 1 2666.66666666667 1 5 0.861565832184908 5 1000 15593 5
"2056" "Z" 0.006 -0.37125 0.05125 0 1 2666.66666666667 1 5 2.97103966096362 5 1000 14657 5
"2057" "Z" 0.06 -0.78375 0.01 0 1 2666.66666666667 1 5 4.60517018598809 5 1000 18153 5
"2058" "Z" 0.006 0 0.62875 0 0 2666.66666666667 1 5 0.464021557568188 5 1000 13811 5
"2059" "Z" 0.06 -0.5775 0.4225 0 1 2666.66666666667 1 5 0.861565832184908 5 1000 17693 5
"2060" "Z" 0.006 -0.78375 0.21625 0 0.5 2666.66666666667 1 5 1.53132013317015 5 1000 15672 5
"2061" "Z" 0.006 -0.12375 0.13375 0 0.5 2666.66666666667 1 5 2.01178289320602 5 1000 14064 5
"2062" "Z" 0.06 -0.99 0.0925 0 0.5 2666.66666666667 1 5 2.38054663446376 5 1000 18660 5
"2063" "Z" 0.006 -0.94875 0.505 1 1 2666.66666666667 1 5 0.683196849706777 5 1000 16102 5
"2064" "Z" 0.006 -0.825 0.87625 1 1 2666.66666666667 1 5 0.132103840633337 5 1000 15838 5
"2065" "Z" 0.006 -0.165 0.62875 0 0 2666.66666666667 1 5 0.464021557568188 5 1000 14211 5
"2066" "Z" 0.006 -0.04125 0.13375 0 1 2666.66666666667 1 5 2.01178289320602 5 1000 13865 5
"2067" "Z" 0.006 -0.5775 0.175 0 1 2666.66666666667 1 5 1.74296930505862 5 1000 15169 5
"2068" "Z" 0.06 -0.78375 0.34 0 0.5 2666.66666666667 1 5 1.07880966137193 5 1000 18184 5
"2069" "Z" 0.06 -0.99 0.175 0 0 2666.66666666667 1 5 1.74296930505862 5 1000 18667 5
"2070" "Z" 0.006 -0.99 0.34 0 0 2666.66666666667 1 5 1.07880966137193 5 1000 16183 5
"2071" "Z" 0.06 -0.86625 0.71125 1 1 2666.66666666667 1 5 0.340731293541596 5 1000 18422 5
"2072" "Z" 0.006 -0.495 0.21625 0 0.5 2666.66666666667 1 5 1.53132013317015 5 1000 14972 5
"2073" "Z" 0.006 -0.70125 0.2575 0 1 2666.66666666667 1 5 1.35673555887835 5 1000 15477 5
"2074" "Z" 0.06 -0.165 0.38125 0 0.5 2666.66666666667 1 5 0.964299951060516 5 1000 16688 5
"2075" "Z" 0.006 -0.495 0.175 0 1 2666.66666666667 1 5 1.74296930505862 5 1000 14969 5
"2076" "Z" 0.06 -0.66 0.01 0 0 2666.66666666667 1 5 4.60517018598809 5 1000 17851 5
"2077" "Z" 0.006 -0.66 0.4225 0 0 2666.66666666667 1 5 0.861565832184908 5 1000 15391 5
"2078" "Z" 0.006 -0.5775 0.71125 0 1 2666.66666666667 1 5 0.340731293541596 5 1000 15221 5
"2079" "Z" 0.006 -0.78375 0.175 0 0.5 2666.66666666667 1 5 1.74296930505862 5 1000 15668 5
"2080" "Z" 0.006 -0.86625 0.835 1 1 2666.66666666667 1 5 0.180323554131281 5 1000 15934 5
"2081" "Z" 0.006 -0.86625 0.54625 0 0.5 2666.66666666667 1 5 0.604678532572337 5 1000 15904 5
"2082" "Z" 0.06 -0.2475 0.13375 0 1 2666.66666666667 1 5 2.01178289320602 5 1000 16865 5
"2083" "Z" 0.006 -0.825 0.21625 0 0.5 2666.66666666667 1 5 1.53132013317015 5 1000 15772 5
"2084" "Z" 0.006 -0.9075 0.7525 0 0.5 2666.66666666667 1 5 0.284354282359106 5 1000 16024 5
"2085" "Z" 0.06 -0.37125 0.175 0 1 2666.66666666667 1 5 1.74296930505862 5 1000 17169 5
"2086" "Z" 0.06 -0.78375 1 0 1 2666.66666666667 1 5 0 5 1000 18249 5
"2087" "Z" 0.06 -0.94875 0.0925 0 1 2666.66666666667 1 5 2.38054663446376 5 1000 18561 5
"2088" "Z" 0.006 -0.12375 0.29875 1 1 2666.66666666667 1 5 1.20814817573642 5 1000 14082 5
"2089" "Z" 0.006 -0.7425 0.5875 1 1 2666.66666666667 1 5 0.531879032963823 5 1000 15610 5
"2090" "Z" 0.006 -0.2475 0.79375 0 0 2666.66666666667 1 5 0.230986728775236 5 1000 14427 5
"2091" "Z" 0.06 -0.94875 0.87625 0 0 2666.66666666667 1 5 0.132103840633337 5 1000 18635 5
"2092" "Z" 0.006 -0.20625 0.505 0 1 2666.66666666667 1 5 0.683196849706777 5 1000 14301 5
"2093" "Z" 0.06 -0.86625 0.21625 0 0 2666.66666666667 1 5 1.53132013317015 5 1000 18371 5
"2094" "Z" 0.06 -0.78375 0.54625 0 1 2666.66666666667 1 5 0.604678532572337 5 1000 18205 5
"2095" "Z" 0.006 -0.5775 0.38125 0 0.5 2666.66666666667 1 5 0.964299951060516 5 1000 15188 5
"2096" "Z" 0.06 -0.33 0.505 0 0 2666.66666666667 1 5 0.683196849706777 5 1000 17099 5
"2097" "Z" 0.006 -0.94875 0.01 1 1 2666.66666666667 1 5 4.60517018598809 5 1000 16054 5
"2098" "Z" 0.06 -0.70125 0.62875 0 1 2666.66666666667 1 5 0.464021557568188 5 1000 18013 5
"2099" "Z" 0.06 -0.2475 0.71125 0 1 2666.66666666667 1 5 0.340731293541596 5 1000 16921 5
"2100" "Z" 0.06 -0.5775 0.29875 1 1 2666.66666666667 1 5 1.20814817573642 5 1000 17682 5
"2101" "Z" 0.06 -0.825 0.2575 0 0 2666.66666666667 1 5 1.35673555887835 5 1000 18275 5
"2102" "Z" 0.06 -0.45375 0.05125 0 0 2666.66666666667 1 5 2.97103966096362 5 1000 17355 5
"2103" "Z" 0.006 -0.4125 0.34 0 1 2666.66666666667 1 5 1.07880966137193 5 1000 14785 5
"2104" "Z" 0.06 -0.825 0.21625 0 0.5 2666.66666666667 1 5 1.53132013317015 5 1000 18272 5
"2105" "Z" 0.06 -0.70125 0.34 0 1 2666.66666666667 1 5 1.07880966137193 5 1000 17985 5
"2106" "Z" 0.06 -0.7425 0.13375 0 1 2666.66666666667 1 5 2.01178289320602 5 1000 18065 5
"2107" "Z" 0.006 -0.99 0.01 0 0 2666.66666666667 1 5 4.60517018598809 5 1000 16151 5
"2108" "Z" 0.006 -0.78375 1 1 1 2666.66666666667 1 5 0 5 1000 15750 5
"2109" "Z" 0.06 -0.0825 0.38125 0 0 2666.66666666667 1 5 0.964299951060516 5 1000 16487 5
"2110" "Z" 0.06 -0.12375 0.29875 1 1 2666.66666666667 1 5 1.20814817573642 5 1000 16582 5
"2111" "Z" 0.06 -0.9075 0.175 0 1 2666.66666666667 1 5 1.74296930505862 5 1000 18469 5
"2112" "Z" 0.06 -0.61875 0.95875 0 0.5 2666.66666666667 1 5 0.042124926300671 5 1000 17844 5
"2113" "Z" 0.06 -0.4125 1 0 1 2666.66666666667 1 5 0 5 1000 17349 5
"2114" "Z" 0.06 -0.7425 0.7525 0 0.5 2666.66666666667 1 5 0.284354282359106 5 1000 18124 5
"2115" "Z" 0.06 -0.37125 0.5875 1 1 2666.66666666667 1 5 0.531879032963823 5 1000 17210 5
"2116" "Z" 0.06 -0.2475 0.835 1 1 2666.66666666667 1 5 0.180323554131281 5 1000 16934 5
"2117" "Z" 0.006 -0.5775 0.835 0 0 2666.66666666667 1 5 0.180323554131281 5 1000 15231 5
"2118" "Z" 0.06 -0.86625 0.13375 0 1 2666.66666666667 1 5 2.01178289320602 5 1000 18365 5
"2119" "Z" 0.006 -0.7425 0.9175 0 0 2666.66666666667 1 5 0.0861026990534116 5 1000 15639 5
"2120" "Z" 0.06 0 0.0925 0 1 2666.66666666667 1 5 2.38054663446376 5 1000 16261 5
"2121" "Z" 0.006 -0.61875 0.175 0 0 2666.66666666667 1 5 1.74296930505862 5 1000 15267 5
"2122" "Z" 0.06 -0.86625 0.05125 0 0.5 2666.66666666667 1 5 2.97103966096362 5 1000 18356 5
"2123" "Z" 0.06 -0.04125 0.62875 0 1 2666.66666666667 1 5 0.464021557568188 5 1000 16413 5
"2124" "Z" 0.006 -0.20625 0.13375 0 1 2666.66666666667 1 5 2.01178289320602 5 1000 14265 5
"2125" "Z" 0.06 -0.28875 0.46375 0 1 2666.66666666667 1 5 0.768409665060492 5 1000 16997 5
"2126" "Z" 0.006 -0.4125 0.71125 0 1 2666.66666666667 1 5 0.340731293541596 5 1000 14821 5
"2127" "Z" 0.06 -0.165 0.71125 0 1 2666.66666666667 1 5 0.340731293541596 5 1000 16721 5
"2128" "Z" 0.06 -0.53625 0.46375 0 0.5 2666.66666666667 1 5 0.768409665060492 5 1000 17596 5
"2129" "Z" 0.006 -0.9075 0.0925 0 1 2666.66666666667 1 5 2.38054663446376 5 1000 15961 5
"2130" "Z" 0.006 -0.4125 0.0925 0 1 2666.66666666667 1 5 2.38054663446376 5 1000 14761 5
"2131" "Z" 0.06 -0.495 0.62875 0 0.5 2666.66666666667 1 5 0.464021557568188 5 1000 17512 5
"2132" "Z" 0.006 -0.94875 0.54625 0 1 2666.66666666667 1 5 0.604678532572337 5 1000 16105 5
"2133" "Z" 0.006 -0.12375 0.9175 0 1 2666.66666666667 1 5 0.0861026990534116 5 1000 14141 5
"2134" "Z" 0.06 -0.28875 0.71125 0 0 2666.66666666667 1 5 0.340731293541596 5 1000 17019 5
"2135" "Z" 0.006 -0.04125 0.9175 1 1 2666.66666666667 1 5 0.0861026990534116 5 1000 13942 5
"2136" "Z" 0.006 -0.70125 0.0925 1 1 2666.66666666667 1 5 2.38054663446376 5 1000 15462 5
"2137" "Z" 0.06 -0.99 0.9175 0 1 2666.66666666667 1 5 0.0861026990534116 5 1000 18741 5
"2138" "Z" 0.06 -0.66 0.0925 0 1 2666.66666666667 1 5 2.38054663446376 5 1000 17861 5
"2139" "Z" 0.06 -0.61875 0.835 0 1 2666.66666666667 1 5 0.180323554131281 5 1000 17833 5
"2140" "Z" 0.006 -0.5775 0.79375 0 0.5 2666.66666666667 1 5 0.230986728775236 5 1000 15228 5
"2141" "Z" 0.06 -0.04125 0.38125 0 0.5 2666.66666666667 1 5 0.964299951060516 5 1000 16388 5
"2142" "Z" 0.06 -0.165 0.4225 0 0 2666.66666666667 1 5 0.861565832184908 5 1000 16691 5
"2143" "Z" 0.06 -0.9075 0.62875 1 1 2666.66666666667 1 5 0.464021557568188 5 1000 18514 5
"2144" "Z" 0.006 -0.70125 0.79375 0 0 2666.66666666667 1 5 0.230986728775236 5 1000 15527 5
"2145" "Z" 0.06 -0.495 0.71125 0 0.5 2666.66666666667 1 5 0.340731293541596 5 1000 17520 5
"2146" "Z" 0.06 -0.28875 1 0 1 2666.66666666667 1 5 0 5 1000 17049 5
"2147" "Z" 0.006 -0.495 0.7525 0 0 2666.66666666667 1 5 0.284354282359106 5 1000 15023 5
"2148" "Z" 0.06 -0.45375 0.7525 0 0 2666.66666666667 1 5 0.284354282359106 5 1000 17423 5
"2149" "Z" 0.06 -0.53625 0.67 0 0.5 2666.66666666667 1 5 0.400477566597125 5 1000 17616 5
"2150" "Z" 0.006 -0.7425 0.835 0 0.5 2666.66666666667 1 5 0.180323554131281 5 1000 15632 5
"2151" "Z" 0.06 -0.78375 0.21625 1 1 2666.66666666667 1 5 1.53132013317015 5 1000 18174 5
"2152" "Z" 0.06 -0.495 0.4225 0 1 2666.66666666667 1 5 0.861565832184908 5 1000 17493 5
"2153" "Z" 0.006 -0.53625 0.21625 1 1 2666.66666666667 1 5 1.53132013317015 5 1000 15074 5
"2154" "Z" 0.06 -0.66 0.79375 0 0 2666.66666666667 1 5 0.230986728775236 5 1000 17927 5
"2155" "Z" 0.006 -0.165 0.505 1 1 2666.66666666667 1 5 0.683196849706777 5 1000 14202 5
"2156" "Z" 0.006 0 0.13375 0 0 2666.66666666667 1 5 2.01178289320602 5 1000 13763 5
"2157" "Z" 0.006 -0.86625 0.2575 0 0 2666.66666666667 1 5 1.35673555887835 5 1000 15875 5
"2158" "Z" 0.006 -0.9075 0.7525 0 0 2666.66666666667 1 5 0.284354282359106 5 1000 16023 5
"2159" "Z" 0.006 -0.04125 0.175 0 0 2666.66666666667 1 5 1.74296930505862 5 1000 13867 5
"2160" "Z" 0.006 -0.33 1 0 0 2666.66666666667 1 5 0 5 1000 14647 5
"2161" "Z" 0.006 0 0.34 1 1 2666.66666666667 1 5 1.07880966137193 5 1000 13786 5
"2162" "Z" 0.006 -0.12375 0.0925 0 1 2666.66666666667 1 5 2.38054663446376 5 1000 14061 5
"2163" "Z" 0.06 -0.61875 0.46375 1 1 2666.66666666667 1 5 0.768409665060492 5 1000 17798 5
"2164" "Z" 0.06 -0.86625 0.34 0 1 2666.66666666667 1 5 1.07880966137193 5 1000 18385 5
"2165" "Z" 0.006 -0.99 0.34 0 1 2666.66666666667 1 5 1.07880966137193 5 1000 16185 5
"2166" "Z" 0.06 -0.66 0.29875 0 1 2666.66666666667 1 5 1.20814817573642 5 1000 17881 5
"2167" "Z" 0.006 -0.28875 0.79375 1 1 2666.66666666667 1 5 0.230986728775236 5 1000 14530 5
"2168" "Z" 0.006 -0.78375 0.9175 0 1 2666.66666666667 1 5 0.0861026990534116 5 1000 15741 5
"2169" "Z" 0.06 -0.70125 0.01 0 1 2666.66666666667 1 5 4.60517018598809 5 1000 17953 5
"2170" "Z" 0.06 -0.70125 0.4225 0 1 2666.66666666667 1 5 0.861565832184908 5 1000 17993 5
"2171" "Z" 0.006 -0.37125 0.29875 1 1 2666.66666666667 1 5 1.20814817573642 5 1000 14682 5
"2172" "Z" 0.006 -0.86625 1 1 1 2666.66666666667 1 5 0 5 1000 15950 5
"2173" "Z" 0.06 -0.99 0.01 0 0 2666.66666666667 1 5 4.60517018598809 5 1000 18651 5
"2174" "Z" 0.006 -0.70125 0.7525 1 1 2666.66666666667 1 5 0.284354282359106 5 1000 15526 5
"2175" "Z" 0.06 0 0.46375 0 0.5 2666.66666666667 1 5 0.768409665060492 5 1000 16296 5
"2176" "Z" 0.06 -0.5775 0.21625 1 1 2666.66666666667 1 5 1.53132013317015 5 1000 17674 5
"2177" "Z" 0.06 -0.7425 0.05125 0 1 2666.66666666667 1 5 2.97103966096362 5 1000 18057 5
"2178" "Z" 0.06 -0.28875 0.87625 1 1 2666.66666666667 1 5 0.132103840633337 5 1000 17038 5
"2179" "Z" 0.006 -0.66 0.7525 1 1 2666.66666666667 1 5 0.284354282359106 5 1000 15426 5
"2180" "Z" 0.006 -0.37125 0.01 1 1 2666.66666666667 1 5 4.60517018598809 5 1000 14654 5
"2181" "Z" 0.006 -0.99 0.13375 0 0.5 2666.66666666667 1 5 2.01178289320602 5 1000 16164 5
"2182" "Z" 0.006 -0.33 0.4225 0 1 2666.66666666667 1 5 0.861565832184908 5 1000 14593 5
"2183" "Z" 0.06 -0.04125 0.46375 0 1 2666.66666666667 1 5 0.768409665060492 5 1000 16397 5
"2184" "Z" 0.006 -0.9075 1 0 0.5 2666.66666666667 1 5 0 5 1000 16048 5
"2185" "Z" 0.006 -0.53625 0.29875 1 1 2666.66666666667 1 5 1.20814817573642 5 1000 15082 5
"2186" "Z" 0.06 -0.9075 0.54625 0 1 2666.66666666667 1 5 0.604678532572337 5 1000 18505 5
"2187" "Z" 0.006 -0.12375 0.175 0 0.5 2666.66666666667 1 5 1.74296930505862 5 1000 14068 5
"2188" "Z" 0.06 -0.61875 0.13375 0 0.5 2666.66666666667 1 5 2.01178289320602 5 1000 17764 5
"2189" "Z" 0.006 -0.495 0.95875 0 0 2666.66666666667 1 5 0.042124926300671 5 1000 15043 5
"2190" "Z" 0.006 -0.0825 0.62875 0 1 2666.66666666667 1 5 0.464021557568188 5 1000 14013 5
"2191" "Z" 0.06 -0.5775 0.21625 0 1 2666.66666666667 1 5 1.53132013317015 5 1000 17673 5
"2192" "Z" 0.006 -0.2475 0.01 0 1 2666.66666666667 1 5 4.60517018598809 5 1000 14353 5
"2193" "Z" 0.006 -0.12375 0.05125 0 1 2666.66666666667 1 5 2.97103966096362 5 1000 14057 5
"2194" "Z" 0.006 -0.5775 0.13375 0 1 2666.66666666667 1 5 2.01178289320602 5 1000 15165 5
"2195" "Z" 0.006 -0.28875 0.29875 0 0.5 2666.66666666667 1 5 1.20814817573642 5 1000 14480 5
"2196" "Z" 0.06 -0.45375 0.01 0 0.5 2666.66666666667 1 5 4.60517018598809 5 1000 17352 5
"2197" "Z" 0.06 -0.66 0.13375 0 0.5 2666.66666666667 1 5 2.01178289320602 5 1000 17864 5
"2198" "Z" 0.006 -0.7425 0.13375 0 0 2666.66666666667 1 5 2.01178289320602 5 1000 15563 5
"2199" "Z" 0.06 -0.9075 0.01 0 0 2666.66666666667 1 5 4.60517018598809 5 1000 18451 5
"2200" "Z" 0.006 -0.28875 0.01 0 0 2666.66666666667 1 5 4.60517018598809 5 1000 14451 5
"2201" "Z" 0.006 -0.495 0.05125 0 1 2666.66666666667 1 5 2.97103966096362 5 1000 14957 5
"2202" "Z" 0.006 -0.165 0.46375 0 1 2666.66666666667 1 5 0.768409665060492 5 1000 14197 5
"2203" "Z" 0.006 -0.495 0.71125 0 0.5 2666.66666666667 1 5 0.340731293541596 5 1000 15020 5
"2204" "Z" 0.006 -0.45375 0.4225 0 0.5 2666.66666666667 1 5 0.861565832184908 5 1000 14892 5
"2205" "Z" 0.006 -0.04125 0.71125 0 1 2666.66666666667 1 5 0.340731293541596 5 1000 13921 5
"2206" "Z" 0.006 -0.45375 0.54625 0 0.5 2666.66666666667 1 5 0.604678532572337 5 1000 14904 5
"2207" "Z" 0.006 -0.5775 0.05125 1 1 2666.66666666667 1 5 2.97103966096362 5 1000 15158 5
"2208" "Z" 0.06 -0.9075 0.21625 0 0.5 2666.66666666667 1 5 1.53132013317015 5 1000 18472 5
"2209" "Z" 0.06 -0.165 0.46375 0 0 2666.66666666667 1 5 0.768409665060492 5 1000 16695 5
"2210" "Z" 0.006 -0.495 0.34 0 1 2666.66666666667 1 5 1.07880966137193 5 1000 14985 5
"2211" "Z" 0.006 -0.04125 0.62875 0 1 2666.66666666667 1 5 0.464021557568188 5 1000 13913 5
"2212" "Z" 0.06 -0.61875 0.7525 1 1 2666.66666666667 1 5 0.284354282359106 5 1000 17826 5
"2213" "Z" 0.006 -0.28875 0.29875 1 1 2666.66666666667 1 5 1.20814817573642 5 1000 14482 5
"2214" "Z" 0.06 0 0.54625 0 1 2666.66666666667 1 5 0.604678532572337 5 1000 16305 5
"2215" "Z" 0.006 -0.53625 0.5875 0 1 2666.66666666667 1 5 0.531879032963823 5 1000 15109 5
"2216" "Z" 0.006 -0.12375 0.2575 0 0 2666.66666666667 1 5 1.35673555887835 5 1000 14075 5
"2217" "Z" 0.06 -0.45375 0.46375 0 0 2666.66666666667 1 5 0.768409665060492 5 1000 17395 5
"2218" "Z" 0.006 -0.5775 0.46375 0 0.5 2666.66666666667 1 5 0.768409665060492 5 1000 15196 5
"2219" "Z" 0.006 -0.33 0.54625 0 0 2666.66666666667 1 5 0.604678532572337 5 1000 14603 5
"2220" "Z" 0.006 -0.53625 0.38125 0 0.5 2666.66666666667 1 5 0.964299951060516 5 1000 15088 5
"2221" "Z" 0.006 -0.70125 0.13375 0 1 2666.66666666667 1 5 2.01178289320602 5 1000 15465 5
"2222" "Z" 0.06 -0.7425 0.835 0 0.5 2666.66666666667 1 5 0.180323554131281 5 1000 18132 5
"2223" "Z" 0.06 -0.7425 0.505 0 0 2666.66666666667 1 5 0.683196849706777 5 1000 18099 5
"2224" "Z" 0.006 -0.7425 0.05125 0 1 2666.66666666667 1 5 2.97103966096362 5 1000 15557 5
"2225" "Z" 0.06 -0.12375 0.0925 1 1 2666.66666666667 1 5 2.38054663446376 5 1000 16562 5
"2226" "Z" 0.006 -0.20625 0.01 0 1 2666.66666666667 1 5 4.60517018598809 5 1000 14253 5
"2227" "Z" 0.006 -0.12375 0.79375 1 1 2666.66666666667 1 5 0.230986728775236 5 1000 14130 5
"2228" "Z" 0.06 -0.94875 0.38125 0 0 2666.66666666667 1 5 0.964299951060516 5 1000 18587 5
"2229" "Z" 0.006 -0.4125 0.34 0 0 2666.66666666667 1 5 1.07880966137193 5 1000 14783 5
"2230" "Z" 0.06 0 0.9175 0 0.5 2666.66666666667 1 5 0.0861026990534116 5 1000 16340 5
"2231" "Z" 0.06 -0.825 0.87625 1 1 2666.66666666667 1 5 0.132103840633337 5 1000 18338 5
"2232" "Z" 0.006 -0.61875 1 1 1 2666.66666666667 1 5 0 5 1000 15350 5
"2233" "Z" 0.06 -0.825 0.38125 0 1 2666.66666666667 1 5 0.964299951060516 5 1000 18289 5
"2234" "Z" 0.06 -0.28875 0.62875 0 0 2666.66666666667 1 5 0.464021557568188 5 1000 17011 5
"2235" "Z" 0.06 -0.78375 0.7525 0 0.5 2666.66666666667 1 5 0.284354282359106 5 1000 18224 5
"2236" "Z" 0.06 -0.28875 0.34 0 0.5 2666.66666666667 1 5 1.07880966137193 5 1000 16984 5
"2237" "Z" 0.06 -0.04125 0.175 0 0.5 2666.66666666667 1 5 1.74296930505862 5 1000 16368 5
"2238" "Z" 0.006 -0.04125 0.46375 0 0.5 2666.66666666667 1 5 0.768409665060492 5 1000 13896 5
"2239" "Z" 0.06 -0.20625 0.835 0 0 2666.66666666667 1 5 0.180323554131281 5 1000 16831 5
"2240" "Z" 0.06 -0.0825 0.34 0 0 2666.66666666667 1 5 1.07880966137193 5 1000 16483 5
"2241" "Z" 0.006 -0.99 0.71125 0 1 2666.66666666667 1 5 0.340731293541596 5 1000 16221 5
"2242" "Z" 0.006 -0.86625 0.67 0 0 2666.66666666667 1 5 0.400477566597125 5 1000 15915 5
"2243" "Z" 0.06 -0.99 0.505 0 1 2666.66666666667 1 5 0.683196849706777 5 1000 18701 5
"2244" "Z" 0.006 -0.78375 0.71125 0 0 2666.66666666667 1 5 0.340731293541596 5 1000 15719 5
"2245" "Z" 0.006 -0.165 0.38125 0 1 2666.66666666667 1 5 0.964299951060516 5 1000 14189 5
"2246" "Z" 0.06 -0.825 0.01 1 1 2666.66666666667 1 5 4.60517018598809 5 1000 18254 5
"2247" "Z" 0.006 -0.99 0.54625 0 1 2666.66666666667 1 5 0.604678532572337 5 1000 16205 5
"2248" "Z" 0.06 -0.70125 1 0 0.5 2666.66666666667 1 5 0 5 1000 18048 5
"2249" "Z" 0.006 -0.37125 0.01 0 0 2666.66666666667 1 5 4.60517018598809 5 1000 14651 5
"2250" "Z" 0.06 -0.2475 0.46375 0 0 2666.66666666667 1 5 0.768409665060492 5 1000 16895 5
"2251" "Z" 0.06 -0.20625 0.34 0 1 2666.66666666667 1 5 1.07880966137193 5 1000 16785 5
"2252" "Z" 0.06 -0.53625 0.175 1 1 2666.66666666667 1 5 1.74296930505862 5 1000 17570 5
"2253" "Z" 0.006 -0.33 0.505 1 1 2666.66666666667 1 5 0.683196849706777 5 1000 14602 5
"2254" "Z" 0.06 -0.825 0.38125 0 0.5 2666.66666666667 1 5 0.964299951060516 5 1000 18288 5
"2255" "Z" 0.006 -0.33 0.62875 0 0.5 2666.66666666667 1 5 0.464021557568188 5 1000 14612 5
"2256" "Z" 0.006 -0.33 0.21625 0 0 2666.66666666667 1 5 1.53132013317015 5 1000 14571 5
"2257" "Z" 0.006 -0.94875 0.67 0 0 2666.66666666667 1 5 0.400477566597125 5 1000 16115 5
"2258" "Z" 0.006 0 0.4225 0 0.5 2666.66666666667 1 5 0.861565832184908 5 1000 13792 5
"2259" "Z" 0.06 -0.94875 0.835 0 0 2666.66666666667 1 5 0.180323554131281 5 1000 18631 5
"2260" "Z" 0.006 -0.2475 0.95875 0 0.5 2666.66666666667 1 5 0.042124926300671 5 1000 14444 5
"2261" "Z" 0.006 -0.53625 0.13375 0 0 2666.66666666667 1 5 2.01178289320602 5 1000 15063 5
"2262" "Z" 0.06 -0.12375 0.79375 0 1 2666.66666666667 1 5 0.230986728775236 5 1000 16629 5
"2263" "Z" 0.006 -0.165 0.46375 0 0 2666.66666666667 1 5 0.768409665060492 5 1000 14195 5
"2264" "Z" 0.06 -0.0825 0.21625 0 1 2666.66666666667 1 5 1.53132013317015 5 1000 16473 5
"2265" "Z" 0.06 -0.7425 0.2575 1 1 2666.66666666667 1 5 1.35673555887835 5 1000 18078 5
"2266" "Z" 0.06 -0.70125 0.87625 0 0.5 2666.66666666667 1 5 0.132103840633337 5 1000 18036 5
"2267" "Z" 0.006 -0.20625 0.7525 1 1 2666.66666666667 1 5 0.284354282359106 5 1000 14326 5
"2268" "Z" 0.006 -0.4125 0.175 0 1 2666.66666666667 1 5 1.74296930505862 5 1000 14769 5
"2269" "Z" 0.06 -0.28875 0.4225 0 0.5 2666.66666666667 1 5 0.861565832184908 5 1000 16992 5
"2270" "Z" 0.006 -0.2475 0.4225 1 1 2666.66666666667 1 5 0.861565832184908 5 1000 14394 5
"2271" "Z" 0.06 -0.78375 0.71125 0 0 2666.66666666667 1 5 0.340731293541596 5 1000 18219 5
"2272" "Z" 0.006 -0.94875 0.9175 0 1 2666.66666666667 1 5 0.0861026990534116 5 1000 16141 5
"2273" "Z" 0.06 -0.4125 0.0925 0 1 2666.66666666667 1 5 2.38054663446376 5 1000 17261 5
"2274" "Z" 0.06 0 0.175 1 1 2666.66666666667 1 5 1.74296930505862 5 1000 16270 5
"2275" "Z" 0.06 -0.45375 0.505 0 1 2666.66666666667 1 5 0.683196849706777 5 1000 17401 5
"2276" "Z" 0.06 -0.70125 0.54625 0 1 2666.66666666667 1 5 0.604678532572337 5 1000 18005 5
"2277" "Z" 0.06 -0.78375 0.79375 0 0.5 2666.66666666667 1 5 0.230986728775236 5 1000 18228 5
"2278" "Z" 0.06 -0.4125 0.175 0 1 2666.66666666667 1 5 1.74296930505862 5 1000 17269 5
"2279" "Z" 0.006 -0.37125 0.13375 0 1 2666.66666666667 1 5 2.01178289320602 5 1000 14665 5
"2280" "Z" 0.006 -0.495 0.505 0 0 2666.66666666667 1 5 0.683196849706777 5 1000 14999 5
"2281" "Z" 0.06 -0.04125 0.46375 0 0 2666.66666666667 1 5 0.768409665060492 5 1000 16395 5
"2282" "Z" 0.06 -0.0825 0.9175 0 0 2666.66666666667 1 5 0.0861026990534116 5 1000 16539 5
"2283" "Z" 0.006 -0.7425 0.9175 0 0.5 2666.66666666667 1 5 0.0861026990534116 5 1000 15640 5
"2284" "Z" 0.006 -0.7425 0.21625 0 0 2666.66666666667 1 5 1.53132013317015 5 1000 15571 5
"2285" "Z" 0.06 -0.94875 0.62875 1 1 2666.66666666667 1 5 0.464021557568188 5 1000 18614 5
"2286" "Z" 0.006 -0.04125 1 0 1 2666.66666666667 1 5 0 5 1000 13949 5
"2287" "Z" 0.06 -0.165 0.38125 0 1 2666.66666666667 1 5 0.964299951060516 5 1000 16689 5
"2288" "Z" 0.06 -0.2475 0.38125 0 0.5 2666.66666666667 1 5 0.964299951060516 5 1000 16888 5
"2289" "Z" 0.006 -0.495 0.67 0 0.5 2666.66666666667 1 5 0.400477566597125 5 1000 15016 5
"2290" "Z" 0.006 -0.78375 0.21625 1 1 2666.66666666667 1 5 1.53132013317015 5 1000 15674 5
"2291" "Z" 0.006 -0.495 0.29875 0 0.5 2666.66666666667 1 5 1.20814817573642 5 1000 14980 5
"2292" "Z" 0.06 -0.94875 0.13375 0 1 2666.66666666667 1 5 2.01178289320602 5 1000 18565 5
"2293" "Z" 0.06 -0.78375 0.67 0 0 2666.66666666667 1 5 0.400477566597125 5 1000 18215 5
"2294" "Z" 0.06 0 0.7525 0 0.5 2666.66666666667 1 5 0.284354282359106 5 1000 16324 5
"2295" "Z" 0.006 -0.66 0.54625 1 1 2666.66666666667 1 5 0.604678532572337 5 1000 15406 5
"2296" "Z" 0.06 -0.04125 0.05125 1 1 2666.66666666667 1 5 2.97103966096362 5 1000 16358 5
"2297" "Z" 0.06 -0.61875 0.46375 0 0.5 2666.66666666667 1 5 0.768409665060492 5 1000 17796 5
"2298" "Z" 0.006 -0.45375 0.62875 0 1 2666.66666666667 1 5 0.464021557568188 5 1000 14913 5
"2299" "Z" 0.06 -0.94875 0.7525 0 0.5 2666.66666666667 1 5 0.284354282359106 5 1000 18624 5
"2300" "Z" 0.006 -0.495 0.2575 0 0.5 2666.66666666667 1 5 1.35673555887835 5 1000 14976 5
"2301" "Z" 0.06 -0.94875 0.38125 0 1 2666.66666666667 1 5 0.964299951060516 5 1000 18589 5
"2302" "Z" 0.006 -0.66 0.34 0 0.5 2666.66666666667 1 5 1.07880966137193 5 1000 15384 5
"2303" "Z" 0.06 -0.45375 0.46375 0 0.5 2666.66666666667 1 5 0.768409665060492 5 1000 17396 5
"2304" "Z" 0.06 -0.45375 0.13375 0 1 2666.66666666667 1 5 2.01178289320602 5 1000 17365 5
"2305" "Z" 0.006 -0.78375 0.05125 0 0.5 2666.66666666667 1 5 2.97103966096362 5 1000 15656 5
"2306" "Z" 0.006 -0.7425 0.13375 0 0.5 2666.66666666667 1 5 2.01178289320602 5 1000 15564 5
"2307" "Z" 0.06 -0.5775 0.9175 0 0.5 2666.66666666667 1 5 0.0861026990534116 5 1000 17740 5
"2308" "Z" 0.006 -0.4125 0.05125 0 1 2666.66666666667 1 5 2.97103966096362 5 1000 14757 5
"2309" "Z" 0.06 -0.28875 0.01 0 0.5 2666.66666666667 1 5 4.60517018598809 5 1000 16952 5
"2310" "Z" 0.006 -0.5775 0.46375 0 0 2666.66666666667 1 5 0.768409665060492 5 1000 15195 5
"2311" "Z" 0.006 0 0.9175 0 0 2666.66666666667 1 5 0.0861026990534116 5 1000 13839 5
"2312" "Z" 0.06 -0.99 0.71125 0 1 2666.66666666667 1 5 0.340731293541596 5 1000 18721 5
"2313" "Z" 0.06 -0.0825 0.46375 0 0 2666.66666666667 1 5 0.768409665060492 5 1000 16495 5
"2314" "Z" 0.006 -0.2475 0.175 1 1 2666.66666666667 1 5 1.74296930505862 5 1000 14370 5
"2315" "Z" 0.06 -0.70125 0.5875 1 1 2666.66666666667 1 5 0.531879032963823 5 1000 18010 5
"2316" "Z" 0.06 -0.66 0.4225 0 0 2666.66666666667 1 5 0.861565832184908 5 1000 17891 5
"2317" "Z" 0.06 -0.86625 0.38125 1 1 2666.66666666667 1 5 0.964299951060516 5 1000 18390 5
"2318" "Z" 0.006 -0.99 0.67 0 0 2666.66666666667 1 5 0.400477566597125 5 1000 16215 5
"2319" "Z" 0.006 -0.04125 0.0925 1 1 2666.66666666667 1 5 2.38054663446376 5 1000 13862 5
"2320" "Z" 0.06 -0.7425 0.34 0 1 2666.66666666667 1 5 1.07880966137193 5 1000 18085 5
"2321" "Z" 0.06 0 0.13375 1 1 2666.66666666667 1 5 2.01178289320602 5 1000 16266 5
"2322" "Z" 0.06 -0.33 0.38125 0 1 2666.66666666667 1 5 0.964299951060516 5 1000 17089 5
"2323" "Z" 0.006 -0.86625 0.21625 0 0.5 2666.66666666667 1 5 1.53132013317015 5 1000 15872 5
"2324" "Z" 0.06 -0.165 0.505 0 0 2666.66666666667 1 5 0.683196849706777 5 1000 16699 5
"2325" "Z" 0.06 -0.04125 0.29875 0 0 2666.66666666667 1 5 1.20814817573642 5 1000 16379 5
"2326" "Z" 0.06 -0.7425 0.62875 0 0.5 2666.66666666667 1 5 0.464021557568188 5 1000 18112 5
"2327" "Z" 0.006 -0.0825 0.38125 0 0 2666.66666666667 1 5 0.964299951060516 5 1000 13987 5
"2328" "Z" 0.006 -0.94875 0.29875 0 0.5 2666.66666666667 1 5 1.20814817573642 5 1000 16080 5
"2329" "Z" 0.006 -0.78375 0.62875 0 1 2666.66666666667 1 5 0.464021557568188 5 1000 15713 5
"2330" "Z" 0.06 -0.9075 0.01 0 1 2666.66666666667 1 5 4.60517018598809 5 1000 18453 5
"2331" "Z" 0.06 -0.45375 0.95875 0 1 2666.66666666667 1 5 0.042124926300671 5 1000 17445 5
"2332" "Z" 0.06 -0.45375 0.34 0 1 2666.66666666667 1 5 1.07880966137193 5 1000 17385 5
"2333" "Z" 0.006 -0.28875 0.4225 0 1 2666.66666666667 1 5 0.861565832184908 5 1000 14493 5
"2334" "Z" 0.06 -0.20625 0.4225 0 0 2666.66666666667 1 5 0.861565832184908 5 1000 16791 5
"2335" "Z" 0.006 -0.70125 0.95875 0 0.5 2666.66666666667 1 5 0.042124926300671 5 1000 15544 5
"2336" "Z" 0.06 -0.9075 0.505 0 0.5 2666.66666666667 1 5 0.683196849706777 5 1000 18500 5
"2337" "Z" 0.006 -0.04125 0.175 0 1 2666.66666666667 1 5 1.74296930505862 5 1000 13869 5
"2338" "Z" 0.006 -0.99 0.21625 1 1 2666.66666666667 1 5 1.53132013317015 5 1000 16174 5
"2339" "Z" 0.06 -0.495 0.5875 1 1 2666.66666666667 1 5 0.531879032963823 5 1000 17510 5
"2340" "Z" 0.006 -0.53625 0.46375 0 0.5 2666.66666666667 1 5 0.768409665060492 5 1000 15096 5
"2341" "Z" 0.006 -0.33 0.46375 1 1 2666.66666666667 1 5 0.768409665060492 5 1000 14598 5
"2342" "Z" 0.06 0 0.38125 1 1 2666.66666666667 1 5 0.964299951060516 5 1000 16290 5
"2343" "Z" 0.06 -0.37125 0.01 1 1 2666.66666666667 1 5 4.60517018598809 5 1000 17154 5
"2344" "Z" 0.006 -0.70125 0.2575 0 0.5 2666.66666666667 1 5 1.35673555887835 5 1000 15476 5
"2345" "Z" 0.006 -0.04125 0.05125 0 1 2666.66666666667 1 5 2.97103966096362 5 1000 13857 5
"2346" "Z" 0.006 -0.28875 0.13375 0 0.5 2666.66666666667 1 5 2.01178289320602 5 1000 14464 5
"2347" "Z" 0.006 -0.04125 1 1 1 2666.66666666667 1 5 0 5 1000 13950 5
"2348" "Z" 0.006 -0.2475 0.71125 1 1 2666.66666666667 1 5 0.340731293541596 5 1000 14422 5
"2349" "Z" 0.006 -0.37125 0.29875 0 0 2666.66666666667 1 5 1.20814817573642 5 1000 14679 5
"2350" "Z" 0.06 -0.37125 0.79375 1 1 2666.66666666667 1 5 0.230986728775236 5 1000 17230 5
"2351" "Z" 0.06 -0.4125 0.46375 0 1 2666.66666666667 1 5 0.768409665060492 5 1000 17297 5
"2352" "Z" 0.006 -0.53625 0.5875 0 0.5 2666.66666666667 1 5 0.531879032963823 5 1000 15108 5
"2353" "Z" 0.006 -0.61875 0.54625 0 0.5 2666.66666666667 1 5 0.604678532572337 5 1000 15304 5
"2354" "Z" 0.06 -0.33 0.505 0 0.5 2666.66666666667 1 5 0.683196849706777 5 1000 17100 5
"2355" "Z" 0.006 -0.70125 0.21625 0 0 2666.66666666667 1 5 1.53132013317015 5 1000 15471 5
"2356" "Z" 0.006 -0.495 0.21625 0 0 2666.66666666667 1 5 1.53132013317015 5 1000 14971 5
"2357" "Z" 0.006 -0.99 0.54625 0 0 2666.66666666667 1 5 0.604678532572337 5 1000 16203 5
"2358" "Z" 0.006 -0.37125 0.21625 0 0 2666.66666666667 1 5 1.53132013317015 5 1000 14671 5
"2359" "Z" 0.06 -0.66 0.835 1 1 2666.66666666667 1 5 0.180323554131281 5 1000 17934 5
"2360" "Z" 0.06 -0.9075 0.505 0 0 2666.66666666667 1 5 0.683196849706777 5 1000 18499 5
"2361" "Z" 0.006 -0.12375 0.4225 1 1 2666.66666666667 1 5 0.861565832184908 5 1000 14094 5
"2362" "Z" 0.06 -0.94875 0.54625 0 1 2666.66666666667 1 5 0.604678532572337 5 1000 18605 5
"2363" "Z" 0.006 -0.78375 0.5875 0 0 2666.66666666667 1 5 0.531879032963823 5 1000 15707 5
"2364" "Z" 0.06 -0.7425 0.79375 0 0.5 2666.66666666667 1 5 0.230986728775236 5 1000 18128 5
"2365" "Z" 0.006 -0.53625 0.21625 0 1 2666.66666666667 1 5 1.53132013317015 5 1000 15073 5
"2366" "Z" 0.06 -0.9075 0.29875 0 0.5 2666.66666666667 1 5 1.20814817573642 5 1000 18480 5
"2367" "Z" 0.006 -0.45375 0.0925 0 0 2666.66666666667 1 5 2.38054663446376 5 1000 14859 5
"2368" "Z" 0.006 -0.9075 0.62875 0 0 2666.66666666667 1 5 0.464021557568188 5 1000 16011 5
"2369" "Z" 0.06 -0.5775 0.835 0 1 2666.66666666667 1 5 0.180323554131281 5 1000 17733 5
"2370" "Z" 0.006 -0.70125 0.9175 0 0 2666.66666666667 1 5 0.0861026990534116 5 1000 15539 5
"2371" "Z" 0.006 -0.33 0.13375 0 0.5 2666.66666666667 1 5 2.01178289320602 5 1000 14564 5
"2372" "Z" 0.06 -0.53625 0.13375 0 0.5 2666.66666666667 1 5 2.01178289320602 5 1000 17564 5
"2373" "Z" 0.006 -0.165 0.7525 1 1 2666.66666666667 1 5 0.284354282359106 5 1000 14226 5
"2374" "Z" 0.06 -0.37125 0.71125 0 1 2666.66666666667 1 5 0.340731293541596 5 1000 17221 5
"2375" "Z" 0.06 -0.28875 0.9175 0 0.5 2666.66666666667 1 5 0.0861026990534116 5 1000 17040 5
"2376" "Z" 0.006 -0.2475 0.29875 0 0.5 2666.66666666667 1 5 1.20814817573642 5 1000 14380 5
"2377" "Z" 0.06 -0.7425 0.34 0 0 2666.66666666667 1 5 1.07880966137193 5 1000 18083 5
"2378" "Z" 0.006 -0.86625 0.21625 0 0 2666.66666666667 1 5 1.53132013317015 5 1000 15871 5
"2379" "Z" 0.006 -0.70125 0.21625 0 0.5 2666.66666666667 1 5 1.53132013317015 5 1000 15472 5
"2380" "Z" 0.006 -0.825 0.29875 0 0 2666.66666666667 1 5 1.20814817573642 5 1000 15779 5
"2381" "Z" 0.06 -0.70125 0.7525 1 1 2666.66666666667 1 5 0.284354282359106 5 1000 18026 5
"2382" "Z" 0.06 -0.86625 0.9175 0 1 2666.66666666667 1 5 0.0861026990534116 5 1000 18441 5
"2383" "Z" 0.006 -0.28875 0.5875 0 0.5 2666.66666666667 1 5 0.531879032963823 5 1000 14508 5
"2384" "Z" 0.06 -0.04125 0.7525 0 0 2666.66666666667 1 5 0.284354282359106 5 1000 16423 5
"2385" "Z" 0.06 -0.825 0.71125 0 0.5 2666.66666666667 1 5 0.340731293541596 5 1000 18320 5
"2386" "Z" 0.06 -0.4125 0.34 1 1 2666.66666666667 1 5 1.07880966137193 5 1000 17286 5
"2387" "Z" 0.006 -0.0825 0.87625 0 0 2666.66666666667 1 5 0.132103840633337 5 1000 14035 5
"2388" "Z" 0.06 -0.61875 0.2575 1 1 2666.66666666667 1 5 1.35673555887835 5 1000 17778 5
"2389" "Z" 0.006 -0.78375 0.2575 0 0 2666.66666666667 1 5 1.35673555887835 5 1000 15675 5
"2390" "Z" 0.006 -0.165 0.29875 0 1 2666.66666666667 1 5 1.20814817573642 5 1000 14181 5
"2391" "Z" 0.06 -0.4125 0.4225 0 1 2666.66666666667 1 5 0.861565832184908 5 1000 17293 5
"2392" "Z" 0.06 -0.78375 0.5875 1 1 2666.66666666667 1 5 0.531879032963823 5 1000 18210 5
"2393" "Z" 0.06 -0.45375 0.2575 0 0 2666.66666666667 1 5 1.35673555887835 5 1000 17375 5
"2394" "Z" 0.006 -0.37125 0.505 0 0.5 2666.66666666667 1 5 0.683196849706777 5 1000 14700 5
"2395" "Z" 0.06 -0.37125 0.7525 1 1 2666.66666666667 1 5 0.284354282359106 5 1000 17226 5
"2396" "Z" 0.006 -0.165 0.2575 0 1 2666.66666666667 1 5 1.35673555887835 5 1000 14177 5
"2397" "Z" 0.06 -0.37125 0.29875 0 0 2666.66666666667 1 5 1.20814817573642 5 1000 17179 5
"2398" "Z" 0.006 -0.495 0.71125 1 1 2666.66666666667 1 5 0.340731293541596 5 1000 15022 5
"2399" "Z" 0.006 -0.99 0.4225 0 0 2666.66666666667 1 5 0.861565832184908 5 1000 16191 5
"2400" "Z" 0.006 -0.94875 0.01 0 0 2666.66666666667 1 5 4.60517018598809 5 1000 16051 5
"2401" "Z" 0.006 -0.61875 0.87625 0 1 2666.66666666667 1 5 0.132103840633337 5 1000 15337 5
"2402" "Z" 0.006 -0.825 0.62875 0 0.5 2666.66666666667 1 5 0.464021557568188 5 1000 15812 5
"2403" "Z" 0.06 -0.37125 0.62875 1 1 2666.66666666667 1 5 0.464021557568188 5 1000 17214 5
"2404" "Z" 0.006 -0.825 0.34 0 0 2666.66666666667 1 5 1.07880966137193 5 1000 15783 5
"2405" "Z" 0.06 -0.53625 0.05125 0 0 2666.66666666667 1 5 2.97103966096362 5 1000 17555 5
"2406" "Z" 0.006 -0.28875 0.5875 0 0 2666.66666666667 1 5 0.531879032963823 5 1000 14507 5
"2407" "Z" 0.006 0 0.54625 0 1 2666.66666666667 1 5 0.604678532572337 5 1000 13805 5
"2408" "Z" 0.006 -0.33 0.05125 0 0 2666.66666666667 1 5 2.97103966096362 5 1000 14555 5
"2409" "Z" 0.006 -0.2475 0.175 0 1 2666.66666666667 1 5 1.74296930505862 5 1000 14369 5
"2410" "Z" 0.006 -0.37125 1 0 1 2666.66666666667 1 5 0 5 1000 14749 5
"2411" "Z" 0.06 -0.825 0.9175 1 1 2666.66666666667 1 5 0.0861026990534116 5 1000 18342 5
"2412" "Z" 0.06 -0.5775 0.79375 0 0.5 2666.66666666667 1 5 0.230986728775236 5 1000 17728 5
"2413" "Z" 0.06 -0.165 0.05125 0 0 2666.66666666667 1 5 2.97103966096362 5 1000 16655 5
"2414" "Z" 0.06 -0.2475 0.71125 0 0.5 2666.66666666667 1 5 0.340731293541596 5 1000 16920 5
"2415" "Z" 0.006 -0.99 0.01 0 1 2666.66666666667 1 5 4.60517018598809 5 1000 16153 5
"2416" "Z" 0.006 -0.9075 0.175 0 1 2666.66666666667 1 5 1.74296930505862 5 1000 15969 5
"2417" "Z" 0.06 -0.33 0.62875 0 1 2666.66666666667 1 5 0.464021557568188 5 1000 17113 5
"2418" "Z" 0.006 -0.20625 0.71125 1 1 2666.66666666667 1 5 0.340731293541596 5 1000 14322 5
"2419" "Z" 0.006 -0.94875 0.7525 0 0 2666.66666666667 1 5 0.284354282359106 5 1000 16123 5
"2420" "Z" 0.06 -0.9075 0.79375 0 0.5 2666.66666666667 1 5 0.230986728775236 5 1000 18528 5
"2421" "Z" 0.006 -0.94875 0.71125 0 0 2666.66666666667 1 5 0.340731293541596 5 1000 16119 5
"2422" "Z" 0.006 -0.86625 0.7525 0 1 2666.66666666667 1 5 0.284354282359106 5 1000 15925 5
"2423" "Z" 0.06 -0.66 0.175 0 0.5 2666.66666666667 1 5 1.74296930505862 5 1000 17868 5
"2424" "Z" 0.06 -0.20625 1 0 1 2666.66666666667 1 5 0 5 1000 16849 5
"2425" "Z" 0.06 -0.165 0.9175 1 1 2666.66666666667 1 5 0.0861026990534116 5 1000 16742 5
"2426" "Z" 0.006 -0.99 1 0 0.5 2666.66666666667 1 5 0 5 1000 16248 5
"2427" "Z" 0.006 -0.78375 0.29875 0 0.5 2666.66666666667 1 5 1.20814817573642 5 1000 15680 5
"2428" "Z" 0.006 -0.4125 0.505 0 0.5 2666.66666666667 1 5 0.683196849706777 5 1000 14800 5
"2429" "Z" 0.006 -0.99 0.835 1 1 2666.66666666667 1 5 0.180323554131281 5 1000 16234 5
"2430" "Z" 0.06 -0.165 0.5875 0 1 2666.66666666667 1 5 0.531879032963823 5 1000 16709 5
"2431" "Z" 0.06 -0.86625 0.34 1 1 2666.66666666667 1 5 1.07880966137193 5 1000 18386 5
"2432" "Z" 0.006 -0.825 0.46375 0 0 2666.66666666667 1 5 0.768409665060492 5 1000 15795 5
"2433" "Z" 0.006 -0.45375 0.2575 0 0.5 2666.66666666667 1 5 1.35673555887835 5 1000 14876 5
"2434" "Z" 0.006 -0.12375 0.62875 0 1 2666.66666666667 1 5 0.464021557568188 5 1000 14113 5
"2435" "Z" 0.006 -0.7425 0.62875 1 1 2666.66666666667 1 5 0.464021557568188 5 1000 15614 5
"2436" "Z" 0.006 -0.9075 0.505 0 0.5 2666.66666666667 1 5 0.683196849706777 5 1000 16000 5
"2437" "Z" 0.006 -0.9075 0.21625 0 0 2666.66666666667 1 5 1.53132013317015 5 1000 15971 5
"2438" "Z" 0.006 -0.165 0.34 0 0 2666.66666666667 1 5 1.07880966137193 5 1000 14183 5
"2439" "Z" 0.006 -0.37125 0.2575 0 0.5 2666.66666666667 1 5 1.35673555887835 5 1000 14676 5
"2440" "Z" 0.006 -0.28875 0.38125 1 1 2666.66666666667 1 5 0.964299951060516 5 1000 14490 5
"2441" "Z" 0.06 -0.0825 0.46375 0 1 2666.66666666667 1 5 0.768409665060492 5 1000 16497 5
"2442" "Z" 0.06 -0.5775 0.505 0 0 2666.66666666667 1 5 0.683196849706777 5 1000 17699 5
"2443" "Z" 0.06 -0.165 0.01 0 1 2666.66666666667 1 5 4.60517018598809 5 1000 16653 5
"2444" "Z" 0.006 -0.12375 0.13375 0 1 2666.66666666667 1 5 2.01178289320602 5 1000 14065 5
"2445" "Z" 0.06 -0.2475 0.67 0 1 2666.66666666667 1 5 0.400477566597125 5 1000 16917 5
"2446" "Z" 0.006 -0.04125 0.87625 0 0.5 2666.66666666667 1 5 0.132103840633337 5 1000 13936 5
"2447" "Z" 0.006 -0.20625 0.175 0 0.5 2666.66666666667 1 5 1.74296930505862 5 1000 14268 5
"2448" "Z" 0.006 -0.37125 0.54625 1 1 2666.66666666667 1 5 0.604678532572337 5 1000 14706 5
"2449" "Z" 0.06 -0.86625 0.13375 0 0.5 2666.66666666667 1 5 2.01178289320602 5 1000 18364 5
"2450" "Z" 0.006 -0.28875 1 1 1 2666.66666666667 1 5 0 5 1000 14550 5
"2451" "Z" 0.006 -0.5775 0.54625 1 1 2666.66666666667 1 5 0.604678532572337 5 1000 15206 5
"2452" "Z" 0.006 -0.04125 0.0925 0 0.5 2666.66666666667 1 5 2.38054663446376 5 1000 13860 5
"2453" "Z" 0.06 -0.825 0.54625 0 0 2666.66666666667 1 5 0.604678532572337 5 1000 18303 5
"2454" "Z" 0.006 -0.28875 0.95875 0 0.5 2666.66666666667 1 5 0.042124926300671 5 1000 14544 5
"2455" "Z" 0.06 -0.7425 0.95875 0 0 2666.66666666667 1 5 0.042124926300671 5 1000 18143 5
"2456" "Z" 0.06 -0.94875 0.175 0 0.5 2666.66666666667 1 5 1.74296930505862 5 1000 18568 5
"2457" "Z" 0.006 0 0.95875 1 1 2666.66666666667 1 5 0.042124926300671 5 1000 13846 5
"2458" "Z" 0.006 -0.99 0.62875 1 1 2666.66666666667 1 5 0.464021557568188 5 1000 16214 5
"2459" "Z" 0.06 -0.495 0.2575 0 0 2666.66666666667 1 5 1.35673555887835 5 1000 17475 5
"2460" "Z" 0.06 -0.4125 0.4225 0 0 2666.66666666667 1 5 0.861565832184908 5 1000 17291 5
"2461" "Z" 0.006 -0.99 0.175 0 0.5 2666.66666666667 1 5 1.74296930505862 5 1000 16168 5
"2462" "Z" 0.006 -0.70125 0.9175 0 1 2666.66666666667 1 5 0.0861026990534116 5 1000 15541 5
"2463" "Z" 0.06 -0.0825 0.835 0 1 2666.66666666667 1 5 0.180323554131281 5 1000 16533 5
"2464" "Z" 0.06 0 0.87625 0 0.5 2666.66666666667 1 5 0.132103840633337 5 1000 16336 5
"2465" "Z" 0.006 -0.86625 0.4225 1 1 2666.66666666667 1 5 0.861565832184908 5 1000 15894 5
"2466" "Z" 0.006 -0.45375 0.9175 0 1 2666.66666666667 1 5 0.0861026990534116 5 1000 14941 5
"2467" "Z" 0.06 -0.53625 0.01 1 1 2666.66666666667 1 5 4.60517018598809 5 1000 17554 5
"2468" "Z" 0.06 -0.0825 0.01 0 0 2666.66666666667 1 5 4.60517018598809 5 1000 16451 5
"2469" "Z" 0.06 -0.28875 0.9175 0 0 2666.66666666667 1 5 0.0861026990534116 5 1000 17039 5
"2470" "Z" 0.06 -0.9075 0.71125 0 0.5 2666.66666666667 1 5 0.340731293541596 5 1000 18520 5
"2471" "Z" 0.06 -0.04125 0.38125 0 1 2666.66666666667 1 5 0.964299951060516 5 1000 16389 5
"2472" "Z" 0.006 -0.66 0.21625 0 1 2666.66666666667 1 5 1.53132013317015 5 1000 15373 5
"2473" "Z" 0.06 -0.53625 0.175 0 0 2666.66666666667 1 5 1.74296930505862 5 1000 17567 5
"2474" "Z" 0.06 -0.70125 0.21625 0 1 2666.66666666667 1 5 1.53132013317015 5 1000 17973 5
"2475" "Z" 0.006 -0.66 0.835 0 1 2666.66666666667 1 5 0.180323554131281 5 1000 15433 5
"2476" "Z" 0.006 -0.7425 0.7525 0 1 2666.66666666667 1 5 0.284354282359106 5 1000 15625 5
"2477" "Z" 0.06 -0.12375 0.87625 0 0 2666.66666666667 1 5 0.132103840633337 5 1000 16635 5
"2478" "Z" 0.006 -0.94875 0.46375 0 0 2666.66666666667 1 5 0.768409665060492 5 1000 16095 5
"2479" "Z" 0.006 -0.0825 0.34 0 0 2666.66666666667 1 5 1.07880966137193 5 1000 13983 5
"2480" "Z" 0.06 -0.66 0.4225 0 1 2666.66666666667 1 5 0.861565832184908 5 1000 17893 5
"2481" "Z" 0.006 -0.495 0.34 1 1 2666.66666666667 1 5 1.07880966137193 5 1000 14986 5
"2482" "Z" 0.06 -0.33 0.34 1 1 2666.66666666667 1 5 1.07880966137193 5 1000 17086 5
"2483" "Z" 0.006 -0.04125 0.2575 0 1 2666.66666666667 1 5 1.35673555887835 5 1000 13877 5
"2484" "Z" 0.06 -0.20625 0.01 0 0 2666.66666666667 1 5 4.60517018598809 5 1000 16751 5
"2485" "Z" 0.06 -0.66 0.4225 1 1 2666.66666666667 1 5 0.861565832184908 5 1000 17894 5
"2486" "Z" 0.06 -0.20625 0.4225 0 0.5 2666.66666666667 1 5 0.861565832184908 5 1000 16792 5
"2487" "Z" 0.06 -0.7425 0.7525 1 1 2666.66666666667 1 5 0.284354282359106 5 1000 18126 5
"2488" "Z" 0.06 -0.825 0.2575 1 1 2666.66666666667 1 5 1.35673555887835 5 1000 18278 5
"2489" "Z" 0.06 -0.78375 0.29875 0 0.5 2666.66666666667 1 5 1.20814817573642 5 1000 18180 5
"2490" "Z" 0.06 -0.04125 0.505 0 0.5 2666.66666666667 1 5 0.683196849706777 5 1000 16400 5
"2491" "Z" 0.006 -0.78375 0.67 1 1 2666.66666666667 1 5 0.400477566597125 5 1000 15718 5
"2492" "Z" 0.006 -0.99 0.0925 0 0.5 2666.66666666667 1 5 2.38054663446376 5 1000 16160 5
"2493" "Z" 0.06 -0.2475 0.4225 0 0.5 2666.66666666667 1 5 0.861565832184908 5 1000 16892 5
"2494" "Z" 0.006 -0.2475 0.175 0 0 2666.66666666667 1 5 1.74296930505862 5 1000 14367 5
"2495" "Z" 0.006 -0.86625 0.01 0 0.5 2666.66666666667 1 5 4.60517018598809 5 1000 15852 5
"2496" "Z" 0.006 -0.2475 0.21625 0 1 2666.66666666667 1 5 1.53132013317015 5 1000 14373 5
"2497" "Z" 0.06 -0.0825 0.175 0 0.5 2666.66666666667 1 5 1.74296930505862 5 1000 16468 5
"2498" "Z" 0.006 -0.94875 0.9175 0 0.5 2666.66666666667 1 5 0.0861026990534116 5 1000 16140 5
"2499" "Z" 0.06 -0.9075 0.71125 0 0 2666.66666666667 1 5 0.340731293541596 5 1000 18519 5
"2500" "Z" 0.06 -0.37125 0.505 0 1 2666.66666666667 1 5 0.683196849706777 5 1000 17201 5
"2501" "Z" 0.006 -0.28875 0.46375 1 1 2666.66666666667 1 5 0.768409665060492 5 1000 14498 5
"2502" "Z" 0.06 -0.66 0.62875 0 1 2666.66666666667 1 5 0.464021557568188 5 1000 17913 5
"2503" "Z" 0.006 -0.66 0.5875 0 0 2666.66666666667 1 5 0.531879032963823 5 1000 15407 5
"2504" "Z" 0.006 -0.5775 0.4225 1 1 2666.66666666667 1 5 0.861565832184908 5 1000 15194 5
"2505" "Z" 0.06 -0.99 0.0925 1 1 2666.66666666667 1 5 2.38054663446376 5 1000 18662 5
"2506" "Z" 0.06 0 0.5875 0 0.5 2666.66666666667 1 5 0.531879032963823 5 1000 16308 5
"2507" "Z" 0.06 -0.12375 0.505 0 0 2666.66666666667 1 5 0.683196849706777 5 1000 16599 5
"2508" "Z" 0.06 -0.825 0.175 0 0 2666.66666666667 1 5 1.74296930505862 5 1000 18267 5
"2509" "Z" 0.06 -0.86625 0.54625 1 1 2666.66666666667 1 5 0.604678532572337 5 1000 18406 5
"2510" "Z" 0.06 -0.99 0.29875 0 1 2666.66666666667 1 5 1.20814817573642 5 1000 18681 5
"2511" "Z" 0.006 -0.5775 0.67 0 0.5 2666.66666666667 1 5 0.400477566597125 5 1000 15216 5
"2512" "Z" 0.06 -0.86625 0.175 0 0 2666.66666666667 1 5 1.74296930505862 5 1000 18367 5
"2513" "Z" 0.06 -0.78375 0.71125 1 1 2666.66666666667 1 5 0.340731293541596 5 1000 18222 5
"2514" "Z" 0.006 -0.86625 0.79375 1 1 2666.66666666667 1 5 0.230986728775236 5 1000 15930 5
"2515" "Z" 0.06 -0.86625 0.54625 0 0 2666.66666666667 1 5 0.604678532572337 5 1000 18403 5
"2516" "Z" 0.006 -0.53625 0.2575 0 0 2666.66666666667 1 5 1.35673555887835 5 1000 15075 5
"2517" "Z" 0.006 -0.7425 0.79375 0 0 2666.66666666667 1 5 0.230986728775236 5 1000 15627 5
"2518" "Z" 0.06 -0.28875 0.21625 1 1 2666.66666666667 1 5 1.53132013317015 5 1000 16974 5
"2519" "Z" 0.06 -0.495 0.5875 0 0 2666.66666666667 1 5 0.531879032963823 5 1000 17507 5
"2520" "Z" 0.006 0 0.29875 0 0.5 2666.66666666667 1 5 1.20814817573642 5 1000 13780 5
"2521" "Z" 0.006 -0.0825 0.79375 1 1 2666.66666666667 1 5 0.230986728775236 5 1000 14030 5
"2522" "Z" 0.006 -0.12375 0.505 0 1 2666.66666666667 1 5 0.683196849706777 5 1000 14101 5
"2523" "Z" 0.006 -0.33 0.34 0 1 2666.66666666667 1 5 1.07880966137193 5 1000 14585 5
"2524" "Z" 0.06 -0.2475 0.21625 0 0.5 2666.66666666667 1 5 1.53132013317015 5 1000 16872 5
"2525" "Z" 0.06 -0.7425 0.79375 0 0 2666.66666666667 1 5 0.230986728775236 5 1000 18127 5
"2526" "Z" 0.006 -0.53625 0.7525 0 0 2666.66666666667 1 5 0.284354282359106 5 1000 15123 5
"2527" "Z" 0.006 -0.5775 0.34 0 1 2666.66666666667 1 5 1.07880966137193 5 1000 15185 5
"2528" "Z" 0.06 -0.66 0.05125 0 1 2666.66666666667 1 5 2.97103966096362 5 1000 17857 5
"2529" "Z" 0.006 -0.825 0.21625 0 0 2666.66666666667 1 5 1.53132013317015 5 1000 15771 5
"2530" "Z" 0.006 -0.94875 0.835 0 0 2666.66666666667 1 5 0.180323554131281 5 1000 16131 5
"2531" "Z" 0.006 -0.4125 0.71125 0 0 2666.66666666667 1 5 0.340731293541596 5 1000 14819 5
"2532" "Z" 0.006 -0.495 0.87625 0 0 2666.66666666667 1 5 0.132103840633337 5 1000 15035 5
"2533" "Z" 0.06 -0.165 0.87625 0 0.5 2666.66666666667 1 5 0.132103840633337 5 1000 16736 5
"2534" "Z" 0.06 -0.94875 0.05125 0 0.5 2666.66666666667 1 5 2.97103966096362 5 1000 18556 5
"2535" "Z" 0.006 -0.28875 0.62875 1 1 2666.66666666667 1 5 0.464021557568188 5 1000 14514 5
"2536" "Z" 0.06 -0.9075 0.7525 0 1 2666.66666666667 1 5 0.284354282359106 5 1000 18525 5
"2537" "Z" 0.06 -0.33 0.87625 1 1 2666.66666666667 1 5 0.132103840633337 5 1000 17138 5
"2538" "Z" 0.006 -0.94875 0.505 0 1 2666.66666666667 1 5 0.683196849706777 5 1000 16101 5
"2539" "Z" 0.06 -0.04125 0.175 1 1 2666.66666666667 1 5 1.74296930505862 5 1000 16370 5
"2540" "Z" 0.06 -0.70125 0.5875 0 1 2666.66666666667 1 5 0.531879032963823 5 1000 18009 5
"2541" "Z" 0.006 -0.4125 0.0925 0 0 2666.66666666667 1 5 2.38054663446376 5 1000 14759 5
"2542" "Z" 0.006 0 0.38125 0 0.5 2666.66666666667 1 5 0.964299951060516 5 1000 13788 5
"2543" "Z" 0.06 -0.165 0.79375 0 0 2666.66666666667 1 5 0.230986728775236 5 1000 16727 5
"2544" "Z" 0.006 -0.825 0.38125 1 1 2666.66666666667 1 5 0.964299951060516 5 1000 15790 5
"2545" "Z" 0.006 -0.86625 0.29875 1 1 2666.66666666667 1 5 1.20814817573642 5 1000 15882 5
"2546" "Z" 0.06 -0.165 0.54625 1 1 2666.66666666667 1 5 0.604678532572337 5 1000 16706 5
"2547" "Z" 0.006 -0.99 0.505 0 0.5 2666.66666666667 1 5 0.683196849706777 5 1000 16200 5
"2548" "Z" 0.06 -0.66 0.175 0 1 2666.66666666667 1 5 1.74296930505862 5 1000 17869 5
"2549" "Z" 0.006 -0.94875 0.67 1 1 2666.66666666667 1 5 0.400477566597125 5 1000 16118 5
"2550" "Z" 0.006 -0.825 0.79375 0 1 2666.66666666667 1 5 0.230986728775236 5 1000 15829 5
"2551" "Z" 0.006 -0.78375 0.5875 1 1 2666.66666666667 1 5 0.531879032963823 5 1000 15710 5
"2552" "Z" 0.006 -0.5775 1 0 0.5 2666.66666666667 1 5 0 5 1000 15248 5
"2553" "Z" 0.006 -0.20625 0.95875 1 1 2666.66666666667 1 5 0.042124926300671 5 1000 14346 5
"2554" "Z" 0.006 -0.66 0.54625 0 0 2666.66666666667 1 5 0.604678532572337 5 1000 15403 5
"2555" "Z" 0.06 -0.165 0.71125 1 1 2666.66666666667 1 5 0.340731293541596 5 1000 16722 5
"2556" "Z" 0.06 -0.66 0.13375 0 1 2666.66666666667 1 5 2.01178289320602 5 1000 17865 5
"2557" "Z" 0.06 -0.165 0.54625 0 0.5 2666.66666666667 1 5 0.604678532572337 5 1000 16704 5
"2558" "Z" 0.006 -0.61875 0.67 0 1 2666.66666666667 1 5 0.400477566597125 5 1000 15317 5
"2559" "Z" 0.06 0 1 0 0.5 2666.66666666667 1 5 0 5 1000 16348 5
"2560" "Z" 0.006 -0.9075 0.4225 0 0 2666.66666666667 1 5 0.861565832184908 5 1000 15991 5
"2561" "Z" 0.006 -0.99 1 0 1 2666.66666666667 1 5 0 5 1000 16249 5
"2562" "Z" 0.06 -0.165 0.62875 0 0.5 2666.66666666667 1 5 0.464021557568188 5 1000 16712 5
"2563" "Z" 0.06 -0.20625 0.46375 0 1 2666.66666666667 1 5 0.768409665060492 5 1000 16797 5
"2564" "Z" 0.006 -0.37125 0.4225 1 1 2666.66666666667 1 5 0.861565832184908 5 1000 14694 5
"2565" "Z" 0.006 -0.78375 0.0925 1 1 2666.66666666667 1 5 2.38054663446376 5 1000 15662 5
"2566" "Z" 0.006 -0.99 0.0925 0 1 2666.66666666667 1 5 2.38054663446376 5 1000 16161 5
"2567" "Z" 0.06 -0.20625 0.13375 1 1 2666.66666666667 1 5 2.01178289320602 5 1000 16766 5
"2568" "Z" 0.06 -0.45375 0.95875 0 0 2666.66666666667 1 5 0.042124926300671 5 1000 17443 5
"2569" "Z" 0.006 -0.61875 0.01 0 1 2666.66666666667 1 5 4.60517018598809 5 1000 15253 5
"2570" "Z" 0.006 -0.94875 0.38125 0 0 2666.66666666667 1 5 0.964299951060516 5 1000 16087 5
"2571" "Z" 0.006 -0.61875 0.13375 0 0.5 2666.66666666667 1 5 2.01178289320602 5 1000 15264 5
"2572" "Z" 0.006 -0.165 0.2575 0 0.5 2666.66666666667 1 5 1.35673555887835 5 1000 14176 5
"2573" "Z" 0.006 -0.28875 0.9175 0 0 2666.66666666667 1 5 0.0861026990534116 5 1000 14539 5
"2574" "Z" 0.006 -0.495 1 0 0.5 2666.66666666667 1 5 0 5 1000 15048 5
"2575" "Z" 0.006 -0.53625 0.2575 1 1 2666.66666666667 1 5 1.35673555887835 5 1000 15078 5
"2576" "Z" 0.006 -0.53625 0.38125 1 1 2666.66666666667 1 5 0.964299951060516 5 1000 15090 5
"2577" "Z" 0.06 -0.61875 0.29875 0 0.5 2666.66666666667 1 5 1.20814817573642 5 1000 17780 5
"2578" "Z" 0.006 -0.61875 0.46375 0 1 2666.66666666667 1 5 0.768409665060492 5 1000 15297 5
"2579" "Z" 0.06 -0.99 0.38125 0 0 2666.66666666667 1 5 0.964299951060516 5 1000 18687 5
"2580" "Z" 0.06 -0.86625 0.9175 0 0 2666.66666666667 1 5 0.0861026990534116 5 1000 18439 5
"2581" "Z" 0.06 -0.61875 0.87625 0 0.5 2666.66666666667 1 5 0.132103840633337 5 1000 17836 5
"2582" "Z" 0.06 -0.70125 0.67 0 1 2666.66666666667 1 5 0.400477566597125 5 1000 18017 5
"2583" "Z" 0.006 -0.61875 0.29875 0 0.5 2666.66666666667 1 5 1.20814817573642 5 1000 15280 5
"2584" "Z" 0.006 -0.825 0.54625 0 0.5 2666.66666666667 1 5 0.604678532572337 5 1000 15804 5
"2585" "Z" 0.06 0 0.95875 0 1 2666.66666666667 1 5 0.042124926300671 5 1000 16345 5
"2586" "Z" 0.006 -0.825 0.0925 0 0.5 2666.66666666667 1 5 2.38054663446376 5 1000 15760 5
"2587" "Z" 0.06 -0.61875 0.05125 0 1 2666.66666666667 1 5 2.97103966096362 5 1000 17757 5
"2588" "Z" 0.006 -0.53625 0.13375 1 1 2666.66666666667 1 5 2.01178289320602 5 1000 15066 5
"2589" "Z" 0.06 -0.99 0.38125 0 1 2666.66666666667 1 5 0.964299951060516 5 1000 18689 5
"2590" "Z" 0.006 -0.94875 0.05125 0 0 2666.66666666667 1 5 2.97103966096362 5 1000 16055 5
"2591" "Z" 0.06 -0.2475 0.46375 1 1 2666.66666666667 1 5 0.768409665060492 5 1000 16898 5
"2592" "Z" 0.06 -0.12375 0.34 0 1 2666.66666666667 1 5 1.07880966137193 5 1000 16585 5
"2593" "Z" 0.006 -0.33 0.5875 0 1 2666.66666666667 1 5 0.531879032963823 5 1000 14609 5
"2594" "Z" 0.006 -0.825 0.05125 1 1 2666.66666666667 1 5 2.97103966096362 5 1000 15758 5
"2595" "Z" 0.06 0 1 0 1 2666.66666666667 1 5 0 5 1000 16349 5
"2596" "Z" 0.006 0 0.62875 0 1 2666.66666666667 1 5 0.464021557568188 5 1000 13813 5
"2597" "Z" 0.006 -0.70125 0.46375 0 1 2666.66666666667 1 5 0.768409665060492 5 1000 15497 5
"2598" "Z" 0.006 -0.94875 0.5875 0 0 2666.66666666667 1 5 0.531879032963823 5 1000 16107 5
"2599" "Z" 0.006 -0.0825 0.62875 1 1 2666.66666666667 1 5 0.464021557568188 5 1000 14014 5
"2600" "Z" 0.06 -0.12375 0.46375 0 0 2666.66666666667 1 5 0.768409665060492 5 1000 16595 5
"2601" "Z" 0.06 -0.4125 0.71125 1 1 2666.66666666667 1 5 0.340731293541596 5 1000 17322 5
"2602" "Z" 0.006 -0.86625 0.9175 0 0 2666.66666666667 1 5 0.0861026990534116 5 1000 15939 5
"2603" "Z" 0.06 -0.5775 0.0925 0 1 2666.66666666667 1 5 2.38054663446376 5 1000 17661 5
"2604" "Z" 0.06 -0.61875 0.01 0 0.5 2666.66666666667 1 5 4.60517018598809 5 1000 17752 5
"2605" "Z" 0.006 -0.37125 0.2575 0 1 2666.66666666667 1 5 1.35673555887835 5 1000 14677 5
"2606" "Z" 0.06 -0.165 0.34 0 0 2666.66666666667 1 5 1.07880966137193 5 1000 16683 5
"2607" "Z" 0.06 -0.9075 0.01 1 1 2666.66666666667 1 5 4.60517018598809 5 1000 18454 5
"2608" "Z" 0.006 -0.165 0.9175 0 0 2666.66666666667 1 5 0.0861026990534116 5 1000 14239 5
"2609" "Z" 0.06 -0.20625 0.505 0 0.5 2666.66666666667 1 5 0.683196849706777 5 1000 16800 5
"2610" "Z" 0.06 -0.33 0.0925 1 1 2666.66666666667 1 5 2.38054663446376 5 1000 17062 5
"2611" "Z" 0.06 -0.78375 0.7525 0 0 2666.66666666667 1 5 0.284354282359106 5 1000 18223 5
"2612" "Z" 0.06 -0.12375 1 1 1 2666.66666666667 1 5 0 5 1000 16650 5
"2613" "Z" 0.06 -0.825 0.46375 0 0 2666.66666666667 1 5 0.768409665060492 5 1000 18295 5
"2614" "Z" 0.06 -0.7425 0.62875 0 1 2666.66666666667 1 5 0.464021557568188 5 1000 18113 5
"2615" "Z" 0.06 -0.20625 0.46375 0 0.5 2666.66666666667 1 5 0.768409665060492 5 1000 16796 5
"2616" "Z" 0.006 -0.86625 1 0 0 2666.66666666667 1 5 0 5 1000 15947 5
"2617" "Z" 0.06 0 0.67 1 1 2666.66666666667 1 5 0.400477566597125 5 1000 16318 5
"2618" "Z" 0.006 -0.04125 0.29875 0 1 2666.66666666667 1 5 1.20814817573642 5 1000 13881 5
"2619" "Z" 0.06 -0.86625 0.0925 1 1 2666.66666666667 1 5 2.38054663446376 5 1000 18362 5
"2620" "Z" 0.006 -0.53625 0.95875 0 1 2666.66666666667 1 5 0.042124926300671 5 1000 15145 5
"2621" "Z" 0.006 -0.20625 0.175 0 0 2666.66666666667 1 5 1.74296930505862 5 1000 14267 5
"2622" "Z" 0.06 -0.99 0.62875 1 1 2666.66666666667 1 5 0.464021557568188 5 1000 18714 5
"2623" "Z" 0.006 -0.04125 0.5875 0 0.5 2666.66666666667 1 5 0.531879032963823 5 1000 13908 5
"2624" "Z" 0.06 -0.86625 0.7525 1 1 2666.66666666667 1 5 0.284354282359106 5 1000 18426 5
"2625" "Z" 0.006 -0.61875 0.0925 1 1 2666.66666666667 1 5 2.38054663446376 5 1000 15262 5
"2626" "Z" 0.006 -0.70125 0.67 0 1 2666.66666666667 1 5 0.400477566597125 5 1000 15517 5
"2627" "Z" 0.06 -0.4125 0.71125 0 1 2666.66666666667 1 5 0.340731293541596 5 1000 17321 5
"2628" "Z" 0.006 -0.825 0.38125 0 1 2666.66666666667 1 5 0.964299951060516 5 1000 15789 5
"2629" "Z" 0.06 -0.66 0.87625 0 0.5 2666.66666666667 1 5 0.132103840633337 5 1000 17936 5
"2630" "Z" 0.06 -0.61875 0.01 1 1 2666.66666666667 1 5 4.60517018598809 5 1000 17754 5
"2631" "Z" 0.006 -0.12375 0.05125 0 0.5 2666.66666666667 1 5 2.97103966096362 5 1000 14056 5
"2632" "Z" 0.06 -0.37125 1 0 0 2666.66666666667 1 5 0 5 1000 17247 5
"2633" "Z" 0.006 -0.2475 0.13375 0 1 2666.66666666667 1 5 2.01178289320602 5 1000 14365 5
"2634" "Z" 0.06 -0.12375 0.5875 0 0 2666.66666666667 1 5 0.531879032963823 5 1000 16607 5
"2635" "Z" 0.06 -0.20625 0.95875 1 1 2666.66666666667 1 5 0.042124926300671 5 1000 16846 5
"2636" "Z" 0.06 -0.99 0.01 0 1 2666.66666666667 1 5 4.60517018598809 5 1000 18653 5
"2637" "Z" 0.006 -0.99 0.5875 0 1 2666.66666666667 1 5 0.531879032963823 5 1000 16209 5
"2638" "Z" 0.06 -0.53625 0.13375 0 1 2666.66666666667 1 5 2.01178289320602 5 1000 17565 5
"2639" "Z" 0.006 -0.2475 0.62875 0 0 2666.66666666667 1 5 0.464021557568188 5 1000 14411 5
"2640" "Z" 0.006 -0.94875 0.2575 0 1 2666.66666666667 1 5 1.35673555887835 5 1000 16077 5
"2641" "Z" 0.006 -0.45375 0.54625 0 0 2666.66666666667 1 5 0.604678532572337 5 1000 14903 5
"2642" "Z" 0.06 -0.2475 0.9175 0 1 2666.66666666667 1 5 0.0861026990534116 5 1000 16941 5
"2643" "Z" 0.006 -0.495 0.05125 0 0 2666.66666666667 1 5 2.97103966096362 5 1000 14955 5
"2644" "Z" 0.06 -0.61875 0.4225 0 0.5 2666.66666666667 1 5 0.861565832184908 5 1000 17792 5
"2645" "Z" 0.06 -0.12375 0.95875 1 1 2666.66666666667 1 5 0.042124926300671 5 1000 16646 5
"2646" "Z" 0.006 -0.37125 0.38125 0 0.5 2666.66666666667 1 5 0.964299951060516 5 1000 14688 5
"2647" "Z" 0.06 -0.04125 0.01 0 0 2666.66666666667 1 5 4.60517018598809 5 1000 16351 5
"2648" "Z" 0.06 -0.2475 0.62875 0 1 2666.66666666667 1 5 0.464021557568188 5 1000 16913 5
"2649" "Z" 0.06 -0.86625 0.95875 0 1 2666.66666666667 1 5 0.042124926300671 5 1000 18445 5
"2650" "Z" 0.006 -0.9075 0.175 0 0.5 2666.66666666667 1 5 1.74296930505862 5 1000 15968 5
"2651" "Z" 0.06 -0.0825 0.0925 0 0.5 2666.66666666667 1 5 2.38054663446376 5 1000 16460 5
"2652" "Z" 0.006 -0.70125 1 0 1 2666.66666666667 1 5 0 5 1000 15549 5
"2653" "Z" 0.06 0 0.2575 0 1 2666.66666666667 1 5 1.35673555887835 5 1000 16277 5
"2654" "Z" 0.006 -0.53625 1 0 0.5 2666.66666666667 1 5 0 5 1000 15148 5
"2655" "Z" 0.06 -0.495 0.21625 0 0.5 2666.66666666667 1 5 1.53132013317015 5 1000 17472 5
"2656" "Z" 0.06 -0.99 0.79375 0 0.5 2666.66666666667 1 5 0.230986728775236 5 1000 18728 5
"2657" "Z" 0.006 -0.9075 0.46375 1 1 2666.66666666667 1 5 0.768409665060492 5 1000 15998 5
"2658" "Z" 0.006 -0.2475 0.01 1 1 2666.66666666667 1 5 4.60517018598809 5 1000 14354 5
"2659" "Z" 0.06 -0.0825 0.2575 1 1 2666.66666666667 1 5 1.35673555887835 5 1000 16478 5
"2660" "Z" 0.06 -0.825 0.01 0 1 2666.66666666667 1 5 4.60517018598809 5 1000 18253 5
"2661" "Z" 0.06 -0.78375 0.71125 0 1 2666.66666666667 1 5 0.340731293541596 5 1000 18221 5
"2662" "Z" 0.06 -0.61875 0.71125 0 1 2666.66666666667 1 5 0.340731293541596 5 1000 17821 5
"2663" "Z" 0.06 -0.28875 0.54625 1 1 2666.66666666667 1 5 0.604678532572337 5 1000 17006 5
"2664" "Z" 0.006 -0.12375 0.13375 0 0 2666.66666666667 1 5 2.01178289320602 5 1000 14063 5
"2665" "Z" 0.06 -0.4125 0.5875 0 0.5 2666.66666666667 1 5 0.531879032963823 5 1000 17308 5
"2666" "Z" 0.06 -0.66 0.95875 0 0 2666.66666666667 1 5 0.042124926300671 5 1000 17943 5
"2667" "Z" 0.006 -0.495 0.0925 0 0.5 2666.66666666667 1 5 2.38054663446376 5 1000 14960 5
"2668" "Z" 0.006 0 0.7525 0 1 2666.66666666667 1 5 0.284354282359106 5 1000 13825 5
"2669" "Z" 0.06 -0.825 0.505 0 1 2666.66666666667 1 5 0.683196849706777 5 1000 18301 5
"2670" "Z" 0.006 -0.12375 0.34 0 1 2666.66666666667 1 5 1.07880966137193 5 1000 14085 5
"2671" "Z" 0.06 -0.45375 0.62875 0 0.5 2666.66666666667 1 5 0.464021557568188 5 1000 17412 5
"2672" "Z" 0.06 -0.7425 0.2575 0 0 2666.66666666667 1 5 1.35673555887835 5 1000 18075 5
"2673" "Z" 0.006 -0.45375 0.0925 1 1 2666.66666666667 1 5 2.38054663446376 5 1000 14862 5
"2674" "Z" 0.006 -0.4125 0.87625 0 0.5 2666.66666666667 1 5 0.132103840633337 5 1000 14836 5
"2675" "Z" 0.006 -0.66 0.67 0 0.5 2666.66666666667 1 5 0.400477566597125 5 1000 15416 5
"2676" "Z" 0.006 0 0.34 0 0.5 2666.66666666667 1 5 1.07880966137193 5 1000 13784 5
"2677" "Z" 0.006 -0.12375 0.175 0 1 2666.66666666667 1 5 1.74296930505862 5 1000 14069 5
"2678" "Z" 0.006 -0.70125 0.175 0 0 2666.66666666667 1 5 1.74296930505862 5 1000 15467 5
"2679" "Z" 0.006 -0.0825 0.05125 0 1 2666.66666666667 1 5 2.97103966096362 5 1000 13957 5
"2680" "Z" 0.06 -0.94875 0.46375 0 0 2666.66666666667 1 5 0.768409665060492 5 1000 18595 5
"2681" "Z" 0.006 -0.33 0.67 0 0.5 2666.66666666667 1 5 0.400477566597125 5 1000 14616 5
"2682" "Z" 0.06 -0.0825 0.175 0 0 2666.66666666667 1 5 1.74296930505862 5 1000 16467 5
"2683" "Z" 0.06 -0.04125 0.835 0 0.5 2666.66666666667 1 5 0.180323554131281 5 1000 16432 5
"2684" "Z" 0.006 -0.78375 0.46375 0 0 2666.66666666667 1 5 0.768409665060492 5 1000 15695 5
"2685" "Z" 0.006 -0.45375 0.34 0 0.5 2666.66666666667 1 5 1.07880966137193 5 1000 14884 5
"2686" "Z" 0.006 -0.2475 0.01 0 0.5 2666.66666666667 1 5 4.60517018598809 5 1000 14352 5
"2687" "Z" 0.006 -0.78375 0.7525 0 1 2666.66666666667 1 5 0.284354282359106 5 1000 15725 5
"2688" "Z" 0.06 -0.53625 0.2575 0 0 2666.66666666667 1 5 1.35673555887835 5 1000 17575 5
"2689" "Z" 0.06 -0.20625 0.05125 0 1 2666.66666666667 1 5 2.97103966096362 5 1000 16757 5
"2690" "Z" 0.06 -0.165 0.21625 0 0.5 2666.66666666667 1 5 1.53132013317015 5 1000 16672 5
"2691" "Z" 0.06 -0.9075 0.38125 0 0 2666.66666666667 1 5 0.964299951060516 5 1000 18487 5
"2692" "Z" 0.006 -0.45375 0.835 1 1 2666.66666666667 1 5 0.180323554131281 5 1000 14934 5
"2693" "Z" 0.006 -0.4125 0.4225 0 0 2666.66666666667 1 5 0.861565832184908 5 1000 14791 5
"2694" "Z" 0.006 -0.2475 0.54625 1 1 2666.66666666667 1 5 0.604678532572337 5 1000 14406 5
"2695" "Z" 0.006 -0.4125 1 1 1 2666.66666666667 1 5 0 5 1000 14850 5
"2696" "Z" 0.06 -0.9075 0.71125 0 1 2666.66666666667 1 5 0.340731293541596 5 1000 18521 5
"2697" "Z" 0.06 -0.5775 0.34 0 1 2666.66666666667 1 5 1.07880966137193 5 1000 17685 5
"2698" "Z" 0.06 -0.66 0.5875 0 0 2666.66666666667 1 5 0.531879032963823 5 1000 17907 5
"2699" "Z" 0.006 -0.165 0.21625 0 0 2666.66666666667 1 5 1.53132013317015 5 1000 14171 5
"2700" "Z" 0.006 0 0.46375 0 0.5 2666.66666666667 1 5 0.768409665060492 5 1000 13796 5
"2701" "Z" 0.06 -0.4125 0.67 0 0 2666.66666666667 1 5 0.400477566597125 5 1000 17315 5
"2702" "Z" 0.006 -0.9075 0.01 0 0.5 2666.66666666667 1 5 4.60517018598809 5 1000 15952 5
"2703" "Z" 0.006 -0.7425 0.9175 1 1 2666.66666666667 1 5 0.0861026990534116 5 1000 15642 5
"2704" "Z" 0.006 -0.61875 0.29875 0 0 2666.66666666667 1 5 1.20814817573642 5 1000 15279 5
"2705" "Z" 0.006 -0.78375 0.71125 0 1 2666.66666666667 1 5 0.340731293541596 5 1000 15721 5
"2706" "Z" 0.06 -0.94875 0.95875 0 1 2666.66666666667 1 5 0.042124926300671 5 1000 18645 5
"2707" "Z" 0.006 -0.28875 0.05125 0 0 2666.66666666667 1 5 2.97103966096362 5 1000 14455 5
"2708" "Z" 0.006 -0.45375 0.71125 0 0 2666.66666666667 1 5 0.340731293541596 5 1000 14919 5
"2709" "Z" 0.06 -0.165 0.05125 0 1 2666.66666666667 1 5 2.97103966096362 5 1000 16657 5
"2710" "Z" 0.006 -0.0825 0.95875 1 1 2666.66666666667 1 5 0.042124926300671 5 1000 14046 5
"2711" "Z" 0.06 -0.61875 0.54625 1 1 2666.66666666667 1 5 0.604678532572337 5 1000 17806 5
"2712" "Z" 0.006 -0.37125 0.71125 1 1 2666.66666666667 1 5 0.340731293541596 5 1000 14722 5
"2713" "Z" 0.06 -0.94875 0.71125 0 0 2666.66666666667 1 5 0.340731293541596 5 1000 18619 5
"2714" "Z" 0.006 -0.53625 0.7525 0 0.5 2666.66666666667 1 5 0.284354282359106 5 1000 15124 5
"2715" "Z" 0.06 -0.5775 0.01 0 0 2666.66666666667 1 5 4.60517018598809 5 1000 17651 5
"2716" "Z" 0.006 -0.04125 0.9175 0 1 2666.66666666667 1 5 0.0861026990534116 5 1000 13941 5
"2717" "Z" 0.06 -0.70125 0.29875 0 0.5 2666.66666666667 1 5 1.20814817573642 5 1000 17980 5
"2718" "Z" 0.06 -0.78375 0.175 0 0.5 2666.66666666667 1 5 1.74296930505862 5 1000 18168 5
"2719" "Z" 0.06 -0.2475 0.0925 0 0 2666.66666666667 1 5 2.38054663446376 5 1000 16859 5
"2720" "Z" 0.006 -0.825 0.175 1 1 2666.66666666667 1 5 1.74296930505862 5 1000 15770 5
"2721" "Z" 0.06 -0.4125 0.2575 0 0.5 2666.66666666667 1 5 1.35673555887835 5 1000 17276 5
"2722" "Z" 0.006 -0.5775 0.7525 0 0 2666.66666666667 1 5 0.284354282359106 5 1000 15223 5
"2723" "Z" 0.06 -0.495 1 1 1 2666.66666666667 1 5 0 5 1000 17550 5
"2724" "Z" 0.06 -0.70125 0.13375 0 0 2666.66666666667 1 5 2.01178289320602 5 1000 17963 5
"2725" "Z" 0.06 -0.70125 0.835 0 1 2666.66666666667 1 5 0.180323554131281 5 1000 18033 5
"2726" "Z" 0.006 -0.70125 0.05125 0 0 2666.66666666667 1 5 2.97103966096362 5 1000 15455 5
"2727" "Z" 0.06 -0.2475 0.29875 1 1 2666.66666666667 1 5 1.20814817573642 5 1000 16882 5
"2728" "Z" 0.006 -0.0825 0.835 1 1 2666.66666666667 1 5 0.180323554131281 5 1000 14034 5
"2729" "Z" 0.006 -0.4125 0.29875 0 1 2666.66666666667 1 5 1.20814817573642 5 1000 14781 5
"2730" "Z" 0.06 -0.37125 0.46375 0 0.5 2666.66666666667 1 5 0.768409665060492 5 1000 17196 5
"2731" "Z" 0.006 -0.86625 1 0 1 2666.66666666667 1 5 0 5 1000 15949 5
"2732" "Z" 0.06 -0.2475 0.38125 0 0 2666.66666666667 1 5 0.964299951060516 5 1000 16887 5
"2733" "Z" 0.06 -0.70125 0.2575 0 1 2666.66666666667 1 5 1.35673555887835 5 1000 17977 5
"2734" "Z" 0.06 -0.45375 0.0925 0 1 2666.66666666667 1 5 2.38054663446376 5 1000 17361 5
"2735" "Z" 0.06 -0.825 0.79375 0 0 2666.66666666667 1 5 0.230986728775236 5 1000 18327 5
"2736" "Z" 0.006 -0.70125 0.7525 0 0.5 2666.66666666667 1 5 0.284354282359106 5 1000 15524 5
"2737" "Z" 0.006 -0.165 0.505 0 0 2666.66666666667 1 5 0.683196849706777 5 1000 14199 5
"2738" "Z" 0.006 -0.99 0.13375 0 0 2666.66666666667 1 5 2.01178289320602 5 1000 16163 5
"2739" "Z" 0.006 -0.28875 0.01 0 1 2666.66666666667 1 5 4.60517018598809 5 1000 14453 5
"2740" "Z" 0.006 -0.12375 0.46375 1 1 2666.66666666667 1 5 0.768409665060492 5 1000 14098 5
"2741" "Z" 0.06 -0.495 0.87625 0 0.5 2666.66666666667 1 5 0.132103840633337 5 1000 17536 5
"2742" "Z" 0.006 -0.825 0.0925 0 1 2666.66666666667 1 5 2.38054663446376 5 1000 15761 5
"2743" "Z" 0.006 -0.0825 0.21625 0 0 2666.66666666667 1 5 1.53132013317015 5 1000 13971 5
"2744" "Z" 0.06 -0.7425 1 0 0.5 2666.66666666667 1 5 0 5 1000 18148 5
"2745" "Z" 0.006 0 0.5875 0 0.5 2666.66666666667 1 5 0.531879032963823 5 1000 13808 5
"2746" "Z" 0.06 -0.7425 0.505 0 0.5 2666.66666666667 1 5 0.683196849706777 5 1000 18100 5
"2747" "Z" 0.06 -0.12375 0.01 0 0.5 2666.66666666667 1 5 4.60517018598809 5 1000 16552 5
"2748" "Z" 0.006 -0.53625 0.79375 0 0 2666.66666666667 1 5 0.230986728775236 5 1000 15127 5
"2749" "Z" 0.006 0 0.79375 1 1 2666.66666666667 1 5 0.230986728775236 5 1000 13830 5
"2750" "Z" 0.006 -0.165 0.7525 0 0 2666.66666666667 1 5 0.284354282359106 5 1000 14223 5
"2751" "Z" 0.06 -0.70125 0.21625 0 0.5 2666.66666666667 1 5 1.53132013317015 5 1000 17972 5
"2752" "Z" 0.06 -0.0825 0.13375 0 0 2666.66666666667 1 5 2.01178289320602 5 1000 16463 5
"2753" "Z" 0.006 -0.20625 0.835 0 0.5 2666.66666666667 1 5 0.180323554131281 5 1000 14332 5
"2754" "Z" 0.006 -0.9075 0.38125 0 1 2666.66666666667 1 5 0.964299951060516 5 1000 15989 5
"2755" "Z" 0.006 -0.7425 1 0 0 2666.66666666667 1 5 0 5 1000 15647 5
"2756" "Z" 0.06 -0.04125 0.71125 0 0 2666.66666666667 1 5 0.340731293541596 5 1000 16419 5
"2757" "Z" 0.006 -0.825 0.2575 0 1 2666.66666666667 1 5 1.35673555887835 5 1000 15777 5
"2758" "Z" 0.06 -0.37125 0.835 0 1 2666.66666666667 1 5 0.180323554131281 5 1000 17233 5
"2759" "Z" 0.06 -0.12375 0.62875 0 0 2666.66666666667 1 5 0.464021557568188 5 1000 16611 5
"2760" "Z" 0.06 -0.78375 0.13375 0 0.5 2666.66666666667 1 5 2.01178289320602 5 1000 18164 5
"2761" "Z" 0.006 -0.45375 0.5875 0 0 2666.66666666667 1 5 0.531879032963823 5 1000 14907 5
"2762" "Z" 0.006 -0.66 0.46375 0 1 2666.66666666667 1 5 0.768409665060492 5 1000 15397 5
"2763" "Z" 0.006 -0.12375 0.87625 1 1 2666.66666666667 1 5 0.132103840633337 5 1000 14138 5
"2764" "Z" 0.06 -0.2475 0.79375 0 0.5 2666.66666666667 1 5 0.230986728775236 5 1000 16928 5
"2765" "Z" 0.006 -0.2475 0.54625 0 0 2666.66666666667 1 5 0.604678532572337 5 1000 14403 5
"2766" "Z" 0.006 -0.5775 0.835 0 1 2666.66666666667 1 5 0.180323554131281 5 1000 15233 5
"2767" "Z" 0.06 -0.5775 0.5875 0 1 2666.66666666667 1 5 0.531879032963823 5 1000 17709 5
"2768" "Z" 0.06 -0.7425 0.87625 0 1 2666.66666666667 1 5 0.132103840633337 5 1000 18137 5
"2769" "Z" 0.006 -0.28875 0.01 1 1 2666.66666666667 1 5 4.60517018598809 5 1000 14454 5
"2770" "Z" 0.06 -0.94875 0.01 1 1 2666.66666666667 1 5 4.60517018598809 5 1000 18554 5
"2771" "Z" 0.06 -0.33 0.9175 0 0 2666.66666666667 1 5 0.0861026990534116 5 1000 17139 5
"2772" "Z" 0.006 -0.78375 0.67 0 0 2666.66666666667 1 5 0.400477566597125 5 1000 15715 5
"2773" "Z" 0.06 -0.61875 0.71125 1 1 2666.66666666667 1 5 0.340731293541596 5 1000 17822 5
"2774" "Z" 0.006 -0.495 0.175 0 0.5 2666.66666666667 1 5 1.74296930505862 5 1000 14968 5
"2775" "Z" 0.06 -0.28875 0.29875 1 1 2666.66666666667 1 5 1.20814817573642 5 1000 16982 5
"2776" "Z" 0.06 -0.61875 0.21625 0 0 2666.66666666667 1 5 1.53132013317015 5 1000 17771 5
"2777" "Z" 0.06 -0.20625 0.38125 0 0.5 2666.66666666667 1 5 0.964299951060516 5 1000 16788 5
"2778" "Z" 0.006 -0.86625 0.95875 0 0 2666.66666666667 1 5 0.042124926300671 5 1000 15943 5
"2779" "Z" 0.006 -0.04125 0.87625 0 0 2666.66666666667 1 5 0.132103840633337 5 1000 13935 5
"2780" "Z" 0.006 -0.28875 0.54625 0 0.5 2666.66666666667 1 5 0.604678532572337 5 1000 14504 5
"2781" "Z" 0.06 -0.70125 0.13375 1 1 2666.66666666667 1 5 2.01178289320602 5 1000 17966 5
"2782" "Z" 0.006 -0.495 0.79375 0 0.5 2666.66666666667 1 5 0.230986728775236 5 1000 15028 5
"2783" "Z" 0.06 -0.78375 0.71125 0 0.5 2666.66666666667 1 5 0.340731293541596 5 1000 18220 5
"2784" "Z" 0.006 -0.78375 0.9175 1 1 2666.66666666667 1 5 0.0861026990534116 5 1000 15742 5
"2785" "Z" 0.006 -0.86625 0.4225 0 0 2666.66666666667 1 5 0.861565832184908 5 1000 15891 5
"2786" "Z" 0.006 -0.61875 0.7525 0 1 2666.66666666667 1 5 0.284354282359106 5 1000 15325 5
"2787" "Z" 0.06 -0.61875 0.67 1 1 2666.66666666667 1 5 0.400477566597125 5 1000 17818 5
"2788" "Z" 0.006 -0.20625 0.87625 0 1 2666.66666666667 1 5 0.132103840633337 5 1000 14337 5
"2789" "Z" 0.006 -0.04125 0.7525 0 0.5 2666.66666666667 1 5 0.284354282359106 5 1000 13924 5
"2790" "Z" 0.06 0 0.79375 0 0 2666.66666666667 1 5 0.230986728775236 5 1000 16327 5
"2791" "Z" 0.06 -0.94875 0.835 0 1 2666.66666666667 1 5 0.180323554131281 5 1000 18633 5
"2792" "Z" 0.06 -0.86625 0.29875 1 1 2666.66666666667 1 5 1.20814817573642 5 1000 18382 5
"2793" "Z" 0.006 -0.495 0.175 0 0 2666.66666666667 1 5 1.74296930505862 5 1000 14967 5
"2794" "Z" 0.006 0 0.175 1 1 2666.66666666667 1 5 1.74296930505862 5 1000 13770 5
"2795" "Z" 0.06 -0.4125 0.5875 0 1 2666.66666666667 1 5 0.531879032963823 5 1000 17309 5
"2796" "Z" 0.06 -0.5775 0.505 1 1 2666.66666666667 1 5 0.683196849706777 5 1000 17702 5
"2797" "Z" 0.06 -0.94875 0.2575 0 0.5 2666.66666666667 1 5 1.35673555887835 5 1000 18576 5
"2798" "Z" 0.006 -0.04125 1 0 0.5 2666.66666666667 1 5 0 5 1000 13948 5
"2799" "Z" 0.006 -0.20625 0.4225 1 1 2666.66666666667 1 5 0.861565832184908 5 1000 14294 5
"2800" "Z" 0.006 -0.495 0.835 0 0.5 2666.66666666667 1 5 0.180323554131281 5 1000 15032 5
"2801" "Z" 0.06 -0.45375 0.46375 0 1 2666.66666666667 1 5 0.768409665060492 5 1000 17397 5
"2802" "Z" 0.006 -0.12375 0.835 0 0.5 2666.66666666667 1 5 0.180323554131281 5 1000 14132 5
"2803" "Z" 0.006 -0.28875 0.9175 0 0.5 2666.66666666667 1 5 0.0861026990534116 5 1000 14540 5
"2804" "Z" 0.006 -0.70125 0.21625 1 1 2666.66666666667 1 5 1.53132013317015 5 1000 15474 5
"2805" "Z" 0.06 -0.53625 1 0 0.5 2666.66666666667 1 5 0 5 1000 17648 5
"2806" "Z" 0.006 -0.99 0.7525 1 1 2666.66666666667 1 5 0.284354282359106 5 1000 16226 5
"2807" "Z" 0.06 -0.53625 0.13375 1 1 2666.66666666667 1 5 2.01178289320602 5 1000 17566 5
"2808" "Z" 0.006 -0.5775 0.87625 0 0 2666.66666666667 1 5 0.132103840633337 5 1000 15235 5
"2809" "Z" 0.06 -0.04125 0.46375 0 0.5 2666.66666666667 1 5 0.768409665060492 5 1000 16396 5
"2810" "Z" 0.06 -0.99 0.46375 0 1 2666.66666666667 1 5 0.768409665060492 5 1000 18697 5
"2811" "Z" 0.06 -0.99 0.71125 0 0 2666.66666666667 1 5 0.340731293541596 5 1000 18719 5
"2812" "Z" 0.006 -0.495 0.2575 1 1 2666.66666666667 1 5 1.35673555887835 5 1000 14978 5
"2813" "Z" 0.006 -0.37125 0.835 0 0 2666.66666666667 1 5 0.180323554131281 5 1000 14731 5
"2814" "Z" 0.006 -0.20625 0.87625 1 1 2666.66666666667 1 5 0.132103840633337 5 1000 14338 5
"2815" "Z" 0.06 -0.45375 0.5875 0 0 2666.66666666667 1 5 0.531879032963823 5 1000 17407 5
"2816" "Z" 0.006 -0.61875 0.79375 0 0.5 2666.66666666667 1 5 0.230986728775236 5 1000 15328 5
"2817" "Z" 0.006 -0.12375 0.5875 0 1 2666.66666666667 1 5 0.531879032963823 5 1000 14109 5
"2818" "Z" 0.006 -0.495 0.505 1 1 2666.66666666667 1 5 0.683196849706777 5 1000 15002 5
"2819" "Z" 0.06 -0.825 0.0925 1 1 2666.66666666667 1 5 2.38054663446376 5 1000 18262 5
"2820" "Z" 0.006 -0.53625 0.0925 0 0.5 2666.66666666667 1 5 2.38054663446376 5 1000 15060 5
"2821" "Z" 0.006 -0.28875 0.95875 0 1 2666.66666666667 1 5 0.042124926300671 5 1000 14545 5
"2822" "Z" 0.06 -0.61875 0.505 1 1 2666.66666666667 1 5 0.683196849706777 5 1000 17802 5
"2823" "Z" 0.06 -0.86625 0.71125 0 0.5 2666.66666666667 1 5 0.340731293541596 5 1000 18420 5
"2824" "Z" 0.006 -0.94875 0.34 1 1 2666.66666666667 1 5 1.07880966137193 5 1000 16086 5
"2825" "Z" 0.006 -0.94875 0.34 0 1 2666.66666666667 1 5 1.07880966137193 5 1000 16085 5
"2826" "Z" 0.006 -0.53625 0.46375 1 1 2666.66666666667 1 5 0.768409665060492 5 1000 15098 5
"2827" "Z" 0.06 -0.12375 1 0 0.5 2666.66666666667 1 5 0 5 1000 16648 5
"2828" "Z" 0.006 -0.33 0.79375 0 0 2666.66666666667 1 5 0.230986728775236 5 1000 14627 5
"2829" "Z" 0.06 -0.45375 0.7525 1 1 2666.66666666667 1 5 0.284354282359106 5 1000 17426 5
"2830" "Z" 0.06 -0.78375 0.9175 1 1 2666.66666666667 1 5 0.0861026990534116 5 1000 18242 5
"2831" "Z" 0.006 -0.94875 0.79375 0 1 2666.66666666667 1 5 0.230986728775236 5 1000 16129 5
"2832" "Z" 0.006 -0.495 0.67 1 1 2666.66666666667 1 5 0.400477566597125 5 1000 15018 5
"2833" "Z" 0.006 -0.33 0.5875 0 0 2666.66666666667 1 5 0.531879032963823 5 1000 14607 5
"2834" "Z" 0.06 -0.9075 0.4225 1 1 2666.66666666667 1 5 0.861565832184908 5 1000 18494 5
"2835" "Z" 0.006 -0.53625 0.4225 0 0.5 2666.66666666667 1 5 0.861565832184908 5 1000 15092 5
"2836" "Z" 0.06 -0.28875 0.5875 1 1 2666.66666666667 1 5 0.531879032963823 5 1000 17010 5
"2837" "Z" 0.006 -0.78375 0.05125 0 0 2666.66666666667 1 5 2.97103966096362 5 1000 15655 5
"2838" "Z" 0.006 -0.45375 0.38125 0 1 2666.66666666667 1 5 0.964299951060516 5 1000 14889 5
"2839" "Z" 0.006 -0.7425 0.2575 0 0.5 2666.66666666667 1 5 1.35673555887835 5 1000 15576 5
"2840" "Z" 0.006 -0.12375 0.21625 0 0 2666.66666666667 1 5 1.53132013317015 5 1000 14071 5
"2841" "Z" 0.006 -0.33 0.175 0 0 2666.66666666667 1 5 1.74296930505862 5 1000 14567 5
"2842" "Z" 0.06 -0.9075 0.62875 0 0 2666.66666666667 1 5 0.464021557568188 5 1000 18511 5
"2843" "Z" 0.06 -0.37125 0.87625 0 1 2666.66666666667 1 5 0.132103840633337 5 1000 17237 5
"2844" "Z" 0.006 -0.66 0.62875 0 0.5 2666.66666666667 1 5 0.464021557568188 5 1000 15412 5
"2845" "Z" 0.006 -0.53625 0.175 0 0.5 2666.66666666667 1 5 1.74296930505862 5 1000 15068 5
"2846" "Z" 0.06 -0.78375 0.175 0 0 2666.66666666667 1 5 1.74296930505862 5 1000 18167 5
"2847" "Z" 0.06 -0.45375 0.71125 0 0.5 2666.66666666667 1 5 0.340731293541596 5 1000 17420 5
"2848" "Z" 0.006 -0.94875 0.835 0 1 2666.66666666667 1 5 0.180323554131281 5 1000 16133 5
"2849" "Z" 0.006 -0.86625 0.0925 0 0.5 2666.66666666667 1 5 2.38054663446376 5 1000 15860 5
"2850" "Z" 0.06 -0.495 0.835 0 0.5 2666.66666666667 1 5 0.180323554131281 5 1000 17532 5
"2851" "Z" 0.06 -0.4125 0.505 0 1 2666.66666666667 1 5 0.683196849706777 5 1000 17301 5
"2852" "Z" 0.006 -0.7425 1 0 0.5 2666.66666666667 1 5 0 5 1000 15648 5
"2853" "Z" 0.006 -0.70125 0.05125 0 1 2666.66666666667 1 5 2.97103966096362 5 1000 15457 5
"2854" "Z" 0.006 -0.78375 0.95875 1 1 2666.66666666667 1 5 0.042124926300671 5 1000 15746 5
"2855" "Z" 0.006 -0.70125 0.01 0 0 2666.66666666667 1 5 4.60517018598809 5 1000 15451 5
"2856" "Z" 0.006 -0.99 0.175 1 1 2666.66666666667 1 5 1.74296930505862 5 1000 16170 5
"2857" "Z" 0.06 -0.20625 0.79375 1 1 2666.66666666667 1 5 0.230986728775236 5 1000 16830 5
"2858" "Z" 0.006 -0.33 0.05125 0 1 2666.66666666667 1 5 2.97103966096362 5 1000 14557 5
"2859" "Z" 0.006 -0.78375 0.29875 0 1 2666.66666666667 1 5 1.20814817573642 5 1000 15681 5
"2860" "Z" 0.06 -0.78375 0.05125 0 0.5 2666.66666666667 1 5 2.97103966096362 5 1000 18156 5
"2861" "Z" 0.06 -0.70125 0.62875 1 1 2666.66666666667 1 5 0.464021557568188 5 1000 18014 5
"2862" "Z" 0.06 -0.53625 0.01 0 0.5 2666.66666666667 1 5 4.60517018598809 5 1000 17552 5
"2863" "Z" 0.006 -0.28875 0.05125 0 1 2666.66666666667 1 5 2.97103966096362 5 1000 14457 5
"2864" "Z" 0.06 -0.0825 1 0 1 2666.66666666667 1 5 0 5 1000 16549 5
"2865" "Z" 0.06 -0.0825 0.505 1 1 2666.66666666667 1 5 0.683196849706777 5 1000 16502 5
"2866" "Z" 0.06 -0.66 0.87625 1 1 2666.66666666667 1 5 0.132103840633337 5 1000 17938 5
"2867" "Z" 0.006 -0.53625 0.9175 0 0 2666.66666666667 1 5 0.0861026990534116 5 1000 15139 5
"2868" "Z" 0.006 -0.825 0.9175 0 1 2666.66666666667 1 5 0.0861026990534116 5 1000 15841 5
"2869" "Z" 0.006 -0.61875 0.5875 0 1 2666.66666666667 1 5 0.531879032963823 5 1000 15309 5
"2870" "Z" 0.006 -0.37125 0.835 0 1 2666.66666666667 1 5 0.180323554131281 5 1000 14733 5
"2871" "Z" 0.006 -0.20625 0.46375 1 1 2666.66666666667 1 5 0.768409665060492 5 1000 14298 5
"2872" "Z" 0.06 0 1 1 1 2666.66666666667 1 5 0 5 1000 16350 5
"2873" "Z" 0.06 -0.33 0.05125 0 1 2666.66666666667 1 5 2.97103966096362 5 1000 17057 5
"2874" "Z" 0.06 -0.94875 0.54625 0 0 2666.66666666667 1 5 0.604678532572337 5 1000 18603 5
"2875" "Z" 0.06 -0.86625 0.2575 1 1 2666.66666666667 1 5 1.35673555887835 5 1000 18378 5
"2876" "Z" 0.006 -0.70125 1 0 0.5 2666.66666666667 1 5 0 5 1000 15548 5
"2877" "Z" 0.06 -0.99 0.01 0 0.5 2666.66666666667 1 5 4.60517018598809 5 1000 18652 5
"2878" "Z" 0.06 -0.70125 0.835 1 1 2666.66666666667 1 5 0.180323554131281 5 1000 18034 5
"2879" "Z" 0.006 -0.165 0.95875 0 1 2666.66666666667 1 5 0.042124926300671 5 1000 14245 5
"2880" "Z" 0.06 -0.165 0.67 0 0 2666.66666666667 1 5 0.400477566597125 5 1000 16715 5
"2881" "Z" 0.006 -0.94875 0.13375 0 0.5 2666.66666666667 1 5 2.01178289320602 5 1000 16064 5
"2882" "Z" 0.06 -0.86625 0.7525 0 0 2666.66666666667 1 5 0.284354282359106 5 1000 18423 5
"2883" "Z" 0.006 0 0.71125 0 0 2666.66666666667 1 5 0.340731293541596 5 1000 13819 5
"2884" "Z" 0.006 -0.66 0.29875 1 1 2666.66666666667 1 5 1.20814817573642 5 1000 15382 5
"2885" "Z" 0.006 -0.94875 0.67 0 0.5 2666.66666666667 1 5 0.400477566597125 5 1000 16116 5
"2886" "Z" 0.006 -0.94875 0.01 0 0.5 2666.66666666667 1 5 4.60517018598809 5 1000 16052 5
"2887" "Z" 0.06 -0.61875 0.34 0 1 2666.66666666667 1 5 1.07880966137193 5 1000 17785 5
"2888" "Z" 0.006 -0.165 0.835 0 1 2666.66666666667 1 5 0.180323554131281 5 1000 14233 5
"2889" "Z" 0.006 -0.78375 0.835 0 0 2666.66666666667 1 5 0.180323554131281 5 1000 15731 5
"2890" "Z" 0.006 -0.78375 0.13375 1 1 2666.66666666667 1 5 2.01178289320602 5 1000 15666 5
"2891" "Z" 0.06 -0.53625 0.54625 0 0.5 2666.66666666667 1 5 0.604678532572337 5 1000 17604 5
"2892" "Z" 0.06 -0.53625 1 0 0 2666.66666666667 1 5 0 5 1000 17647 5
"2893" "Z" 0.006 -0.165 0.4225 0 0.5 2666.66666666667 1 5 0.861565832184908 5 1000 14192 5
"2894" "Z" 0.006 -0.20625 0.7525 0 0 2666.66666666667 1 5 0.284354282359106 5 1000 14323 5
"2895" "Z" 0.06 -0.0825 0.175 0 1 2666.66666666667 1 5 1.74296930505862 5 1000 16469 5
"2896" "Z" 0.006 -0.66 0.5875 1 1 2666.66666666667 1 5 0.531879032963823 5 1000 15410 5
"2897" "Z" 0.06 -0.04125 1 0 1 2666.66666666667 1 5 0 5 1000 16449 5
"2898" "Z" 0.06 -0.33 0.835 0 0 2666.66666666667 1 5 0.180323554131281 5 1000 17131 5
"2899" "Z" 0.06 -0.495 0.9175 0 0.5 2666.66666666667 1 5 0.0861026990534116 5 1000 17540 5
"2900" "Z" 0.006 -0.86625 0.38125 1 1 2666.66666666667 1 5 0.964299951060516 5 1000 15890 5
"2901" "Z" 0.006 -0.495 0.0925 0 0 2666.66666666667 1 5 2.38054663446376 5 1000 14959 5
"2902" "Z" 0.06 -0.37125 0.9175 0 0 2666.66666666667 1 5 0.0861026990534116 5 1000 17239 5
"2903" "Z" 0.06 -0.12375 0.79375 0 0 2666.66666666667 1 5 0.230986728775236 5 1000 16627 5
"2904" "Z" 0.006 -0.2475 0.38125 0 0.5 2666.66666666667 1 5 0.964299951060516 5 1000 14388 5
"2905" "Z" 0.006 -0.86625 0.505 0 0.5 2666.66666666667 1 5 0.683196849706777 5 1000 15900 5
"2906" "Z" 0.06 0 0.21625 0 0 2666.66666666667 1 5 1.53132013317015 5 1000 16271 5
"2907" "Z" 0.06 -0.61875 0.54625 0 0 2666.66666666667 1 5 0.604678532572337 5 1000 17803 5
"2908" "Z" 0.006 -0.94875 0.5875 1 1 2666.66666666667 1 5 0.531879032963823 5 1000 16110 5
"2909" "Z" 0.06 -0.165 0.38125 0 0 2666.66666666667 1 5 0.964299951060516 5 1000 16687 5
"2910" "Z" 0.06 -0.2475 0.67 0 0.5 2666.66666666667 1 5 0.400477566597125 5 1000 16916 5
"2911" "Z" 0.006 -0.94875 0.62875 0 0.5 2666.66666666667 1 5 0.464021557568188 5 1000 16112 5
"2912" "Z" 0.06 -0.45375 0.21625 0 0 2666.66666666667 1 5 1.53132013317015 5 1000 17371 5
"2913" "Z" 0.006 -0.61875 0.4225 0 0.5 2666.66666666667 1 5 0.861565832184908 5 1000 15292 5
"2914" "Z" 0.006 -0.20625 0.13375 0 0.5 2666.66666666667 1 5 2.01178289320602 5 1000 14264 5
"2915" "Z" 0.006 -0.78375 0.01 0 1 2666.66666666667 1 5 4.60517018598809 5 1000 15653 5
"2916" "Z" 0.06 -0.7425 1 0 0 2666.66666666667 1 5 0 5 1000 18147 5
"2917" "Z" 0.06 -0.37125 0.34 0 0.5 2666.66666666667 1 5 1.07880966137193 5 1000 17184 5
"2918" "Z" 0.06 -0.2475 0.505 0 0 2666.66666666667 1 5 0.683196849706777 5 1000 16899 5
"2919" "Z" 0.06 -0.4125 0.0925 1 1 2666.66666666667 1 5 2.38054663446376 5 1000 17262 5
"2920" "Z" 0.006 0 0.175 0 0.5 2666.66666666667 1 5 1.74296930505862 5 1000 13768 5
"2921" "Z" 0.006 -0.5775 0.54625 0 1 2666.66666666667 1 5 0.604678532572337 5 1000 15205 5
"2922" "Z" 0.006 -0.12375 0.54625 0 1 2666.66666666667 1 5 0.604678532572337 5 1000 14105 5
"2923" "Z" 0.006 -0.70125 0.05125 1 1 2666.66666666667 1 5 2.97103966096362 5 1000 15458 5
"2924" "Z" 0.06 -0.33 0.01 0 1 2666.66666666667 1 5 4.60517018598809 5 1000 17053 5
"2925" "Z" 0.06 -0.20625 0.34 1 1 2666.66666666667 1 5 1.07880966137193 5 1000 16786 5
"2926" "Z" 0.06 -0.495 0.2575 0 0.5 2666.66666666667 1 5 1.35673555887835 5 1000 17476 5
"2927" "Z" 0.006 -0.78375 0.9175 0 0.5 2666.66666666667 1 5 0.0861026990534116 5 1000 15740 5
"2928" "Z" 0.06 -0.45375 0.2575 0 0.5 2666.66666666667 1 5 1.35673555887835 5 1000 17376 5
"2929" "Z" 0.06 -0.9075 0.5875 0 1 2666.66666666667 1 5 0.531879032963823 5 1000 18509 5
"2930" "Z" 0.06 -0.33 0.79375 0 0.5 2666.66666666667 1 5 0.230986728775236 5 1000 17128 5
"2931" "Z" 0.006 -0.86625 0.5875 0 1 2666.66666666667 1 5 0.531879032963823 5 1000 15909 5
"2932" "Z" 0.06 -0.78375 0.21625 0 0 2666.66666666667 1 5 1.53132013317015 5 1000 18171 5
"2933" "Z" 0.006 -0.12375 0.71125 0 1 2666.66666666667 1 5 0.340731293541596 5 1000 14121 5
"2934" "Z" 0.06 -0.495 0.21625 0 1 2666.66666666667 1 5 1.53132013317015 5 1000 17473 5
"2935" "Z" 0.06 -0.825 0.175 0 1 2666.66666666667 1 5 1.74296930505862 5 1000 18269 5
"2936" "Z" 0.06 0 0.62875 0 0.5 2666.66666666667 1 5 0.464021557568188 5 1000 16312 5
"2937" "Z" 0.06 -0.20625 0.01 0 0.5 2666.66666666667 1 5 4.60517018598809 5 1000 16752 5
"2938" "Z" 0.06 -0.5775 0.7525 0 0 2666.66666666667 1 5 0.284354282359106 5 1000 17723 5
"2939" "Z" 0.006 -0.33 0.05125 0 0.5 2666.66666666667 1 5 2.97103966096362 5 1000 14556 5
"2940" "Z" 0.006 -0.04125 0.79375 1 1 2666.66666666667 1 5 0.230986728775236 5 1000 13930 5
"2941" "Z" 0.06 -0.20625 0.9175 0 0.5 2666.66666666667 1 5 0.0861026990534116 5 1000 16840 5
"2942" "Z" 0.06 -0.9075 0.2575 0 1 2666.66666666667 1 5 1.35673555887835 5 1000 18477 5
"2943" "Z" 0.006 -0.495 0.95875 0 1 2666.66666666667 1 5 0.042124926300671 5 1000 15045 5
"2944" "Z" 0.006 -0.66 0.62875 0 0 2666.66666666667 1 5 0.464021557568188 5 1000 15411 5
"2945" "Z" 0.06 -0.5775 0.05125 0 1 2666.66666666667 1 5 2.97103966096362 5 1000 17657 5
"2946" "Z" 0.006 -0.04125 0.54625 1 1 2666.66666666667 1 5 0.604678532572337 5 1000 13906 5
"2947" "Z" 0.06 -0.53625 0.21625 0 0.5 2666.66666666667 1 5 1.53132013317015 5 1000 17572 5
"2948" "Z" 0.06 -0.2475 0.01 1 1 2666.66666666667 1 5 4.60517018598809 5 1000 16854 5
"2949" "Z" 0.006 -0.70125 0.87625 0 1 2666.66666666667 1 5 0.132103840633337 5 1000 15537 5
"2950" "Z" 0.06 -0.20625 0.5875 0 1 2666.66666666667 1 5 0.531879032963823 5 1000 16809 5
"2951" "Z" 0.06 -0.04125 0.95875 0 1 2666.66666666667 1 5 0.042124926300671 5 1000 16445 5
"2952" "Z" 0.006 -0.28875 0.5875 0 1 2666.66666666667 1 5 0.531879032963823 5 1000 14509 5
"2953" "Z" 0.06 -0.61875 0.95875 1 1 2666.66666666667 1 5 0.042124926300671 5 1000 17846 5
"2954" "Z" 0.06 -0.45375 0.87625 0 0.5 2666.66666666667 1 5 0.132103840633337 5 1000 17436 5
"2955" "Z" 0.006 -0.86625 0.505 0 0 2666.66666666667 1 5 0.683196849706777 5 1000 15899 5
"2956" "Z" 0.006 -0.165 0.34 0 0.5 2666.66666666667 1 5 1.07880966137193 5 1000 14184 5
"2957" "Z" 0.006 0 0.46375 1 1 2666.66666666667 1 5 0.768409665060492 5 1000 13798 5
"2958" "Z" 0.06 -0.53625 0.9175 0 1 2666.66666666667 1 5 0.0861026990534116 5 1000 17641 5
"2959" "Z" 0.06 -0.37125 0.54625 0 0 2666.66666666667 1 5 0.604678532572337 5 1000 17203 5
"2960" "Z" 0.006 -0.86625 0.9175 1 1 2666.66666666667 1 5 0.0861026990534116 5 1000 15942 5
"2961" "Z" 0.006 -0.2475 0.54625 0 0.5 2666.66666666667 1 5 0.604678532572337 5 1000 14404 5
"2962" "Z" 0.06 0 0.505 1 1 2666.66666666667 1 5 0.683196849706777 5 1000 16302 5
"2963" "Z" 0.006 -0.9075 0.54625 0 0 2666.66666666667 1 5 0.604678532572337 5 1000 16003 5
"2964" "Z" 0.06 -0.2475 0.05125 0 0 2666.66666666667 1 5 2.97103966096362 5 1000 16855 5
"2965" "Z" 0.06 -0.70125 0.71125 0 0.5 2666.66666666667 1 5 0.340731293541596 5 1000 18020 5
"2966" "Z" 0.06 -0.28875 0.38125 0 1 2666.66666666667 1 5 0.964299951060516 5 1000 16989 5
"2967" "Z" 0.06 -0.7425 1 1 1 2666.66666666667 1 5 0 5 1000 18150 5
"2968" "Z" 0.006 -0.66 0.4225 0 1 2666.66666666667 1 5 0.861565832184908 5 1000 15393 5
"2969" "Z" 0.06 -0.04125 0.21625 1 1 2666.66666666667 1 5 1.53132013317015 5 1000 16374 5
"2970" "Z" 0.006 -0.825 0.87625 0 1 2666.66666666667 1 5 0.132103840633337 5 1000 15837 5
"2971" "Z" 0.06 -0.825 1 0 0 2666.66666666667 1 5 0 5 1000 18347 5
"2972" "Z" 0.006 -0.04125 0.4225 0 1 2666.66666666667 1 5 0.861565832184908 5 1000 13893 5
"2973" "Z" 0.006 -0.495 0.2575 0 0 2666.66666666667 1 5 1.35673555887835 5 1000 14975 5
"2974" "Z" 0.006 0 0.46375 0 0 2666.66666666667 1 5 0.768409665060492 5 1000 13795 5
"2975" "Z" 0.06 -0.9075 0.0925 0 1 2666.66666666667 1 5 2.38054663446376 5 1000 18461 5
"2976" "Z" 0.006 -0.78375 0.05125 0 1 2666.66666666667 1 5 2.97103966096362 5 1000 15657 5
"2977" "Z" 0.06 -0.99 0.13375 0 1 2666.66666666667 1 5 2.01178289320602 5 1000 18665 5
"2978" "Z" 0.06 -0.4125 0.9175 0 0.5 2666.66666666667 1 5 0.0861026990534116 5 1000 17340 5
"2979" "Z" 0.06 -0.825 0.5875 0 0 2666.66666666667 1 5 0.531879032963823 5 1000 18307 5
"2980" "Z" 0.06 -0.28875 0.46375 0 0.5 2666.66666666667 1 5 0.768409665060492 5 1000 16996 5
"2981" "Z" 0.06 -0.12375 0.0925 0 1 2666.66666666667 1 5 2.38054663446376 5 1000 16561 5
"2982" "Z" 0.006 0 0.67 0 1 2666.66666666667 1 5 0.400477566597125 5 1000 13817 5
"2983" "Z" 0.006 -0.86625 0.95875 0 1 2666.66666666667 1 5 0.042124926300671 5 1000 15945 5
"2984" "Z" 0.006 -0.28875 0.38125 0 0 2666.66666666667 1 5 0.964299951060516 5 1000 14487 5
"2985" "Z" 0.06 -0.78375 0.62875 0 0.5 2666.66666666667 1 5 0.464021557568188 5 1000 18212 5
"2986" "Z" 0.006 -0.2475 1 0 0 2666.66666666667 1 5 0 5 1000 14447 5
"2987" "Z" 0.006 -0.45375 1 1 1 2666.66666666667 1 5 0 5 1000 14950 5
"2988" "Z" 0.06 -0.165 0.5875 0 0.5 2666.66666666667 1 5 0.531879032963823 5 1000 16708 5
"2989" "Z" 0.006 -0.9075 1 0 0 2666.66666666667 1 5 0 5 1000 16047 5
"2990" "Z" 0.006 -0.70125 0.5875 0 1 2666.66666666667 1 5 0.531879032963823 5 1000 15509 5
"2991" "Z" 0.006 -0.9075 0.2575 0 1 2666.66666666667 1 5 1.35673555887835 5 1000 15977 5
"2992" "Z" 0.06 -0.78375 0.5875 0 0.5 2666.66666666667 1 5 0.531879032963823 5 1000 18208 5
"2993" "Z" 0.06 -0.9075 0.835 1 1 2666.66666666667 1 5 0.180323554131281 5 1000 18534 5
"2994" "Z" 0.06 -0.04125 0.71125 1 1 2666.66666666667 1 5 0.340731293541596 5 1000 16422 5
"2995" "Z" 0.006 -0.825 0.29875 1 1 2666.66666666667 1 5 1.20814817573642 5 1000 15782 5
"2996" "Z" 0.006 -0.04125 0.7525 0 0 2666.66666666667 1 5 0.284354282359106 5 1000 13923 5
"2997" "Z" 0.06 -0.0825 0.62875 0 1 2666.66666666667 1 5 0.464021557568188 5 1000 16513 5
"2998" "Z" 0.006 -0.7425 0.87625 0 0 2666.66666666667 1 5 0.132103840633337 5 1000 15635 5
"2999" "Z" 0.006 -0.495 0.87625 0 0.5 2666.66666666667 1 5 0.132103840633337 5 1000 15036 5
"3000" "Z" 0.006 -0.28875 0.05125 0 0.5 2666.66666666667 1 5 2.97103966096362 5 1000 14456 5
"3001" "Z" 0.06 -0.5775 0.05125 0 0 2666.66666666667 1 5 2.97103966096362 5 1000 17655 5
"3002" "Z" 0.06 -0.99 0.0925 0 0 2666.66666666667 1 5 2.38054663446376 5 1000 18659 5
"3003" "Z" 0.06 -0.45375 0.5875 0 1 2666.66666666667 1 5 0.531879032963823 5 1000 17409 5
"3004" "Z" 0.06 -0.66 0.7525 0 1 2666.66666666667 1 5 0.284354282359106 5 1000 17925 5
"3005" "Z" 0.006 -0.495 0.835 1 1 2666.66666666667 1 5 0.180323554131281 5 1000 15034 5
"3006" "Z" 0.06 -0.4125 0.05125 0 0.5 2666.66666666667 1 5 2.97103966096362 5 1000 17256 5
"3007" "Z" 0.006 0 0.835 0 0 2666.66666666667 1 5 0.180323554131281 5 1000 13831 5
"3008" "Z" 0.006 -0.2475 0.9175 0 0.5 2666.66666666667 1 5 0.0861026990534116 5 1000 14440 5
"3009" "Z" 0.06 -0.45375 0.0925 0 0.5 2666.66666666667 1 5 2.38054663446376 5 1000 17360 5
"3010" "Z" 0.06 -0.94875 1 1 1 2666.66666666667 1 5 0 5 1000 18650 5
"3011" "Z" 0.006 -0.12375 0.2575 0 0.5 2666.66666666667 1 5 1.35673555887835 5 1000 14076 5
"3012" "Z" 0.06 -0.0825 0.38125 0 1 2666.66666666667 1 5 0.964299951060516 5 1000 16489 5
"3013" "Z" 0.006 -0.2475 0.71125 0 0.5 2666.66666666667 1 5 0.340731293541596 5 1000 14420 5
"3014" "Z" 0.06 -0.4125 0.34 0 0.5 2666.66666666667 1 5 1.07880966137193 5 1000 17284 5
"3015" "Z" 0.006 -0.37125 0.29875 0 0.5 2666.66666666667 1 5 1.20814817573642 5 1000 14680 5
"3016" "Z" 0.006 -0.66 0.05125 0 0.5 2666.66666666667 1 5 2.97103966096362 5 1000 15356 5
"3017" "Z" 0.006 -0.165 0.38125 0 0.5 2666.66666666667 1 5 0.964299951060516 5 1000 14188 5
"3018" "Z" 0.06 -0.70125 0.7525 0 0.5 2666.66666666667 1 5 0.284354282359106 5 1000 18024 5
"3019" "Z" 0.06 -0.61875 0.01 0 0 2666.66666666667 1 5 4.60517018598809 5 1000 17751 5
"3020" "Z" 0.006 -0.33 0.13375 0 0 2666.66666666667 1 5 2.01178289320602 5 1000 14563 5
"3021" "Z" 0.006 -0.45375 0.4225 0 1 2666.66666666667 1 5 0.861565832184908 5 1000 14893 5
"3022" "Z" 0.006 -0.9075 0.5875 0 1 2666.66666666667 1 5 0.531879032963823 5 1000 16009 5
"3023" "Z" 0.006 -0.86625 0.67 0 0.5 2666.66666666667 1 5 0.400477566597125 5 1000 15916 5
"3024" "Z" 0.06 -0.825 0.835 0 0.5 2666.66666666667 1 5 0.180323554131281 5 1000 18332 5
"3025" "Z" 0.006 -0.61875 0.05125 0 1 2666.66666666667 1 5 2.97103966096362 5 1000 15257 5
"3026" "Z" 0.06 -0.5775 0.4225 0 0 2666.66666666667 1 5 0.861565832184908 5 1000 17691 5
"3027" "Z" 0.006 -0.70125 0.4225 0 0 2666.66666666667 1 5 0.861565832184908 5 1000 15491 5
"3028" "Z" 0.06 -0.0825 0.4225 1 1 2666.66666666667 1 5 0.861565832184908 5 1000 16494 5
"3029" "Z" 0.006 -0.04125 0.21625 0 1 2666.66666666667 1 5 1.53132013317015 5 1000 13873 5
"3030" "Z" 0.06 -0.53625 0.05125 1 1 2666.66666666667 1 5 2.97103966096362 5 1000 17558 5
"3031" "Z" 0.06 -0.37125 0.4225 0 0 2666.66666666667 1 5 0.861565832184908 5 1000 17191 5
"3032" "Z" 0.006 -0.66 0.71125 0 0 2666.66666666667 1 5 0.340731293541596 5 1000 15419 5
"3033" "Z" 0.006 0 0.38125 1 1 2666.66666666667 1 5 0.964299951060516 5 1000 13790 5
"3034" "Z" 0.06 -0.28875 0.05125 0 1 2666.66666666667 1 5 2.97103966096362 5 1000 16957 5
"3035" "Z" 0.06 -0.94875 0.0925 1 1 2666.66666666667 1 5 2.38054663446376 5 1000 18562 5
"3036" "Z" 0.06 -0.86625 0.2575 0 0.5 2666.66666666667 1 5 1.35673555887835 5 1000 18376 5
"3037" "Z" 0.06 -0.53625 0.5875 1 1 2666.66666666667 1 5 0.531879032963823 5 1000 17610 5
"3038" "Z" 0.006 -0.0825 0.7525 0 0 2666.66666666667 1 5 0.284354282359106 5 1000 14023 5
"3039" "Z" 0.006 -0.7425 0.505 0 0.5 2666.66666666667 1 5 0.683196849706777 5 1000 15600 5
"3040" "Z" 0.06 -0.9075 0.34 1 1 2666.66666666667 1 5 1.07880966137193 5 1000 18486 5
"3041" "Z" 0.006 -0.7425 0.01 0 0 2666.66666666667 1 5 4.60517018598809 5 1000 15551 5
"3042" "Z" 0.06 -0.7425 0.29875 1 1 2666.66666666667 1 5 1.20814817573642 5 1000 18082 5
"3043" "Z" 0.006 -0.53625 0.79375 0 1 2666.66666666667 1 5 0.230986728775236 5 1000 15129 5
"3044" "Z" 0.06 -0.20625 0.175 1 1 2666.66666666667 1 5 1.74296930505862 5 1000 16770 5
"3045" "Z" 0.06 -0.0825 0.46375 1 1 2666.66666666667 1 5 0.768409665060492 5 1000 16498 5
"3046" "Z" 0.006 0 0.4225 0 1 2666.66666666667 1 5 0.861565832184908 5 1000 13793 5
"3047" "Z" 0.006 -0.7425 0.71125 0 1 2666.66666666667 1 5 0.340731293541596 5 1000 15621 5
"3048" "Z" 0.06 0 0.54625 0 0.5 2666.66666666667 1 5 0.604678532572337 5 1000 16304 5
"3049" "Z" 0.006 -0.33 0.79375 0 1 2666.66666666667 1 5 0.230986728775236 5 1000 14629 5
"3050" "Z" 0.006 -0.99 0.05125 1 1 2666.66666666667 1 5 2.97103966096362 5 1000 16158 5
"3051" "Z" 0.06 -0.61875 0.67 0 0.5 2666.66666666667 1 5 0.400477566597125 5 1000 17816 5
"3052" "Z" 0.06 -0.61875 0.175 1 1 2666.66666666667 1 5 1.74296930505862 5 1000 17770 5
"3053" "Z" 0.006 -0.78375 0.4225 0 0 2666.66666666667 1 5 0.861565832184908 5 1000 15691 5
"3054" "Z" 0.06 -0.86625 0.505 1 1 2666.66666666667 1 5 0.683196849706777 5 1000 18402 5
"3055" "Z" 0.06 -0.94875 0.05125 0 0 2666.66666666667 1 5 2.97103966096362 5 1000 18555 5
"3056" "Z" 0.06 -0.7425 0.01 0 1 2666.66666666667 1 5 4.60517018598809 5 1000 18053 5
"3057" "Z" 0.006 -0.9075 0.34 0 0 2666.66666666667 1 5 1.07880966137193 5 1000 15983 5
"3058" "Z" 0.06 -0.78375 0.79375 0 1 2666.66666666667 1 5 0.230986728775236 5 1000 18229 5
"3059" "Z" 0.06 -0.20625 0.38125 1 1 2666.66666666667 1 5 0.964299951060516 5 1000 16790 5
"3060" "Z" 0.06 -0.94875 0.0925 0 0.5 2666.66666666667 1 5 2.38054663446376 5 1000 18560 5
"3061" "Z" 0.006 -0.495 0.4225 0 1 2666.66666666667 1 5 0.861565832184908 5 1000 14993 5
"3062" "Z" 0.006 -0.94875 0.05125 0 1 2666.66666666667 1 5 2.97103966096362 5 1000 16057 5
"3063" "Z" 0.06 0 0.95875 0 0 2666.66666666667 1 5 0.042124926300671 5 1000 16343 5
"3064" "Z" 0.006 -0.78375 0.34 0 0.5 2666.66666666667 1 5 1.07880966137193 5 1000 15684 5
"3065" "Z" 0.006 -0.4125 0.505 0 1 2666.66666666667 1 5 0.683196849706777 5 1000 14801 5
"3066" "Z" 0.06 -0.165 0.175 0 0 2666.66666666667 1 5 1.74296930505862 5 1000 16667 5
"3067" "Z" 0.006 -0.12375 0.21625 1 1 2666.66666666667 1 5 1.53132013317015 5 1000 14074 5
"3068" "Z" 0.006 -0.495 0.01 0 1 2666.66666666667 1 5 4.60517018598809 5 1000 14953 5
"3069" "Z" 0.06 -0.94875 0.21625 1 1 2666.66666666667 1 5 1.53132013317015 5 1000 18574 5
"3070" "Z" 0.06 -0.12375 0.21625 1 1 2666.66666666667 1 5 1.53132013317015 5 1000 16574 5
"3071" "Z" 0.06 -0.825 0.29875 1 1 2666.66666666667 1 5 1.20814817573642 5 1000 18282 5
"3072" "Z" 0.006 -0.20625 0.7525 0 1 2666.66666666667 1 5 0.284354282359106 5 1000 14325 5
"3073" "Z" 0.006 -0.33 0.54625 1 1 2666.66666666667 1 5 0.604678532572337 5 1000 14606 5
"3074" "Z" 0.006 -0.61875 0.835 0 0 2666.66666666667 1 5 0.180323554131281 5 1000 15331 5
"3075" "Z" 0.06 -0.61875 0.505 0 0.5 2666.66666666667 1 5 0.683196849706777 5 1000 17800 5
"3076" "Z" 0.006 -0.20625 0.2575 1 1 2666.66666666667 1 5 1.35673555887835 5 1000 14278 5
"3077" "Z" 0.006 -0.33 0.0925 0 1 2666.66666666667 1 5 2.38054663446376 5 1000 14561 5
"3078" "Z" 0.006 -0.99 0.5875 1 1 2666.66666666667 1 5 0.531879032963823 5 1000 16210 5
"3079" "Z" 0.006 -0.61875 0.505 0 0.5 2666.66666666667 1 5 0.683196849706777 5 1000 15300 5
"3080" "Z" 0.006 -0.99 0.62875 0 1 2666.66666666667 1 5 0.464021557568188 5 1000 16213 5
"3081" "Z" 0.06 -0.78375 0.4225 0 1 2666.66666666667 1 5 0.861565832184908 5 1000 18193 5
"3082" "Z" 0.006 -0.70125 0.4225 0 1 2666.66666666667 1 5 0.861565832184908 5 1000 15493 5
"3083" "Z" 0.06 -0.165 0.29875 0 0 2666.66666666667 1 5 1.20814817573642 5 1000 16679 5
"3084" "Z" 0.06 -0.28875 0.38125 0 0.5 2666.66666666667 1 5 0.964299951060516 5 1000 16988 5
"3085" "Z" 0.006 0 0.835 0 1 2666.66666666667 1 5 0.180323554131281 5 1000 13833 5
"3086" "Z" 0.06 -0.825 0.505 1 1 2666.66666666667 1 5 0.683196849706777 5 1000 18302 5
"3087" "Z" 0.006 -0.0825 0.2575 0 0.5 2666.66666666667 1 5 1.35673555887835 5 1000 13976 5
"3088" "Z" 0.06 -0.4125 0.79375 0 1 2666.66666666667 1 5 0.230986728775236 5 1000 17329 5
"3089" "Z" 0.006 -0.4125 0.2575 0 0 2666.66666666667 1 5 1.35673555887835 5 1000 14775 5
"3090" "Z" 0.06 -0.12375 0.71125 0 1 2666.66666666667 1 5 0.340731293541596 5 1000 16621 5
"3091" "Z" 0.06 -0.66 0.505 0 0.5 2666.66666666667 1 5 0.683196849706777 5 1000 17900 5
"3092" "Z" 0.06 -0.9075 0.2575 1 1 2666.66666666667 1 5 1.35673555887835 5 1000 18478 5
"3093" "Z" 0.06 -0.495 0.13375 0 1 2666.66666666667 1 5 2.01178289320602 5 1000 17465 5
"3094" "Z" 0.06 -0.12375 0.9175 0 0.5 2666.66666666667 1 5 0.0861026990534116 5 1000 16640 5
"3095" "Z" 0.006 -0.495 1 0 0 2666.66666666667 1 5 0 5 1000 15047 5
"3096" "Z" 0.06 -0.33 0.13375 0 0.5 2666.66666666667 1 5 2.01178289320602 5 1000 17064 5
"3097" "Z" 0.06 -0.7425 0.79375 1 1 2666.66666666667 1 5 0.230986728775236 5 1000 18130 5
"3098" "Z" 0.006 -0.165 0.7525 0 0.5 2666.66666666667 1 5 0.284354282359106 5 1000 14224 5
"3099" "Z" 0.006 -0.61875 0.13375 0 1 2666.66666666667 1 5 2.01178289320602 5 1000 15265 5
"3100" "Z" 0.006 -0.9075 0.54625 1 1 2666.66666666667 1 5 0.604678532572337 5 1000 16006 5
"3101" "Z" 0.006 -0.12375 0.67 0 0 2666.66666666667 1 5 0.400477566597125 5 1000 14115 5
"3102" "Z" 0.06 -0.9075 0.9175 0 0 2666.66666666667 1 5 0.0861026990534116 5 1000 18539 5
"3103" "Z" 0.006 -0.4125 0.46375 0 0 2666.66666666667 1 5 0.768409665060492 5 1000 14795 5
"3104" "Z" 0.006 -0.20625 0.62875 1 1 2666.66666666667 1 5 0.464021557568188 5 1000 14314 5
"3105" "Z" 0.006 -0.4125 0.0925 1 1 2666.66666666667 1 5 2.38054663446376 5 1000 14762 5
"3106" "Z" 0.06 -0.37125 0.05125 0 1 2666.66666666667 1 5 2.97103966096362 5 1000 17157 5
"3107" "Z" 0.006 -0.37125 0.05125 0 0 2666.66666666667 1 5 2.97103966096362 5 1000 14655 5
"3108" "Z" 0.006 0 0.9175 0 1 2666.66666666667 1 5 0.0861026990534116 5 1000 13841 5
"3109" "Z" 0.06 -0.5775 0.71125 0 0 2666.66666666667 1 5 0.340731293541596 5 1000 17719 5
"3110" "Z" 0.06 -0.495 0.38125 0 0.5 2666.66666666667 1 5 0.964299951060516 5 1000 17488 5
"3111" "Z" 0.06 -0.28875 0.21625 0 0 2666.66666666667 1 5 1.53132013317015 5 1000 16971 5
"3112" "Z" 0.006 -0.99 0.71125 1 1 2666.66666666667 1 5 0.340731293541596 5 1000 16222 5
"3113" "Z" 0.006 -0.70125 0.71125 0 0 2666.66666666667 1 5 0.340731293541596 5 1000 15519 5
"3114" "Z" 0.06 -0.20625 0.505 0 1 2666.66666666667 1 5 0.683196849706777 5 1000 16801 5
"3115" "Z" 0.006 -0.20625 0.34 0 1 2666.66666666667 1 5 1.07880966137193 5 1000 14285 5
"3116" "Z" 0.06 -0.20625 0.0925 0 0 2666.66666666667 1 5 2.38054663446376 5 1000 16759 5
"3117" "Z" 0.006 -0.45375 0.505 0 0.5 2666.66666666667 1 5 0.683196849706777 5 1000 14900 5
"3118" "Z" 0.06 -0.12375 0.67 0 1 2666.66666666667 1 5 0.400477566597125 5 1000 16617 5
"3119" "Z" 0.06 -0.78375 0.505 1 1 2666.66666666667 1 5 0.683196849706777 5 1000 18202 5
"3120" "Z" 0.06 -0.99 0.71125 0 0.5 2666.66666666667 1 5 0.340731293541596 5 1000 18720 5
"3121" "Z" 0.006 -0.78375 1 0 1 2666.66666666667 1 5 0 5 1000 15749 5
"3122" "Z" 0.006 -0.61875 0.5875 1 1 2666.66666666667 1 5 0.531879032963823 5 1000 15310 5
"3123" "Z" 0.006 -0.45375 0.95875 0 0 2666.66666666667 1 5 0.042124926300671 5 1000 14943 5
"3124" "Z" 0.006 -0.2475 0.67 1 1 2666.66666666667 1 5 0.400477566597125 5 1000 14418 5
"3125" "Z" 0.006 -0.0825 0.01 0 0.5 2666.66666666667 1 5 4.60517018598809 5 1000 13952 5
"3126" "Z" 0.06 -0.53625 0.54625 1 1 2666.66666666667 1 5 0.604678532572337 5 1000 17606 5
"3127" "Z" 0.006 -0.70125 0.13375 0 0.5 2666.66666666667 1 5 2.01178289320602 5 1000 15464 5
"3128" "Z" 0.006 -0.94875 0.54625 0 0.5 2666.66666666667 1 5 0.604678532572337 5 1000 16104 5
"3129" "Z" 0.06 -0.37125 0.67 1 1 2666.66666666667 1 5 0.400477566597125 5 1000 17218 5
"3130" "Z" 0.06 -0.825 0.9175 0 1 2666.66666666667 1 5 0.0861026990534116 5 1000 18341 5
"3131" "Z" 0.06 -0.9075 0.835 0 0.5 2666.66666666667 1 5 0.180323554131281 5 1000 18532 5
"3132" "Z" 0.06 -0.2475 0.4225 0 1 2666.66666666667 1 5 0.861565832184908 5 1000 16893 5
"3133" "Z" 0.06 -0.20625 0.05125 0 0.5 2666.66666666667 1 5 2.97103966096362 5 1000 16756 5
"3134" "Z" 0.006 -0.37125 0.79375 0 0.5 2666.66666666667 1 5 0.230986728775236 5 1000 14728 5
"3135" "Z" 0.006 -0.86625 0.7525 0 0 2666.66666666667 1 5 0.284354282359106 5 1000 15923 5
"3136" "Z" 0.06 -0.94875 0.62875 0 1 2666.66666666667 1 5 0.464021557568188 5 1000 18613 5
"3137" "Z" 0.06 -0.7425 0.175 0 1 2666.66666666667 1 5 1.74296930505862 5 1000 18069 5
"3138" "Z" 0.06 -0.33 0.79375 0 1 2666.66666666667 1 5 0.230986728775236 5 1000 17129 5
"3139" "Z" 0.006 -0.9075 0.05125 1 1 2666.66666666667 1 5 2.97103966096362 5 1000 15958 5
"3140" "Z" 0.006 -0.28875 1 0 1 2666.66666666667 1 5 0 5 1000 14549 5
"3141" "Z" 0.006 -0.94875 0.46375 1 1 2666.66666666667 1 5 0.768409665060492 5 1000 16098 5
"3142" "Z" 0.006 -0.04125 0.7525 1 1 2666.66666666667 1 5 0.284354282359106 5 1000 13926 5
"3143" "Z" 0.06 -0.495 0.2575 1 1 2666.66666666667 1 5 1.35673555887835 5 1000 17478 5
"3144" "Z" 0.006 -0.66 0.7525 0 0.5 2666.66666666667 1 5 0.284354282359106 5 1000 15424 5
"3145" "Z" 0.06 -0.5775 0.7525 1 1 2666.66666666667 1 5 0.284354282359106 5 1000 17726 5
"3146" "Z" 0.006 -0.66 0.38125 0 0 2666.66666666667 1 5 0.964299951060516 5 1000 15387 5
"3147" "Z" 0.006 -0.0825 0.2575 0 1 2666.66666666667 1 5 1.35673555887835 5 1000 13977 5
"3148" "Z" 0.006 -0.61875 0.05125 1 1 2666.66666666667 1 5 2.97103966096362 5 1000 15258 5
"3149" "Z" 0.006 -0.61875 0.67 1 1 2666.66666666667 1 5 0.400477566597125 5 1000 15318 5
"3150" "Z" 0.006 -0.94875 0.175 0 0.5 2666.66666666667 1 5 1.74296930505862 5 1000 16068 5
"3151" "Z" 0.06 -0.33 0.13375 1 1 2666.66666666667 1 5 2.01178289320602 5 1000 17066 5
"3152" "Z" 0.06 -0.4125 0.4225 1 1 2666.66666666667 1 5 0.861565832184908 5 1000 17294 5
"3153" "Z" 0.06 -0.61875 0.21625 0 0.5 2666.66666666667 1 5 1.53132013317015 5 1000 17772 5
"3154" "Z" 0.006 0 0.13375 1 1 2666.66666666667 1 5 2.01178289320602 5 1000 13766 5
"3155" "Z" 0.06 -0.825 0.505 0 0.5 2666.66666666667 1 5 0.683196849706777 5 1000 18300 5
"3156" "Z" 0.006 -0.825 1 0 0.5 2666.66666666667 1 5 0 5 1000 15848 5
"3157" "Z" 0.06 -0.7425 0.4225 1 1 2666.66666666667 1 5 0.861565832184908 5 1000 18094 5
"3158" "Z" 0.06 -0.53625 0.87625 0 0 2666.66666666667 1 5 0.132103840633337 5 1000 17635 5
"3159" "Z" 0.006 -0.53625 0.62875 0 0.5 2666.66666666667 1 5 0.464021557568188 5 1000 15112 5
"3160" "Z" 0.06 -0.20625 0.7525 0 0.5 2666.66666666667 1 5 0.284354282359106 5 1000 16824 5
"3161" "Z" 0.06 -0.99 0.13375 0 0 2666.66666666667 1 5 2.01178289320602 5 1000 18663 5
"3162" "Z" 0.006 -0.99 0.46375 0 0.5 2666.66666666667 1 5 0.768409665060492 5 1000 16196 5
"3163" "Z" 0.06 -0.04125 0.95875 1 1 2666.66666666667 1 5 0.042124926300671 5 1000 16446 5
"3164" "Z" 0.06 -0.825 0.835 0 1 2666.66666666667 1 5 0.180323554131281 5 1000 18333 5
"3165" "Z" 0.06 -0.61875 0.0925 0 0 2666.66666666667 1 5 2.38054663446376 5 1000 17759 5
"3166" "Z" 0.006 -0.20625 0.71125 0 1 2666.66666666667 1 5 0.340731293541596 5 1000 14321 5
"3167" "Z" 0.006 -0.33 0.87625 0 1 2666.66666666667 1 5 0.132103840633337 5 1000 14637 5
"3168" "Z" 0.006 -0.7425 1 0 1 2666.66666666667 1 5 0 5 1000 15649 5
"3169" "Z" 0.06 -0.61875 0.34 0 0 2666.66666666667 1 5 1.07880966137193 5 1000 17783 5
"3170" "Z" 0.006 -0.70125 0.175 0 1 2666.66666666667 1 5 1.74296930505862 5 1000 15469 5
"3171" "Z" 0.06 -0.66 0.5875 1 1 2666.66666666667 1 5 0.531879032963823 5 1000 17910 5
"3172" "Z" 0.06 -0.20625 0.62875 1 1 2666.66666666667 1 5 0.464021557568188 5 1000 16814 5
"3173" "Z" 0.006 -0.70125 0.505 0 1 2666.66666666667 1 5 0.683196849706777 5 1000 15501 5
"3174" "Z" 0.006 -0.94875 0.79375 0 0 2666.66666666667 1 5 0.230986728775236 5 1000 16127 5
"3175" "Z" 0.006 -0.53625 0.38125 0 1 2666.66666666667 1 5 0.964299951060516 5 1000 15089 5
"3176" "Z" 0.06 -0.2475 0.13375 1 1 2666.66666666667 1 5 2.01178289320602 5 1000 16866 5
"3177" "Z" 0.006 -0.28875 0.29875 0 0 2666.66666666667 1 5 1.20814817573642 5 1000 14479 5
"3178" "Z" 0.06 -0.61875 0.835 0 0 2666.66666666667 1 5 0.180323554131281 5 1000 17831 5
"3179" "Z" 0.006 -0.86625 0.34 0 0.5 2666.66666666667 1 5 1.07880966137193 5 1000 15884 5
"3180" "Z" 0.06 -0.53625 0.2575 1 1 2666.66666666667 1 5 1.35673555887835 5 1000 17578 5
"3181" "Z" 0.06 -0.04125 0.54625 0 0 2666.66666666667 1 5 0.604678532572337 5 1000 16403 5
"3182" "Z" 0.06 -0.04125 0.87625 0 0.5 2666.66666666667 1 5 0.132103840633337 5 1000 16436 5
"3183" "Z" 0.06 -0.28875 0.175 1 1 2666.66666666667 1 5 1.74296930505862 5 1000 16970 5
"3184" "Z" 0.006 -0.4125 0.38125 0 0 2666.66666666667 1 5 0.964299951060516 5 1000 14787 5
"3185" "Z" 0.06 0 0.4225 0 0 2666.66666666667 1 5 0.861565832184908 5 1000 16291 5
"3186" "Z" 0.006 -0.04125 0.95875 1 1 2666.66666666667 1 5 0.042124926300671 5 1000 13946 5
"3187" "Z" 0.06 -0.53625 0.87625 1 1 2666.66666666667 1 5 0.132103840633337 5 1000 17638 5
"3188" "Z" 0.06 -0.45375 0.835 1 1 2666.66666666667 1 5 0.180323554131281 5 1000 17434 5
"3189" "Z" 0.06 -0.94875 0.62875 0 0.5 2666.66666666667 1 5 0.464021557568188 5 1000 18612 5
"3190" "Z" 0.006 -0.66 0.0925 0 0 2666.66666666667 1 5 2.38054663446376 5 1000 15359 5
"3191" "Z" 0.006 -0.04125 0.67 0 0 2666.66666666667 1 5 0.400477566597125 5 1000 13915 5
"3192" "Z" 0.006 -0.94875 0.05125 1 1 2666.66666666667 1 5 2.97103966096362 5 1000 16058 5
"3193" "Z" 0.06 -0.9075 0.01 0 0.5 2666.66666666667 1 5 4.60517018598809 5 1000 18452 5
"3194" "Z" 0.06 -0.165 0.9175 0 1 2666.66666666667 1 5 0.0861026990534116 5 1000 16741 5
"3195" "Z" 0.06 -0.66 0.2575 1 1 2666.66666666667 1 5 1.35673555887835 5 1000 17878 5
"3196" "Z" 0.06 0 0.29875 0 0 2666.66666666667 1 5 1.20814817573642 5 1000 16279 5
"3197" "Z" 0.06 -0.5775 0.835 0 0.5 2666.66666666667 1 5 0.180323554131281 5 1000 17732 5
"3198" "Z" 0.06 -0.20625 0.71125 0 0.5 2666.66666666667 1 5 0.340731293541596 5 1000 16820 5
"3199" "Z" 0.06 0 0.71125 0 1 2666.66666666667 1 5 0.340731293541596 5 1000 16321 5
"3200" "Z" 0.06 -0.5775 0.29875 0 0 2666.66666666667 1 5 1.20814817573642 5 1000 17679 5
"3201" "Z" 0.006 -0.70125 0.5875 0 0.5 2666.66666666667 1 5 0.531879032963823 5 1000 15508 5
"3202" "Z" 0.006 -0.45375 0.34 1 1 2666.66666666667 1 5 1.07880966137193 5 1000 14886 5
"3203" "Z" 0.06 -0.20625 0.62875 0 0.5 2666.66666666667 1 5 0.464021557568188 5 1000 16812 5
"3204" "Z" 0.06 -0.04125 0.54625 0 1 2666.66666666667 1 5 0.604678532572337 5 1000 16405 5
"3205" "Z" 0.06 -0.61875 0.175 0 0.5 2666.66666666667 1 5 1.74296930505862 5 1000 17768 5
"3206" "Z" 0.06 -0.70125 0.05125 0 0 2666.66666666667 1 5 2.97103966096362 5 1000 17955 5
"3207" "Z" 0.006 -0.9075 1 0 1 2666.66666666667 1 5 0 5 1000 16049 5
"3208" "Z" 0.06 -0.45375 0.87625 1 1 2666.66666666667 1 5 0.132103840633337 5 1000 17438 5
"3209" "Z" 0.006 -0.33 0.21625 0 1 2666.66666666667 1 5 1.53132013317015 5 1000 14573 5
"3210" "Z" 0.006 -0.2475 0.5875 0 1 2666.66666666667 1 5 0.531879032963823 5 1000 14409 5
"3211" "Z" 0.006 -0.0825 0.67 1 1 2666.66666666667 1 5 0.400477566597125 5 1000 14018 5
"3212" "Z" 0.006 -0.12375 0.05125 0 0 2666.66666666667 1 5 2.97103966096362 5 1000 14055 5
"3213" "Z" 0.06 -0.12375 0.29875 0 1 2666.66666666667 1 5 1.20814817573642 5 1000 16581 5
"3214" "Z" 0.06 -0.9075 0.67 0 1 2666.66666666667 1 5 0.400477566597125 5 1000 18517 5
"3215" "Z" 0.06 -0.04125 0.4225 0 0.5 2666.66666666667 1 5 0.861565832184908 5 1000 16392 5
"3216" "Z" 0.06 -0.70125 0.62875 0 0 2666.66666666667 1 5 0.464021557568188 5 1000 18011 5
"3217" "Z" 0.006 -0.4125 0.21625 0 0 2666.66666666667 1 5 1.53132013317015 5 1000 14771 5
"3218" "Z" 0.006 -0.7425 0.87625 0 0.5 2666.66666666667 1 5 0.132103840633337 5 1000 15636 5
"3219" "Z" 0.006 -0.99 0.67 0 0.5 2666.66666666667 1 5 0.400477566597125 5 1000 16216 5
"3220" "Z" 0.06 -0.5775 0.29875 0 1 2666.66666666667 1 5 1.20814817573642 5 1000 17681 5
"3221" "Z" 0.006 -0.99 0.71125 0 0.5 2666.66666666667 1 5 0.340731293541596 5 1000 16220 5
"3222" "Z" 0.006 -0.12375 0.38125 0 1 2666.66666666667 1 5 0.964299951060516 5 1000 14089 5
"3223" "Z" 0.06 -0.28875 0.79375 1 1 2666.66666666667 1 5 0.230986728775236 5 1000 17030 5
"3224" "Z" 0.06 0 0.38125 0 0.5 2666.66666666667 1 5 0.964299951060516 5 1000 16288 5
"3225" "Z" 0.06 -0.5775 0.2575 0 0.5 2666.66666666667 1 5 1.35673555887835 5 1000 17676 5
"3226" "Z" 0.006 -0.12375 0.175 0 0 2666.66666666667 1 5 1.74296930505862 5 1000 14067 5
"3227" "Z" 0.006 -0.66 1 0 1 2666.66666666667 1 5 0 5 1000 15449 5
"3228" "Z" 0.06 -0.94875 0.2575 1 1 2666.66666666667 1 5 1.35673555887835 5 1000 18578 5
"3229" "Z" 0.006 -0.45375 0.67 0 0 2666.66666666667 1 5 0.400477566597125 5 1000 14915 5
"3230" "Z" 0.06 -0.53625 0.01 0 0 2666.66666666667 1 5 4.60517018598809 5 1000 17551 5
"3231" "Z" 0.06 -0.99 0.79375 1 1 2666.66666666667 1 5 0.230986728775236 5 1000 18730 5
"3232" "Z" 0.006 -0.61875 0.87625 0 0 2666.66666666667 1 5 0.132103840633337 5 1000 15335 5
"3233" "Z" 0.006 -0.12375 1 0 1 2666.66666666667 1 5 0 5 1000 14149 5
"3234" "Z" 0.006 -0.33 0.71125 0 1 2666.66666666667 1 5 0.340731293541596 5 1000 14621 5
"3235" "Z" 0.006 -0.45375 0.835 0 0 2666.66666666667 1 5 0.180323554131281 5 1000 14931 5
"3236" "Z" 0.06 -0.4125 0.7525 0 0.5 2666.66666666667 1 5 0.284354282359106 5 1000 17324 5
"3237" "Z" 0.006 -0.825 0.54625 1 1 2666.66666666667 1 5 0.604678532572337 5 1000 15806 5
"3238" "Z" 0.06 -0.12375 0.71125 1 1 2666.66666666667 1 5 0.340731293541596 5 1000 16622 5
"3239" "Z" 0.006 -0.495 0.71125 0 0 2666.66666666667 1 5 0.340731293541596 5 1000 15019 5
"3240" "Z" 0.06 -0.9075 0.46375 0 0.5 2666.66666666667 1 5 0.768409665060492 5 1000 18496 5
"3241" "Z" 0.006 -0.4125 0.54625 0 0 2666.66666666667 1 5 0.604678532572337 5 1000 14803 5
"3242" "Z" 0.06 -0.45375 0.01 0 1 2666.66666666667 1 5 4.60517018598809 5 1000 17353 5
"3243" "Z" 0.06 -0.04125 0.9175 0 0 2666.66666666667 1 5 0.0861026990534116 5 1000 16439 5
"3244" "Z" 0.06 -0.9075 0.79375 0 1 2666.66666666667 1 5 0.230986728775236 5 1000 18529 5
"3245" "Z" 0.006 -0.37125 0.79375 0 0 2666.66666666667 1 5 0.230986728775236 5 1000 14727 5
"3246" "Z" 0.006 -0.04125 0.13375 0 0 2666.66666666667 1 5 2.01178289320602 5 1000 13863 5
"3247" "Z" 0.06 -0.0825 0.13375 1 1 2666.66666666667 1 5 2.01178289320602 5 1000 16466 5
"3248" "Z" 0.006 -0.2475 0.67 0 1 2666.66666666667 1 5 0.400477566597125 5 1000 14417 5
"3249" "Z" 0.006 -0.86625 0.505 1 1 2666.66666666667 1 5 0.683196849706777 5 1000 15902 5
"3250" "Z" 0.006 -0.37125 0.05125 1 1 2666.66666666667 1 5 2.97103966096362 5 1000 14658 5
"3251" "Z" 0.006 -0.86625 0.87625 0 1 2666.66666666667 1 5 0.132103840633337 5 1000 15937 5
"3252" "Z" 0.06 -0.4125 0.46375 1 1 2666.66666666667 1 5 0.768409665060492 5 1000 17298 5
"3253" "Z" 0.006 -0.66 0.67 0 0 2666.66666666667 1 5 0.400477566597125 5 1000 15415 5
"3254" "Z" 0.006 -0.53625 0.87625 0 0.5 2666.66666666667 1 5 0.132103840633337 5 1000 15136 5
"3255" "Z" 0.06 -0.165 0.67 0 1 2666.66666666667 1 5 0.400477566597125 5 1000 16717 5
"3256" "Z" 0.006 -0.5775 0.79375 1 1 2666.66666666667 1 5 0.230986728775236 5 1000 15230 5
"3257" "Z" 0.06 -0.94875 0.2575 0 0 2666.66666666667 1 5 1.35673555887835 5 1000 18575 5
"3258" "Z" 0.006 -0.70125 0.2575 1 1 2666.66666666667 1 5 1.35673555887835 5 1000 15478 5
"3259" "Z" 0.006 -0.28875 0.95875 1 1 2666.66666666667 1 5 0.042124926300671 5 1000 14546 5
"3260" "Z" 0.006 -0.9075 0.835 0 0 2666.66666666667 1 5 0.180323554131281 5 1000 16031 5
"3261" "Z" 0.06 -0.12375 0.95875 0 0 2666.66666666667 1 5 0.042124926300671 5 1000 16643 5
"3262" "Z" 0.006 -0.37125 0.87625 0 1 2666.66666666667 1 5 0.132103840633337 5 1000 14737 5
"3263" "Z" 0.006 -0.78375 0.79375 0 0.5 2666.66666666667 1 5 0.230986728775236 5 1000 15728 5
"3264" "Z" 0.006 -0.78375 0.175 0 0 2666.66666666667 1 5 1.74296930505862 5 1000 15667 5
"3265" "Z" 0.006 -0.495 0.7525 0 0.5 2666.66666666667 1 5 0.284354282359106 5 1000 15024 5
"3266" "Z" 0.06 -0.495 0.4225 1 1 2666.66666666667 1 5 0.861565832184908 5 1000 17494 5
"3267" "Z" 0.006 -0.37125 0.62875 0 0 2666.66666666667 1 5 0.464021557568188 5 1000 14711 5
"3268" "Z" 0.06 -0.12375 0.13375 0 0 2666.66666666667 1 5 2.01178289320602 5 1000 16563 5
"3269" "Z" 0.06 -0.5775 0.54625 1 1 2666.66666666667 1 5 0.604678532572337 5 1000 17706 5
"3270" "Z" 0.06 -0.45375 0.71125 0 1 2666.66666666667 1 5 0.340731293541596 5 1000 17421 5
"3271" "Z" 0.006 -0.99 0.21625 0 1 2666.66666666667 1 5 1.53132013317015 5 1000 16173 5
"3272" "Z" 0.06 -0.66 0.67 0 1 2666.66666666667 1 5 0.400477566597125 5 1000 17917 5
"3273" "Z" 0.006 -0.94875 0.87625 0 1 2666.66666666667 1 5 0.132103840633337 5 1000 16137 5
"3274" "Z" 0.006 -0.37125 0.71125 0 1 2666.66666666667 1 5 0.340731293541596 5 1000 14721 5
"3275" "Z" 0.06 -0.9075 0.71125 1 1 2666.66666666667 1 5 0.340731293541596 5 1000 18522 5
"3276" "Z" 0.006 -0.04125 0.4225 0 0.5 2666.66666666667 1 5 0.861565832184908 5 1000 13892 5
"3277" "Z" 0.06 0 0.62875 0 1 2666.66666666667 1 5 0.464021557568188 5 1000 16313 5
"3278" "Z" 0.006 -0.0825 0.95875 0 0 2666.66666666667 1 5 0.042124926300671 5 1000 14043 5
"3279" "Z" 0.06 -0.70125 0.71125 1 1 2666.66666666667 1 5 0.340731293541596 5 1000 18022 5
"3280" "Z" 0.06 -0.70125 0.38125 0 0 2666.66666666667 1 5 0.964299951060516 5 1000 17987 5
"3281" "Z" 0.06 -0.5775 0.0925 0 0.5 2666.66666666667 1 5 2.38054663446376 5 1000 17660 5
"3282" "Z" 0.006 -0.7425 0.79375 0 0.5 2666.66666666667 1 5 0.230986728775236 5 1000 15628 5
"3283" "Z" 0.006 -0.78375 0.95875 0 0 2666.66666666667 1 5 0.042124926300671 5 1000 15743 5
"3284" "Z" 0.06 -0.495 0.835 0 1 2666.66666666667 1 5 0.180323554131281 5 1000 17533 5
"3285" "Z" 0.006 -0.20625 1 0 1 2666.66666666667 1 5 0 5 1000 14349 5
"3286" "Z" 0.06 -0.86625 1 0 0.5 2666.66666666667 1 5 0 5 1000 18448 5
"3287" "Z" 0.06 -0.7425 0.13375 0 0.5 2666.66666666667 1 5 2.01178289320602 5 1000 18064 5
"3288" "Z" 0.06 -0.7425 0.38125 0 1 2666.66666666667 1 5 0.964299951060516 5 1000 18089 5
"3289" "Z" 0.006 -0.61875 0.505 0 1 2666.66666666667 1 5 0.683196849706777 5 1000 15301 5
"3290" "Z" 0.006 -0.28875 0.87625 1 1 2666.66666666667 1 5 0.132103840633337 5 1000 14538 5
"3291" "Z" 0.006 -0.70125 0.05125 0 0.5 2666.66666666667 1 5 2.97103966096362 5 1000 15456 5
"3292" "Z" 0.006 -0.495 0.5875 0 0 2666.66666666667 1 5 0.531879032963823 5 1000 15007 5
"3293" "Z" 0.006 -0.99 1 0 0 2666.66666666667 1 5 0 5 1000 16247 5
"3294" "Z" 0.06 -0.9075 0.95875 0 0 2666.66666666667 1 5 0.042124926300671 5 1000 18543 5
"3295" "Z" 0.006 -0.9075 0.87625 0 0 2666.66666666667 1 5 0.132103840633337 5 1000 16035 5
"3296" "Z" 0.006 -0.495 0.34 0 0 2666.66666666667 1 5 1.07880966137193 5 1000 14983 5
"3297" "Z" 0.006 -0.78375 0.54625 0 0.5 2666.66666666667 1 5 0.604678532572337 5 1000 15704 5
"3298" "Z" 0.006 -0.33 0.38125 0 1 2666.66666666667 1 5 0.964299951060516 5 1000 14589 5
"3299" "Z" 0.006 -0.2475 0.05125 0 0.5 2666.66666666667 1 5 2.97103966096362 5 1000 14356 5
"3300" "Z" 0.06 -0.70125 0.4225 1 1 2666.66666666667 1 5 0.861565832184908 5 1000 17994 5
"3301" "Z" 0.06 -0.495 0.505 1 1 2666.66666666667 1 5 0.683196849706777 5 1000 17502 5
"3302" "Z" 0.006 -0.04125 0.175 0 0.5 2666.66666666667 1 5 1.74296930505862 5 1000 13868 5
"3303" "Z" 0.006 -0.53625 0.835 0 0.5 2666.66666666667 1 5 0.180323554131281 5 1000 15132 5
"3304" "Z" 0.06 -0.78375 0.13375 0 1 2666.66666666667 1 5 2.01178289320602 5 1000 18165 5
"3305" "Z" 0.006 -0.0825 1 0 0 2666.66666666667 1 5 0 5 1000 14047 5
"3306" "Z" 0.06 -0.9075 0.38125 0 1 2666.66666666667 1 5 0.964299951060516 5 1000 18489 5
"3307" "Z" 0.006 -0.33 0.46375 0 0.5 2666.66666666667 1 5 0.768409665060492 5 1000 14596 5
"3308" "Z" 0.006 -0.66 0.87625 0 0.5 2666.66666666667 1 5 0.132103840633337 5 1000 15436 5
"3309" "Z" 0.006 -0.495 0.9175 0 0.5 2666.66666666667 1 5 0.0861026990534116 5 1000 15040 5
"3310" "Z" 0.006 -0.12375 0.29875 0 0 2666.66666666667 1 5 1.20814817573642 5 1000 14079 5
"3311" "Z" 0.006 -0.7425 0.4225 0 0 2666.66666666667 1 5 0.861565832184908 5 1000 15591 5
"3312" "Z" 0.006 -0.9075 0.38125 0 0.5 2666.66666666667 1 5 0.964299951060516 5 1000 15988 5
"3313" "Z" 0.006 -0.86625 0.38125 0 1 2666.66666666667 1 5 0.964299951060516 5 1000 15889 5
"3314" "Z" 0.06 -0.4125 0.79375 0 0.5 2666.66666666667 1 5 0.230986728775236 5 1000 17328 5
"3315" "Z" 0.06 -0.5775 0.13375 0 0.5 2666.66666666667 1 5 2.01178289320602 5 1000 17664 5
"3316" "Z" 0.006 -0.86625 0.34 0 1 2666.66666666667 1 5 1.07880966137193 5 1000 15885 5
"3317" "Z" 0.06 -0.66 0.67 0 0 2666.66666666667 1 5 0.400477566597125 5 1000 17915 5
"3318" "Z" 0.06 -0.0825 0.46375 0 0.5 2666.66666666667 1 5 0.768409665060492 5 1000 16496 5
"3319" "Z" 0.06 -0.28875 0.505 0 0.5 2666.66666666667 1 5 0.683196849706777 5 1000 17000 5
"3320" "Z" 0.06 -0.33 0.13375 0 0 2666.66666666667 1 5 2.01178289320602 5 1000 17063 5
"3321" "Z" 0.06 0 0.175 0 0 2666.66666666667 1 5 1.74296930505862 5 1000 16267 5
"3322" "Z" 0.006 -0.99 0.87625 0 0 2666.66666666667 1 5 0.132103840633337 5 1000 16235 5
"3323" "Z" 0.06 -0.70125 0.9175 0 0.5 2666.66666666667 1 5 0.0861026990534116 5 1000 18040 5
"3324" "Z" 0.06 -0.28875 0.38125 0 0 2666.66666666667 1 5 0.964299951060516 5 1000 16987 5
"3325" "Z" 0.006 -0.28875 0.67 1 1 2666.66666666667 1 5 0.400477566597125 5 1000 14518 5
"3326" "Z" 0.06 -0.5775 1 1 1 2666.66666666667 1 5 0 5 1000 17750 5
"3327" "Z" 0.006 -0.7425 0.29875 1 1 2666.66666666667 1 5 1.20814817573642 5 1000 15582 5
"3328" "Z" 0.06 -0.45375 0.71125 0 0 2666.66666666667 1 5 0.340731293541596 5 1000 17419 5
"3329" "Z" 0.06 -0.495 0.505 0 1 2666.66666666667 1 5 0.683196849706777 5 1000 17501 5
"3330" "Z" 0.06 -0.45375 0.4225 0 0.5 2666.66666666667 1 5 0.861565832184908 5 1000 17392 5
"3331" "Z" 0.06 -0.04125 0.7525 0 0.5 2666.66666666667 1 5 0.284354282359106 5 1000 16424 5
"3332" "Z" 0.006 -0.99 0.9175 0 0.5 2666.66666666667 1 5 0.0861026990534116 5 1000 16240 5
"3333" "Z" 0.006 -0.9075 0.34 1 1 2666.66666666667 1 5 1.07880966137193 5 1000 15986 5
"3334" "Z" 0.06 -0.33 0.71125 0 0 2666.66666666667 1 5 0.340731293541596 5 1000 17119 5
"3335" "Z" 0.006 -0.61875 0.21625 0 0 2666.66666666667 1 5 1.53132013317015 5 1000 15271 5
"3336" "Z" 0.006 -0.165 0.05125 0 0.5 2666.66666666667 1 5 2.97103966096362 5 1000 14156 5
"3337" "Z" 0.06 -0.12375 0.54625 0 0 2666.66666666667 1 5 0.604678532572337 5 1000 16603 5
"3338" "Z" 0.006 -0.33 0.46375 0 0 2666.66666666667 1 5 0.768409665060492 5 1000 14595 5
"3339" "Z" 0.06 -0.495 0.46375 0 0.5 2666.66666666667 1 5 0.768409665060492 5 1000 17496 5
"3340" "Z" 0.006 -0.2475 0.79375 0 0.5 2666.66666666667 1 5 0.230986728775236 5 1000 14428 5
"3341" "Z" 0.06 -0.33 0.05125 1 1 2666.66666666667 1 5 2.97103966096362 5 1000 17058 5
"3342" "Z" 0.06 0 0.71125 0 0.5 2666.66666666667 1 5 0.340731293541596 5 1000 16320 5
"3343" "Z" 0.006 -0.45375 0.2575 0 0 2666.66666666667 1 5 1.35673555887835 5 1000 14875 5
"3344" "Z" 0.006 -0.86625 0.7525 1 1 2666.66666666667 1 5 0.284354282359106 5 1000 15926 5
"3345" "Z" 0.006 -0.0825 0.46375 0 1 2666.66666666667 1 5 0.768409665060492 5 1000 13997 5
"3346" "Z" 0.006 -0.33 0.34 0 0 2666.66666666667 1 5 1.07880966137193 5 1000 14583 5
"3347" "Z" 0.006 -0.5775 0.95875 0 0.5 2666.66666666667 1 5 0.042124926300671 5 1000 15244 5
"3348" "Z" 0.006 -0.9075 0.2575 0 0 2666.66666666667 1 5 1.35673555887835 5 1000 15975 5
"3349" "Z" 0.06 -0.53625 0.9175 0 0 2666.66666666667 1 5 0.0861026990534116 5 1000 17639 5
"3350" "Z" 0.06 -0.86625 0.505 0 0 2666.66666666667 1 5 0.683196849706777 5 1000 18399 5
"3351" "Z" 0.06 -0.66 0.05125 0 0.5 2666.66666666667 1 5 2.97103966096362 5 1000 17856 5
"3352" "Z" 0.006 -0.495 0.4225 1 1 2666.66666666667 1 5 0.861565832184908 5 1000 14994 5
"3353" "Z" 0.06 -0.495 0.62875 0 1 2666.66666666667 1 5 0.464021557568188 5 1000 17513 5
"3354" "Z" 0.006 -0.165 0.21625 1 1 2666.66666666667 1 5 1.53132013317015 5 1000 14174 5
"3355" "Z" 0.006 -0.0825 0.7525 0 0.5 2666.66666666667 1 5 0.284354282359106 5 1000 14024 5
"3356" "Z" 0.006 -0.61875 0.38125 0 0 2666.66666666667 1 5 0.964299951060516 5 1000 15287 5
"3357" "Z" 0.006 -0.33 0.0925 1 1 2666.66666666667 1 5 2.38054663446376 5 1000 14562 5
"3358" "Z" 0.006 -0.0825 0.505 0 0.5 2666.66666666667 1 5 0.683196849706777 5 1000 14000 5
"3359" "Z" 0.06 -0.04125 0.87625 1 1 2666.66666666667 1 5 0.132103840633337 5 1000 16438 5
"3360" "Z" 0.06 -0.7425 0.7525 0 0 2666.66666666667 1 5 0.284354282359106 5 1000 18123 5
"3361" "Z" 0.006 -0.2475 0.4225 0 0.5 2666.66666666667 1 5 0.861565832184908 5 1000 14392 5
"3362" "Z" 0.06 -0.165 0.7525 0 1 2666.66666666667 1 5 0.284354282359106 5 1000 16725 5
"3363" "Z" 0.06 -0.53625 0.71125 1 1 2666.66666666667 1 5 0.340731293541596 5 1000 17622 5
"3364" "Z" 0.006 -0.5775 0.21625 0 0 2666.66666666667 1 5 1.53132013317015 5 1000 15171 5
"3365" "Z" 0.06 -0.2475 0.7525 0 1 2666.66666666667 1 5 0.284354282359106 5 1000 16925 5
"3366" "Z" 0.06 -0.495 0.01 1 1 2666.66666666667 1 5 4.60517018598809 5 1000 17454 5
"3367" "Z" 0.006 -0.165 0.13375 1 1 2666.66666666667 1 5 2.01178289320602 5 1000 14166 5
"3368" "Z" 0.006 -0.70125 0.29875 0 1 2666.66666666667 1 5 1.20814817573642 5 1000 15481 5
"3369" "Z" 0.006 -0.86625 0.71125 0 1 2666.66666666667 1 5 0.340731293541596 5 1000 15921 5
"3370" "Z" 0.06 -0.61875 0.0925 0 1 2666.66666666667 1 5 2.38054663446376 5 1000 17761 5
"3371" "Z" 0.006 -0.04125 0.21625 0 0 2666.66666666667 1 5 1.53132013317015 5 1000 13871 5
"3372" "Z" 0.006 -0.7425 0.62875 0 0 2666.66666666667 1 5 0.464021557568188 5 1000 15611 5
"3373" "Z" 0.06 -0.78375 0.87625 0 0 2666.66666666667 1 5 0.132103840633337 5 1000 18235 5
"3374" "Z" 0.06 -0.78375 0.01 0 0.5 2666.66666666667 1 5 4.60517018598809 5 1000 18152 5
"3375" "Z" 0.006 -0.78375 0.62875 1 1 2666.66666666667 1 5 0.464021557568188 5 1000 15714 5
"3376" "Z" 0.006 -0.61875 0.5875 0 0.5 2666.66666666667 1 5 0.531879032963823 5 1000 15308 5
"3377" "Z" 0.006 -0.495 0.79375 1 1 2666.66666666667 1 5 0.230986728775236 5 1000 15030 5
"3378" "Z" 0.06 -0.28875 0.9175 0 1 2666.66666666667 1 5 0.0861026990534116 5 1000 17041 5
"3379" "Z" 0.06 -0.4125 0.38125 0 0 2666.66666666667 1 5 0.964299951060516 5 1000 17287 5
"3380" "Z" 0.06 -0.86625 0.87625 1 1 2666.66666666667 1 5 0.132103840633337 5 1000 18438 5
"3381" "Z" 0.06 -0.33 0.01 0 0.5 2666.66666666667 1 5 4.60517018598809 5 1000 17052 5
"3382" "Z" 0.006 -0.12375 1 0 0 2666.66666666667 1 5 0 5 1000 14147 5
"3383" "Z" 0.06 -0.37125 0.0925 1 1 2666.66666666667 1 5 2.38054663446376 5 1000 17162 5
"3384" "Z" 0.06 -0.495 0.34 0 1 2666.66666666667 1 5 1.07880966137193 5 1000 17485 5
"3385" "Z" 0.006 -0.66 0.9175 0 1 2666.66666666667 1 5 0.0861026990534116 5 1000 15441 5
"3386" "Z" 0.006 -0.33 0.95875 0 0.5 2666.66666666667 1 5 0.042124926300671 5 1000 14644 5
"3387" "Z" 0.006 -0.78375 0.2575 0 0.5 2666.66666666667 1 5 1.35673555887835 5 1000 15676 5
"3388" "Z" 0.006 0 0.175 0 1 2666.66666666667 1 5 1.74296930505862 5 1000 13769 5
"3389" "Z" 0.006 -0.5775 0.175 0 0.5 2666.66666666667 1 5 1.74296930505862 5 1000 15168 5
"3390" "Z" 0.006 -0.0825 0.4225 0 0 2666.66666666667 1 5 0.861565832184908 5 1000 13991 5
"3391" "Z" 0.006 -0.5775 0.29875 0 0 2666.66666666667 1 5 1.20814817573642 5 1000 15179 5
"3392" "Z" 0.06 -0.61875 0.54625 0 1 2666.66666666667 1 5 0.604678532572337 5 1000 17805 5
"3393" "Z" 0.006 0 0.01 1 1 2666.66666666667 1 5 4.60517018598809 5 1000 13754 5
"3394" "Z" 0.06 -0.53625 0.01 0 1 2666.66666666667 1 5 4.60517018598809 5 1000 17553 5
"3395" "Z" 0.006 -0.9075 0.95875 0 0 2666.66666666667 1 5 0.042124926300671 5 1000 16043 5
"3396" "Z" 0.006 -0.70125 0.01 1 1 2666.66666666667 1 5 4.60517018598809 5 1000 15454 5
"3397" "Z" 0.006 -0.12375 0.46375 0 0.5 2666.66666666667 1 5 0.768409665060492 5 1000 14096 5
"3398" "Z" 0.006 -0.9075 0.79375 0 0 2666.66666666667 1 5 0.230986728775236 5 1000 16027 5
"3399" "Z" 0.006 -0.495 0.54625 0 0 2666.66666666667 1 5 0.604678532572337 5 1000 15003 5
"3400" "Z" 0.006 -0.37125 0.29875 0 1 2666.66666666667 1 5 1.20814817573642 5 1000 14681 5
"3401" "Z" 0.006 -0.825 0.5875 0 0.5 2666.66666666667 1 5 0.531879032963823 5 1000 15808 5
"3402" "Z" 0.06 -0.165 0.13375 0 1 2666.66666666667 1 5 2.01178289320602 5 1000 16665 5
"3403" "Z" 0.06 -0.70125 0.2575 0 0 2666.66666666667 1 5 1.35673555887835 5 1000 17975 5
"3404" "Z" 0.06 -0.7425 0.01 1 1 2666.66666666667 1 5 4.60517018598809 5 1000 18054 5
"3405" "Z" 0.006 -0.825 0.13375 0 0.5 2666.66666666667 1 5 2.01178289320602 5 1000 15764 5
"3406" "Z" 0.006 -0.04125 0.505 1 1 2666.66666666667 1 5 0.683196849706777 5 1000 13902 5
"3407" "Z" 0.06 -0.37125 0.21625 0 1 2666.66666666667 1 5 1.53132013317015 5 1000 17173 5
"3408" "Z" 0.006 -0.495 0.21625 0 1 2666.66666666667 1 5 1.53132013317015 5 1000 14973 5
"3409" "Z" 0.006 -0.70125 0.54625 1 1 2666.66666666667 1 5 0.604678532572337 5 1000 15506 5
"3410" "Z" 0.06 -0.5775 0.5875 1 1 2666.66666666667 1 5 0.531879032963823 5 1000 17710 5
"3411" "Z" 0.06 -0.20625 0.7525 0 0 2666.66666666667 1 5 0.284354282359106 5 1000 16823 5
"3412" "Z" 0.06 -0.94875 0.79375 1 1 2666.66666666667 1 5 0.230986728775236 5 1000 18630 5
"3413" "Z" 0.06 -0.66 0.7525 0 0 2666.66666666667 1 5 0.284354282359106 5 1000 17923 5
"3414" "Z" 0.06 -0.61875 0.62875 0 0 2666.66666666667 1 5 0.464021557568188 5 1000 17811 5
"3415" "Z" 0.06 -0.4125 0.505 1 1 2666.66666666667 1 5 0.683196849706777 5 1000 17302 5
"3416" "Z" 0.006 -0.45375 1 0 0 2666.66666666667 1 5 0 5 1000 14947 5
"3417" "Z" 0.006 -0.45375 0.95875 0 1 2666.66666666667 1 5 0.042124926300671 5 1000 14945 5
"3418" "Z" 0.006 -0.495 1 1 1 2666.66666666667 1 5 0 5 1000 15050 5
"3419" "Z" 0.06 -0.37125 0.13375 1 1 2666.66666666667 1 5 2.01178289320602 5 1000 17166 5
"3420" "Z" 0.006 -0.0825 0.0925 0 0.5 2666.66666666667 1 5 2.38054663446376 5 1000 13960 5
"3421" "Z" 0.06 -0.45375 0.67 0 0 2666.66666666667 1 5 0.400477566597125 5 1000 17415 5
"3422" "Z" 0.006 -0.66 0.34 1 1 2666.66666666667 1 5 1.07880966137193 5 1000 15386 5
"3423" "Z" 0.006 -0.2475 0.21625 1 1 2666.66666666667 1 5 1.53132013317015 5 1000 14374 5
"3424" "Z" 0.006 -0.2475 0.13375 0 0.5 2666.66666666667 1 5 2.01178289320602 5 1000 14364 5
"3425" "Z" 0.006 -0.45375 0.79375 0 1 2666.66666666667 1 5 0.230986728775236 5 1000 14929 5
"3426" "Z" 0.006 -0.28875 0.175 0 0 2666.66666666667 1 5 1.74296930505862 5 1000 14467 5
"3427" "Z" 0.06 -0.94875 0.05125 1 1 2666.66666666667 1 5 2.97103966096362 5 1000 18558 5
"3428" "Z" 0.006 -0.20625 0.0925 1 1 2666.66666666667 1 5 2.38054663446376 5 1000 14262 5
"3429" "Z" 0.006 -0.33 0.01 1 1 2666.66666666667 1 5 4.60517018598809 5 1000 14554 5
"3430" "Z" 0.06 -0.66 0.13375 1 1 2666.66666666667 1 5 2.01178289320602 5 1000 17866 5
"3431" "Z" 0.006 -0.495 0.62875 0 0.5 2666.66666666667 1 5 0.464021557568188 5 1000 15012 5
"3432" "Z" 0.06 -0.5775 0.29875 0 0.5 2666.66666666667 1 5 1.20814817573642 5 1000 17680 5
"3433" "Z" 0.006 -0.28875 0.71125 0 0 2666.66666666667 1 5 0.340731293541596 5 1000 14519 5
"3434" "Z" 0.06 -0.61875 0.71125 0 0.5 2666.66666666667 1 5 0.340731293541596 5 1000 17820 5
"3435" "Z" 0.006 -0.165 0.87625 1 1 2666.66666666667 1 5 0.132103840633337 5 1000 14238 5
"3436" "Z" 0.06 -0.45375 0.62875 0 0 2666.66666666667 1 5 0.464021557568188 5 1000 17411 5
"3437" "Z" 0.006 -0.45375 0.67 0 0.5 2666.66666666667 1 5 0.400477566597125 5 1000 14916 5
"3438" "Z" 0.006 -0.33 0.71125 0 0.5 2666.66666666667 1 5 0.340731293541596 5 1000 14620 5
"3439" "Z" 0.06 -0.20625 0.2575 0 0 2666.66666666667 1 5 1.35673555887835 5 1000 16775 5
"3440" "Z" 0.06 -0.99 0.67 0 0 2666.66666666667 1 5 0.400477566597125 5 1000 18715 5
"3441" "Z" 0.06 -0.28875 0.505 0 1 2666.66666666667 1 5 0.683196849706777 5 1000 17001 5
"3442" "Z" 0.06 -0.78375 0.2575 0 0 2666.66666666667 1 5 1.35673555887835 5 1000 18175 5
"3443" "Z" 0.06 -0.495 0.7525 0 1 2666.66666666667 1 5 0.284354282359106 5 1000 17525 5
"3444" "Z" 0.006 0 0.05125 0 1 2666.66666666667 1 5 2.97103966096362 5 1000 13757 5
"3445" "Z" 0.006 -0.94875 1 0 0 2666.66666666667 1 5 0 5 1000 16147 5
"3446" "Z" 0.006 -0.4125 0.9175 1 1 2666.66666666667 1 5 0.0861026990534116 5 1000 14842 5
"3447" "Z" 0.06 -0.9075 1 0 0.5 2666.66666666667 1 5 0 5 1000 18548 5
"3448" "Z" 0.006 -0.86625 0.13375 0 1 2666.66666666667 1 5 2.01178289320602 5 1000 15865 5
"3449" "Z" 0.06 -0.33 0.71125 0 1 2666.66666666667 1 5 0.340731293541596 5 1000 17121 5
"3450" "Z" 0.006 -0.165 0.67 1 1 2666.66666666667 1 5 0.400477566597125 5 1000 14218 5
"3451" "Z" 0.006 -0.37125 0.4225 0 0.5 2666.66666666667 1 5 0.861565832184908 5 1000 14692 5
"3452" "Z" 0.006 -0.04125 0.29875 0 0.5 2666.66666666667 1 5 1.20814817573642 5 1000 13880 5
"3453" "Z" 0.006 -0.53625 0.835 0 0 2666.66666666667 1 5 0.180323554131281 5 1000 15131 5
"3454" "Z" 0.06 -0.53625 0.95875 0 0 2666.66666666667 1 5 0.042124926300671 5 1000 17643 5
"3455" "Z" 0.06 -0.33 0.29875 0 0.5 2666.66666666667 1 5 1.20814817573642 5 1000 17080 5
"3456" "Z" 0.06 -0.12375 0.67 1 1 2666.66666666667 1 5 0.400477566597125 5 1000 16618 5
"3457" "Z" 0.06 -0.0825 0.71125 0 1 2666.66666666667 1 5 0.340731293541596 5 1000 16521 5
"3458" "Z" 0.06 -0.66 0.46375 0 1 2666.66666666667 1 5 0.768409665060492 5 1000 17897 5
"3459" "Z" 0.06 -0.5775 0.71125 1 1 2666.66666666667 1 5 0.340731293541596 5 1000 17722 5
"3460" "Z" 0.006 -0.37125 0.7525 0 0 2666.66666666667 1 5 0.284354282359106 5 1000 14723 5
"3461" "Z" 0.06 -0.99 0.7525 1 1 2666.66666666667 1 5 0.284354282359106 5 1000 18726 5
"3462" "Z" 0.06 -0.70125 0.0925 0 0 2666.66666666667 1 5 2.38054663446376 5 1000 17959 5
"3463" "Z" 0.06 -0.70125 0.54625 0 0 2666.66666666667 1 5 0.604678532572337 5 1000 18003 5
"3464" "Z" 0.006 -0.61875 0.01 1 1 2666.66666666667 1 5 4.60517018598809 5 1000 15254 5
"3465" "Z" 0.006 -0.04125 0.2575 0 0.5 2666.66666666667 1 5 1.35673555887835 5 1000 13876 5
"3466" "Z" 0.006 -0.04125 0.05125 1 1 2666.66666666667 1 5 2.97103966096362 5 1000 13858 5
"3467" "Z" 0.06 -0.5775 0.38125 1 1 2666.66666666667 1 5 0.964299951060516 5 1000 17690 5
"3468" "Z" 0.06 -0.12375 0.505 0 0.5 2666.66666666667 1 5 0.683196849706777 5 1000 16600 5
"3469" "Z" 0.06 -0.7425 0.54625 1 1 2666.66666666667 1 5 0.604678532572337 5 1000 18106 5
"3470" "Z" 0.06 -0.66 0.9175 0 0 2666.66666666667 1 5 0.0861026990534116 5 1000 17939 5
"3471" "Z" 0.006 -0.99 0.87625 1 1 2666.66666666667 1 5 0.132103840633337 5 1000 16238 5
"3472" "Z" 0.06 -0.0825 0.835 0 0 2666.66666666667 1 5 0.180323554131281 5 1000 16531 5
"3473" "Z" 0.06 -0.12375 0.4225 0 0.5 2666.66666666667 1 5 0.861565832184908 5 1000 16592 5
"3474" "Z" 0.006 -0.825 0.01 0 0.5 2666.66666666667 1 5 4.60517018598809 5 1000 15752 5
"3475" "Z" 0.006 -0.99 0.79375 0 0.5 2666.66666666667 1 5 0.230986728775236 5 1000 16228 5
"3476" "Z" 0.006 -0.53625 0.87625 1 1 2666.66666666667 1 5 0.132103840633337 5 1000 15138 5
"3477" "Z" 0.006 0 0.835 1 1 2666.66666666667 1 5 0.180323554131281 5 1000 13834 5
"3478" "Z" 0.06 -0.33 0.0925 0 1 2666.66666666667 1 5 2.38054663446376 5 1000 17061 5
"3479" "Z" 0.006 -0.37125 0.0925 0 0 2666.66666666667 1 5 2.38054663446376 5 1000 14659 5
"3480" "Z" 0.06 -0.86625 0.175 0 0.5 2666.66666666667 1 5 1.74296930505862 5 1000 18368 5
"3481" "Z" 0.006 -0.2475 1 0 1 2666.66666666667 1 5 0 5 1000 14449 5
"3482" "Z" 0.06 -0.78375 0.38125 1 1 2666.66666666667 1 5 0.964299951060516 5 1000 18190 5
"3483" "Z" 0.06 -0.37125 0.46375 0 1 2666.66666666667 1 5 0.768409665060492 5 1000 17197 5
"3484" "Z" 0.006 -0.5775 0.505 1 1 2666.66666666667 1 5 0.683196849706777 5 1000 15202 5
"3485" "Z" 0.006 -0.0825 0.21625 0 1 2666.66666666667 1 5 1.53132013317015 5 1000 13973 5
"3486" "Z" 0.06 -0.7425 0.05125 0 0.5 2666.66666666667 1 5 2.97103966096362 5 1000 18056 5
"3487" "Z" 0.006 0 0.5875 0 0 2666.66666666667 1 5 0.531879032963823 5 1000 13807 5
"3488" "Z" 0.006 -0.2475 0.95875 0 1 2666.66666666667 1 5 0.042124926300671 5 1000 14445 5
"3489" "Z" 0.006 -0.7425 0.175 0 0 2666.66666666667 1 5 1.74296930505862 5 1000 15567 5
"3490" "Z" 0.06 -0.33 0.95875 1 1 2666.66666666667 1 5 0.042124926300671 5 1000 17146 5
"3491" "Z" 0.006 -0.99 0.2575 1 1 2666.66666666667 1 5 1.35673555887835 5 1000 16178 5
"3492" "Z" 0.06 -0.45375 0.29875 0 0 2666.66666666667 1 5 1.20814817573642 5 1000 17379 5
"3493" "Z" 0.006 -0.37125 0.46375 0 1 2666.66666666667 1 5 0.768409665060492 5 1000 14697 5
"3494" "Z" 0.06 -0.5775 0.175 1 1 2666.66666666667 1 5 1.74296930505862 5 1000 17670 5
"3495" "Z" 0.06 -0.12375 0.21625 0 1 2666.66666666667 1 5 1.53132013317015 5 1000 16573 5
"3496" "Z" 0.06 -0.78375 0.2575 0 0.5 2666.66666666667 1 5 1.35673555887835 5 1000 18176 5
"3497" "Z" 0.06 -0.165 0.79375 0 0.5 2666.66666666667 1 5 0.230986728775236 5 1000 16728 5
"3498" "Z" 0.06 -0.5775 0.21625 0 0.5 2666.66666666667 1 5 1.53132013317015 5 1000 17672 5
"3499" "Z" 0.06 -0.61875 0.835 0 0.5 2666.66666666667 1 5 0.180323554131281 5 1000 17832 5
"3500" "Z" 0.06 -0.99 0.67 0 0.5 2666.66666666667 1 5 0.400477566597125 5 1000 18716 5
"3501" "Z" 0.06 -0.0825 0.7525 0 0 2666.66666666667 1 5 0.284354282359106 5 1000 16523 5
"3502" "Z" 0.06 -0.66 0.95875 0 0.5 2666.66666666667 1 5 0.042124926300671 5 1000 17944 5
"3503" "Z" 0.06 -0.9075 0.13375 0 1 2666.66666666667 1 5 2.01178289320602 5 1000 18465 5
"3504" "Z" 0.06 -0.45375 0.835 0 1 2666.66666666667 1 5 0.180323554131281 5 1000 17433 5
"3505" "Z" 0.06 -0.7425 0.71125 0 1 2666.66666666667 1 5 0.340731293541596 5 1000 18121 5
"3506" "Z" 0.06 0 0.9175 0 1 2666.66666666667 1 5 0.0861026990534116 5 1000 16341 5
"3507" "Z" 0.006 -0.78375 0.46375 1 1 2666.66666666667 1 5 0.768409665060492 5 1000 15698 5
"3508" "Z" 0.06 -0.2475 0.54625 0 1 2666.66666666667 1 5 0.604678532572337 5 1000 16905 5
"3509" "Z" 0.006 -0.0825 0.67 0 0.5 2666.66666666667 1 5 0.400477566597125 5 1000 14016 5
"3510" "Z" 0.006 -0.5775 0.46375 0 1 2666.66666666667 1 5 0.768409665060492 5 1000 15197 5
"3511" "Z" 0.06 -0.165 0.7525 0 0 2666.66666666667 1 5 0.284354282359106 5 1000 16723 5
"3512" "Z" 0.06 -0.37125 0.38125 1 1 2666.66666666667 1 5 0.964299951060516 5 1000 17190 5
"3513" "Z" 0.006 -0.66 0.9175 1 1 2666.66666666667 1 5 0.0861026990534116 5 1000 15442 5
"3514" "Z" 0.006 -0.0825 0.7525 0 1 2666.66666666667 1 5 0.284354282359106 5 1000 14025 5
"3515" "Z" 0.006 -0.7425 0.835 0 0 2666.66666666667 1 5 0.180323554131281 5 1000 15631 5
"3516" "Z" 0.06 -0.99 0.5875 0 0.5 2666.66666666667 1 5 0.531879032963823 5 1000 18708 5
"3517" "Z" 0.006 -0.2475 0.87625 0 0 2666.66666666667 1 5 0.132103840633337 5 1000 14435 5
"3518" "Z" 0.06 -0.70125 0.87625 1 1 2666.66666666667 1 5 0.132103840633337 5 1000 18038 5
"3519" "Z" 0.006 -0.7425 1 1 1 2666.66666666667 1 5 0 5 1000 15650 5
"3520" "Z" 0.06 -0.70125 0.79375 0 1 2666.66666666667 1 5 0.230986728775236 5 1000 18029 5
"3521" "Z" 0.006 -0.37125 0.54625 0 0 2666.66666666667 1 5 0.604678532572337 5 1000 14703 5
"3522" "Z" 0.006 -0.825 0.21625 1 1 2666.66666666667 1 5 1.53132013317015 5 1000 15774 5
"3523" "Z" 0.006 -0.66 0.87625 1 1 2666.66666666667 1 5 0.132103840633337 5 1000 15438 5
"3524" "Z" 0.006 -0.86625 0.4225 0 1 2666.66666666667 1 5 0.861565832184908 5 1000 15893 5
"3525" "Z" 0.006 -0.7425 0.4225 1 1 2666.66666666667 1 5 0.861565832184908 5 1000 15594 5
"3526" "Z" 0.006 -0.28875 0.505 0 0 2666.66666666667 1 5 0.683196849706777 5 1000 14499 5
"3527" "Z" 0.06 -0.70125 0.13375 0 1 2666.66666666667 1 5 2.01178289320602 5 1000 17965 5
"3528" "Z" 0.06 -0.5775 0.34 1 1 2666.66666666667 1 5 1.07880966137193 5 1000 17686 5
"3529" "Z" 0.006 -0.2475 0.21625 0 0 2666.66666666667 1 5 1.53132013317015 5 1000 14371 5
"3530" "Z" 0.06 -0.9075 0.7525 0 0.5 2666.66666666667 1 5 0.284354282359106 5 1000 18524 5
"3531" "Z" 0.006 -0.4125 0.38125 0 1 2666.66666666667 1 5 0.964299951060516 5 1000 14789 5
"3532" "Z" 0.06 -0.2475 0.62875 0 0 2666.66666666667 1 5 0.464021557568188 5 1000 16911 5
"3533" "Z" 0.06 -0.53625 0.34 0 0 2666.66666666667 1 5 1.07880966137193 5 1000 17583 5
"3534" "Z" 0.06 -0.53625 0.0925 0 1 2666.66666666667 1 5 2.38054663446376 5 1000 17561 5
"3535" "Z" 0.006 -0.94875 0.79375 0 0.5 2666.66666666667 1 5 0.230986728775236 5 1000 16128 5
"3536" "Z" 0.006 -0.825 0.9175 1 1 2666.66666666667 1 5 0.0861026990534116 5 1000 15842 5
"3537" "Z" 0.06 -0.825 1 0 0.5 2666.66666666667 1 5 0 5 1000 18348 5
"3538" "Z" 0.006 -0.495 0.01 0 0 2666.66666666667 1 5 4.60517018598809 5 1000 14951 5
"3539" "Z" 0.06 -0.99 0.5875 0 1 2666.66666666667 1 5 0.531879032963823 5 1000 18709 5
"3540" "Z" 0.06 -0.66 0.01 0 1 2666.66666666667 1 5 4.60517018598809 5 1000 17853 5
"3541" "Z" 0.006 -0.0825 0.38125 0 0.5 2666.66666666667 1 5 0.964299951060516 5 1000 13988 5
"3542" "Z" 0.06 -0.825 0.01 0 0.5 2666.66666666667 1 5 4.60517018598809 5 1000 18252 5
"3543" "Z" 0.006 -0.5775 1 0 1 2666.66666666667 1 5 0 5 1000 15249 5
"3544" "Z" 0.006 -0.53625 0.13375 0 1 2666.66666666667 1 5 2.01178289320602 5 1000 15065 5
"3545" "Z" 0.006 -0.4125 0.29875 0 0.5 2666.66666666667 1 5 1.20814817573642 5 1000 14780 5
"3546" "Z" 0.006 -0.66 0.79375 1 1 2666.66666666667 1 5 0.230986728775236 5 1000 15430 5
"3547" "Z" 0.06 -0.28875 0.13375 0 0 2666.66666666667 1 5 2.01178289320602 5 1000 16963 5
"3548" "Z" 0.006 -0.4125 0.2575 0 0.5 2666.66666666667 1 5 1.35673555887835 5 1000 14776 5
"3549" "Z" 0.006 -0.165 0.835 0 0 2666.66666666667 1 5 0.180323554131281 5 1000 14231 5
"3550" "Z" 0.006 -0.825 0.505 1 1 2666.66666666667 1 5 0.683196849706777 5 1000 15802 5
"3551" "Z" 0.006 -0.86625 0.29875 0 1 2666.66666666667 1 5 1.20814817573642 5 1000 15881 5
"3552" "Z" 0.006 -0.45375 0.13375 0 0 2666.66666666667 1 5 2.01178289320602 5 1000 14863 5
"3553" "Z" 0.06 -0.12375 0.87625 1 1 2666.66666666667 1 5 0.132103840633337 5 1000 16638 5
"3554" "Z" 0.006 -0.0825 0.34 0 1 2666.66666666667 1 5 1.07880966137193 5 1000 13985 5
"3555" "Z" 0.06 0 0.13375 0 0.5 2666.66666666667 1 5 2.01178289320602 5 1000 16264 5
"3556" "Z" 0.06 -0.7425 0.21625 0 1 2666.66666666667 1 5 1.53132013317015 5 1000 18073 5
"3557" "Z" 0.006 -0.61875 0.7525 1 1 2666.66666666667 1 5 0.284354282359106 5 1000 15326 5
"3558" "Z" 0.06 -0.0825 0.5875 0 0.5 2666.66666666667 1 5 0.531879032963823 5 1000 16508 5
"3559" "Z" 0.006 -0.0825 0.87625 1 1 2666.66666666667 1 5 0.132103840633337 5 1000 14038 5
"3560" "Z" 0.006 -0.33 0.9175 0 0 2666.66666666667 1 5 0.0861026990534116 5 1000 14639 5
"3561" "Z" 0.006 -0.0825 0.4225 0 0.5 2666.66666666667 1 5 0.861565832184908 5 1000 13992 5
"3562" "Z" 0.06 0 0.79375 0 1 2666.66666666667 1 5 0.230986728775236 5 1000 16329 5
"3563" "Z" 0.06 -0.66 0.05125 0 0 2666.66666666667 1 5 2.97103966096362 5 1000 17855 5
"3564" "Z" 0.06 -0.9075 0.05125 1 1 2666.66666666667 1 5 2.97103966096362 5 1000 18458 5
"3565" "Z" 0.06 -0.165 0.835 0 0 2666.66666666667 1 5 0.180323554131281 5 1000 16731 5
"3566" "Z" 0.006 -0.4125 0.87625 0 1 2666.66666666667 1 5 0.132103840633337 5 1000 14837 5
"3567" "Z" 0.06 -0.2475 0.21625 0 0 2666.66666666667 1 5 1.53132013317015 5 1000 16871 5
"3568" "Z" 0.06 -0.94875 0.67 1 1 2666.66666666667 1 5 0.400477566597125 5 1000 18618 5
"3569" "Z" 0.006 -0.495 0.5875 0 0.5 2666.66666666667 1 5 0.531879032963823 5 1000 15008 5
"3570" "Z" 0.06 -0.61875 0.46375 0 0 2666.66666666667 1 5 0.768409665060492 5 1000 17795 5
"3571" "Z" 0.06 -0.86625 1 1 1 2666.66666666667 1 5 0 5 1000 18450 5
"3572" "Z" 0.006 -0.99 0.175 0 0 2666.66666666667 1 5 1.74296930505862 5 1000 16167 5
"3573" "Z" 0.06 -0.495 0.87625 1 1 2666.66666666667 1 5 0.132103840633337 5 1000 17538 5
"3574" "Z" 0.06 -0.86625 0.95875 0 0.5 2666.66666666667 1 5 0.042124926300671 5 1000 18444 5
"3575" "Z" 0.006 -0.66 0.67 0 1 2666.66666666667 1 5 0.400477566597125 5 1000 15417 5
"3576" "Z" 0.06 -0.4125 0.2575 1 1 2666.66666666667 1 5 1.35673555887835 5 1000 17278 5
"3577" "Z" 0.006 -0.5775 0.71125 0 0 2666.66666666667 1 5 0.340731293541596 5 1000 15219 5
"3578" "Z" 0.006 -0.7425 0.13375 1 1 2666.66666666667 1 5 2.01178289320602 5 1000 15566 5
"3579" "Z" 0.006 -0.825 0.01 0 0 2666.66666666667 1 5 4.60517018598809 5 1000 15751 5
"3580" "Z" 0.06 -0.61875 0.9175 0 0 2666.66666666667 1 5 0.0861026990534116 5 1000 17839 5
"3581" "Z" 0.06 -0.28875 0.79375 0 1 2666.66666666667 1 5 0.230986728775236 5 1000 17029 5
"3582" "Z" 0.006 -0.0825 0.4225 0 1 2666.66666666667 1 5 0.861565832184908 5 1000 13993 5
"3583" "Z" 0.006 -0.12375 0.62875 1 1 2666.66666666667 1 5 0.464021557568188 5 1000 14114 5
"3584" "Z" 0.06 -0.53625 0.9175 1 1 2666.66666666667 1 5 0.0861026990534116 5 1000 17642 5
"3585" "Z" 0.06 -0.86625 0.62875 0 0.5 2666.66666666667 1 5 0.464021557568188 5 1000 18412 5
"3586" "Z" 0.006 -0.28875 0.505 1 1 2666.66666666667 1 5 0.683196849706777 5 1000 14502 5
"3587" "Z" 0.006 -0.20625 0.21625 0 1 2666.66666666667 1 5 1.53132013317015 5 1000 14273 5
"3588" "Z" 0.006 -0.45375 0.79375 0 0 2666.66666666667 1 5 0.230986728775236 5 1000 14927 5
"3589" "Z" 0.06 -0.45375 0.7525 0 1 2666.66666666667 1 5 0.284354282359106 5 1000 17425 5
"3590" "Z" 0.006 -0.86625 0.13375 1 1 2666.66666666667 1 5 2.01178289320602 5 1000 15866 5
"3591" "Z" 0.006 -0.45375 0.835 0 1 2666.66666666667 1 5 0.180323554131281 5 1000 14933 5
"3592" "Z" 0.006 -0.04125 0.5875 0 1 2666.66666666667 1 5 0.531879032963823 5 1000 13909 5
"3593" "Z" 0.06 -0.4125 0.175 0 0.5 2666.66666666667 1 5 1.74296930505862 5 1000 17268 5
"3594" "Z" 0.06 -0.61875 0.5875 0 1 2666.66666666667 1 5 0.531879032963823 5 1000 17809 5
"3595" "Z" 0.06 -0.0825 0.54625 0 0.5 2666.66666666667 1 5 0.604678532572337 5 1000 16504 5
"3596" "Z" 0.006 -0.495 0.5875 0 1 2666.66666666667 1 5 0.531879032963823 5 1000 15009 5
"3597" "Z" 0.06 -0.5775 0.95875 0 1 2666.66666666667 1 5 0.042124926300671 5 1000 17745 5
"3598" "Z" 0.06 -0.61875 0.62875 1 1 2666.66666666667 1 5 0.464021557568188 5 1000 17814 5
"3599" "Z" 0.006 -0.165 0.175 0 0.5 2666.66666666667 1 5 1.74296930505862 5 1000 14168 5
"3600" "Z" 0.06 -0.53625 0.7525 0 0 2666.66666666667 1 5 0.284354282359106 5 1000 17623 5
"3601" "Z" 0.006 -0.0825 0.67 0 0 2666.66666666667 1 5 0.400477566597125 5 1000 14015 5
"3602" "Z" 0.006 -0.66 0.29875 0 1 2666.66666666667 1 5 1.20814817573642 5 1000 15381 5
"3603" "Z" 0.006 0 0.7525 1 1 2666.66666666667 1 5 0.284354282359106 5 1000 13826 5
"3604" "Z" 0.006 -0.37125 0.38125 0 1 2666.66666666667 1 5 0.964299951060516 5 1000 14689 5
"3605" "Z" 0.06 -0.94875 0.175 1 1 2666.66666666667 1 5 1.74296930505862 5 1000 18570 5
"3606" "Z" 0.06 -0.495 0.4225 0 0.5 2666.66666666667 1 5 0.861565832184908 5 1000 17492 5
"3607" "Z" 0.06 -0.165 0.46375 1 1 2666.66666666667 1 5 0.768409665060492 5 1000 16698 5
"3608" "Z" 0.006 -0.78375 0.0925 0 0.5 2666.66666666667 1 5 2.38054663446376 5 1000 15660 5
"3609" "Z" 0.06 -0.99 0.7525 0 1 2666.66666666667 1 5 0.284354282359106 5 1000 18725 5
"3610" "Z" 0.006 -0.66 0.05125 0 0 2666.66666666667 1 5 2.97103966096362 5 1000 15355 5
"3611" "Z" 0.06 -0.2475 0.9175 0 0 2666.66666666667 1 5 0.0861026990534116 5 1000 16939 5
"3612" "Z" 0.06 -0.94875 0.835 1 1 2666.66666666667 1 5 0.180323554131281 5 1000 18634 5
"3613" "Z" 0.006 0 1 1 1 2666.66666666667 1 5 0 5 1000 13850 5
"3614" "Z" 0.006 -0.2475 0.95875 0 0 2666.66666666667 1 5 0.042124926300671 5 1000 14443 5
"3615" "Z" 0.006 -0.825 0.62875 0 1 2666.66666666667 1 5 0.464021557568188 5 1000 15813 5
"3616" "Z" 0.06 -0.5775 0.0925 1 1 2666.66666666667 1 5 2.38054663446376 5 1000 17662 5
"3617" "Z" 0.06 -0.12375 0.79375 0 0.5 2666.66666666667 1 5 0.230986728775236 5 1000 16628 5
"3618" "Z" 0.06 -0.7425 0.5875 0 0 2666.66666666667 1 5 0.531879032963823 5 1000 18107 5
"3619" "Z" 0.06 -0.53625 0.21625 1 1 2666.66666666667 1 5 1.53132013317015 5 1000 17574 5
"3620" "Z" 0.006 -0.53625 0.79375 1 1 2666.66666666667 1 5 0.230986728775236 5 1000 15130 5
"3621" "Z" 0.006 -0.2475 0.5875 0 0.5 2666.66666666667 1 5 0.531879032963823 5 1000 14408 5
"3622" "Z" 0.006 -0.20625 0.71125 0 0 2666.66666666667 1 5 0.340731293541596 5 1000 14319 5
"3623" "Z" 0.006 -0.5775 0.95875 0 0 2666.66666666667 1 5 0.042124926300671 5 1000 15243 5
"3624" "Z" 0.006 -0.12375 0.62875 0 0.5 2666.66666666667 1 5 0.464021557568188 5 1000 14112 5
"3625" "Z" 0.06 -0.4125 0.67 0 0.5 2666.66666666667 1 5 0.400477566597125 5 1000 17316 5
"3626" "Z" 0.06 -0.2475 0.34 0 0.5 2666.66666666667 1 5 1.07880966137193 5 1000 16884 5
"3627" "Z" 0.06 -0.45375 0.54625 0 1 2666.66666666667 1 5 0.604678532572337 5 1000 17405 5
"3628" "Z" 0.006 -0.9075 0.29875 0 1 2666.66666666667 1 5 1.20814817573642 5 1000 15981 5
"3629" "Z" 0.06 -0.86625 0.34 0 0 2666.66666666667 1 5 1.07880966137193 5 1000 18383 5
"3630" "Z" 0.006 -0.2475 0.71125 0 1 2666.66666666667 1 5 0.340731293541596 5 1000 14421 5
"3631" "Z" 0.006 -0.99 0.95875 0 0 2666.66666666667 1 5 0.042124926300671 5 1000 16243 5
"3632" "Z" 0.006 -0.4125 0.13375 0 0.5 2666.66666666667 1 5 2.01178289320602 5 1000 14764 5
"3633" "Z" 0.006 -0.28875 1 0 0.5 2666.66666666667 1 5 0 5 1000 14548 5
"3634" "Z" 0.006 -0.825 0.175 0 0.5 2666.66666666667 1 5 1.74296930505862 5 1000 15768 5
"3635" "Z" 0.006 -0.165 0.5875 0 1 2666.66666666667 1 5 0.531879032963823 5 1000 14209 5
"3636" "Z" 0.06 -0.28875 0.7525 1 1 2666.66666666667 1 5 0.284354282359106 5 1000 17026 5
"3637" "Z" 0.06 -0.7425 0.0925 0 0.5 2666.66666666667 1 5 2.38054663446376 5 1000 18060 5
"3638" "Z" 0.006 -0.0825 0.5875 1 1 2666.66666666667 1 5 0.531879032963823 5 1000 14010 5
"3639" "Z" 0.006 -0.0825 0.46375 1 1 2666.66666666667 1 5 0.768409665060492 5 1000 13998 5
"3640" "Z" 0.006 -0.70125 0.5875 1 1 2666.66666666667 1 5 0.531879032963823 5 1000 15510 5
"3641" "Z" 0.006 -0.61875 0.13375 0 0 2666.66666666667 1 5 2.01178289320602 5 1000 15263 5
"3642" "Z" 0.06 -0.7425 0.9175 0 0.5 2666.66666666667 1 5 0.0861026990534116 5 1000 18140 5
"3643" "Z" 0.006 -0.28875 0.13375 0 1 2666.66666666667 1 5 2.01178289320602 5 1000 14465 5
"3644" "Z" 0.06 -0.9075 0.21625 0 0 2666.66666666667 1 5 1.53132013317015 5 1000 18471 5
"3645" "Z" 0.006 -0.7425 0.34 1 1 2666.66666666667 1 5 1.07880966137193 5 1000 15586 5
"3646" "Z" 0.006 -0.20625 0.7525 0 0.5 2666.66666666667 1 5 0.284354282359106 5 1000 14324 5
"3647" "Z" 0.006 -0.825 0.71125 0 0.5 2666.66666666667 1 5 0.340731293541596 5 1000 15820 5
"3648" "Z" 0.06 -0.12375 0.05125 0 0 2666.66666666667 1 5 2.97103966096362 5 1000 16555 5
"3649" "Z" 0.006 -0.86625 0.54625 0 1 2666.66666666667 1 5 0.604678532572337 5 1000 15905 5
"3650" "Z" 0.006 -0.04125 0.54625 0 0 2666.66666666667 1 5 0.604678532572337 5 1000 13903 5
"3651" "Z" 0.006 -0.825 0.87625 0 0 2666.66666666667 1 5 0.132103840633337 5 1000 15835 5
"3652" "Z" 0.06 -0.20625 0.835 0 1 2666.66666666667 1 5 0.180323554131281 5 1000 16833 5
"3653" "Z" 0.06 -0.825 0.01 0 0 2666.66666666667 1 5 4.60517018598809 5 1000 18251 5
"3654" "Z" 0.06 -0.9075 0.67 0 0 2666.66666666667 1 5 0.400477566597125 5 1000 18515 5
"3655" "Z" 0.06 -0.37125 0.835 1 1 2666.66666666667 1 5 0.180323554131281 5 1000 17234 5
"3656" "Z" 0.006 -0.70125 0.62875 0 0.5 2666.66666666667 1 5 0.464021557568188 5 1000 15512 5
"3657" "Z" 0.06 0 0.5875 0 1 2666.66666666667 1 5 0.531879032963823 5 1000 16309 5
"3658" "Z" 0.006 -0.66 0.95875 0 0 2666.66666666667 1 5 0.042124926300671 5 1000 15443 5
"3659" "Z" 0.006 -0.9075 0.21625 0 1 2666.66666666667 1 5 1.53132013317015 5 1000 15973 5
"3660" "Z" 0.06 -0.495 0.54625 1 1 2666.66666666667 1 5 0.604678532572337 5 1000 17506 5
"3661" "Z" 0.06 -0.61875 0.5875 0 0 2666.66666666667 1 5 0.531879032963823 5 1000 17807 5
"3662" "Z" 0.006 -0.94875 0.87625 0 0 2666.66666666667 1 5 0.132103840633337 5 1000 16135 5
"3663" "Z" 0.006 -0.2475 0.175 0 0.5 2666.66666666667 1 5 1.74296930505862 5 1000 14368 5
"3664" "Z" 0.06 -0.5775 0.9175 0 0 2666.66666666667 1 5 0.0861026990534116 5 1000 17739 5
"3665" "Z" 0.06 -0.165 0.2575 0 0 2666.66666666667 1 5 1.35673555887835 5 1000 16675 5
"3666" "Z" 0.006 -0.53625 1 0 1 2666.66666666667 1 5 0 5 1000 15149 5
"3667" "Z" 0.06 -0.495 0.38125 0 1 2666.66666666667 1 5 0.964299951060516 5 1000 17489 5
"3668" "Z" 0.006 -0.12375 0.71125 1 1 2666.66666666667 1 5 0.340731293541596 5 1000 14122 5
"3669" "Z" 0.06 -0.45375 0.67 0 1 2666.66666666667 1 5 0.400477566597125 5 1000 17417 5
"3670" "Z" 0.06 -0.7425 0.0925 0 1 2666.66666666667 1 5 2.38054663446376 5 1000 18061 5
"3671" "Z" 0.006 -0.45375 0.05125 0 0 2666.66666666667 1 5 2.97103966096362 5 1000 14855 5
"3672" "Z" 0.006 -0.66 0.21625 1 1 2666.66666666667 1 5 1.53132013317015 5 1000 15374 5
"3673" "Z" 0.06 -0.495 0.67 0 0.5 2666.66666666667 1 5 0.400477566597125 5 1000 17516 5
"3674" "Z" 0.06 -0.28875 0.95875 0 0.5 2666.66666666667 1 5 0.042124926300671 5 1000 17044 5
"3675" "Z" 0.06 -0.4125 0.95875 0 1 2666.66666666667 1 5 0.042124926300671 5 1000 17345 5
"3676" "Z" 0.006 -0.20625 0.835 1 1 2666.66666666667 1 5 0.180323554131281 5 1000 14334 5
"3677" "Z" 0.006 -0.825 0.79375 0 0 2666.66666666667 1 5 0.230986728775236 5 1000 15827 5
"3678" "Z" 0.006 -0.45375 0.9175 0 0.5 2666.66666666667 1 5 0.0861026990534116 5 1000 14940 5
"3679" "Z" 0.06 -0.94875 0.21625 0 0.5 2666.66666666667 1 5 1.53132013317015 5 1000 18572 5
"3680" "Z" 0.06 -0.04125 0.95875 0 0.5 2666.66666666667 1 5 0.042124926300671 5 1000 16444 5
"3681" "Z" 0.06 -0.66 0.835 0 0 2666.66666666667 1 5 0.180323554131281 5 1000 17931 5
"3682" "Z" 0.06 -0.66 0.0925 0 0 2666.66666666667 1 5 2.38054663446376 5 1000 17859 5
"3683" "Z" 0.006 -0.28875 0.67 0 0 2666.66666666667 1 5 0.400477566597125 5 1000 14515 5
"3684" "Z" 0.006 -0.4125 0.13375 0 0 2666.66666666667 1 5 2.01178289320602 5 1000 14763 5
"3685" "Z" 0.006 -0.2475 0.62875 0 0.5 2666.66666666667 1 5 0.464021557568188 5 1000 14412 5
"3686" "Z" 0.06 -0.37125 0.34 1 1 2666.66666666667 1 5 1.07880966137193 5 1000 17186 5
"3687" "Z" 0.06 -0.99 0.21625 0 1 2666.66666666667 1 5 1.53132013317015 5 1000 18673 5
"3688" "Z" 0.06 -0.86625 0.05125 0 0 2666.66666666667 1 5 2.97103966096362 5 1000 18355 5
"3689" "Z" 0.006 -0.825 0.29875 0 1 2666.66666666667 1 5 1.20814817573642 5 1000 15781 5
"3690" "Z" 0.006 -0.99 0.2575 0 0 2666.66666666667 1 5 1.35673555887835 5 1000 16175 5
"3691" "Z" 0.06 -0.9075 0.38125 0 0.5 2666.66666666667 1 5 0.964299951060516 5 1000 18488 5
"3692" "Z" 0.06 -0.94875 1 0 0 2666.66666666667 1 5 0 5 1000 18647 5
"3693" "Z" 0.006 -0.99 0.87625 0 0.5 2666.66666666667 1 5 0.132103840633337 5 1000 16236 5
"3694" "Z" 0.006 -0.61875 0.71125 0 1 2666.66666666667 1 5 0.340731293541596 5 1000 15321 5
"3695" "Z" 0.06 -0.5775 0.54625 0 0.5 2666.66666666667 1 5 0.604678532572337 5 1000 17704 5
"3696" "Z" 0.006 -0.70125 0.54625 0 0.5 2666.66666666667 1 5 0.604678532572337 5 1000 15504 5
"3697" "Z" 0.006 -0.45375 0.71125 0 1 2666.66666666667 1 5 0.340731293541596 5 1000 14921 5
"3698" "Z" 0.006 -0.20625 1 1 1 2666.66666666667 1 5 0 5 1000 14350 5
"3699" "Z" 0.06 -0.37125 0.13375 0 0.5 2666.66666666667 1 5 2.01178289320602 5 1000 17164 5
"3700" "Z" 0.06 -0.94875 0.46375 0 1 2666.66666666667 1 5 0.768409665060492 5 1000 18597 5
"3701" "Z" 0.06 -0.9075 0.7525 1 1 2666.66666666667 1 5 0.284354282359106 5 1000 18526 5
"3702" "Z" 0.06 -0.495 0.9175 0 0 2666.66666666667 1 5 0.0861026990534116 5 1000 17539 5
"3703" "Z" 0.06 0 0.21625 0 0.5 2666.66666666667 1 5 1.53132013317015 5 1000 16272 5
"3704" "Z" 0.006 -0.70125 0.7525 0 0 2666.66666666667 1 5 0.284354282359106 5 1000 15523 5
"3705" "Z" 0.006 -0.4125 0.835 0 0 2666.66666666667 1 5 0.180323554131281 5 1000 14831 5
"3706" "Z" 0.006 -0.7425 0.2575 0 1 2666.66666666667 1 5 1.35673555887835 5 1000 15577 5
"3707" "Z" 0.06 -0.33 0.7525 1 1 2666.66666666667 1 5 0.284354282359106 5 1000 17126 5
"3708" "Z" 0.006 -0.04125 0.505 0 0.5 2666.66666666667 1 5 0.683196849706777 5 1000 13900 5
"3709" "Z" 0.06 -0.0825 0.29875 1 1 2666.66666666667 1 5 1.20814817573642 5 1000 16482 5
"3710" "Z" 0.06 -0.99 0.05125 0 1 2666.66666666667 1 5 2.97103966096362 5 1000 18657 5
"3711" "Z" 0.006 -0.04125 0.5875 1 1 2666.66666666667 1 5 0.531879032963823 5 1000 13910 5
"3712" "Z" 0.06 -0.45375 0.505 0 0.5 2666.66666666667 1 5 0.683196849706777 5 1000 17400 5
"3713" "Z" 0.006 -0.2475 0.46375 0 0 2666.66666666667 1 5 0.768409665060492 5 1000 14395 5
"3714" "Z" 0.06 0 0.54625 1 1 2666.66666666667 1 5 0.604678532572337 5 1000 16306 5
"3715" "Z" 0.006 -0.7425 0.67 0 1 2666.66666666667 1 5 0.400477566597125 5 1000 15617 5
"3716" "Z" 0.06 -0.9075 0.175 0 0 2666.66666666667 1 5 1.74296930505862 5 1000 18467 5
"3717" "Z" 0.006 -0.66 0.87625 0 1 2666.66666666667 1 5 0.132103840633337 5 1000 15437 5
"3718" "Z" 0.06 -0.495 0.505 0 0 2666.66666666667 1 5 0.683196849706777 5 1000 17499 5
"3719" "Z" 0.006 -0.33 0.79375 0 0.5 2666.66666666667 1 5 0.230986728775236 5 1000 14628 5
"3720" "Z" 0.06 -0.0825 0.05125 0 1 2666.66666666667 1 5 2.97103966096362 5 1000 16457 5
"3721" "Z" 0.06 -0.28875 0.13375 1 1 2666.66666666667 1 5 2.01178289320602 5 1000 16966 5
"3722" "Z" 0.006 -0.12375 0.5875 0 0 2666.66666666667 1 5 0.531879032963823 5 1000 14107 5
"3723" "Z" 0.06 -0.66 0.29875 1 1 2666.66666666667 1 5 1.20814817573642 5 1000 17882 5
"3724" "Z" 0.006 -0.61875 0.4225 0 1 2666.66666666667 1 5 0.861565832184908 5 1000 15293 5
"3725" "Z" 0.06 -0.37125 0.95875 0 1 2666.66666666667 1 5 0.042124926300671 5 1000 17245 5
"3726" "Z" 0.006 -0.4125 0.71125 1 1 2666.66666666667 1 5 0.340731293541596 5 1000 14822 5
"3727" "Z" 0.06 -0.0825 0.505 0 0 2666.66666666667 1 5 0.683196849706777 5 1000 16499 5
"3728" "Z" 0.006 -0.28875 0.4225 1 1 2666.66666666667 1 5 0.861565832184908 5 1000 14494 5
"3729" "Z" 0.06 -0.86625 0.4225 0 1 2666.66666666667 1 5 0.861565832184908 5 1000 18393 5
"3730" "Z" 0.006 -0.37125 0.21625 0 1 2666.66666666667 1 5 1.53132013317015 5 1000 14673 5
"3731" "Z" 0.06 -0.70125 0.01 0 0.5 2666.66666666667 1 5 4.60517018598809 5 1000 17952 5
"3732" "Z" 0.006 -0.5775 0.34 0 0 2666.66666666667 1 5 1.07880966137193 5 1000 15183 5
"3733" "Z" 0.06 -0.78375 0.05125 0 0 2666.66666666667 1 5 2.97103966096362 5 1000 18155 5
"3734" "Z" 0.006 -0.2475 0.87625 0 0.5 2666.66666666667 1 5 0.132103840633337 5 1000 14436 5
"3735" "Z" 0.006 -0.33 0.9175 0 1 2666.66666666667 1 5 0.0861026990534116 5 1000 14641 5
"3736" "Z" 0.006 -0.53625 0.5875 0 0 2666.66666666667 1 5 0.531879032963823 5 1000 15107 5
"3737" "Z" 0.06 -0.12375 0.835 0 0 2666.66666666667 1 5 0.180323554131281 5 1000 16631 5
"3738" "Z" 0.006 -0.86625 0.01 0 1 2666.66666666667 1 5 4.60517018598809 5 1000 15853 5
"3739" "Z" 0.06 -0.5775 0.34 0 0.5 2666.66666666667 1 5 1.07880966137193 5 1000 17684 5
"3740" "Z" 0.06 -0.825 0.21625 0 0 2666.66666666667 1 5 1.53132013317015 5 1000 18271 5
"3741" "Z" 0.06 -0.5775 0.67 0 0 2666.66666666667 1 5 0.400477566597125 5 1000 17715 5
"3742" "Z" 0.06 -0.78375 0.175 0 1 2666.66666666667 1 5 1.74296930505862 5 1000 18169 5
"3743" "Z" 0.06 -0.78375 0.34 0 0 2666.66666666667 1 5 1.07880966137193 5 1000 18183 5
"3744" "Z" 0.06 -0.61875 0.34 0 0.5 2666.66666666667 1 5 1.07880966137193 5 1000 17784 5
"3745" "Z" 0.006 -0.495 0.05125 0 0.5 2666.66666666667 1 5 2.97103966096362 5 1000 14956 5
"3746" "Z" 0.006 -0.78375 0.7525 1 1 2666.66666666667 1 5 0.284354282359106 5 1000 15726 5
"3747" "Z" 0.06 -0.12375 0.95875 0 0.5 2666.66666666667 1 5 0.042124926300671 5 1000 16644 5
"3748" "Z" 0.06 -0.94875 0.13375 1 1 2666.66666666667 1 5 2.01178289320602 5 1000 18566 5
"3749" "Z" 0.006 0 0.87625 0 1 2666.66666666667 1 5 0.132103840633337 5 1000 13837 5
"3750" "Z" 0.006 -0.61875 0.62875 1 1 2666.66666666667 1 5 0.464021557568188 5 1000 15314 5
"3751" "Z" 0.06 -0.4125 0.95875 0 0 2666.66666666667 1 5 0.042124926300671 5 1000 17343 5
"3752" "Z" 0.06 -0.165 0.175 1 1 2666.66666666667 1 5 1.74296930505862 5 1000 16670 5
"3753" "Z" 0.06 0 0.2575 0 0 2666.66666666667 1 5 1.35673555887835 5 1000 16275 5
"3754" "Z" 0.06 -0.37125 0.46375 1 1 2666.66666666667 1 5 0.768409665060492 5 1000 17198 5
"3755" "Z" 0.006 -0.12375 0.9175 0 0 2666.66666666667 1 5 0.0861026990534116 5 1000 14139 5
"3756" "Z" 0.06 -0.78375 0.01 1 1 2666.66666666667 1 5 4.60517018598809 5 1000 18154 5
"3757" "Z" 0.006 -0.53625 0.4225 1 1 2666.66666666667 1 5 0.861565832184908 5 1000 15094 5
"3758" "Z" 0.006 -0.78375 0.835 0 0.5 2666.66666666667 1 5 0.180323554131281 5 1000 15732 5
"3759" "Z" 0.06 -0.99 0.4225 1 1 2666.66666666667 1 5 0.861565832184908 5 1000 18694 5
"3760" "Z" 0.006 -0.61875 0.2575 0 0 2666.66666666667 1 5 1.35673555887835 5 1000 15275 5
"3761" "Z" 0.06 -0.7425 0.54625 0 0 2666.66666666667 1 5 0.604678532572337 5 1000 18103 5
"3762" "Z" 0.006 -0.61875 0.71125 1 1 2666.66666666667 1 5 0.340731293541596 5 1000 15322 5
"3763" "Z" 0.006 -0.12375 0.46375 0 0 2666.66666666667 1 5 0.768409665060492 5 1000 14095 5
"3764" "Z" 0.06 -0.37125 0.71125 0 0 2666.66666666667 1 5 0.340731293541596 5 1000 17219 5
"3765" "Z" 0.06 -0.04125 0.2575 0 0 2666.66666666667 1 5 1.35673555887835 5 1000 16375 5
"3766" "Z" 0.06 -0.825 0.67 0 0 2666.66666666667 1 5 0.400477566597125 5 1000 18315 5
"3767" "Z" 0.006 -0.33 0.2575 0 1 2666.66666666667 1 5 1.35673555887835 5 1000 14577 5
"3768" "Z" 0.006 -0.2475 0.505 0 0.5 2666.66666666667 1 5 0.683196849706777 5 1000 14400 5
"3769" "Z" 0.006 -0.165 0.87625 0 0 2666.66666666667 1 5 0.132103840633337 5 1000 14235 5
"3770" "Z" 0.006 -0.20625 0.71125 0 0.5 2666.66666666667 1 5 0.340731293541596 5 1000 14320 5
"3771" "Z" 0.06 -0.9075 0.175 0 0.5 2666.66666666667 1 5 1.74296930505862 5 1000 18468 5
"3772" "Z" 0.06 -0.5775 0.38125 0 0 2666.66666666667 1 5 0.964299951060516 5 1000 17687 5
"3773" "Z" 0.06 -0.66 0.9175 0 1 2666.66666666667 1 5 0.0861026990534116 5 1000 17941 5
"3774" "Z" 0.06 -0.4125 0.7525 0 0 2666.66666666667 1 5 0.284354282359106 5 1000 17323 5
"3775" "Z" 0.006 -0.86625 0.505 0 1 2666.66666666667 1 5 0.683196849706777 5 1000 15901 5
"3776" "Z" 0.06 -0.70125 0.505 1 1 2666.66666666667 1 5 0.683196849706777 5 1000 18002 5
"3777" "Z" 0.006 -0.0825 0.175 1 1 2666.66666666667 1 5 1.74296930505862 5 1000 13970 5
"3778" "Z" 0.006 -0.165 0.01 0 0 2666.66666666667 1 5 4.60517018598809 5 1000 14151 5
"3779" "Z" 0.006 -0.45375 1 0 0.5 2666.66666666667 1 5 0 5 1000 14948 5
"3780" "Z" 0.06 -0.33 0.9175 1 1 2666.66666666667 1 5 0.0861026990534116 5 1000 17142 5
"3781" "Z" 0.06 -0.45375 0.175 0 1 2666.66666666667 1 5 1.74296930505862 5 1000 17369 5
"3782" "Z" 0.06 -0.28875 0.505 1 1 2666.66666666667 1 5 0.683196849706777 5 1000 17002 5
"3783" "Z" 0.06 -0.9075 0.13375 0 0.5 2666.66666666667 1 5 2.01178289320602 5 1000 18464 5
"3784" "Z" 0.06 -0.04125 0.4225 0 0 2666.66666666667 1 5 0.861565832184908 5 1000 16391 5
"3785" "Z" 0.06 -0.20625 0.79375 0 1 2666.66666666667 1 5 0.230986728775236 5 1000 16829 5
"3786" "Z" 0.006 -0.12375 0.7525 0 1 2666.66666666667 1 5 0.284354282359106 5 1000 14125 5
"3787" "Z" 0.06 -0.28875 0.4225 0 0 2666.66666666667 1 5 0.861565832184908 5 1000 16991 5
"3788" "Z" 0.006 -0.5775 0.38125 0 1 2666.66666666667 1 5 0.964299951060516 5 1000 15189 5
"3789" "Z" 0.006 -0.12375 0.54625 1 1 2666.66666666667 1 5 0.604678532572337 5 1000 14106 5
"3790" "Z" 0.06 -0.7425 0.5875 0 0.5 2666.66666666667 1 5 0.531879032963823 5 1000 18108 5
"3791" "Z" 0.006 -0.7425 0.05125 0 0.5 2666.66666666667 1 5 2.97103966096362 5 1000 15556 5
"3792" "Z" 0.06 -0.4125 0.4225 0 0.5 2666.66666666667 1 5 0.861565832184908 5 1000 17292 5
"3793" "Z" 0.06 -0.825 0.505 0 0 2666.66666666667 1 5 0.683196849706777 5 1000 18299 5
"3794" "Z" 0.06 -0.04125 0.21625 0 0 2666.66666666667 1 5 1.53132013317015 5 1000 16371 5
"3795" "Z" 0.006 -0.94875 0.0925 0 0 2666.66666666667 1 5 2.38054663446376 5 1000 16059 5
"3796" "Z" 0.006 -0.7425 0.95875 1 1 2666.66666666667 1 5 0.042124926300671 5 1000 15646 5
"3797" "Z" 0.06 -0.825 0.7525 0 0.5 2666.66666666667 1 5 0.284354282359106 5 1000 18324 5
"3798" "Z" 0.06 -0.61875 0.505 0 1 2666.66666666667 1 5 0.683196849706777 5 1000 17801 5
"3799" "Z" 0.006 0 0.71125 0 0.5 2666.66666666667 1 5 0.340731293541596 5 1000 13820 5
"3800" "Z" 0.006 -0.9075 0.46375 0 1 2666.66666666667 1 5 0.768409665060492 5 1000 15997 5
"3801" "Z" 0.006 -0.45375 0.175 0 0.5 2666.66666666667 1 5 1.74296930505862 5 1000 14868 5
"3802" "Z" 0.06 -0.20625 0.62875 0 1 2666.66666666667 1 5 0.464021557568188 5 1000 16813 5
"3803" "Z" 0.06 -0.165 0.175 0 1 2666.66666666667 1 5 1.74296930505862 5 1000 16669 5
"3804" "Z" 0.006 -0.7425 0.46375 1 1 2666.66666666667 1 5 0.768409665060492 5 1000 15598 5
"3805" "Z" 0.006 -0.04125 0.835 0 0.5 2666.66666666667 1 5 0.180323554131281 5 1000 13932 5
"3806" "Z" 0.006 -0.04125 0.21625 1 1 2666.66666666667 1 5 1.53132013317015 5 1000 13874 5
"3807" "Z" 0.006 -0.94875 0.29875 0 0 2666.66666666667 1 5 1.20814817573642 5 1000 16079 5
"3808" "Z" 0.06 -0.5775 0.46375 0 0 2666.66666666667 1 5 0.768409665060492 5 1000 17695 5
"3809" "Z" 0.06 -0.94875 0.34 0 1 2666.66666666667 1 5 1.07880966137193 5 1000 18585 5
"3810" "Z" 0.06 -0.495 0.9175 1 1 2666.66666666667 1 5 0.0861026990534116 5 1000 17542 5
"3811" "Z" 0.06 -0.99 0.835 1 1 2666.66666666667 1 5 0.180323554131281 5 1000 18734 5
"3812" "Z" 0.06 -0.5775 0.9175 0 1 2666.66666666667 1 5 0.0861026990534116 5 1000 17741 5
"3813" "Z" 0.006 -0.9075 0.13375 1 1 2666.66666666667 1 5 2.01178289320602 5 1000 15966 5
"3814" "Z" 0.06 -0.12375 0.2575 1 1 2666.66666666667 1 5 1.35673555887835 5 1000 16578 5
"3815" "Z" 0.006 -0.7425 0.38125 0 0 2666.66666666667 1 5 0.964299951060516 5 1000 15587 5
"3816" "Z" 0.006 -0.20625 0.05125 1 1 2666.66666666667 1 5 2.97103966096362 5 1000 14258 5
"3817" "Z" 0.006 -0.99 0.01 1 1 2666.66666666667 1 5 4.60517018598809 5 1000 16154 5
"3818" "Z" 0.06 -0.04125 0.79375 1 1 2666.66666666667 1 5 0.230986728775236 5 1000 16430 5
"3819" "Z" 0.06 -0.70125 0.67 0 0.5 2666.66666666667 1 5 0.400477566597125 5 1000 18016 5
"3820" "Z" 0.06 -0.33 0.62875 0 0 2666.66666666667 1 5 0.464021557568188 5 1000 17111 5
"3821" "Z" 0.06 -0.37125 0.7525 0 0 2666.66666666667 1 5 0.284354282359106 5 1000 17223 5
"3822" "Z" 0.06 -0.825 0.34 0 0.5 2666.66666666667 1 5 1.07880966137193 5 1000 18284 5
"3823" "Z" 0.06 -0.78375 0.54625 0 0.5 2666.66666666667 1 5 0.604678532572337 5 1000 18204 5
"3824" "Z" 0.006 0 0.54625 1 1 2666.66666666667 1 5 0.604678532572337 5 1000 13806 5
"3825" "Z" 0.06 -0.33 0.2575 0 0 2666.66666666667 1 5 1.35673555887835 5 1000 17075 5
"3826" "Z" 0.006 -0.99 0.71125 0 0 2666.66666666667 1 5 0.340731293541596 5 1000 16219 5
"3827" "Z" 0.006 -0.66 0.95875 0 0.5 2666.66666666667 1 5 0.042124926300671 5 1000 15444 5
"3828" "Z" 0.06 -0.37125 0.38125 0 0.5 2666.66666666667 1 5 0.964299951060516 5 1000 17188 5
"3829" "Z" 0.006 -0.66 0.01 1 1 2666.66666666667 1 5 4.60517018598809 5 1000 15354 5
"3830" "Z" 0.006 -0.20625 0.9175 0 1 2666.66666666667 1 5 0.0861026990534116 5 1000 14341 5
"3831" "Z" 0.06 -0.12375 0.2575 0 1 2666.66666666667 1 5 1.35673555887835 5 1000 16577 5
"3832" "Z" 0.006 -0.28875 0.835 0 0.5 2666.66666666667 1 5 0.180323554131281 5 1000 14532 5
"3833" "Z" 0.006 -0.99 0.29875 0 1 2666.66666666667 1 5 1.20814817573642 5 1000 16181 5
"3834" "Z" 0.06 -0.495 0.71125 0 1 2666.66666666667 1 5 0.340731293541596 5 1000 17521 5
"3835" "Z" 0.06 -0.45375 0.175 0 0.5 2666.66666666667 1 5 1.74296930505862 5 1000 17368 5
"3836" "Z" 0.06 -0.99 0.79375 0 0 2666.66666666667 1 5 0.230986728775236 5 1000 18727 5
"3837" "Z" 0.006 -0.12375 0.95875 0 1 2666.66666666667 1 5 0.042124926300671 5 1000 14145 5
"3838" "Z" 0.006 -0.99 0.38125 1 1 2666.66666666667 1 5 0.964299951060516 5 1000 16190 5
"3839" "Z" 0.006 -0.37125 0.87625 1 1 2666.66666666667 1 5 0.132103840633337 5 1000 14738 5
"3840" "Z" 0.06 -0.37125 0.0925 0 1 2666.66666666667 1 5 2.38054663446376 5 1000 17161 5
"3841" "Z" 0.006 -0.78375 0.46375 0 0.5 2666.66666666667 1 5 0.768409665060492 5 1000 15696 5
"3842" "Z" 0.06 -0.33 0.67 1 1 2666.66666666667 1 5 0.400477566597125 5 1000 17118 5
"3843" "Z" 0.06 -0.7425 0.4225 0 0.5 2666.66666666667 1 5 0.861565832184908 5 1000 18092 5
"3844" "Z" 0.06 -0.53625 0.2575 0 0.5 2666.66666666667 1 5 1.35673555887835 5 1000 17576 5
"3845" "Z" 0.006 -0.94875 0.95875 0 0.5 2666.66666666667 1 5 0.042124926300671 5 1000 16144 5
"3846" "Z" 0.006 -0.9075 0.67 0 0.5 2666.66666666667 1 5 0.400477566597125 5 1000 16016 5
"3847" "Z" 0.06 -0.53625 0.05125 0 1 2666.66666666667 1 5 2.97103966096362 5 1000 17557 5
"3848" "Z" 0.06 -0.45375 0.29875 1 1 2666.66666666667 1 5 1.20814817573642 5 1000 17382 5
"3849" "Z" 0.006 -0.7425 0.0925 0 0 2666.66666666667 1 5 2.38054663446376 5 1000 15559 5
"3850" "Z" 0.006 -0.86625 0.46375 0 0 2666.66666666667 1 5 0.768409665060492 5 1000 15895 5
"3851" "Z" 0.06 -0.7425 0.46375 0 0.5 2666.66666666667 1 5 0.768409665060492 5 1000 18096 5
"3852" "Z" 0.06 -0.04125 0.2575 1 1 2666.66666666667 1 5 1.35673555887835 5 1000 16378 5
"3853" "Z" 0.06 -0.33 0.505 1 1 2666.66666666667 1 5 0.683196849706777 5 1000 17102 5
"3854" "Z" 0.06 -0.94875 0.2575 0 1 2666.66666666667 1 5 1.35673555887835 5 1000 18577 5
"3855" "Z" 0.06 -0.37125 0.9175 1 1 2666.66666666667 1 5 0.0861026990534116 5 1000 17242 5
"3856" "Z" 0.06 -0.165 0.34 1 1 2666.66666666667 1 5 1.07880966137193 5 1000 16686 5
"3857" "Z" 0.06 -0.53625 0.21625 0 0 2666.66666666667 1 5 1.53132013317015 5 1000 17571 5
"3858" "Z" 0.06 -0.2475 0.0925 1 1 2666.66666666667 1 5 2.38054663446376 5 1000 16862 5
"3859" "Z" 0.06 -0.66 0.9175 1 1 2666.66666666667 1 5 0.0861026990534116 5 1000 17942 5
"3860" "Z" 0.006 -0.0825 0.505 0 0 2666.66666666667 1 5 0.683196849706777 5 1000 13999 5
"3861" "Z" 0.006 -0.9075 0.67 0 0 2666.66666666667 1 5 0.400477566597125 5 1000 16015 5
"3862" "Z" 0.006 -0.45375 0.175 0 1 2666.66666666667 1 5 1.74296930505862 5 1000 14869 5
"3863" "Z" 0.06 -0.78375 0.835 0 0.5 2666.66666666667 1 5 0.180323554131281 5 1000 18232 5
"3864" "Z" 0.006 -0.45375 0.0925 0 1 2666.66666666667 1 5 2.38054663446376 5 1000 14861 5
"3865" "Z" 0.06 -0.28875 0.95875 1 1 2666.66666666667 1 5 0.042124926300671 5 1000 17046 5
"3866" "Z" 0.06 0 0.835 0 0 2666.66666666667 1 5 0.180323554131281 5 1000 16331 5
"3867" "Z" 0.006 -0.7425 0.29875 0 0 2666.66666666667 1 5 1.20814817573642 5 1000 15579 5
"3868" "Z" 0.006 -0.4125 0.67 1 1 2666.66666666667 1 5 0.400477566597125 5 1000 14818 5
"3869" "Z" 0.006 -0.78375 0.4225 1 1 2666.66666666667 1 5 0.861565832184908 5 1000 15694 5
"3870" "Z" 0.006 -0.70125 0.5875 0 0 2666.66666666667 1 5 0.531879032963823 5 1000 15507 5
"3871" "Z" 0.006 -0.86625 0.71125 0 0 2666.66666666667 1 5 0.340731293541596 5 1000 15919 5
"3872" "Z" 0.006 -0.70125 0.34 0 0 2666.66666666667 1 5 1.07880966137193 5 1000 15483 5
"3873" "Z" 0.006 -0.12375 0.21625 0 0.5 2666.66666666667 1 5 1.53132013317015 5 1000 14072 5
"3874" "Z" 0.006 -0.99 0.38125 0 0 2666.66666666667 1 5 0.964299951060516 5 1000 16187 5
"3875" "Z" 0.006 -0.0825 0.79375 0 0.5 2666.66666666667 1 5 0.230986728775236 5 1000 14028 5
"3876" "Z" 0.06 -0.165 0.71125 0 0 2666.66666666667 1 5 0.340731293541596 5 1000 16719 5
"3877" "Z" 0.006 -0.165 0.5875 0 0.5 2666.66666666667 1 5 0.531879032963823 5 1000 14208 5
"3878" "Z" 0.006 -0.12375 0.38125 0 0 2666.66666666667 1 5 0.964299951060516 5 1000 14087 5
"3879" "Z" 0.006 -0.2475 0.2575 1 1 2666.66666666667 1 5 1.35673555887835 5 1000 14378 5
"3880" "Z" 0.006 -0.45375 0.2575 0 1 2666.66666666667 1 5 1.35673555887835 5 1000 14877 5
"3881" "Z" 0.006 -0.0825 0.01 0 1 2666.66666666667 1 5 4.60517018598809 5 1000 13953 5
"3882" "Z" 0.06 0 0.79375 0 0.5 2666.66666666667 1 5 0.230986728775236 5 1000 16328 5
"3883" "Z" 0.06 -0.78375 0.7525 1 1 2666.66666666667 1 5 0.284354282359106 5 1000 18226 5
"3884" "Z" 0.06 -0.99 0.2575 0 0 2666.66666666667 1 5 1.35673555887835 5 1000 18675 5
"3885" "Z" 0.06 -0.45375 0.79375 0 0.5 2666.66666666667 1 5 0.230986728775236 5 1000 17428 5
"3886" "Z" 0.06 -0.61875 0.21625 1 1 2666.66666666667 1 5 1.53132013317015 5 1000 17774 5
"3887" "Z" 0.006 -0.45375 0.9175 0 0 2666.66666666667 1 5 0.0861026990534116 5 1000 14939 5
"3888" "Z" 0.006 -0.5775 0.62875 0 0 2666.66666666667 1 5 0.464021557568188 5 1000 15211 5
"3889" "Z" 0.006 -0.86625 0.21625 0 1 2666.66666666667 1 5 1.53132013317015 5 1000 15873 5
"3890" "Z" 0.006 -0.37125 0.2575 1 1 2666.66666666667 1 5 1.35673555887835 5 1000 14678 5
"3891" "Z" 0.06 -0.4125 0.67 1 1 2666.66666666667 1 5 0.400477566597125 5 1000 17318 5
"3892" "Z" 0.06 -0.2475 0.2575 0 0.5 2666.66666666667 1 5 1.35673555887835 5 1000 16876 5
"3893" "Z" 0.006 -0.7425 0.21625 0 1 2666.66666666667 1 5 1.53132013317015 5 1000 15573 5
"3894" "Z" 0.006 -0.825 0.34 0 1 2666.66666666667 1 5 1.07880966137193 5 1000 15785 5
"3895" "Z" 0.06 -0.28875 0.05125 0 0.5 2666.66666666667 1 5 2.97103966096362 5 1000 16956 5
"3896" "Z" 0.006 -0.99 0.46375 0 1 2666.66666666667 1 5 0.768409665060492 5 1000 16197 5
"3897" "Z" 0.006 -0.99 0.2575 0 1 2666.66666666667 1 5 1.35673555887835 5 1000 16177 5
"3898" "Z" 0.06 -0.2475 0.38125 0 1 2666.66666666667 1 5 0.964299951060516 5 1000 16889 5
"3899" "Z" 0.006 0 0.505 0 1 2666.66666666667 1 5 0.683196849706777 5 1000 13801 5
"3900" "Z" 0.06 -0.99 0.29875 0 0 2666.66666666667 1 5 1.20814817573642 5 1000 18679 5
"3901" "Z" 0.006 -0.94875 0.2575 0 0 2666.66666666667 1 5 1.35673555887835 5 1000 16075 5
"3902" "Z" 0.006 -0.28875 0.835 0 0 2666.66666666667 1 5 0.180323554131281 5 1000 14531 5
"3903" "Z" 0.006 -0.165 0.71125 0 0 2666.66666666667 1 5 0.340731293541596 5 1000 14219 5
"3904" "Z" 0.06 -0.53625 0.34 0 1 2666.66666666667 1 5 1.07880966137193 5 1000 17585 5
"3905" "Z" 0.006 -0.66 0.71125 1 1 2666.66666666667 1 5 0.340731293541596 5 1000 15422 5
"3906" "Z" 0.006 -0.165 0.54625 0 0.5 2666.66666666667 1 5 0.604678532572337 5 1000 14204 5
"3907" "Z" 0.006 -0.2475 0.0925 0 0 2666.66666666667 1 5 2.38054663446376 5 1000 14359 5
"3908" "Z" 0.006 -0.70125 0.38125 1 1 2666.66666666667 1 5 0.964299951060516 5 1000 15490 5
"3909" "Z" 0.006 -0.20625 0.54625 0 0 2666.66666666667 1 5 0.604678532572337 5 1000 14303 5
"3910" "Z" 0.006 -0.70125 0.505 1 1 2666.66666666667 1 5 0.683196849706777 5 1000 15502 5
"3911" "Z" 0.06 -0.45375 0.05125 1 1 2666.66666666667 1 5 2.97103966096362 5 1000 17358 5
"3912" "Z" 0.06 -0.165 0.38125 1 1 2666.66666666667 1 5 0.964299951060516 5 1000 16690 5
"3913" "Z" 0.006 -0.28875 0.2575 0 0 2666.66666666667 1 5 1.35673555887835 5 1000 14475 5
"3914" "Z" 0.006 -0.28875 0.87625 0 1 2666.66666666667 1 5 0.132103840633337 5 1000 14537 5
"3915" "Z" 0.06 -0.86625 0.46375 0 1 2666.66666666667 1 5 0.768409665060492 5 1000 18397 5
"3916" "Z" 0.006 -0.99 0.4225 0 0.5 2666.66666666667 1 5 0.861565832184908 5 1000 16192 5
"3917" "Z" 0.006 -0.61875 0.38125 0 1 2666.66666666667 1 5 0.964299951060516 5 1000 15289 5
"3918" "Z" 0.006 -0.165 0.79375 0 1 2666.66666666667 1 5 0.230986728775236 5 1000 14229 5
"3919" "Z" 0.06 -0.37125 0.505 1 1 2666.66666666667 1 5 0.683196849706777 5 1000 17202 5
"3920" "Z" 0.006 -0.04125 0.87625 1 1 2666.66666666667 1 5 0.132103840633337 5 1000 13938 5
"3921" "Z" 0.06 -0.04125 0.4225 1 1 2666.66666666667 1 5 0.861565832184908 5 1000 16394 5
"3922" "Z" 0.006 -0.78375 0.87625 0 1 2666.66666666667 1 5 0.132103840633337 5 1000 15737 5
"3923" "Z" 0.006 -0.94875 0.62875 0 1 2666.66666666667 1 5 0.464021557568188 5 1000 16113 5
"3924" "Z" 0.006 -0.33 0.62875 1 1 2666.66666666667 1 5 0.464021557568188 5 1000 14614 5
"3925" "Z" 0.06 -0.37125 0.835 0 0 2666.66666666667 1 5 0.180323554131281 5 1000 17231 5
"3926" "Z" 0.06 -0.61875 0.13375 1 1 2666.66666666667 1 5 2.01178289320602 5 1000 17766 5
"3927" "Z" 0.006 -0.495 0.46375 0 0.5 2666.66666666667 1 5 0.768409665060492 5 1000 14996 5
"3928" "Z" 0.06 -0.45375 0.13375 1 1 2666.66666666667 1 5 2.01178289320602 5 1000 17366 5
"3929" "Z" 0.06 -0.33 0.67 0 1 2666.66666666667 1 5 0.400477566597125 5 1000 17117 5
"3930" "Z" 0.006 -0.2475 0.505 1 1 2666.66666666667 1 5 0.683196849706777 5 1000 14402 5
"3931" "Z" 0.06 -0.45375 0.54625 1 1 2666.66666666667 1 5 0.604678532572337 5 1000 17406 5
"3932" "Z" 0.006 -0.45375 0.29875 0 1 2666.66666666667 1 5 1.20814817573642 5 1000 14881 5
"3933" "Z" 0.06 -0.2475 0.5875 1 1 2666.66666666667 1 5 0.531879032963823 5 1000 16910 5
"3934" "Z" 0.06 0 0.7525 1 1 2666.66666666667 1 5 0.284354282359106 5 1000 16326 5
"3935" "Z" 0.06 -0.70125 0.21625 1 1 2666.66666666667 1 5 1.53132013317015 5 1000 17974 5
"3936" "Z" 0.006 -0.33 0.835 1 1 2666.66666666667 1 5 0.180323554131281 5 1000 14634 5
"3937" "Z" 0.006 -0.20625 0.9175 0 0 2666.66666666667 1 5 0.0861026990534116 5 1000 14339 5
"3938" "Z" 0.006 -0.7425 0.01 0 1 2666.66666666667 1 5 4.60517018598809 5 1000 15553 5
"3939" "Z" 0.006 -0.37125 0.835 1 1 2666.66666666667 1 5 0.180323554131281 5 1000 14734 5
"3940" "Z" 0.006 -0.0825 0.835 0 1 2666.66666666667 1 5 0.180323554131281 5 1000 14033 5
"3941" "Z" 0.06 -0.12375 0.7525 1 1 2666.66666666667 1 5 0.284354282359106 5 1000 16626 5
"3942" "Z" 0.006 -0.4125 0.71125 0 0.5 2666.66666666667 1 5 0.340731293541596 5 1000 14820 5
"3943" "Z" 0.006 0 0.54625 0 0 2666.66666666667 1 5 0.604678532572337 5 1000 13803 5
"3944" "Z" 0.06 -0.99 0.0925 0 1 2666.66666666667 1 5 2.38054663446376 5 1000 18661 5
"3945" "Z" 0.006 -0.70125 0.835 0 1 2666.66666666667 1 5 0.180323554131281 5 1000 15533 5
"3946" "Z" 0.006 -0.2475 0.13375 0 0 2666.66666666667 1 5 2.01178289320602 5 1000 14363 5
"3947" "Z" 0.006 0 0.71125 1 1 2666.66666666667 1 5 0.340731293541596 5 1000 13822 5
"3948" "Z" 0.06 -0.28875 0.0925 0 0 2666.66666666667 1 5 2.38054663446376 5 1000 16959 5
"3949" "Z" 0.006 -0.5775 0.835 1 1 2666.66666666667 1 5 0.180323554131281 5 1000 15234 5
"3950" "Z" 0.006 -0.86625 0.29875 0 0 2666.66666666667 1 5 1.20814817573642 5 1000 15879 5
"3951" "Z" 0.06 -0.94875 0.29875 0 0 2666.66666666667 1 5 1.20814817573642 5 1000 18579 5
"3952" "Z" 0.006 -0.86625 0.79375 0 0 2666.66666666667 1 5 0.230986728775236 5 1000 15927 5
"3953" "Z" 0.006 -0.2475 0.835 0 0 2666.66666666667 1 5 0.180323554131281 5 1000 14431 5
"3954" "Z" 0.006 -0.04125 0.835 0 1 2666.66666666667 1 5 0.180323554131281 5 1000 13933 5
"3955" "Z" 0.06 -0.28875 0.29875 0 0.5 2666.66666666667 1 5 1.20814817573642 5 1000 16980 5
"3956" "Z" 0.06 -0.2475 0.0925 0 0.5 2666.66666666667 1 5 2.38054663446376 5 1000 16860 5
"3957" "Z" 0.006 -0.99 1 1 1 2666.66666666667 1 5 0 5 1000 16250 5
"3958" "Z" 0.06 -0.495 0.05125 0 0.5 2666.66666666667 1 5 2.97103966096362 5 1000 17456 5
"3959" "Z" 0.06 -0.4125 0.05125 0 0 2666.66666666667 1 5 2.97103966096362 5 1000 17255 5
"3960" "Z" 0.006 -0.9075 0.54625 0 0.5 2666.66666666667 1 5 0.604678532572337 5 1000 16004 5
"3961" "Z" 0.06 -0.7425 0.2575 0 1 2666.66666666667 1 5 1.35673555887835 5 1000 18077 5
"3962" "Z" 0.006 -0.86625 0.0925 1 1 2666.66666666667 1 5 2.38054663446376 5 1000 15862 5
"3963" "Z" 0.006 -0.9075 0.5875 1 1 2666.66666666667 1 5 0.531879032963823 5 1000 16010 5
"3964" "Z" 0.06 -0.2475 0.7525 1 1 2666.66666666667 1 5 0.284354282359106 5 1000 16926 5
"3965" "Z" 0.006 -0.12375 0.54625 0 0.5 2666.66666666667 1 5 0.604678532572337 5 1000 14104 5
"3966" "Z" 0.06 0 0.79375 1 1 2666.66666666667 1 5 0.230986728775236 5 1000 16330 5
"3967" "Z" 0.06 -0.825 0.13375 0 1 2666.66666666667 1 5 2.01178289320602 5 1000 18265 5
"3968" "Z" 0.006 -0.04125 0.29875 0 0 2666.66666666667 1 5 1.20814817573642 5 1000 13879 5
"3969" "Z" 0.006 -0.495 0.87625 1 1 2666.66666666667 1 5 0.132103840633337 5 1000 15038 5
"3970" "Z" 0.06 -0.2475 0.54625 1 1 2666.66666666667 1 5 0.604678532572337 5 1000 16906 5
"3971" "Z" 0.06 -0.495 0.34 1 1 2666.66666666667 1 5 1.07880966137193 5 1000 17486 5
"3972" "Z" 0.006 -0.66 0.505 0 0 2666.66666666667 1 5 0.683196849706777 5 1000 15399 5
"3973" "Z" 0.006 -0.66 0.79375 0 0.5 2666.66666666667 1 5 0.230986728775236 5 1000 15428 5
"3974" "Z" 0.006 -0.53625 0.71125 0 0.5 2666.66666666667 1 5 0.340731293541596 5 1000 15120 5
"3975" "Z" 0.006 -0.66 0.79375 0 0 2666.66666666667 1 5 0.230986728775236 5 1000 15427 5
"3976" "Z" 0.006 -0.9075 0.505 0 1 2666.66666666667 1 5 0.683196849706777 5 1000 16001 5
"3977" "Z" 0.06 -0.45375 0.38125 0 0.5 2666.66666666667 1 5 0.964299951060516 5 1000 17388 5
"3978" "Z" 0.06 -0.0825 0.4225 0 0.5 2666.66666666667 1 5 0.861565832184908 5 1000 16492 5
"3979" "Z" 0.006 -0.61875 0.79375 0 1 2666.66666666667 1 5 0.230986728775236 5 1000 15329 5
"3980" "Z" 0.006 -0.04125 0.9175 0 0 2666.66666666667 1 5 0.0861026990534116 5 1000 13939 5
"3981" "Z" 0.06 -0.9075 0.54625 0 0.5 2666.66666666667 1 5 0.604678532572337 5 1000 18504 5
"3982" "Z" 0.06 -0.86625 0.175 1 1 2666.66666666667 1 5 1.74296930505862 5 1000 18370 5
"3983" "Z" 0.006 -0.165 0.5875 0 0 2666.66666666667 1 5 0.531879032963823 5 1000 14207 5
"3984" "Z" 0.06 -0.12375 0.71125 0 0.5 2666.66666666667 1 5 0.340731293541596 5 1000 16620 5
"3985" "Z" 0.006 -0.33 0.7525 0 0.5 2666.66666666667 1 5 0.284354282359106 5 1000 14624 5
"3986" "Z" 0.006 -0.66 0.835 0 0 2666.66666666667 1 5 0.180323554131281 5 1000 15431 5
"3987" "Z" 0.006 -0.70125 0.54625 0 1 2666.66666666667 1 5 0.604678532572337 5 1000 15505 5
"3988" "Z" 0.006 -0.495 0.79375 0 1 2666.66666666667 1 5 0.230986728775236 5 1000 15029 5
"3989" "Z" 0.06 -0.37125 0.7525 0 0.5 2666.66666666667 1 5 0.284354282359106 5 1000 17224 5
"3990" "Z" 0.06 -0.0825 0.67 0 0.5 2666.66666666667 1 5 0.400477566597125 5 1000 16516 5
"3991" "Z" 0.06 -0.78375 0.67 1 1 2666.66666666667 1 5 0.400477566597125 5 1000 18218 5
"3992" "Z" 0.006 -0.70125 0.9175 0 0.5 2666.66666666667 1 5 0.0861026990534116 5 1000 15540 5
"3993" "Z" 0.06 -0.28875 0.34 1 1 2666.66666666667 1 5 1.07880966137193 5 1000 16986 5
"3994" "Z" 0.06 -0.99 0.95875 0 0.5 2666.66666666667 1 5 0.042124926300671 5 1000 18744 5
"3995" "Z" 0.06 -0.12375 0.87625 0 0.5 2666.66666666667 1 5 0.132103840633337 5 1000 16636 5
"3996" "Z" 0.06 -0.94875 0.79375 0 0.5 2666.66666666667 1 5 0.230986728775236 5 1000 18628 5
"3997" "Z" 0.006 -0.7425 0.38125 1 1 2666.66666666667 1 5 0.964299951060516 5 1000 15590 5
"3998" "Z" 0.06 -0.53625 0.505 0 0.5 2666.66666666667 1 5 0.683196849706777 5 1000 17600 5
"3999" "Z" 0.06 -0.28875 0.38125 1 1 2666.66666666667 1 5 0.964299951060516 5 1000 16990 5
"4000" "Z" 0.006 -0.61875 0.175 0 1 2666.66666666667 1 5 1.74296930505862 5 1000 15269 5
"4001" "Z" 0.06 -0.0825 0.05125 1 1 2666.66666666667 1 5 2.97103966096362 5 1000 16458 5
"4002" "Z" 0.06 -0.9075 0.87625 0 0.5 2666.66666666667 1 5 0.132103840633337 5 1000 18536 5
"4003" "Z" 0.006 -0.99 0.835 0 1 2666.66666666667 1 5 0.180323554131281 5 1000 16233 5
"4004" "Z" 0.006 -0.4125 0.175 0 0 2666.66666666667 1 5 1.74296930505862 5 1000 14767 5
"4005" "Z" 0.06 -0.61875 0.05125 0 0.5 2666.66666666667 1 5 2.97103966096362 5 1000 17756 5
"4006" "Z" 0.06 -0.2475 0.34 0 0 2666.66666666667 1 5 1.07880966137193 5 1000 16883 5
"4007" "Z" 0.06 -0.7425 0.505 1 1 2666.66666666667 1 5 0.683196849706777 5 1000 18102 5
"4008" "Z" 0.006 -0.165 0.67 0 0.5 2666.66666666667 1 5 0.400477566597125 5 1000 14216 5
"4009" "Z" 0.006 -0.825 0.01 0 1 2666.66666666667 1 5 4.60517018598809 5 1000 15753 5
"4010" "Z" 0.006 -0.7425 0.54625 0 0 2666.66666666667 1 5 0.604678532572337 5 1000 15603 5
"4011" "Z" 0.006 -0.86625 0.05125 0 0.5 2666.66666666667 1 5 2.97103966096362 5 1000 15856 5
"4012" "Z" 0.006 -0.53625 0.95875 1 1 2666.66666666667 1 5 0.042124926300671 5 1000 15146 5
"4013" "Z" 0.006 0 0.79375 0 1 2666.66666666667 1 5 0.230986728775236 5 1000 13829 5
"4014" "Z" 0.006 -0.94875 0.71125 1 1 2666.66666666667 1 5 0.340731293541596 5 1000 16122 5
"4015" "Z" 0.06 -0.7425 0.54625 0 0.5 2666.66666666667 1 5 0.604678532572337 5 1000 18104 5
"4016" "Z" 0.06 -0.45375 0.835 0 0 2666.66666666667 1 5 0.180323554131281 5 1000 17431 5
"4017" "Z" 0.006 0 0.29875 1 1 2666.66666666667 1 5 1.20814817573642 5 1000 13782 5
"4018" "Z" 0.06 -0.04125 0.29875 1 1 2666.66666666667 1 5 1.20814817573642 5 1000 16382 5
"4019" "Z" 0.006 -0.37125 0.9175 1 1 2666.66666666667 1 5 0.0861026990534116 5 1000 14742 5
"4020" "Z" 0.006 -0.45375 0.175 0 0 2666.66666666667 1 5 1.74296930505862 5 1000 14867 5
"4021" "Z" 0.06 -0.04125 0.95875 0 0 2666.66666666667 1 5 0.042124926300671 5 1000 16443 5
"4022" "Z" 0.006 -0.28875 0.38125 0 1 2666.66666666667 1 5 0.964299951060516 5 1000 14489 5
"4023" "Z" 0.06 -0.20625 0.54625 0 0.5 2666.66666666667 1 5 0.604678532572337 5 1000 16804 5
"4024" "Z" 0.006 -0.78375 0.71125 1 1 2666.66666666667 1 5 0.340731293541596 5 1000 15722 5
"4025" "Z" 0.06 -0.94875 0.34 0 0 2666.66666666667 1 5 1.07880966137193 5 1000 18583 5
"4026" "Z" 0.006 -0.99 0.835 0 0 2666.66666666667 1 5 0.180323554131281 5 1000 16231 5
"4027" "Z" 0.006 -0.61875 0.38125 0 0.5 2666.66666666667 1 5 0.964299951060516 5 1000 15288 5
"4028" "Z" 0.06 -0.99 0.835 0 1 2666.66666666667 1 5 0.180323554131281 5 1000 18733 5
"4029" "Z" 0.06 -0.495 0.54625 0 1 2666.66666666667 1 5 0.604678532572337 5 1000 17505 5
"4030" "Z" 0.006 -0.66 0.7525 0 0 2666.66666666667 1 5 0.284354282359106 5 1000 15423 5
"4031" "Z" 0.006 -0.4125 0.01 0 0.5 2666.66666666667 1 5 4.60517018598809 5 1000 14752 5
"4032" "Z" 0.06 -0.165 0.46375 0 0.5 2666.66666666667 1 5 0.768409665060492 5 1000 16696 5
"4033" "Z" 0.006 -0.99 0.9175 0 1 2666.66666666667 1 5 0.0861026990534116 5 1000 16241 5
"4034" "Z" 0.006 -0.0825 0.71125 0 1 2666.66666666667 1 5 0.340731293541596 5 1000 14021 5
"4035" "Z" 0.006 -0.165 0.79375 0 0.5 2666.66666666667 1 5 0.230986728775236 5 1000 14228 5
"4036" "Z" 0.06 -0.5775 0.05125 1 1 2666.66666666667 1 5 2.97103966096362 5 1000 17658 5
"4037" "Z" 0.06 -0.4125 0.21625 0 0.5 2666.66666666667 1 5 1.53132013317015 5 1000 17272 5
"4038" "Z" 0.006 -0.825 0.835 0 0 2666.66666666667 1 5 0.180323554131281 5 1000 15831 5
"4039" "Z" 0.006 -0.37125 0.9175 0 0 2666.66666666667 1 5 0.0861026990534116 5 1000 14739 5
"4040" "Z" 0.06 0 0.0925 0 0 2666.66666666667 1 5 2.38054663446376 5 1000 16259 5
"4041" "Z" 0.06 -0.825 0.7525 1 1 2666.66666666667 1 5 0.284354282359106 5 1000 18326 5
"4042" "Z" 0.006 -0.28875 0.175 1 1 2666.66666666667 1 5 1.74296930505862 5 1000 14470 5
"4043" "Z" 0.06 -0.28875 0.9175 1 1 2666.66666666667 1 5 0.0861026990534116 5 1000 17042 5
"4044" "Z" 0.06 -0.04125 0.79375 0 0 2666.66666666667 1 5 0.230986728775236 5 1000 16427 5
"4045" "Z" 0.06 -0.66 0.95875 1 1 2666.66666666667 1 5 0.042124926300671 5 1000 17946 5
"4046" "Z" 0.06 -0.37125 0.34 0 1 2666.66666666667 1 5 1.07880966137193 5 1000 17185 5
"4047" "Z" 0.006 -0.70125 0.0925 0 0 2666.66666666667 1 5 2.38054663446376 5 1000 15459 5
"4048" "Z" 0.06 0 0.34 0 0.5 2666.66666666667 1 5 1.07880966137193 5 1000 16284 5
"4049" "Z" 0.006 -0.7425 0.54625 0 0.5 2666.66666666667 1 5 0.604678532572337 5 1000 15604 5
"4050" "Z" 0.006 -0.4125 0.79375 0 0.5 2666.66666666667 1 5 0.230986728775236 5 1000 14828 5
"4051" "Z" 0.06 -0.94875 0.01 0 1 2666.66666666667 1 5 4.60517018598809 5 1000 18553 5
"4052" "Z" 0.06 -0.45375 0.87625 0 1 2666.66666666667 1 5 0.132103840633337 5 1000 17437 5
"4053" "Z" 0.006 -0.53625 0.4225 0 1 2666.66666666667 1 5 0.861565832184908 5 1000 15093 5
"4054" "Z" 0.06 -0.61875 0.62875 0 0.5 2666.66666666667 1 5 0.464021557568188 5 1000 17812 5
"4055" "Z" 0.06 -0.53625 0.38125 0 1 2666.66666666667 1 5 0.964299951060516 5 1000 17589 5
"4056" "Z" 0.06 -0.04125 0.5875 0 1 2666.66666666667 1 5 0.531879032963823 5 1000 16409 5
"4057" "Z" 0.006 -0.70125 0.505 0 0.5 2666.66666666667 1 5 0.683196849706777 5 1000 15500 5
"4058" "Z" 0.06 -0.78375 0.87625 0 1 2666.66666666667 1 5 0.132103840633337 5 1000 18237 5
"4059" "Z" 0.06 -0.94875 0.4225 1 1 2666.66666666667 1 5 0.861565832184908 5 1000 18594 5
"4060" "Z" 0.006 0 0.38125 0 1 2666.66666666667 1 5 0.964299951060516 5 1000 13789 5
"4061" "Z" 0.06 -0.28875 0.5875 0 0.5 2666.66666666667 1 5 0.531879032963823 5 1000 17008 5
"4062" "Z" 0.006 -0.37125 0.0925 1 1 2666.66666666667 1 5 2.38054663446376 5 1000 14662 5
"4063" "Z" 0.06 -0.53625 0.71125 0 0 2666.66666666667 1 5 0.340731293541596 5 1000 17619 5
"4064" "Z" 0.06 -0.78375 0.13375 0 0 2666.66666666667 1 5 2.01178289320602 5 1000 18163 5
"4065" "Z" 0.06 -0.04125 0.175 0 1 2666.66666666667 1 5 1.74296930505862 5 1000 16369 5
"4066" "Z" 0.006 -0.66 1 1 1 2666.66666666667 1 5 0 5 1000 15450 5
"4067" "Z" 0.06 -0.12375 0.38125 0 1 2666.66666666667 1 5 0.964299951060516 5 1000 16589 5
"4068" "Z" 0.006 -0.53625 0.54625 1 1 2666.66666666667 1 5 0.604678532572337 5 1000 15106 5
"4069" "Z" 0.006 -0.165 0.4225 0 0 2666.66666666667 1 5 0.861565832184908 5 1000 14191 5
"4070" "Z" 0.006 -0.66 0.62875 0 1 2666.66666666667 1 5 0.464021557568188 5 1000 15413 5
"4071" "Z" 0.06 -0.04125 0.5875 1 1 2666.66666666667 1 5 0.531879032963823 5 1000 16410 5
"4072" "Z" 0.006 -0.45375 0.05125 1 1 2666.66666666667 1 5 2.97103966096362 5 1000 14858 5
"4073" "Z" 0.06 0 0.34 0 0 2666.66666666667 1 5 1.07880966137193 5 1000 16283 5
"4074" "Z" 0.06 -0.2475 0.175 1 1 2666.66666666667 1 5 1.74296930505862 5 1000 16870 5
"4075" "Z" 0.06 -0.0825 0.87625 1 1 2666.66666666667 1 5 0.132103840633337 5 1000 16538 5
"4076" "Z" 0.006 -0.825 0.79375 0 0.5 2666.66666666667 1 5 0.230986728775236 5 1000 15828 5
"4077" "Z" 0.06 -0.33 0.62875 1 1 2666.66666666667 1 5 0.464021557568188 5 1000 17114 5
"4078" "Z" 0.06 -0.28875 0.835 0 0.5 2666.66666666667 1 5 0.180323554131281 5 1000 17032 5
"4079" "Z" 0.006 -0.04125 0.835 0 0 2666.66666666667 1 5 0.180323554131281 5 1000 13931 5
"4080" "Z" 0.006 -0.7425 0.0925 0 0.5 2666.66666666667 1 5 2.38054663446376 5 1000 15560 5
"4081" "Z" 0.06 -0.86625 0.505 0 0.5 2666.66666666667 1 5 0.683196849706777 5 1000 18400 5
"4082" "Z" 0.06 -0.94875 0.67 0 0 2666.66666666667 1 5 0.400477566597125 5 1000 18615 5
"4083" "Z" 0.006 -0.45375 1 0 1 2666.66666666667 1 5 0 5 1000 14949 5
"4084" "Z" 0.06 -0.86625 0.79375 0 1 2666.66666666667 1 5 0.230986728775236 5 1000 18429 5
"4085" "Z" 0.06 -0.99 0.175 0 1 2666.66666666667 1 5 1.74296930505862 5 1000 18669 5
"4086" "Z" 0.06 -0.7425 0.175 0 0 2666.66666666667 1 5 1.74296930505862 5 1000 18067 5
"4087" "Z" 0.006 -0.5775 0.21625 0 0.5 2666.66666666667 1 5 1.53132013317015 5 1000 15172 5
"4088" "Z" 0.006 -0.2475 0.54625 0 1 2666.66666666667 1 5 0.604678532572337 5 1000 14405 5
"4089" "Z" 0.06 -0.0825 0.4225 0 0 2666.66666666667 1 5 0.861565832184908 5 1000 16491 5
"4090" "Z" 0.06 -0.04125 0.34 0 1 2666.66666666667 1 5 1.07880966137193 5 1000 16385 5
"4091" "Z" 0.006 -0.45375 0.4225 0 0 2666.66666666667 1 5 0.861565832184908 5 1000 14891 5
"4092" "Z" 0.006 -0.9075 0.13375 0 0.5 2666.66666666667 1 5 2.01178289320602 5 1000 15964 5
"4093" "Z" 0.006 -0.20625 0.29875 0 0 2666.66666666667 1 5 1.20814817573642 5 1000 14279 5
"4094" "Z" 0.06 -0.53625 0.87625 0 1 2666.66666666667 1 5 0.132103840633337 5 1000 17637 5
"4095" "Z" 0.006 -0.53625 0.34 0 0.5 2666.66666666667 1 5 1.07880966137193 5 1000 15084 5
"4096" "Z" 0.006 0 0.87625 0 0 2666.66666666667 1 5 0.132103840633337 5 1000 13835 5
"4097" "Z" 0.06 -0.12375 0.71125 0 0 2666.66666666667 1 5 0.340731293541596 5 1000 16619 5
"4098" "Z" 0.006 -0.66 0.01 0 0.5 2666.66666666667 1 5 4.60517018598809 5 1000 15352 5
"4099" "Z" 0.006 -0.94875 0.29875 0 1 2666.66666666667 1 5 1.20814817573642 5 1000 16081 5
"4100" "Z" 0.06 -0.0825 0.2575 0 0 2666.66666666667 1 5 1.35673555887835 5 1000 16475 5
"4101" "Z" 0.006 -0.53625 0.505 1 1 2666.66666666667 1 5 0.683196849706777 5 1000 15102 5
"4102" "Z" 0.006 -0.5775 0.34 0 0.5 2666.66666666667 1 5 1.07880966137193 5 1000 15184 5
"4103" "Z" 0.006 -0.28875 0.01 0 0.5 2666.66666666667 1 5 4.60517018598809 5 1000 14452 5
"4104" "Z" 0.006 -0.20625 0.835 0 1 2666.66666666667 1 5 0.180323554131281 5 1000 14333 5
"4105" "Z" 0.006 -0.825 0.71125 1 1 2666.66666666667 1 5 0.340731293541596 5 1000 15822 5
"4106" "Z" 0.006 -0.66 0.2575 0 0.5 2666.66666666667 1 5 1.35673555887835 5 1000 15376 5
"4107" "Z" 0.06 -0.28875 0.79375 0 0 2666.66666666667 1 5 0.230986728775236 5 1000 17027 5
"4108" "Z" 0.06 -0.2475 0.46375 0 0.5 2666.66666666667 1 5 0.768409665060492 5 1000 16896 5
"4109" "Z" 0.06 -0.0825 0.7525 1 1 2666.66666666667 1 5 0.284354282359106 5 1000 16526 5
"4110" "Z" 0.006 -0.53625 1 0 0 2666.66666666667 1 5 0 5 1000 15147 5
"4111" "Z" 0.006 -0.4125 0.95875 0 0 2666.66666666667 1 5 0.042124926300671 5 1000 14843 5
"4112" "Z" 0.06 -0.20625 0.29875 0 0.5 2666.66666666667 1 5 1.20814817573642 5 1000 16780 5
"4113" "Z" 0.006 -0.825 0.2575 0 0 2666.66666666667 1 5 1.35673555887835 5 1000 15775 5
"4114" "Z" 0.06 -0.5775 0.38125 0 1 2666.66666666667 1 5 0.964299951060516 5 1000 17689 5
"4115" "Z" 0.006 -0.2475 0.29875 0 1 2666.66666666667 1 5 1.20814817573642 5 1000 14381 5
"4116" "Z" 0.006 -0.7425 0.13375 0 1 2666.66666666667 1 5 2.01178289320602 5 1000 15565 5
"4117" "Z" 0.06 -0.33 0.46375 1 1 2666.66666666667 1 5 0.768409665060492 5 1000 17098 5
"4118" "Z" 0.006 -0.78375 0.05125 1 1 2666.66666666667 1 5 2.97103966096362 5 1000 15658 5
"4119" "Z" 0.06 -0.0825 0.29875 0 1 2666.66666666667 1 5 1.20814817573642 5 1000 16481 5
"4120" "Z" 0.006 -0.0825 1 0 1 2666.66666666667 1 5 0 5 1000 14049 5
"4121" "Z" 0.006 -0.5775 0.38125 0 0 2666.66666666667 1 5 0.964299951060516 5 1000 15187 5
"4122" "Z" 0.06 -0.04125 0.505 0 1 2666.66666666667 1 5 0.683196849706777 5 1000 16401 5
"4123" "Z" 0.06 -0.28875 0.95875 0 0 2666.66666666667 1 5 0.042124926300671 5 1000 17043 5
"4124" "Z" 0.06 -0.37125 0.13375 0 1 2666.66666666667 1 5 2.01178289320602 5 1000 17165 5
"4125" "Z" 0.006 -0.99 0.505 1 1 2666.66666666667 1 5 0.683196849706777 5 1000 16202 5
"4126" "Z" 0.006 -0.165 0.38125 1 1 2666.66666666667 1 5 0.964299951060516 5 1000 14190 5
"4127" "Z" 0.06 -0.5775 0.05125 0 0.5 2666.66666666667 1 5 2.97103966096362 5 1000 17656 5
"4128" "Z" 0.06 -0.99 0.21625 1 1 2666.66666666667 1 5 1.53132013317015 5 1000 18674 5
"4129" "Z" 0.06 -0.7425 0.29875 0 1 2666.66666666667 1 5 1.20814817573642 5 1000 18081 5
"4130" "Z" 0.06 -0.20625 0.71125 1 1 2666.66666666667 1 5 0.340731293541596 5 1000 16822 5
"4131" "Z" 0.06 -0.20625 1 0 0 2666.66666666667 1 5 0 5 1000 16847 5
"4132" "Z" 0.06 -0.37125 0.29875 0 1 2666.66666666667 1 5 1.20814817573642 5 1000 17181 5
"4133" "Z" 0.006 -0.99 0.38125 0 1 2666.66666666667 1 5 0.964299951060516 5 1000 16189 5
"4134" "Z" 0.06 -0.86625 0.4225 0 0.5 2666.66666666667 1 5 0.861565832184908 5 1000 18392 5
"4135" "Z" 0.06 -0.86625 0.05125 0 1 2666.66666666667 1 5 2.97103966096362 5 1000 18357 5
"4136" "Z" 0.06 -0.99 0.505 0 0 2666.66666666667 1 5 0.683196849706777 5 1000 18699 5
"4137" "Z" 0.006 -0.53625 0.38125 0 0 2666.66666666667 1 5 0.964299951060516 5 1000 15087 5
"4138" "Z" 0.006 -0.4125 1 0 0.5 2666.66666666667 1 5 0 5 1000 14848 5
"4139" "Z" 0.06 -0.37125 0.62875 0 0 2666.66666666667 1 5 0.464021557568188 5 1000 17211 5
"4140" "Z" 0.006 -0.12375 0.835 0 1 2666.66666666667 1 5 0.180323554131281 5 1000 14133 5
"4141" "Z" 0.006 -0.20625 0.13375 1 1 2666.66666666667 1 5 2.01178289320602 5 1000 14266 5
"4142" "Z" 0.06 -0.20625 0.835 0 0.5 2666.66666666667 1 5 0.180323554131281 5 1000 16832 5
"4143" "Z" 0.06 -0.825 0.175 1 1 2666.66666666667 1 5 1.74296930505862 5 1000 18270 5
"4144" "Z" 0.06 -0.86625 0.2575 0 1 2666.66666666667 1 5 1.35673555887835 5 1000 18377 5
"4145" "Z" 0.06 -0.33 0.38125 0 0 2666.66666666667 1 5 0.964299951060516 5 1000 17087 5
"4146" "Z" 0.06 -0.2475 0.5875 0 1 2666.66666666667 1 5 0.531879032963823 5 1000 16909 5
"4147" "Z" 0.06 -0.5775 0.54625 0 0 2666.66666666667 1 5 0.604678532572337 5 1000 17703 5
"4148" "Z" 0.06 -0.0825 0.34 0 1 2666.66666666667 1 5 1.07880966137193 5 1000 16485 5
"4149" "Z" 0.06 -0.53625 0.835 1 1 2666.66666666667 1 5 0.180323554131281 5 1000 17634 5
"4150" "Z" 0.006 -0.0825 0.175 0 0 2666.66666666667 1 5 1.74296930505862 5 1000 13967 5
"4151" "Z" 0.006 -0.825 0.4225 0 1 2666.66666666667 1 5 0.861565832184908 5 1000 15793 5
"4152" "Z" 0.06 -0.12375 0.67 0 0.5 2666.66666666667 1 5 0.400477566597125 5 1000 16616 5
"4153" "Z" 0.006 -0.99 0.4225 0 1 2666.66666666667 1 5 0.861565832184908 5 1000 16193 5
"4154" "Z" 0.06 -0.99 0.95875 0 1 2666.66666666667 1 5 0.042124926300671 5 1000 18745 5
"4155" "Z" 0.06 -0.7425 0.71125 1 1 2666.66666666667 1 5 0.340731293541596 5 1000 18122 5
"4156" "Z" 0.006 -0.165 0.2575 1 1 2666.66666666667 1 5 1.35673555887835 5 1000 14178 5
"4157" "Z" 0.006 -0.70125 0.175 0 0.5 2666.66666666667 1 5 1.74296930505862 5 1000 15468 5
"4158" "Z" 0.06 -0.61875 0.505 0 0 2666.66666666667 1 5 0.683196849706777 5 1000 17799 5
"4159" "Z" 0.006 -0.5775 0.9175 0 0.5 2666.66666666667 1 5 0.0861026990534116 5 1000 15240 5
"4160" "Z" 0.006 -0.61875 0.29875 0 1 2666.66666666667 1 5 1.20814817573642 5 1000 15281 5
"4161" "Z" 0.06 -0.4125 0.05125 0 1 2666.66666666667 1 5 2.97103966096362 5 1000 17257 5
"4162" "Z" 0.06 -0.0825 0.67 0 0 2666.66666666667 1 5 0.400477566597125 5 1000 16515 5
"4163" "Z" 0.06 0 0.01 1 1 2666.66666666667 1 5 4.60517018598809 5 1000 16254 5
"4164" "Z" 0.006 -0.4125 0.2575 1 1 2666.66666666667 1 5 1.35673555887835 5 1000 14778 5
"4165" "Z" 0.06 -0.28875 0.13375 0 1 2666.66666666667 1 5 2.01178289320602 5 1000 16965 5
"4166" "Z" 0.06 -0.825 0.67 0 0.5 2666.66666666667 1 5 0.400477566597125 5 1000 18316 5
"4167" "Z" 0.06 -0.86625 0.21625 1 1 2666.66666666667 1 5 1.53132013317015 5 1000 18374 5
"4168" "Z" 0.06 -0.20625 0.505 1 1 2666.66666666667 1 5 0.683196849706777 5 1000 16802 5
"4169" "Z" 0.06 -0.20625 0.34 0 0 2666.66666666667 1 5 1.07880966137193 5 1000 16783 5
"4170" "Z" 0.06 -0.12375 0.2575 0 0 2666.66666666667 1 5 1.35673555887835 5 1000 16575 5
"4171" "Z" 0.06 -0.12375 0.01 0 0 2666.66666666667 1 5 4.60517018598809 5 1000 16551 5
"4172" "Z" 0.006 -0.99 0.0925 1 1 2666.66666666667 1 5 2.38054663446376 5 1000 16162 5
"4173" "Z" 0.06 -0.5775 0.46375 0 1 2666.66666666667 1 5 0.768409665060492 5 1000 17697 5
"4174" "Z" 0.06 -0.12375 0.29875 0 0.5 2666.66666666667 1 5 1.20814817573642 5 1000 16580 5
"4175" "Z" 0.06 -0.66 0.0925 1 1 2666.66666666667 1 5 2.38054663446376 5 1000 17862 5
"4176" "Z" 0.06 -0.20625 0.05125 1 1 2666.66666666667 1 5 2.97103966096362 5 1000 16758 5
"4177" "Z" 0.06 0 0.2575 0 0.5 2666.66666666667 1 5 1.35673555887835 5 1000 16276 5
"4178" "Z" 0.06 -0.78375 0.9175 0 1 2666.66666666667 1 5 0.0861026990534116 5 1000 18241 5
"4179" "Z" 0.006 0 0.835 0 0.5 2666.66666666667 1 5 0.180323554131281 5 1000 13832 5
"4180" "Z" 0.006 -0.20625 0.79375 0 0 2666.66666666667 1 5 0.230986728775236 5 1000 14327 5
"4181" "Z" 0.06 -0.4125 0.835 0 1 2666.66666666667 1 5 0.180323554131281 5 1000 17333 5
"4182" "Z" 0.06 -0.0825 0.7525 0 1 2666.66666666667 1 5 0.284354282359106 5 1000 16525 5
"4183" "Z" 0.06 -0.4125 0.62875 0 1 2666.66666666667 1 5 0.464021557568188 5 1000 17313 5
"4184" "Z" 0.06 -0.94875 0.29875 0 1 2666.66666666667 1 5 1.20814817573642 5 1000 18581 5
"4185" "Z" 0.006 -0.61875 0.4225 0 0 2666.66666666667 1 5 0.861565832184908 5 1000 15291 5
"4186" "Z" 0.06 -0.7425 0.38125 0 0.5 2666.66666666667 1 5 0.964299951060516 5 1000 18088 5
"4187" "Z" 0.06 -0.4125 0.95875 1 1 2666.66666666667 1 5 0.042124926300671 5 1000 17346 5
"4188" "Z" 0.006 -0.4125 0.46375 0 0.5 2666.66666666667 1 5 0.768409665060492 5 1000 14796 5
"4189" "Z" 0.006 -0.2475 0.95875 1 1 2666.66666666667 1 5 0.042124926300671 5 1000 14446 5
"4190" "Z" 0.006 -0.66 0.13375 0 0.5 2666.66666666667 1 5 2.01178289320602 5 1000 15364 5
"4191" "Z" 0.06 -0.20625 0.67 1 1 2666.66666666667 1 5 0.400477566597125 5 1000 16818 5
"4192" "Z" 0.06 -0.7425 0.38125 1 1 2666.66666666667 1 5 0.964299951060516 5 1000 18090 5
"4193" "Z" 0.006 -0.12375 0.4225 0 1 2666.66666666667 1 5 0.861565832184908 5 1000 14093 5
"4194" "Z" 0.006 -0.9075 0.9175 1 1 2666.66666666667 1 5 0.0861026990534116 5 1000 16042 5
"4195" "Z" 0.06 -0.86625 0.54625 0 0.5 2666.66666666667 1 5 0.604678532572337 5 1000 18404 5
"4196" "Z" 0.06 -0.37125 0.5875 0 1 2666.66666666667 1 5 0.531879032963823 5 1000 17209 5
"4197" "Z" 0.006 -0.5775 0.505 0 0 2666.66666666667 1 5 0.683196849706777 5 1000 15199 5
"4198" "Z" 0.06 -0.53625 0.71125 0 1 2666.66666666667 1 5 0.340731293541596 5 1000 17621 5
"4199" "Z" 0.06 -0.2475 0.175 0 0 2666.66666666667 1 5 1.74296930505862 5 1000 16867 5
"4200" "Z" 0.06 -0.37125 0.2575 1 1 2666.66666666667 1 5 1.35673555887835 5 1000 17178 5
"4201" "Z" 0.006 -0.66 0.2575 0 0 2666.66666666667 1 5 1.35673555887835 5 1000 15375 5
"4202" "Z" 0.006 -0.4125 0.62875 0 0 2666.66666666667 1 5 0.464021557568188 5 1000 14811 5
"4203" "Z" 0.06 -0.94875 0.0925 0 0 2666.66666666667 1 5 2.38054663446376 5 1000 18559 5
"4204" "Z" 0.06 -0.165 0.87625 1 1 2666.66666666667 1 5 0.132103840633337 5 1000 16738 5
"4205" "Z" 0.006 -0.33 0.5875 0 0.5 2666.66666666667 1 5 0.531879032963823 5 1000 14608 5
"4206" "Z" 0.006 -0.53625 0.175 1 1 2666.66666666667 1 5 1.74296930505862 5 1000 15070 5
"4207" "Z" 0.06 -0.2475 0.01 0 0.5 2666.66666666667 1 5 4.60517018598809 5 1000 16852 5
"4208" "Z" 0.006 -0.4125 0.9175 0 1 2666.66666666667 1 5 0.0861026990534116 5 1000 14841 5
"4209" "Z" 0.06 -0.04125 0.62875 0 0.5 2666.66666666667 1 5 0.464021557568188 5 1000 16412 5
"4210" "Z" 0.06 0 0.87625 0 1 2666.66666666667 1 5 0.132103840633337 5 1000 16337 5
"4211" "Z" 0.006 -0.45375 0.175 1 1 2666.66666666667 1 5 1.74296930505862 5 1000 14870 5
"4212" "Z" 0.006 -0.5775 0.4225 0 0 2666.66666666667 1 5 0.861565832184908 5 1000 15191 5
"4213" "Z" 0.06 -0.12375 0.62875 0 1 2666.66666666667 1 5 0.464021557568188 5 1000 16613 5
"4214" "Z" 0.06 -0.2475 0.9175 1 1 2666.66666666667 1 5 0.0861026990534116 5 1000 16942 5
"4215" "Z" 0.006 -0.495 0.54625 0 1 2666.66666666667 1 5 0.604678532572337 5 1000 15005 5
"4216" "Z" 0.06 -0.495 0.62875 1 1 2666.66666666667 1 5 0.464021557568188 5 1000 17514 5
"4217" "Z" 0.06 -0.94875 0.7525 0 0 2666.66666666667 1 5 0.284354282359106 5 1000 18623 5
"4218" "Z" 0.006 -0.825 0.38125 0 0 2666.66666666667 1 5 0.964299951060516 5 1000 15787 5
"4219" "Z" 0.006 -0.61875 0.2575 0 0.5 2666.66666666667 1 5 1.35673555887835 5 1000 15276 5
"4220" "Z" 0.06 -0.78375 0.38125 0 0 2666.66666666667 1 5 0.964299951060516 5 1000 18187 5
"4221" "Z" 0.06 -0.94875 0.46375 1 1 2666.66666666667 1 5 0.768409665060492 5 1000 18598 5
"4222" "Z" 0.06 -0.37125 0.87625 0 0 2666.66666666667 1 5 0.132103840633337 5 1000 17235 5
"4223" "Z" 0.06 0 0.29875 0 0.5 2666.66666666667 1 5 1.20814817573642 5 1000 16280 5
"4224" "Z" 0.006 -0.4125 1 0 1 2666.66666666667 1 5 0 5 1000 14849 5
"4225" "Z" 0.006 0 0.71125 0 1 2666.66666666667 1 5 0.340731293541596 5 1000 13821 5
"4226" "Z" 0.06 -0.86625 0.95875 0 0 2666.66666666667 1 5 0.042124926300671 5 1000 18443 5
"4227" "Z" 0.06 -0.495 0.34 0 0.5 2666.66666666667 1 5 1.07880966137193 5 1000 17484 5
"4228" "Z" 0.006 -0.7425 0.46375 0 1 2666.66666666667 1 5 0.768409665060492 5 1000 15597 5
"4229" "Z" 0.06 -0.53625 0.175 0 1 2666.66666666667 1 5 1.74296930505862 5 1000 17569 5
"4230" "Z" 0.06 -0.5775 0.71125 0 1 2666.66666666667 1 5 0.340731293541596 5 1000 17721 5
"4231" "Z" 0.006 -0.165 0.62875 0 1 2666.66666666667 1 5 0.464021557568188 5 1000 14213 5
"4232" "Z" 0.006 -0.37125 0.62875 1 1 2666.66666666667 1 5 0.464021557568188 5 1000 14714 5
"4233" "Z" 0.06 -0.78375 0.7525 0 1 2666.66666666667 1 5 0.284354282359106 5 1000 18225 5
"4234" "Z" 0.006 -0.53625 0.71125 0 0 2666.66666666667 1 5 0.340731293541596 5 1000 15119 5
"4235" "Z" 0.006 -0.37125 1 0 0 2666.66666666667 1 5 0 5 1000 14747 5
"4236" "Z" 0.06 -0.45375 0.13375 0 0.5 2666.66666666667 1 5 2.01178289320602 5 1000 17364 5
"4237" "Z" 0.006 -0.94875 0.21625 0 0 2666.66666666667 1 5 1.53132013317015 5 1000 16071 5
"4238" "Z" 0.006 -0.94875 0.13375 0 1 2666.66666666667 1 5 2.01178289320602 5 1000 16065 5
"4239" "Z" 0.06 -0.70125 0.505 0 0.5 2666.66666666667 1 5 0.683196849706777 5 1000 18000 5
"4240" "Z" 0.006 0 0.54625 0 0.5 2666.66666666667 1 5 0.604678532572337 5 1000 13804 5
"4241" "Z" 0.06 -0.5775 0.2575 1 1 2666.66666666667 1 5 1.35673555887835 5 1000 17678 5
"4242" "Z" 0.006 -0.66 0.505 0 0.5 2666.66666666667 1 5 0.683196849706777 5 1000 15400 5
"4243" "Z" 0.006 -0.94875 0.71125 0 1 2666.66666666667 1 5 0.340731293541596 5 1000 16121 5
"4244" "Z" 0.006 0 0.505 1 1 2666.66666666667 1 5 0.683196849706777 5 1000 13802 5
"4245" "Z" 0.006 -0.2475 1 1 1 2666.66666666667 1 5 0 5 1000 14450 5
"4246" "Z" 0.06 -0.165 0.2575 0 0.5 2666.66666666667 1 5 1.35673555887835 5 1000 16676 5
"4247" "Z" 0.06 -0.20625 0.0925 0 1 2666.66666666667 1 5 2.38054663446376 5 1000 16761 5
"4248" "Z" 0.06 -0.61875 0.29875 0 1 2666.66666666667 1 5 1.20814817573642 5 1000 17781 5
"4249" "Z" 0.06 0 0.95875 1 1 2666.66666666667 1 5 0.042124926300671 5 1000 16346 5
"4250" "Z" 0.06 -0.165 0.67 1 1 2666.66666666667 1 5 0.400477566597125 5 1000 16718 5
"4251" "Z" 0.006 -0.66 0.2575 1 1 2666.66666666667 1 5 1.35673555887835 5 1000 15378 5
"4252" "Z" 0.006 -0.495 0.38125 0 0 2666.66666666667 1 5 0.964299951060516 5 1000 14987 5
"4253" "Z" 0.06 -0.86625 0.46375 0 0 2666.66666666667 1 5 0.768409665060492 5 1000 18395 5
"4254" "Z" 0.06 -0.28875 0.21625 0 1 2666.66666666667 1 5 1.53132013317015 5 1000 16973 5
"4255" "Z" 0.06 -0.495 0.0925 0 1 2666.66666666667 1 5 2.38054663446376 5 1000 17461 5
"4256" "Z" 0.006 -0.33 0.13375 0 1 2666.66666666667 1 5 2.01178289320602 5 1000 14565 5
"4257" "Z" 0.006 -0.0825 0.29875 0 0 2666.66666666667 1 5 1.20814817573642 5 1000 13979 5
"4258" "Z" 0.06 -0.70125 0.38125 0 0.5 2666.66666666667 1 5 0.964299951060516 5 1000 17988 5
"4259" "Z" 0.06 -0.495 0.79375 0 0 2666.66666666667 1 5 0.230986728775236 5 1000 17527 5
"4260" "Z" 0.06 -0.99 0.4225 0 0.5 2666.66666666667 1 5 0.861565832184908 5 1000 18692 5
"4261" "Z" 0.006 -0.53625 0.01 0 0 2666.66666666667 1 5 4.60517018598809 5 1000 15051 5
"4262" "Z" 0.006 0 1 0 0 2666.66666666667 1 5 0 5 1000 13847 5
"4263" "Z" 0.006 -0.28875 0.79375 0 1 2666.66666666667 1 5 0.230986728775236 5 1000 14529 5
"4264" "Z" 0.006 -0.28875 0.835 1 1 2666.66666666667 1 5 0.180323554131281 5 1000 14534 5
"4265" "Z" 0.06 -0.20625 0.21625 0 0 2666.66666666667 1 5 1.53132013317015 5 1000 16771 5
"4266" "Z" 0.006 -0.12375 0.38125 0 0.5 2666.66666666667 1 5 0.964299951060516 5 1000 14088 5
"4267" "Z" 0.006 -0.94875 0.2575 0 0.5 2666.66666666667 1 5 1.35673555887835 5 1000 16076 5
"4268" "Z" 0.06 -0.94875 0.87625 0 1 2666.66666666667 1 5 0.132103840633337 5 1000 18637 5
"4269" "Z" 0.06 -0.20625 0.87625 1 1 2666.66666666667 1 5 0.132103840633337 5 1000 16838 5
"4270" "Z" 0.006 0 0.67 0 0 2666.66666666667 1 5 0.400477566597125 5 1000 13815 5
"4271" "Z" 0.06 -0.66 0.54625 0 1 2666.66666666667 1 5 0.604678532572337 5 1000 17905 5
"4272" "Z" 0.06 -0.12375 0.34 0 0.5 2666.66666666667 1 5 1.07880966137193 5 1000 16584 5
"4273" "Z" 0.06 -0.165 0.95875 1 1 2666.66666666667 1 5 0.042124926300671 5 1000 16746 5
"4274" "Z" 0.006 -0.825 0.67 0 0 2666.66666666667 1 5 0.400477566597125 5 1000 15815 5
"4275" "Z" 0.06 -0.94875 0.05125 0 1 2666.66666666667 1 5 2.97103966096362 5 1000 18557 5
"4276" "Z" 0.06 -0.825 0.95875 0 0.5 2666.66666666667 1 5 0.042124926300671 5 1000 18344 5
"4277" "Z" 0.06 -0.0825 0.175 1 1 2666.66666666667 1 5 1.74296930505862 5 1000 16470 5
"4278" "Z" 0.006 -0.61875 0.95875 0 0.5 2666.66666666667 1 5 0.042124926300671 5 1000 15344 5
"4279" "Z" 0.06 -0.61875 0.71125 0 0 2666.66666666667 1 5 0.340731293541596 5 1000 17819 5
"4280" "Z" 0.06 -0.4125 0.54625 1 1 2666.66666666667 1 5 0.604678532572337 5 1000 17306 5
"4281" "Z" 0.06 -0.53625 0.62875 0 1 2666.66666666667 1 5 0.464021557568188 5 1000 17613 5
"4282" "Z" 0.06 -0.94875 0.9175 0 1 2666.66666666667 1 5 0.0861026990534116 5 1000 18641 5
"4283" "Z" 0.06 -0.04125 0.13375 0 1 2666.66666666667 1 5 2.01178289320602 5 1000 16365 5
"4284" "Z" 0.06 -0.70125 0.95875 0 0 2666.66666666667 1 5 0.042124926300671 5 1000 18043 5
"4285" "Z" 0.006 -0.45375 0.21625 1 1 2666.66666666667 1 5 1.53132013317015 5 1000 14874 5
"4286" "Z" 0.006 -0.7425 0.34 0 0.5 2666.66666666667 1 5 1.07880966137193 5 1000 15584 5
"4287" "Z" 0.06 -0.53625 0.38125 1 1 2666.66666666667 1 5 0.964299951060516 5 1000 17590 5
"4288" "Z" 0.006 -0.70125 0.46375 1 1 2666.66666666667 1 5 0.768409665060492 5 1000 15498 5
"4289" "Z" 0.06 -0.4125 1 0 0.5 2666.66666666667 1 5 0 5 1000 17348 5
"4290" "Z" 0.06 -0.61875 0.175 0 1 2666.66666666667 1 5 1.74296930505862 5 1000 17769 5
"4291" "Z" 0.06 -0.4125 0.79375 0 0 2666.66666666667 1 5 0.230986728775236 5 1000 17327 5
"4292" "Z" 0.06 -0.825 0.05125 0 0.5 2666.66666666667 1 5 2.97103966096362 5 1000 18256 5
"4293" "Z" 0.006 -0.53625 0.01 1 1 2666.66666666667 1 5 4.60517018598809 5 1000 15054 5
"4294" "Z" 0.06 -0.495 0.95875 0 0.5 2666.66666666667 1 5 0.042124926300671 5 1000 17544 5
"4295" "Z" 0.06 -0.495 0.0925 0 0 2666.66666666667 1 5 2.38054663446376 5 1000 17459 5
"4296" "Z" 0.006 -0.33 0.34 1 1 2666.66666666667 1 5 1.07880966137193 5 1000 14586 5
"4297" "Z" 0.006 -0.165 0.835 1 1 2666.66666666667 1 5 0.180323554131281 5 1000 14234 5
"4298" "Z" 0.006 -0.53625 0.29875 0 0.5 2666.66666666667 1 5 1.20814817573642 5 1000 15080 5
"4299" "Z" 0.006 -0.825 1 1 1 2666.66666666667 1 5 0 5 1000 15850 5
"4300" "Z" 0.06 -0.78375 0.4225 0 0.5 2666.66666666667 1 5 0.861565832184908 5 1000 18192 5
"4301" "Z" 0.006 -0.28875 0.21625 0 0.5 2666.66666666667 1 5 1.53132013317015 5 1000 14472 5
"4302" "Z" 0.06 -0.37125 0.175 0 0 2666.66666666667 1 5 1.74296930505862 5 1000 17167 5
"4303" "Z" 0.06 -0.86625 0.87625 0 1 2666.66666666667 1 5 0.132103840633337 5 1000 18437 5
"4304" "Z" 0.006 -0.45375 0.29875 0 0.5 2666.66666666667 1 5 1.20814817573642 5 1000 14880 5
"4305" "Z" 0.06 -0.86625 0.29875 0 1 2666.66666666667 1 5 1.20814817573642 5 1000 18381 5
"4306" "Z" 0.06 -0.825 1 0 1 2666.66666666667 1 5 0 5 1000 18349 5
"4307" "Z" 0.006 -0.70125 0.87625 1 1 2666.66666666667 1 5 0.132103840633337 5 1000 15538 5
"4308" "Z" 0.006 -0.20625 0.34 1 1 2666.66666666667 1 5 1.07880966137193 5 1000 14286 5
"4309" "Z" 0.006 -0.28875 0.95875 0 0 2666.66666666667 1 5 0.042124926300671 5 1000 14543 5
"4310" "Z" 0.006 -0.825 0.2575 1 1 2666.66666666667 1 5 1.35673555887835 5 1000 15778 5
"4311" "Z" 0.006 -0.5775 0.21625 1 1 2666.66666666667 1 5 1.53132013317015 5 1000 15174 5
"4312" "Z" 0.06 -0.9075 0.67 1 1 2666.66666666667 1 5 0.400477566597125 5 1000 18518 5
"4313" "Z" 0.06 -0.4125 0.34 0 0 2666.66666666667 1 5 1.07880966137193 5 1000 17283 5
"4314" "Z" 0.06 -0.78375 0.34 1 1 2666.66666666667 1 5 1.07880966137193 5 1000 18186 5
"4315" "Z" 0.06 -0.495 0.835 0 0 2666.66666666667 1 5 0.180323554131281 5 1000 17531 5
"4316" "Z" 0.006 -0.37125 0.46375 0 0.5 2666.66666666667 1 5 0.768409665060492 5 1000 14696 5
"4317" "Z" 0.06 -0.2475 0.835 0 0 2666.66666666667 1 5 0.180323554131281 5 1000 16931 5
"4318" "Z" 0.06 -0.7425 0.505 0 1 2666.66666666667 1 5 0.683196849706777 5 1000 18101 5
"4319" "Z" 0.006 -0.70125 0.79375 0 1 2666.66666666667 1 5 0.230986728775236 5 1000 15529 5
"4320" "Z" 0.06 -0.2475 0.87625 0 0 2666.66666666667 1 5 0.132103840633337 5 1000 16935 5
"4321" "Z" 0.06 0 0.71125 1 1 2666.66666666667 1 5 0.340731293541596 5 1000 16322 5
"4322" "Z" 0.006 -0.99 0.67 1 1 2666.66666666667 1 5 0.400477566597125 5 1000 16218 5
"4323" "Z" 0.06 -0.4125 0.175 1 1 2666.66666666667 1 5 1.74296930505862 5 1000 17270 5
"4324" "Z" 0.006 -0.70125 0.835 1 1 2666.66666666667 1 5 0.180323554131281 5 1000 15534 5
"4325" "Z" 0.006 -0.70125 0.29875 1 1 2666.66666666667 1 5 1.20814817573642 5 1000 15482 5
"4326" "Z" 0.006 -0.5775 0.0925 0 0.5 2666.66666666667 1 5 2.38054663446376 5 1000 15160 5
"4327" "Z" 0.06 -0.99 0.71125 1 1 2666.66666666667 1 5 0.340731293541596 5 1000 18722 5
"4328" "Z" 0.06 -0.33 0.95875 0 1 2666.66666666667 1 5 0.042124926300671 5 1000 17145 5
"4329" "Z" 0.06 -0.825 0.95875 0 1 2666.66666666667 1 5 0.042124926300671 5 1000 18345 5
"4330" "Z" 0.06 -0.61875 0.38125 0 1 2666.66666666667 1 5 0.964299951060516 5 1000 17789 5
"4331" "Z" 0.006 -0.45375 0.505 0 1 2666.66666666667 1 5 0.683196849706777 5 1000 14901 5
"4332" "Z" 0.06 0 0.87625 1 1 2666.66666666667 1 5 0.132103840633337 5 1000 16338 5
"4333" "Z" 0.006 -0.12375 0.835 0 0 2666.66666666667 1 5 0.180323554131281 5 1000 14131 5
"4334" "Z" 0.006 -0.61875 0.95875 1 1 2666.66666666667 1 5 0.042124926300671 5 1000 15346 5
"4335" "Z" 0.06 -0.12375 0.175 0 0 2666.66666666667 1 5 1.74296930505862 5 1000 16567 5
"4336" "Z" 0.006 -0.7425 0.175 0 0.5 2666.66666666667 1 5 1.74296930505862 5 1000 15568 5
"4337" "Z" 0.006 -0.2475 0.2575 0 0.5 2666.66666666667 1 5 1.35673555887835 5 1000 14376 5
"4338" "Z" 0.006 -0.12375 0.4225 0 0 2666.66666666667 1 5 0.861565832184908 5 1000 14091 5
"4339" "Z" 0.06 -0.66 1 1 1 2666.66666666667 1 5 0 5 1000 17950 5
"4340" "Z" 0.006 -0.12375 0.87625 0 1 2666.66666666667 1 5 0.132103840633337 5 1000 14137 5
"4341" "Z" 0.06 -0.495 0.95875 0 1 2666.66666666667 1 5 0.042124926300671 5 1000 17545 5
"4342" "Z" 0.006 -0.66 0.21625 0 0 2666.66666666667 1 5 1.53132013317015 5 1000 15371 5
"4343" "Z" 0.06 -0.0825 0.13375 0 0.5 2666.66666666667 1 5 2.01178289320602 5 1000 16464 5
"4344" "Z" 0.006 -0.0825 0.05125 0 0.5 2666.66666666667 1 5 2.97103966096362 5 1000 13956 5
"4345" "Z" 0.006 -0.7425 0.46375 0 0 2666.66666666667 1 5 0.768409665060492 5 1000 15595 5
"4346" "Z" 0.06 -0.4125 0.21625 0 0 2666.66666666667 1 5 1.53132013317015 5 1000 17271 5
"4347" "Z" 0.006 -0.4125 0.05125 1 1 2666.66666666667 1 5 2.97103966096362 5 1000 14758 5
"4348" "Z" 0.06 -0.165 0.9175 0 0 2666.66666666667 1 5 0.0861026990534116 5 1000 16739 5
"4349" "Z" 0.06 -0.78375 0.0925 0 1 2666.66666666667 1 5 2.38054663446376 5 1000 18161 5
"4350" "Z" 0.06 -0.86625 0.01 0 0.5 2666.66666666667 1 5 4.60517018598809 5 1000 18352 5
"4351" "Z" 0.06 -0.04125 0.87625 0 0 2666.66666666667 1 5 0.132103840633337 5 1000 16435 5
"4352" "Z" 0.006 -0.165 0.175 0 1 2666.66666666667 1 5 1.74296930505862 5 1000 14169 5
"4353" "Z" 0.06 -0.99 0.2575 1 1 2666.66666666667 1 5 1.35673555887835 5 1000 18678 5
"4354" "Z" 0.006 -0.20625 0.0925 0 0 2666.66666666667 1 5 2.38054663446376 5 1000 14259 5
"4355" "Z" 0.006 -0.0825 0.5875 0 1 2666.66666666667 1 5 0.531879032963823 5 1000 14009 5
"4356" "Z" 0.06 -0.495 0.0925 0 0.5 2666.66666666667 1 5 2.38054663446376 5 1000 17460 5
"4357" "Z" 0.006 -0.9075 0.0925 0 0 2666.66666666667 1 5 2.38054663446376 5 1000 15959 5
"4358" "Z" 0.06 -0.0825 0.34 0 0.5 2666.66666666667 1 5 1.07880966137193 5 1000 16484 5
"4359" "Z" 0.006 -0.2475 0.5875 0 0 2666.66666666667 1 5 0.531879032963823 5 1000 14407 5
"4360" "Z" 0.006 -0.7425 0.05125 0 0 2666.66666666667 1 5 2.97103966096362 5 1000 15555 5
"4361" "Z" 0.006 -0.12375 0.7525 1 1 2666.66666666667 1 5 0.284354282359106 5 1000 14126 5
"4362" "Z" 0.006 -0.61875 0.9175 0 1 2666.66666666667 1 5 0.0861026990534116 5 1000 15341 5
"4363" "Z" 0.006 -0.12375 0.505 0 0 2666.66666666667 1 5 0.683196849706777 5 1000 14099 5
"4364" "Z" 0.006 -0.37125 0.9175 0 0.5 2666.66666666667 1 5 0.0861026990534116 5 1000 14740 5
"4365" "Z" 0.06 -0.2475 0.7525 0 0 2666.66666666667 1 5 0.284354282359106 5 1000 16923 5
"4366" "Z" 0.006 -0.04125 0.505 0 0 2666.66666666667 1 5 0.683196849706777 5 1000 13899 5
"4367" "Z" 0.006 -0.825 0.62875 0 0 2666.66666666667 1 5 0.464021557568188 5 1000 15811 5
"4368" "Z" 0.06 -0.12375 0.38125 1 1 2666.66666666667 1 5 0.964299951060516 5 1000 16590 5
"4369" "Z" 0.06 -0.66 0.62875 0 0.5 2666.66666666667 1 5 0.464021557568188 5 1000 17912 5
"4370" "Z" 0.006 -0.5775 0.5875 0 0.5 2666.66666666667 1 5 0.531879032963823 5 1000 15208 5
"4371" "Z" 0.006 -0.28875 0.5875 1 1 2666.66666666667 1 5 0.531879032963823 5 1000 14510 5
"4372" "Z" 0.06 -0.86625 0.7525 0 1 2666.66666666667 1 5 0.284354282359106 5 1000 18425 5
"4373" "Z" 0.06 -0.70125 0.46375 0 0 2666.66666666667 1 5 0.768409665060492 5 1000 17995 5
"4374" "Z" 0.006 -0.37125 0.0925 0 0.5 2666.66666666667 1 5 2.38054663446376 5 1000 14660 5
"4375" "Z" 0.006 -0.99 0.505 0 0 2666.66666666667 1 5 0.683196849706777 5 1000 16199 5
"4376" "Z" 0.006 -0.99 0.175 0 1 2666.66666666667 1 5 1.74296930505862 5 1000 16169 5
"4377" "Z" 0.06 -0.33 0.7525 0 0.5 2666.66666666667 1 5 0.284354282359106 5 1000 17124 5
"4378" "Z" 0.006 -0.5775 0.95875 0 1 2666.66666666667 1 5 0.042124926300671 5 1000 15245 5
"4379" "Z" 0.006 -0.94875 0.5875 0 1 2666.66666666667 1 5 0.531879032963823 5 1000 16109 5
"4380" "Z" 0.06 -0.86625 0.79375 0 0 2666.66666666667 1 5 0.230986728775236 5 1000 18427 5
"4381" "Z" 0.006 0 0.21625 0 1 2666.66666666667 1 5 1.53132013317015 5 1000 13773 5
"4382" "Z" 0.06 -0.53625 0.95875 0 1 2666.66666666667 1 5 0.042124926300671 5 1000 17645 5
"4383" "Z" 0.06 -0.86625 0.4225 0 0 2666.66666666667 1 5 0.861565832184908 5 1000 18391 5
"4384" "Z" 0.06 -0.165 0.34 0 1 2666.66666666667 1 5 1.07880966137193 5 1000 16685 5
"4385" "Z" 0.006 -0.7425 0.29875 0 0.5 2666.66666666667 1 5 1.20814817573642 5 1000 15580 5
"4386" "Z" 0.006 -0.53625 0.54625 0 1 2666.66666666667 1 5 0.604678532572337 5 1000 15105 5
"4387" "Z" 0.006 -0.99 0.46375 0 0 2666.66666666667 1 5 0.768409665060492 5 1000 16195 5
"4388" "Z" 0.006 -0.94875 0.0925 1 1 2666.66666666667 1 5 2.38054663446376 5 1000 16062 5
"4389" "Z" 0.06 -0.45375 0.505 0 0 2666.66666666667 1 5 0.683196849706777 5 1000 17399 5
"4390" "Z" 0.06 -0.12375 0.4225 1 1 2666.66666666667 1 5 0.861565832184908 5 1000 16594 5
"4391" "Z" 0.06 -0.33 0.175 1 1 2666.66666666667 1 5 1.74296930505862 5 1000 17070 5
"4392" "Z" 0.06 -0.4125 0.7525 1 1 2666.66666666667 1 5 0.284354282359106 5 1000 17326 5
"4393" "Z" 0.006 -0.37125 0.95875 0 0 2666.66666666667 1 5 0.042124926300671 5 1000 14743 5
"4394" "Z" 0.006 -0.37125 0.71125 0 0 2666.66666666667 1 5 0.340731293541596 5 1000 14719 5
"4395" "Z" 0.006 -0.94875 0.4225 0 0.5 2666.66666666667 1 5 0.861565832184908 5 1000 16092 5
"4396" "Z" 0.06 -0.45375 0.01 0 0 2666.66666666667 1 5 4.60517018598809 5 1000 17351 5
"4397" "Z" 0.006 -0.61875 0.95875 0 1 2666.66666666667 1 5 0.042124926300671 5 1000 15345 5
"4398" "Z" 0.006 -0.61875 0.21625 0 0.5 2666.66666666667 1 5 1.53132013317015 5 1000 15272 5
"4399" "Z" 0.06 -0.165 1 0 0.5 2666.66666666667 1 5 0 5 1000 16748 5
"4400" "Z" 0.06 -0.20625 0.46375 1 1 2666.66666666667 1 5 0.768409665060492 5 1000 16798 5
"4401" "Z" 0.006 -0.66 0.0925 1 1 2666.66666666667 1 5 2.38054663446376 5 1000 15362 5
"4402" "Z" 0.006 -0.33 0.835 0 0 2666.66666666667 1 5 0.180323554131281 5 1000 14631 5
"4403" "Z" 0.06 -0.99 0.54625 0 0 2666.66666666667 1 5 0.604678532572337 5 1000 18703 5
"4404" "Z" 0.006 -0.9075 0.87625 0 0.5 2666.66666666667 1 5 0.132103840633337 5 1000 16036 5
"4405" "Z" 0.06 0 0.67 0 1 2666.66666666667 1 5 0.400477566597125 5 1000 16317 5
"4406" "Z" 0.006 -0.86625 0.34 1 1 2666.66666666667 1 5 1.07880966137193 5 1000 15886 5
"4407" "Z" 0.006 -0.04125 0.34 0 1 2666.66666666667 1 5 1.07880966137193 5 1000 13885 5
"4408" "Z" 0.06 -0.7425 0.13375 1 1 2666.66666666667 1 5 2.01178289320602 5 1000 18066 5
"4409" "Z" 0.06 0 0.0925 0 0.5 2666.66666666667 1 5 2.38054663446376 5 1000 16260 5
"4410" "Z" 0.006 -0.7425 0.2575 1 1 2666.66666666667 1 5 1.35673555887835 5 1000 15578 5
"4411" "Z" 0.006 -0.2475 0.5875 1 1 2666.66666666667 1 5 0.531879032963823 5 1000 14410 5
"4412" "Z" 0.006 -0.2475 0.29875 0 0 2666.66666666667 1 5 1.20814817573642 5 1000 14379 5
"4413" "Z" 0.006 -0.61875 0.7525 0 0 2666.66666666667 1 5 0.284354282359106 5 1000 15323 5
"4414" "Z" 0.006 -0.78375 0.13375 0 0 2666.66666666667 1 5 2.01178289320602 5 1000 15663 5
"4415" "Z" 0.006 -0.20625 0.5875 0 0.5 2666.66666666667 1 5 0.531879032963823 5 1000 14308 5
"4416" "Z" 0.06 -0.9075 0.95875 1 1 2666.66666666667 1 5 0.042124926300671 5 1000 18546 5
"4417" "Z" 0.06 -0.04125 0.46375 1 1 2666.66666666667 1 5 0.768409665060492 5 1000 16398 5
"4418" "Z" 0.06 -0.495 0.62875 0 0 2666.66666666667 1 5 0.464021557568188 5 1000 17511 5
"4419" "Z" 0.006 -0.66 0.13375 0 0 2666.66666666667 1 5 2.01178289320602 5 1000 15363 5
"4420" "Z" 0.006 -0.33 0.505 0 0 2666.66666666667 1 5 0.683196849706777 5 1000 14599 5
"4421" "Z" 0.006 -0.0825 0.62875 0 0.5 2666.66666666667 1 5 0.464021557568188 5 1000 14012 5
"4422" "Z" 0.06 -0.28875 0.87625 0 0 2666.66666666667 1 5 0.132103840633337 5 1000 17035 5
"4423" "Z" 0.006 -0.7425 0.29875 0 1 2666.66666666667 1 5 1.20814817573642 5 1000 15581 5
"4424" "Z" 0.06 -0.33 0.38125 0 0.5 2666.66666666667 1 5 0.964299951060516 5 1000 17088 5
"4425" "Z" 0.006 -0.66 0.5875 0 1 2666.66666666667 1 5 0.531879032963823 5 1000 15409 5
"4426" "Z" 0.06 -0.9075 0.29875 1 1 2666.66666666667 1 5 1.20814817573642 5 1000 18482 5
"4427" "Z" 0.006 -0.4125 0.0925 0 0.5 2666.66666666667 1 5 2.38054663446376 5 1000 14760 5
"4428" "Z" 0.06 -0.70125 0.21625 0 0 2666.66666666667 1 5 1.53132013317015 5 1000 17971 5
"4429" "Z" 0.006 -0.33 0.4225 0 0 2666.66666666667 1 5 0.861565832184908 5 1000 14591 5
"4430" "Z" 0.06 -0.9075 0.5875 1 1 2666.66666666667 1 5 0.531879032963823 5 1000 18510 5
"4431" "Z" 0.06 -0.20625 0.01 1 1 2666.66666666667 1 5 4.60517018598809 5 1000 16754 5
"4432" "Z" 0.06 -0.61875 0.38125 0 0 2666.66666666667 1 5 0.964299951060516 5 1000 17787 5
"4433" "Z" 0.06 -0.45375 0.62875 0 1 2666.66666666667 1 5 0.464021557568188 5 1000 17413 5
"4434" "Z" 0.06 0 0.4225 0 1 2666.66666666667 1 5 0.861565832184908 5 1000 16293 5
"4435" "Z" 0.006 -0.2475 0.0925 0 0.5 2666.66666666667 1 5 2.38054663446376 5 1000 14360 5
"4436" "Z" 0.06 0 0.21625 0 1 2666.66666666667 1 5 1.53132013317015 5 1000 16273 5
"4437" "Z" 0.006 -0.61875 1 0 1 2666.66666666667 1 5 0 5 1000 15349 5
"4438" "Z" 0.006 -0.70125 0.38125 0 0.5 2666.66666666667 1 5 0.964299951060516 5 1000 15488 5
"4439" "Z" 0.06 -0.37125 0.62875 0 1 2666.66666666667 1 5 0.464021557568188 5 1000 17213 5
"4440" "Z" 0.06 -0.66 0.175 1 1 2666.66666666667 1 5 1.74296930505862 5 1000 17870 5
"4441" "Z" 0.06 -0.04125 1 0 0 2666.66666666667 1 5 0 5 1000 16447 5
"4442" "Z" 0.06 -0.825 0.0925 0 0 2666.66666666667 1 5 2.38054663446376 5 1000 18259 5
"4443" "Z" 0.06 -0.5775 0.13375 1 1 2666.66666666667 1 5 2.01178289320602 5 1000 17666 5
"4444" "Z" 0.006 -0.0825 0.2575 1 1 2666.66666666667 1 5 1.35673555887835 5 1000 13978 5
"4445" "Z" 0.06 -0.45375 0.2575 0 1 2666.66666666667 1 5 1.35673555887835 5 1000 17377 5
"4446" "Z" 0.006 -0.99 0.13375 1 1 2666.66666666667 1 5 2.01178289320602 5 1000 16166 5
"4447" "Z" 0.06 -0.5775 0.62875 1 1 2666.66666666667 1 5 0.464021557568188 5 1000 17714 5
"4448" "Z" 0.06 -0.94875 0.67 0 0.5 2666.66666666667 1 5 0.400477566597125 5 1000 18616 5
"4449" "Z" 0.06 -0.28875 0.7525 0 0 2666.66666666667 1 5 0.284354282359106 5 1000 17023 5
"4450" "Z" 0.06 -0.7425 0.62875 0 0 2666.66666666667 1 5 0.464021557568188 5 1000 18111 5
"4451" "Z" 0.06 -0.70125 0.79375 0 0 2666.66666666667 1 5 0.230986728775236 5 1000 18027 5
"4452" "Z" 0.006 -0.61875 0.95875 0 0 2666.66666666667 1 5 0.042124926300671 5 1000 15343 5
"4453" "Z" 0.006 -0.70125 0.7525 0 1 2666.66666666667 1 5 0.284354282359106 5 1000 15525 5
"4454" "Z" 0.06 -0.70125 0.38125 1 1 2666.66666666667 1 5 0.964299951060516 5 1000 17990 5
"4455" "Z" 0.006 -0.2475 0.05125 0 0 2666.66666666667 1 5 2.97103966096362 5 1000 14355 5
"4456" "Z" 0.06 -0.33 0.21625 0 0 2666.66666666667 1 5 1.53132013317015 5 1000 17071 5
"4457" "Z" 0.006 -0.70125 0.13375 0 0 2666.66666666667 1 5 2.01178289320602 5 1000 15463 5
"4458" "Z" 0.006 -0.99 0.67 0 1 2666.66666666667 1 5 0.400477566597125 5 1000 16217 5
"4459" "Z" 0.006 -0.7425 0.87625 0 1 2666.66666666667 1 5 0.132103840633337 5 1000 15637 5
"4460" "Z" 0.06 -0.33 0.2575 1 1 2666.66666666667 1 5 1.35673555887835 5 1000 17078 5
"4461" "Z" 0.06 -0.7425 0.67 0 0.5 2666.66666666667 1 5 0.400477566597125 5 1000 18116 5
"4462" "Z" 0.06 -0.2475 0.7525 0 0.5 2666.66666666667 1 5 0.284354282359106 5 1000 16924 5
"4463" "Z" 0.06 -0.45375 0.5875 1 1 2666.66666666667 1 5 0.531879032963823 5 1000 17410 5
"4464" "Z" 0.06 -0.5775 0.87625 0 0 2666.66666666667 1 5 0.132103840633337 5 1000 17735 5
"4465" "Z" 0.06 -0.495 0.5875 0 1 2666.66666666667 1 5 0.531879032963823 5 1000 17509 5
"4466" "Z" 0.006 -0.53625 0.0925 0 0 2666.66666666667 1 5 2.38054663446376 5 1000 15059 5
"4467" "Z" 0.006 -0.66 0.175 1 1 2666.66666666667 1 5 1.74296930505862 5 1000 15370 5
"4468" "Z" 0.06 -0.5775 0.01 0 0.5 2666.66666666667 1 5 4.60517018598809 5 1000 17652 5
"4469" "Z" 0.006 -0.94875 0.38125 0 0.5 2666.66666666667 1 5 0.964299951060516 5 1000 16088 5
"4470" "Z" 0.06 -0.04125 0.4225 0 1 2666.66666666667 1 5 0.861565832184908 5 1000 16393 5
"4471" "Z" 0.006 -0.28875 0.13375 0 0 2666.66666666667 1 5 2.01178289320602 5 1000 14463 5
"4472" "Z" 0.06 -0.53625 0.62875 0 0 2666.66666666667 1 5 0.464021557568188 5 1000 17611 5
"4473" "Z" 0.06 -0.70125 0.2575 0 0.5 2666.66666666667 1 5 1.35673555887835 5 1000 17976 5
"4474" "Z" 0.06 -0.20625 0.5875 0 0 2666.66666666667 1 5 0.531879032963823 5 1000 16807 5
"4475" "Z" 0.006 -0.165 0.01 1 1 2666.66666666667 1 5 4.60517018598809 5 1000 14154 5
"4476" "Z" 0.006 -0.66 0.01 0 1 2666.66666666667 1 5 4.60517018598809 5 1000 15353 5
"4477" "Z" 0.06 -0.45375 0.9175 1 1 2666.66666666667 1 5 0.0861026990534116 5 1000 17442 5
"4478" "Z" 0.006 -0.0825 0.175 0 1 2666.66666666667 1 5 1.74296930505862 5 1000 13969 5
"4479" "Z" 0.006 -0.28875 0.0925 1 1 2666.66666666667 1 5 2.38054663446376 5 1000 14462 5
"4480" "Z" 0.06 -0.4125 0.05125 1 1 2666.66666666667 1 5 2.97103966096362 5 1000 17258 5
"4481" "Z" 0.006 -0.78375 0.7525 0 0 2666.66666666667 1 5 0.284354282359106 5 1000 15723 5
"4482" "Z" 0.006 -0.45375 0.5875 0 0.5 2666.66666666667 1 5 0.531879032963823 5 1000 14908 5
"4483" "Z" 0.06 -0.45375 0.175 0 0 2666.66666666667 1 5 1.74296930505862 5 1000 17367 5
"4484" "Z" 0.006 -0.0825 0.54625 0 0.5 2666.66666666667 1 5 0.604678532572337 5 1000 14004 5
"4485" "Z" 0.06 -0.0825 0.21625 0 0.5 2666.66666666667 1 5 1.53132013317015 5 1000 16472 5
"4486" "Z" 0.006 -0.0825 0.87625 0 1 2666.66666666667 1 5 0.132103840633337 5 1000 14037 5
"4487" "Z" 0.006 -0.825 0.4225 0 0.5 2666.66666666667 1 5 0.861565832184908 5 1000 15792 5
"4488" "Z" 0.06 -0.28875 0.87625 0 1 2666.66666666667 1 5 0.132103840633337 5 1000 17037 5
"4489" "Z" 0.006 0 0.34 0 1 2666.66666666667 1 5 1.07880966137193 5 1000 13785 5
"4490" "Z" 0.006 -0.9075 0.46375 0 0.5 2666.66666666667 1 5 0.768409665060492 5 1000 15996 5
"4491" "Z" 0.06 -0.825 0.0925 0 1 2666.66666666667 1 5 2.38054663446376 5 1000 18261 5
"4492" "Z" 0.006 -0.165 0.34 1 1 2666.66666666667 1 5 1.07880966137193 5 1000 14186 5
"4493" "Z" 0.06 -0.9075 0.67 0 0.5 2666.66666666667 1 5 0.400477566597125 5 1000 18516 5
"4494" "Z" 0.006 -0.7425 0.7525 1 1 2666.66666666667 1 5 0.284354282359106 5 1000 15626 5
"4495" "Z" 0.06 -0.37125 0.95875 0 0.5 2666.66666666667 1 5 0.042124926300671 5 1000 17244 5
"4496" "Z" 0.006 -0.61875 0.4225 1 1 2666.66666666667 1 5 0.861565832184908 5 1000 15294 5
"4497" "Z" 0.006 -0.20625 0.95875 0 0 2666.66666666667 1 5 0.042124926300671 5 1000 14343 5
"4498" "Z" 0.06 -0.70125 1 0 0 2666.66666666667 1 5 0 5 1000 18047 5
"4499" "Z" 0.06 -0.5775 0.95875 0 0 2666.66666666667 1 5 0.042124926300671 5 1000 17743 5
"4500" "Z" 0.06 -0.825 0.67 0 1 2666.66666666667 1 5 0.400477566597125 5 1000 18317 5
"4501" "Z" 0.006 -0.4125 0.87625 0 0 2666.66666666667 1 5 0.132103840633337 5 1000 14835 5
"4502" "Z" 0.06 -0.04125 0.62875 1 1 2666.66666666667 1 5 0.464021557568188 5 1000 16414 5
"4503" "Z" 0.006 -0.78375 0.95875 0 0.5 2666.66666666667 1 5 0.042124926300671 5 1000 15744 5
"4504" "Z" 0.06 -0.94875 0.67 0 1 2666.66666666667 1 5 0.400477566597125 5 1000 18617 5
"4505" "Z" 0.06 0 0.34 1 1 2666.66666666667 1 5 1.07880966137193 5 1000 16286 5
"4506" "Z" 0.006 -0.495 0.46375 0 1 2666.66666666667 1 5 0.768409665060492 5 1000 14997 5
"4507" "Z" 0.006 -0.9075 0.01 0 0 2666.66666666667 1 5 4.60517018598809 5 1000 15951 5
"4508" "Z" 0.06 -0.66 0.505 1 1 2666.66666666667 1 5 0.683196849706777 5 1000 17902 5
"4509" "Z" 0.006 -0.45375 0.5875 0 1 2666.66666666667 1 5 0.531879032963823 5 1000 14909 5
"4510" "Z" 0.06 -0.78375 0.46375 0 1 2666.66666666667 1 5 0.768409665060492 5 1000 18197 5
"4511" "Z" 0.006 -0.61875 0.62875 0 0 2666.66666666667 1 5 0.464021557568188 5 1000 15311 5
"4512" "Z" 0.06 -0.12375 0.175 0 1 2666.66666666667 1 5 1.74296930505862 5 1000 16569 5
"4513" "Z" 0.06 -0.78375 1 0 0 2666.66666666667 1 5 0 5 1000 18247 5
"4514" "Z" 0.06 -0.495 1 0 1 2666.66666666667 1 5 0 5 1000 17549 5
"4515" "Z" 0.006 -0.825 0.67 0 1 2666.66666666667 1 5 0.400477566597125 5 1000 15817 5
"4516" "Z" 0.006 -0.70125 0.29875 0 0.5 2666.66666666667 1 5 1.20814817573642 5 1000 15480 5
"4517" "Z" 0.006 -0.45375 0.46375 0 0 2666.66666666667 1 5 0.768409665060492 5 1000 14895 5
"4518" "Z" 0.06 -0.12375 0.9175 0 1 2666.66666666667 1 5 0.0861026990534116 5 1000 16641 5
"4519" "Z" 0.006 -0.825 0.13375 0 0 2666.66666666667 1 5 2.01178289320602 5 1000 15763 5
"4520" "Z" 0.006 -0.9075 0.13375 0 1 2666.66666666667 1 5 2.01178289320602 5 1000 15965 5
"4521" "Z" 0.06 -0.165 0.05125 0 0.5 2666.66666666667 1 5 2.97103966096362 5 1000 16656 5
"4522" "Z" 0.006 -0.86625 0.79375 0 1 2666.66666666667 1 5 0.230986728775236 5 1000 15929 5
"4523" "Z" 0.06 -0.2475 0.87625 0 0.5 2666.66666666667 1 5 0.132103840633337 5 1000 16936 5
"4524" "Z" 0.006 -0.37125 0.7525 0 1 2666.66666666667 1 5 0.284354282359106 5 1000 14725 5
"4525" "Z" 0.06 -0.7425 0.46375 1 1 2666.66666666667 1 5 0.768409665060492 5 1000 18098 5
"4526" "Z" 0.06 -0.0825 0.9175 1 1 2666.66666666667 1 5 0.0861026990534116 5 1000 16542 5
"4527" "Z" 0.006 -0.12375 0.835 1 1 2666.66666666667 1 5 0.180323554131281 5 1000 14134 5
"4528" "Z" 0.06 -0.20625 0.38125 0 1 2666.66666666667 1 5 0.964299951060516 5 1000 16789 5
"4529" "Z" 0.06 -0.2475 0.87625 0 1 2666.66666666667 1 5 0.132103840633337 5 1000 16937 5
"4530" "Z" 0.006 -0.99 0.87625 0 1 2666.66666666667 1 5 0.132103840633337 5 1000 16237 5
"4531" "Z" 0.06 -0.4125 0.62875 0 0 2666.66666666667 1 5 0.464021557568188 5 1000 17311 5
"4532" "Z" 0.006 -0.70125 0.34 0 1 2666.66666666667 1 5 1.07880966137193 5 1000 15485 5
"4533" "Z" 0.006 -0.86625 0.54625 1 1 2666.66666666667 1 5 0.604678532572337 5 1000 15906 5
"4534" "Z" 0.006 -0.495 0.505 0 1 2666.66666666667 1 5 0.683196849706777 5 1000 15001 5
"4535" "Z" 0.006 0 0.21625 0 0.5 2666.66666666667 1 5 1.53132013317015 5 1000 13772 5
"4536" "Z" 0.06 -0.99 0.54625 0 1 2666.66666666667 1 5 0.604678532572337 5 1000 18705 5
"4537" "Z" 0.006 -0.28875 0.2575 0 1 2666.66666666667 1 5 1.35673555887835 5 1000 14477 5
"4538" "Z" 0.006 -0.53625 0.01 0 1 2666.66666666667 1 5 4.60517018598809 5 1000 15053 5
"4539" "Z" 0.06 -0.495 0.7525 1 1 2666.66666666667 1 5 0.284354282359106 5 1000 17526 5
"4540" "Z" 0.06 -0.7425 0.0925 0 0 2666.66666666667 1 5 2.38054663446376 5 1000 18059 5
"4541" "Z" 0.006 -0.61875 0.46375 0 0 2666.66666666667 1 5 0.768409665060492 5 1000 15295 5
"4542" "Z" 0.006 -0.61875 0.175 1 1 2666.66666666667 1 5 1.74296930505862 5 1000 15270 5
"4543" "Z" 0.06 -0.7425 0.4225 0 0 2666.66666666667 1 5 0.861565832184908 5 1000 18091 5
"4544" "Z" 0.06 -0.86625 0.79375 0 0.5 2666.66666666667 1 5 0.230986728775236 5 1000 18428 5
"4545" "Z" 0.006 -0.825 1 0 1 2666.66666666667 1 5 0 5 1000 15849 5
"4546" "Z" 0.06 -0.53625 0.5875 0 1 2666.66666666667 1 5 0.531879032963823 5 1000 17609 5
"4547" "Z" 0.006 -0.04125 0.79375 0 0 2666.66666666667 1 5 0.230986728775236 5 1000 13927 5
"4548" "Z" 0.06 -0.70125 0.54625 0 0.5 2666.66666666667 1 5 0.604678532572337 5 1000 18004 5
"4549" "Z" 0.06 -0.2475 0.79375 1 1 2666.66666666667 1 5 0.230986728775236 5 1000 16930 5
"4550" "Z" 0.06 -0.94875 1 0 0.5 2666.66666666667 1 5 0 5 1000 18648 5
"4551" "Z" 0.06 -0.99 0.4225 0 0 2666.66666666667 1 5 0.861565832184908 5 1000 18691 5
"4552" "Z" 0.006 -0.99 0.46375 1 1 2666.66666666667 1 5 0.768409665060492 5 1000 16198 5
"4553" "Z" 0.006 -0.20625 0.46375 0 0 2666.66666666667 1 5 0.768409665060492 5 1000 14295 5
"4554" "Z" 0.06 -0.825 0.13375 0 0.5 2666.66666666667 1 5 2.01178289320602 5 1000 18264 5
"4555" "Z" 0.006 -0.45375 0.21625 0 0 2666.66666666667 1 5 1.53132013317015 5 1000 14871 5
"4556" "Z" 0.06 -0.0825 0.29875 0 0 2666.66666666667 1 5 1.20814817573642 5 1000 16479 5
"4557" "Z" 0.06 -0.04125 0.29875 0 0.5 2666.66666666667 1 5 1.20814817573642 5 1000 16380 5
"4558" "Z" 0.06 -0.86625 0.46375 0 0.5 2666.66666666667 1 5 0.768409665060492 5 1000 18396 5
"4559" "Z" 0.06 -0.495 0.54625 0 0.5 2666.66666666667 1 5 0.604678532572337 5 1000 17504 5
"4560" "Z" 0.006 -0.70125 0.67 0 0.5 2666.66666666667 1 5 0.400477566597125 5 1000 15516 5
"4561" "Z" 0.006 -0.20625 0.5875 1 1 2666.66666666667 1 5 0.531879032963823 5 1000 14310 5
"4562" "Z" 0.006 -0.7425 0.54625 1 1 2666.66666666667 1 5 0.604678532572337 5 1000 15606 5
"4563" "Z" 0.06 -0.61875 0.2575 0 1 2666.66666666667 1 5 1.35673555887835 5 1000 17777 5
"4564" "Z" 0.006 -0.61875 0.54625 0 1 2666.66666666667 1 5 0.604678532572337 5 1000 15305 5
"4565" "Z" 0.06 -0.9075 0.9175 0 0.5 2666.66666666667 1 5 0.0861026990534116 5 1000 18540 5
"4566" "Z" 0.06 -0.12375 0.21625 0 0 2666.66666666667 1 5 1.53132013317015 5 1000 16571 5
"4567" "Z" 0.06 -0.86625 0.175 0 1 2666.66666666667 1 5 1.74296930505862 5 1000 18369 5
"4568" "Z" 0.06 -0.61875 0.835 1 1 2666.66666666667 1 5 0.180323554131281 5 1000 17834 5
"4569" "Z" 0.006 -0.04125 0.46375 0 1 2666.66666666667 1 5 0.768409665060492 5 1000 13897 5
"4570" "Z" 0.06 -0.45375 0.87625 0 0 2666.66666666667 1 5 0.132103840633337 5 1000 17435 5
"4571" "Z" 0.06 -0.20625 0.5875 1 1 2666.66666666667 1 5 0.531879032963823 5 1000 16810 5
"4572" "Z" 0.006 -0.7425 0.34 0 0 2666.66666666667 1 5 1.07880966137193 5 1000 15583 5
"4573" "Z" 0.06 -0.28875 0.7525 0 1 2666.66666666667 1 5 0.284354282359106 5 1000 17025 5
"4574" "Z" 0.06 -0.0825 0.95875 1 1 2666.66666666667 1 5 0.042124926300671 5 1000 16546 5
"4575" "Z" 0.06 -0.2475 0.79375 0 1 2666.66666666667 1 5 0.230986728775236 5 1000 16929 5
"4576" "Z" 0.06 -0.9075 0.0925 0 0 2666.66666666667 1 5 2.38054663446376 5 1000 18459 5
"4577" "Z" 0.06 -0.495 0.67 0 1 2666.66666666667 1 5 0.400477566597125 5 1000 17517 5
"4578" "Z" 0.06 -0.53625 1 1 1 2666.66666666667 1 5 0 5 1000 17650 5
"4579" "Z" 0.006 -0.825 0.4225 1 1 2666.66666666667 1 5 0.861565832184908 5 1000 15794 5
"4580" "Z" 0.06 -0.33 0.835 1 1 2666.66666666667 1 5 0.180323554131281 5 1000 17134 5
"4581" "Z" 0.006 -0.78375 1 0 0 2666.66666666667 1 5 0 5 1000 15747 5
"4582" "Z" 0.006 -0.2475 0.21625 0 0.5 2666.66666666667 1 5 1.53132013317015 5 1000 14372 5
"4583" "Z" 0.006 -0.12375 0.46375 0 1 2666.66666666667 1 5 0.768409665060492 5 1000 14097 5
"4584" "Z" 0.006 -0.165 0.05125 1 1 2666.66666666667 1 5 2.97103966096362 5 1000 14158 5
"4585" "Z" 0.006 -0.33 1 0 0.5 2666.66666666667 1 5 0 5 1000 14648 5
"4586" "Z" 0.006 -0.5775 0.175 0 0 2666.66666666667 1 5 1.74296930505862 5 1000 15167 5
"4587" "Z" 0.06 -0.37125 0.62875 0 0.5 2666.66666666667 1 5 0.464021557568188 5 1000 17212 5
"4588" "Z" 0.06 -0.5775 0.79375 0 1 2666.66666666667 1 5 0.230986728775236 5 1000 17729 5
"4589" "Z" 0.006 -0.94875 0.01 0 1 2666.66666666667 1 5 4.60517018598809 5 1000 16053 5
"4590" "Z" 0.006 -0.78375 0.95875 0 1 2666.66666666667 1 5 0.042124926300671 5 1000 15745 5
"4591" "Z" 0.006 -0.165 0.87625 0 0.5 2666.66666666667 1 5 0.132103840633337 5 1000 14236 5
"4592" "Z" 0.006 -0.28875 0.34 0 0.5 2666.66666666667 1 5 1.07880966137193 5 1000 14484 5
"4593" "Z" 0.006 -0.495 0.175 1 1 2666.66666666667 1 5 1.74296930505862 5 1000 14970 5
"4594" "Z" 0.06 -0.9075 0.95875 0 1 2666.66666666667 1 5 0.042124926300671 5 1000 18545 5
"4595" "Z" 0.006 -0.4125 0.87625 1 1 2666.66666666667 1 5 0.132103840633337 5 1000 14838 5
"4596" "Z" 0.006 -0.33 0.05125 1 1 2666.66666666667 1 5 2.97103966096362 5 1000 14558 5
"4597" "Z" 0.06 -0.61875 0.79375 1 1 2666.66666666667 1 5 0.230986728775236 5 1000 17830 5
"4598" "Z" 0.006 -0.0825 0.0925 0 0 2666.66666666667 1 5 2.38054663446376 5 1000 13959 5
"4599" "Z" 0.006 -0.20625 0.505 1 1 2666.66666666667 1 5 0.683196849706777 5 1000 14302 5
"4600" "Z" 0.006 -0.94875 0.505 0 0.5 2666.66666666667 1 5 0.683196849706777 5 1000 16100 5
"4601" "Z" 0.06 -0.70125 0.505 0 0 2666.66666666667 1 5 0.683196849706777 5 1000 17999 5
"4602" "Z" 0.006 -0.04125 0.835 1 1 2666.66666666667 1 5 0.180323554131281 5 1000 13934 5
"4603" "Z" 0.06 -0.12375 0.4225 0 1 2666.66666666667 1 5 0.861565832184908 5 1000 16593 5
"4604" "Z" 0.06 -0.20625 0.87625 0 1 2666.66666666667 1 5 0.132103840633337 5 1000 16837 5
"4605" "Z" 0.06 -0.0825 0.2575 0 0.5 2666.66666666667 1 5 1.35673555887835 5 1000 16476 5
"4606" "Z" 0.06 -0.99 0.87625 1 1 2666.66666666667 1 5 0.132103840633337 5 1000 18738 5
"4607" "Z" 0.06 -0.66 0.71125 1 1 2666.66666666667 1 5 0.340731293541596 5 1000 17922 5
"4608" "Z" 0.06 -0.33 0.9175 0 0.5 2666.66666666667 1 5 0.0861026990534116 5 1000 17140 5
"4609" "Z" 0.006 -0.66 0.38125 0 1 2666.66666666667 1 5 0.964299951060516 5 1000 15389 5
"4610" "Z" 0.006 -0.99 0.505 0 1 2666.66666666667 1 5 0.683196849706777 5 1000 16201 5
"4611" "Z" 0.006 -0.61875 0.29875 1 1 2666.66666666667 1 5 1.20814817573642 5 1000 15282 5
"4612" "Z" 0.06 -0.0825 0.87625 0 0.5 2666.66666666667 1 5 0.132103840633337 5 1000 16536 5
"4613" "Z" 0.06 -0.9075 0.9175 1 1 2666.66666666667 1 5 0.0861026990534116 5 1000 18542 5
"4614" "Z" 0.006 -0.66 0.7525 0 1 2666.66666666667 1 5 0.284354282359106 5 1000 15425 5
"4615" "Z" 0.06 -0.4125 0.9175 0 0 2666.66666666667 1 5 0.0861026990534116 5 1000 17339 5
"4616" "Z" 0.06 -0.20625 0.2575 1 1 2666.66666666667 1 5 1.35673555887835 5 1000 16778 5
"4617" "Z" 0.06 -0.495 0.46375 0 0 2666.66666666667 1 5 0.768409665060492 5 1000 17495 5
"4618" "Z" 0.006 -0.99 0.05125 0 0.5 2666.66666666667 1 5 2.97103966096362 5 1000 16156 5
"4619" "Z" 0.06 -0.4125 0.29875 1 1 2666.66666666667 1 5 1.20814817573642 5 1000 17282 5
"4620" "Z" 0.06 -0.20625 0.7525 1 1 2666.66666666667 1 5 0.284354282359106 5 1000 16826 5
"4621" "Z" 0.006 0 0.01 0 0 2666.66666666667 1 5 4.60517018598809 5 1000 13751 5
"4622" "Z" 0.06 -0.37125 1 1 1 2666.66666666667 1 5 0 5 1000 17250 5
"4623" "Z" 0.06 -0.165 0.46375 0 1 2666.66666666667 1 5 0.768409665060492 5 1000 16697 5
"4624" "Z" 0.006 -0.0825 0.71125 0 0 2666.66666666667 1 5 0.340731293541596 5 1000 14019 5
"4625" "Z" 0.006 -0.61875 0.9175 0 0.5 2666.66666666667 1 5 0.0861026990534116 5 1000 15340 5
"4626" "Z" 0.06 -0.20625 1 0 0.5 2666.66666666667 1 5 0 5 1000 16848 5
"4627" "Z" 0.006 -0.04125 0.38125 0 0 2666.66666666667 1 5 0.964299951060516 5 1000 13887 5
"4628" "Z" 0.006 -0.9075 0.9175 0 0.5 2666.66666666667 1 5 0.0861026990534116 5 1000 16040 5
"4629" "Z" 0.06 -0.495 0.79375 1 1 2666.66666666667 1 5 0.230986728775236 5 1000 17530 5
"4630" "Z" 0.006 -0.20625 0.175 0 1 2666.66666666667 1 5 1.74296930505862 5 1000 14269 5
"4631" "Z" 0.06 -0.78375 0.9175 0 0 2666.66666666667 1 5 0.0861026990534116 5 1000 18239 5
"4632" "Z" 0.06 -0.99 0.7525 0 0 2666.66666666667 1 5 0.284354282359106 5 1000 18723 5
"4633" "Z" 0.006 -0.20625 0.46375 0 1 2666.66666666667 1 5 0.768409665060492 5 1000 14297 5
"4634" "Z" 0.006 -0.53625 0.46375 0 0 2666.66666666667 1 5 0.768409665060492 5 1000 15095 5
"4635" "Z" 0.006 -0.5775 0.34 1 1 2666.66666666667 1 5 1.07880966137193 5 1000 15186 5
"4636" "Z" 0.06 -0.53625 0.9175 0 0.5 2666.66666666667 1 5 0.0861026990534116 5 1000 17640 5
"4637" "Z" 0.006 -0.165 0.01 0 1 2666.66666666667 1 5 4.60517018598809 5 1000 14153 5
"4638" "Z" 0.06 -0.86625 0.67 1 1 2666.66666666667 1 5 0.400477566597125 5 1000 18418 5
"4639" "Z" 0.06 -0.165 0.5875 1 1 2666.66666666667 1 5 0.531879032963823 5 1000 16710 5
"4640" "Z" 0.06 -0.5775 0.01 0 1 2666.66666666667 1 5 4.60517018598809 5 1000 17653 5
"4641" "Z" 0.006 -0.12375 1 1 1 2666.66666666667 1 5 0 5 1000 14150 5
"4642" "Z" 0.006 -0.70125 0.29875 0 0 2666.66666666667 1 5 1.20814817573642 5 1000 15479 5
"4643" "Z" 0.006 -0.825 0.505 0 0.5 2666.66666666667 1 5 0.683196849706777 5 1000 15800 5
"4644" "Z" 0.06 -0.495 0.01 0 0 2666.66666666667 1 5 4.60517018598809 5 1000 17451 5
"4645" "Z" 0.06 -0.99 0.46375 1 1 2666.66666666667 1 5 0.768409665060492 5 1000 18698 5
"4646" "Z" 0.06 -0.86625 0.9175 0 0.5 2666.66666666667 1 5 0.0861026990534116 5 1000 18440 5
"4647" "Z" 0.006 -0.825 0.95875 0 0 2666.66666666667 1 5 0.042124926300671 5 1000 15843 5
"4648" "Z" 0.06 -0.04125 0.05125 0 0.5 2666.66666666667 1 5 2.97103966096362 5 1000 16356 5
"4649" "Z" 0.06 -0.66 0.71125 0 0.5 2666.66666666667 1 5 0.340731293541596 5 1000 17920 5
"4650" "Z" 0.06 -0.2475 0.505 1 1 2666.66666666667 1 5 0.683196849706777 5 1000 16902 5
"4651" "Z" 0.006 -0.45375 0.79375 0 0.5 2666.66666666667 1 5 0.230986728775236 5 1000 14928 5
"4652" "Z" 0.006 -0.86625 0.71125 0 0.5 2666.66666666667 1 5 0.340731293541596 5 1000 15920 5
"4653" "Z" 0.006 -0.37125 0.34 1 1 2666.66666666667 1 5 1.07880966137193 5 1000 14686 5
"4654" "Z" 0.06 -0.9075 0.29875 0 1 2666.66666666667 1 5 1.20814817573642 5 1000 18481 5
"4655" "Z" 0.006 -0.12375 0.95875 0 0.5 2666.66666666667 1 5 0.042124926300671 5 1000 14144 5
"4656" "Z" 0.06 -0.9075 1 0 1 2666.66666666667 1 5 0 5 1000 18549 5
"4657" "Z" 0.06 -0.86625 0.13375 0 0 2666.66666666667 1 5 2.01178289320602 5 1000 18363 5
"4658" "Z" 0.006 -0.2475 0.505 0 0 2666.66666666667 1 5 0.683196849706777 5 1000 14399 5
"4659" "Z" 0.06 -0.61875 0.34 1 1 2666.66666666667 1 5 1.07880966137193 5 1000 17786 5
"4660" "Z" 0.006 -0.66 0.175 0 0.5 2666.66666666667 1 5 1.74296930505862 5 1000 15368 5
"4661" "Z" 0.006 -0.2475 0.87625 0 1 2666.66666666667 1 5 0.132103840633337 5 1000 14437 5
"4662" "Z" 0.006 -0.4125 0.175 1 1 2666.66666666667 1 5 1.74296930505862 5 1000 14770 5
"4663" "Z" 0.06 -0.0825 0.71125 1 1 2666.66666666667 1 5 0.340731293541596 5 1000 16522 5
"4664" "Z" 0.06 -0.5775 0.95875 0 0.5 2666.66666666667 1 5 0.042124926300671 5 1000 17744 5
"4665" "Z" 0.06 -0.45375 1 0 1 2666.66666666667 1 5 0 5 1000 17449 5
"4666" "Z" 0.006 -0.825 0.05125 0 0.5 2666.66666666667 1 5 2.97103966096362 5 1000 15756 5
"4667" "Z" 0.06 -0.2475 0.34 1 1 2666.66666666667 1 5 1.07880966137193 5 1000 16886 5
"4668" "Z" 0.06 -0.33 0.5875 1 1 2666.66666666667 1 5 0.531879032963823 5 1000 17110 5
"4669" "Z" 0.006 -0.825 0.4225 0 0 2666.66666666667 1 5 0.861565832184908 5 1000 15791 5
"4670" "Z" 0.06 -0.495 0.46375 1 1 2666.66666666667 1 5 0.768409665060492 5 1000 17498 5
"4671" "Z" 0.06 -0.0825 0.62875 0 0.5 2666.66666666667 1 5 0.464021557568188 5 1000 16512 5
"4672" "Z" 0.06 -0.20625 0.5875 0 0.5 2666.66666666667 1 5 0.531879032963823 5 1000 16808 5
"4673" "Z" 0.06 -0.78375 0.4225 1 1 2666.66666666667 1 5 0.861565832184908 5 1000 18194 5
"4674" "Z" 0.06 -0.9075 0.79375 0 0 2666.66666666667 1 5 0.230986728775236 5 1000 18527 5
"4675" "Z" 0.006 -0.20625 0.34 0 0.5 2666.66666666667 1 5 1.07880966137193 5 1000 14284 5
"4676" "Z" 0.06 -0.04125 0.05125 0 0 2666.66666666667 1 5 2.97103966096362 5 1000 16355 5
"4677" "Z" 0.006 -0.61875 0.835 0 0.5 2666.66666666667 1 5 0.180323554131281 5 1000 15332 5
"4678" "Z" 0.06 -0.33 1 1 1 2666.66666666667 1 5 0 5 1000 17150 5
"4679" "Z" 0.006 -0.94875 0.835 0 0.5 2666.66666666667 1 5 0.180323554131281 5 1000 16132 5
"4680" "Z" 0.06 -0.33 0.29875 1 1 2666.66666666667 1 5 1.20814817573642 5 1000 17082 5
"4681" "Z" 0.006 -0.9075 0.505 1 1 2666.66666666667 1 5 0.683196849706777 5 1000 16002 5
"4682" "Z" 0.06 -0.7425 0.38125 0 0 2666.66666666667 1 5 0.964299951060516 5 1000 18087 5
"4683" "Z" 0.06 -0.165 0.01 1 1 2666.66666666667 1 5 4.60517018598809 5 1000 16654 5
"4684" "Z" 0.06 -0.9075 0.79375 1 1 2666.66666666667 1 5 0.230986728775236 5 1000 18530 5
"4685" "Z" 0.006 -0.2475 0.38125 0 0 2666.66666666667 1 5 0.964299951060516 5 1000 14387 5
"4686" "Z" 0.006 -0.165 0.2575 0 0 2666.66666666667 1 5 1.35673555887835 5 1000 14175 5
"4687" "Z" 0.06 -0.7425 0.71125 0 0 2666.66666666667 1 5 0.340731293541596 5 1000 18119 5
"4688" "Z" 0.06 -0.9075 0.87625 0 0 2666.66666666667 1 5 0.132103840633337 5 1000 18535 5
"4689" "Z" 0.06 -0.20625 0.21625 0 0.5 2666.66666666667 1 5 1.53132013317015 5 1000 16772 5
"4690" "Z" 0.006 -0.2475 0.7525 0 0.5 2666.66666666667 1 5 0.284354282359106 5 1000 14424 5
"4691" "Z" 0.06 -0.45375 0.34 0 0 2666.66666666667 1 5 1.07880966137193 5 1000 17383 5
"4692" "Z" 0.006 -0.5775 0.175 1 1 2666.66666666667 1 5 1.74296930505862 5 1000 15170 5
"4693" "Z" 0.006 -0.78375 0.175 1 1 2666.66666666667 1 5 1.74296930505862 5 1000 15670 5
"4694" "Z" 0.06 -0.94875 0.175 0 0 2666.66666666667 1 5 1.74296930505862 5 1000 18567 5
"4695" "Z" 0.006 -0.94875 0.5875 0 0.5 2666.66666666667 1 5 0.531879032963823 5 1000 16108 5
"4696" "Z" 0.006 0 0.01 0 1 2666.66666666667 1 5 4.60517018598809 5 1000 13753 5
"4697" "Z" 0.006 -0.12375 0.505 0 0.5 2666.66666666667 1 5 0.683196849706777 5 1000 14100 5
"4698" "Z" 0.06 -0.7425 0.46375 0 1 2666.66666666667 1 5 0.768409665060492 5 1000 18097 5
"4699" "Z" 0.06 -0.86625 0.0925 0 1 2666.66666666667 1 5 2.38054663446376 5 1000 18361 5
"4700" "Z" 0.006 -0.9075 0.29875 0 0 2666.66666666667 1 5 1.20814817573642 5 1000 15979 5
"4701" "Z" 0.006 -0.61875 0.2575 1 1 2666.66666666667 1 5 1.35673555887835 5 1000 15278 5
"4702" "Z" 0.06 -0.495 0.13375 0 0 2666.66666666667 1 5 2.01178289320602 5 1000 17463 5
"4703" "Z" 0.006 -0.495 0.38125 0 1 2666.66666666667 1 5 0.964299951060516 5 1000 14989 5
"4704" "Z" 0.006 -0.86625 0.175 0 0 2666.66666666667 1 5 1.74296930505862 5 1000 15867 5
"4705" "Z" 0.06 -0.37125 0.54625 0 0.5 2666.66666666667 1 5 0.604678532572337 5 1000 17204 5
"4706" "Z" 0.006 -0.45375 0.87625 1 1 2666.66666666667 1 5 0.132103840633337 5 1000 14938 5
"4707" "Z" 0.006 -0.2475 0.01 0 0 2666.66666666667 1 5 4.60517018598809 5 1000 14351 5
"4708" "Z" 0.06 -0.33 0.67 0 0 2666.66666666667 1 5 0.400477566597125 5 1000 17115 5
"4709" "Z" 0.006 -0.78375 0.13375 0 1 2666.66666666667 1 5 2.01178289320602 5 1000 15665 5
"4710" "Z" 0.006 -0.9075 0.71125 0 0.5 2666.66666666667 1 5 0.340731293541596 5 1000 16020 5
"4711" "Z" 0.06 -0.04125 0.67 0 0.5 2666.66666666667 1 5 0.400477566597125 5 1000 16416 5
"4712" "Z" 0.006 -0.165 0.87625 0 1 2666.66666666667 1 5 0.132103840633337 5 1000 14237 5
"4713" "Z" 0.006 -0.9075 0.4225 1 1 2666.66666666667 1 5 0.861565832184908 5 1000 15994 5
"4714" "Z" 0.06 -0.0825 0.13375 0 1 2666.66666666667 1 5 2.01178289320602 5 1000 16465 5
"4715" "Z" 0.06 -0.53625 0.7525 0 0.5 2666.66666666667 1 5 0.284354282359106 5 1000 17624 5
"4716" "Z" 0.06 -0.86625 0.67 0 0.5 2666.66666666667 1 5 0.400477566597125 5 1000 18416 5
"4717" "Z" 0.06 -0.78375 0.62875 0 0 2666.66666666667 1 5 0.464021557568188 5 1000 18211 5
"4718" "Z" 0.006 -0.165 0.71125 0 0.5 2666.66666666667 1 5 0.340731293541596 5 1000 14220 5
"4719" "Z" 0.006 -0.61875 0.505 0 0 2666.66666666667 1 5 0.683196849706777 5 1000 15299 5
"4720" "Z" 0.06 -0.70125 0.79375 1 1 2666.66666666667 1 5 0.230986728775236 5 1000 18030 5
"4721" "Z" 0.06 -0.825 0.54625 0 1 2666.66666666667 1 5 0.604678532572337 5 1000 18305 5
"4722" "Z" 0.006 -0.4125 0.505 1 1 2666.66666666667 1 5 0.683196849706777 5 1000 14802 5
"4723" "Z" 0.06 -0.45375 0.54625 0 0 2666.66666666667 1 5 0.604678532572337 5 1000 17403 5
"4724" "Z" 0.06 -0.4125 0.2575 0 1 2666.66666666667 1 5 1.35673555887835 5 1000 17277 5
"4725" "Z" 0.06 -0.53625 0.38125 0 0 2666.66666666667 1 5 0.964299951060516 5 1000 17587 5
"4726" "Z" 0.006 -0.33 0.21625 1 1 2666.66666666667 1 5 1.53132013317015 5 1000 14574 5
"4727" "Z" 0.006 -0.99 0.62875 0 0 2666.66666666667 1 5 0.464021557568188 5 1000 16211 5
"4728" "Z" 0.06 -0.70125 0.34 0 0.5 2666.66666666667 1 5 1.07880966137193 5 1000 17984 5
"4729" "Z" 0.006 -0.165 0.67 0 1 2666.66666666667 1 5 0.400477566597125 5 1000 14217 5
"4730" "Z" 0.06 -0.165 0.505 1 1 2666.66666666667 1 5 0.683196849706777 5 1000 16702 5
"4731" "Z" 0.06 0 0.38125 0 1 2666.66666666667 1 5 0.964299951060516 5 1000 16289 5
"4732" "Z" 0.006 -0.99 0.79375 0 0 2666.66666666667 1 5 0.230986728775236 5 1000 16227 5
"4733" "Z" 0.006 -0.37125 0.54625 0 1 2666.66666666667 1 5 0.604678532572337 5 1000 14705 5
"4734" "Z" 0.006 -0.9075 0.21625 0 0.5 2666.66666666667 1 5 1.53132013317015 5 1000 15972 5
"4735" "Z" 0.006 -0.165 0.46375 0 0.5 2666.66666666667 1 5 0.768409665060492 5 1000 14196 5
"4736" "Z" 0.006 -0.33 0.29875 1 1 2666.66666666667 1 5 1.20814817573642 5 1000 14582 5
"4737" "Z" 0.006 -0.0825 0.5875 0 0.5 2666.66666666667 1 5 0.531879032963823 5 1000 14008 5
"4738" "Z" 0.06 -0.45375 0.79375 0 0 2666.66666666667 1 5 0.230986728775236 5 1000 17427 5
"4739" "Z" 0.06 -0.28875 0.5875 0 0 2666.66666666667 1 5 0.531879032963823 5 1000 17007 5
"4740" "Z" 0.006 -0.53625 0.62875 0 0 2666.66666666667 1 5 0.464021557568188 5 1000 15111 5
"4741" "Z" 0.006 -0.78375 0.38125 0 1 2666.66666666667 1 5 0.964299951060516 5 1000 15689 5
"4742" "Z" 0.06 -0.495 0.29875 0 0 2666.66666666667 1 5 1.20814817573642 5 1000 17479 5
"4743" "Z" 0.06 -0.66 0.79375 1 1 2666.66666666667 1 5 0.230986728775236 5 1000 17930 5
"4744" "Z" 0.006 -0.66 0.21625 0 0.5 2666.66666666667 1 5 1.53132013317015 5 1000 15372 5
"4745" "Z" 0.06 -0.9075 0.0925 0 0.5 2666.66666666667 1 5 2.38054663446376 5 1000 18460 5
"4746" "Z" 0.06 -0.99 0.4225 0 1 2666.66666666667 1 5 0.861565832184908 5 1000 18693 5
"4747" "Z" 0.06 -0.04125 0.9175 0 0.5 2666.66666666667 1 5 0.0861026990534116 5 1000 16440 5
"4748" "Z" 0.06 -0.04125 0.62875 0 0 2666.66666666667 1 5 0.464021557568188 5 1000 16411 5
"4749" "Z" 0.06 -0.28875 0.0925 0 0.5 2666.66666666667 1 5 2.38054663446376 5 1000 16960 5
"4750" "Z" 0.006 -0.9075 1 1 1 2666.66666666667 1 5 0 5 1000 16050 5
"4751" "Z" 0.06 -0.78375 0.95875 1 1 2666.66666666667 1 5 0.042124926300671 5 1000 18246 5
"4752" "Z" 0.006 -0.33 0.95875 0 1 2666.66666666667 1 5 0.042124926300671 5 1000 14645 5
"4753" "Z" 0.06 -0.2475 0.175 0 1 2666.66666666667 1 5 1.74296930505862 5 1000 16869 5
"4754" "Z" 0.006 -0.7425 0.7525 0 0.5 2666.66666666667 1 5 0.284354282359106 5 1000 15624 5
"4755" "Z" 0.006 -0.495 0.54625 0 0.5 2666.66666666667 1 5 0.604678532572337 5 1000 15004 5
"4756" "Z" 0.006 -0.28875 0.9175 1 1 2666.66666666667 1 5 0.0861026990534116 5 1000 14542 5
"4757" "Z" 0.006 -0.9075 0.01 0 1 2666.66666666667 1 5 4.60517018598809 5 1000 15953 5
"4758" "Z" 0.006 -0.45375 0.13375 0 0.5 2666.66666666667 1 5 2.01178289320602 5 1000 14864 5
"4759" "Z" 0.06 0 0.505 0 0.5 2666.66666666667 1 5 0.683196849706777 5 1000 16300 5
"4760" "Z" 0.006 -0.66 0.87625 0 0 2666.66666666667 1 5 0.132103840633337 5 1000 15435 5
"4761" "Z" 0.06 -0.495 0.67 1 1 2666.66666666667 1 5 0.400477566597125 5 1000 17518 5
"4762" "Z" 0.006 -0.825 0.505 0 0 2666.66666666667 1 5 0.683196849706777 5 1000 15799 5
"4763" "Z" 0.006 -0.4125 0.2575 0 1 2666.66666666667 1 5 1.35673555887835 5 1000 14777 5
"4764" "Z" 0.06 -0.61875 0.79375 0 1 2666.66666666667 1 5 0.230986728775236 5 1000 17829 5
"4765" "Z" 0.006 -0.78375 0.62875 0 0 2666.66666666667 1 5 0.464021557568188 5 1000 15711 5
"4766" "Z" 0.06 -0.4125 0.87625 1 1 2666.66666666667 1 5 0.132103840633337 5 1000 17338 5
"4767" "Z" 0.06 -0.7425 0.67 1 1 2666.66666666667 1 5 0.400477566597125 5 1000 18118 5
"4768" "Z" 0.06 -0.99 0.29875 0 0.5 2666.66666666667 1 5 1.20814817573642 5 1000 18680 5
"4769" "Z" 0.006 -0.66 1 0 0 2666.66666666667 1 5 0 5 1000 15447 5
"4770" "Z" 0.06 -0.20625 0.67 0 1 2666.66666666667 1 5 0.400477566597125 5 1000 16817 5
"4771" "Z" 0.06 0 0.34 0 1 2666.66666666667 1 5 1.07880966137193 5 1000 16285 5
"4772" "Z" 0.06 -0.86625 0.505 0 1 2666.66666666667 1 5 0.683196849706777 5 1000 18401 5
"4773" "Z" 0.06 -0.53625 0.79375 0 0 2666.66666666667 1 5 0.230986728775236 5 1000 17627 5
"4774" "Z" 0.006 -0.4125 0.21625 0 1 2666.66666666667 1 5 1.53132013317015 5 1000 14773 5
"4775" "Z" 0.006 -0.825 0.0925 0 0 2666.66666666667 1 5 2.38054663446376 5 1000 15759 5
"4776" "Z" 0.006 -0.165 0.29875 0 0.5 2666.66666666667 1 5 1.20814817573642 5 1000 14180 5
"4777" "Z" 0.06 -0.99 0.9175 0 0.5 2666.66666666667 1 5 0.0861026990534116 5 1000 18740 5
"4778" "Z" 0.06 -0.33 0.01 0 0 2666.66666666667 1 5 4.60517018598809 5 1000 17051 5
"4779" "Z" 0.06 -0.165 0.01 0 0 2666.66666666667 1 5 4.60517018598809 5 1000 16651 5
"4780" "Z" 0.06 -0.86625 0.835 0 1 2666.66666666667 1 5 0.180323554131281 5 1000 18433 5
"4781" "Z" 0.006 -0.33 0.29875 0 0 2666.66666666667 1 5 1.20814817573642 5 1000 14579 5
"4782" "Z" 0.06 -0.04125 0.54625 1 1 2666.66666666667 1 5 0.604678532572337 5 1000 16406 5
"4783" "Z" 0.06 -0.20625 0.2575 0 0.5 2666.66666666667 1 5 1.35673555887835 5 1000 16776 5
"4784" "Z" 0.06 -0.4125 0.01 0 0.5 2666.66666666667 1 5 4.60517018598809 5 1000 17252 5
"4785" "Z" 0.006 -0.495 0.9175 0 0 2666.66666666667 1 5 0.0861026990534116 5 1000 15039 5
"4786" "Z" 0.06 0 0.71125 0 0 2666.66666666667 1 5 0.340731293541596 5 1000 16319 5
"4787" "Z" 0.006 -0.37125 1 0 0.5 2666.66666666667 1 5 0 5 1000 14748 5
"4788" "Z" 0.006 -0.78375 0.4225 0 0.5 2666.66666666667 1 5 0.861565832184908 5 1000 15692 5
"4789" "Z" 0.06 -0.825 0.71125 0 0 2666.66666666667 1 5 0.340731293541596 5 1000 18319 5
"4790" "Z" 0.06 -0.66 0.54625 1 1 2666.66666666667 1 5 0.604678532572337 5 1000 17906 5
"4791" "Z" 0.06 -0.9075 0.21625 0 1 2666.66666666667 1 5 1.53132013317015 5 1000 18473 5
"4792" "Z" 0.006 -0.825 0.5875 0 0 2666.66666666667 1 5 0.531879032963823 5 1000 15807 5
"4793" "Z" 0.06 -0.66 0.835 0 0.5 2666.66666666667 1 5 0.180323554131281 5 1000 17932 5
"4794" "Z" 0.06 -0.99 0.9175 1 1 2666.66666666667 1 5 0.0861026990534116 5 1000 18742 5
"4795" "Z" 0.06 -0.45375 0.5875 0 0.5 2666.66666666667 1 5 0.531879032963823 5 1000 17408 5
"4796" "Z" 0.006 -0.66 0.175 0 0 2666.66666666667 1 5 1.74296930505862 5 1000 15367 5
"4797" "Z" 0.06 -0.2475 0.95875 1 1 2666.66666666667 1 5 0.042124926300671 5 1000 16946 5
"4798" "Z" 0.06 -0.99 0.21625 0 0.5 2666.66666666667 1 5 1.53132013317015 5 1000 18672 5
"4799" "Z" 0.006 -0.33 0.0925 0 0 2666.66666666667 1 5 2.38054663446376 5 1000 14559 5
"4800" "Z" 0.006 -0.86625 0.71125 1 1 2666.66666666667 1 5 0.340731293541596 5 1000 15922 5
"4801" "Z" 0.06 -0.99 0.54625 1 1 2666.66666666667 1 5 0.604678532572337 5 1000 18706 5
"4802" "Z" 0.006 -0.7425 0.5875 0 0.5 2666.66666666667 1 5 0.531879032963823 5 1000 15608 5
"4803" "Z" 0.006 -0.7425 0.05125 1 1 2666.66666666667 1 5 2.97103966096362 5 1000 15558 5
"4804" "Z" 0.06 -0.70125 0.2575 1 1 2666.66666666667 1 5 1.35673555887835 5 1000 17978 5
"4805" "Z" 0.006 -0.28875 0.79375 0 0 2666.66666666667 1 5 0.230986728775236 5 1000 14527 5
"4806" "Z" 0.06 -0.825 0.87625 0 1 2666.66666666667 1 5 0.132103840633337 5 1000 18337 5
"4807" "Z" 0.006 -0.99 0.05125 0 0 2666.66666666667 1 5 2.97103966096362 5 1000 16155 5
"4808" "Z" 0.06 -0.28875 0.175 0 1 2666.66666666667 1 5 1.74296930505862 5 1000 16969 5
"4809" "Z" 0.006 -0.53625 0.835 0 1 2666.66666666667 1 5 0.180323554131281 5 1000 15133 5
"4810" "Z" 0.006 -0.04125 0.62875 1 1 2666.66666666667 1 5 0.464021557568188 5 1000 13914 5
"4811" "Z" 0.06 -0.99 0.87625 0 0 2666.66666666667 1 5 0.132103840633337 5 1000 18735 5
"4812" "Z" 0.006 -0.37125 0.175 0 0.5 2666.66666666667 1 5 1.74296930505862 5 1000 14668 5
"4813" "Z" 0.006 0 0.0925 0 0.5 2666.66666666667 1 5 2.38054663446376 5 1000 13760 5
"4814" "Z" 0.06 -0.5775 0.67 1 1 2666.66666666667 1 5 0.400477566597125 5 1000 17718 5
"4815" "Z" 0.006 -0.94875 0.95875 1 1 2666.66666666667 1 5 0.042124926300671 5 1000 16146 5
"4816" "Z" 0.06 -0.33 0.2575 0 0.5 2666.66666666667 1 5 1.35673555887835 5 1000 17076 5
"4817" "Z" 0.06 -0.9075 0.5875 0 0 2666.66666666667 1 5 0.531879032963823 5 1000 18507 5
"4818" "Z" 0.006 -0.04125 0.38125 1 1 2666.66666666667 1 5 0.964299951060516 5 1000 13890 5
"4819" "Z" 0.06 -0.9075 0.46375 0 0 2666.66666666667 1 5 0.768409665060492 5 1000 18495 5
"4820" "Z" 0.006 -0.04125 0.67 1 1 2666.66666666667 1 5 0.400477566597125 5 1000 13918 5
"4821" "Z" 0.006 -0.86625 0.29875 0 0.5 2666.66666666667 1 5 1.20814817573642 5 1000 15880 5
"4822" "Z" 0.06 -0.0825 0.79375 0 0 2666.66666666667 1 5 0.230986728775236 5 1000 16527 5
"4823" "Z" 0.006 -0.9075 0.95875 1 1 2666.66666666667 1 5 0.042124926300671 5 1000 16046 5
"4824" "Z" 0.006 -0.70125 0.4225 0 0.5 2666.66666666667 1 5 0.861565832184908 5 1000 15492 5
"4825" "Z" 0.006 -0.4125 0.38125 1 1 2666.66666666667 1 5 0.964299951060516 5 1000 14790 5
"4826" "Z" 0.006 -0.61875 0.34 0 1 2666.66666666667 1 5 1.07880966137193 5 1000 15285 5
"4827" "Z" 0.06 -0.04125 0.13375 1 1 2666.66666666667 1 5 2.01178289320602 5 1000 16366 5
"4828" "Z" 0.006 -0.12375 0.54625 0 0 2666.66666666667 1 5 0.604678532572337 5 1000 14103 5
"4829" "Z" 0.06 -0.7425 0.21625 0 0 2666.66666666667 1 5 1.53132013317015 5 1000 18071 5
"4830" "Z" 0.06 -0.99 0.67 0 1 2666.66666666667 1 5 0.400477566597125 5 1000 18717 5
"4831" "Z" 0.06 -0.70125 0.505 0 1 2666.66666666667 1 5 0.683196849706777 5 1000 18001 5
"4832" "Z" 0.06 -0.20625 0.13375 0 0.5 2666.66666666667 1 5 2.01178289320602 5 1000 16764 5
"4833" "Z" 0.06 -0.66 0.54625 0 0.5 2666.66666666667 1 5 0.604678532572337 5 1000 17904 5
"4834" "Z" 0.06 -0.20625 0.9175 0 0 2666.66666666667 1 5 0.0861026990534116 5 1000 16839 5
"4835" "Z" 0.006 -0.28875 0.38125 0 0.5 2666.66666666667 1 5 0.964299951060516 5 1000 14488 5
"4836" "Z" 0.006 -0.28875 0.71125 0 1 2666.66666666667 1 5 0.340731293541596 5 1000 14521 5
"4837" "Z" 0.006 -0.9075 0.2575 1 1 2666.66666666667 1 5 1.35673555887835 5 1000 15978 5
"4838" "Z" 0.06 -0.70125 0.9175 0 1 2666.66666666667 1 5 0.0861026990534116 5 1000 18041 5
"4839" "Z" 0.006 -0.99 0.79375 0 1 2666.66666666667 1 5 0.230986728775236 5 1000 16229 5
"4840" "Z" 0.06 -0.7425 0.05125 1 1 2666.66666666667 1 5 2.97103966096362 5 1000 18058 5
"4841" "Z" 0.06 -0.165 0.4225 1 1 2666.66666666667 1 5 0.861565832184908 5 1000 16694 5
"4842" "Z" 0.06 -0.5775 0.175 0 0.5 2666.66666666667 1 5 1.74296930505862 5 1000 17668 5
"4843" "Z" 0.006 -0.33 0.4225 0 0.5 2666.66666666667 1 5 0.861565832184908 5 1000 14592 5
"4844" "Z" 0.06 -0.37125 0.95875 1 1 2666.66666666667 1 5 0.042124926300671 5 1000 17246 5
"4845" "Z" 0.06 -0.99 0.175 1 1 2666.66666666667 1 5 1.74296930505862 5 1000 18670 5
"4846" "Z" 0.006 -0.4125 0.62875 0 0.5 2666.66666666667 1 5 0.464021557568188 5 1000 14812 5
"4847" "Z" 0.06 -0.28875 0.67 0 1 2666.66666666667 1 5 0.400477566597125 5 1000 17017 5
"4848" "Z" 0.006 -0.70125 0.38125 0 0 2666.66666666667 1 5 0.964299951060516 5 1000 15487 5
"4849" "Z" 0.006 -0.165 0.0925 0 0.5 2666.66666666667 1 5 2.38054663446376 5 1000 14160 5
"4850" "Z" 0.06 -0.37125 0.01 0 0 2666.66666666667 1 5 4.60517018598809 5 1000 17151 5
"4851" "Z" 0.006 -0.94875 0.05125 0 0.5 2666.66666666667 1 5 2.97103966096362 5 1000 16056 5
"4852" "Z" 0.06 0 0.46375 0 1 2666.66666666667 1 5 0.768409665060492 5 1000 16297 5
"4853" "Z" 0.06 -0.9075 0.175 1 1 2666.66666666667 1 5 1.74296930505862 5 1000 18470 5
"4854" "Z" 0.006 -0.5775 0.2575 1 1 2666.66666666667 1 5 1.35673555887835 5 1000 15178 5
"4855" "Z" 0.006 -0.2475 0.67 0 0 2666.66666666667 1 5 0.400477566597125 5 1000 14415 5
"4856" "Z" 0.006 -0.165 0.0925 0 1 2666.66666666667 1 5 2.38054663446376 5 1000 14161 5
"4857" "Z" 0.06 -0.7425 0.9175 0 0 2666.66666666667 1 5 0.0861026990534116 5 1000 18139 5
"4858" "Z" 0.006 -0.165 0.835 0 0.5 2666.66666666667 1 5 0.180323554131281 5 1000 14232 5
"4859" "Z" 0.06 -0.4125 0.46375 0 0 2666.66666666667 1 5 0.768409665060492 5 1000 17295 5
"4860" "Z" 0.006 -0.78375 0.67 0 1 2666.66666666667 1 5 0.400477566597125 5 1000 15717 5
"4861" "Z" 0.006 -0.12375 0.71125 0 0.5 2666.66666666667 1 5 0.340731293541596 5 1000 14120 5
"4862" "Z" 0.06 -0.825 0.0925 0 0.5 2666.66666666667 1 5 2.38054663446376 5 1000 18260 5
"4863" "Z" 0.006 -0.7425 0.01 1 1 2666.66666666667 1 5 4.60517018598809 5 1000 15554 5
"4864" "Z" 0.006 -0.4125 0.21625 0 0.5 2666.66666666667 1 5 1.53132013317015 5 1000 14772 5
"4865" "Z" 0.06 -0.86625 0.835 0 0 2666.66666666667 1 5 0.180323554131281 5 1000 18431 5
"4866" "Z" 0.006 -0.5775 0.79375 0 0 2666.66666666667 1 5 0.230986728775236 5 1000 15227 5
"4867" "Z" 0.06 -0.53625 0.29875 0 1 2666.66666666667 1 5 1.20814817573642 5 1000 17581 5
"4868" "Z" 0.06 -0.165 1 1 1 2666.66666666667 1 5 0 5 1000 16750 5
"4869" "Z" 0.06 -0.04125 0.13375 0 0.5 2666.66666666667 1 5 2.01178289320602 5 1000 16364 5
"4870" "Z" 0.06 -0.0825 0.01 0 0.5 2666.66666666667 1 5 4.60517018598809 5 1000 16452 5
"4871" "Z" 0.006 -0.94875 0.46375 0 0.5 2666.66666666667 1 5 0.768409665060492 5 1000 16096 5
"4872" "Z" 0.06 -0.0825 0.05125 0 0 2666.66666666667 1 5 2.97103966096362 5 1000 16455 5
"4873" "Z" 0.006 -0.2475 0.505 0 1 2666.66666666667 1 5 0.683196849706777 5 1000 14401 5
"4874" "Z" 0.006 -0.78375 0.7525 0 0.5 2666.66666666667 1 5 0.284354282359106 5 1000 15724 5
"4875" "Z" 0.06 -0.0825 0.21625 0 0 2666.66666666667 1 5 1.53132013317015 5 1000 16471 5
"4876" "Z" 0.006 -0.99 0.21625 0 0.5 2666.66666666667 1 5 1.53132013317015 5 1000 16172 5
"4877" "Z" 0.06 -0.61875 0.13375 0 0 2666.66666666667 1 5 2.01178289320602 5 1000 17763 5
"4878" "Z" 0.006 -0.165 0.9175 0 0.5 2666.66666666667 1 5 0.0861026990534116 5 1000 14240 5
"4879" "Z" 0.06 -0.33 0.34 0 0 2666.66666666667 1 5 1.07880966137193 5 1000 17083 5
"4880" "Z" 0.006 -0.53625 0.0925 0 1 2666.66666666667 1 5 2.38054663446376 5 1000 15061 5
"4881" "Z" 0.06 -0.5775 0.9175 1 1 2666.66666666667 1 5 0.0861026990534116 5 1000 17742 5
"4882" "Z" 0.006 -0.04125 0.54625 0 0.5 2666.66666666667 1 5 0.604678532572337 5 1000 13904 5
"4883" "Z" 0.006 -0.61875 0.34 0 0 2666.66666666667 1 5 1.07880966137193 5 1000 15283 5
"4884" "Z" 0.006 -0.61875 0.01 0 0 2666.66666666667 1 5 4.60517018598809 5 1000 15251 5
"4885" "Z" 0.06 -0.94875 0.29875 0 0.5 2666.66666666667 1 5 1.20814817573642 5 1000 18580 5
"4886" "Z" 0.06 -0.61875 0.9175 0 0.5 2666.66666666667 1 5 0.0861026990534116 5 1000 17840 5
"4887" "Z" 0.06 -0.61875 0.175 0 0 2666.66666666667 1 5 1.74296930505862 5 1000 17767 5
"4888" "Z" 0.006 -0.4125 0.835 0 1 2666.66666666667 1 5 0.180323554131281 5 1000 14833 5
"4889" "Z" 0.06 -0.12375 0.9175 1 1 2666.66666666667 1 5 0.0861026990534116 5 1000 16642 5
"4890" "Z" 0.06 -0.825 0.46375 0 0.5 2666.66666666667 1 5 0.768409665060492 5 1000 18296 5
"4891" "Z" 0.006 -0.78375 0.34 1 1 2666.66666666667 1 5 1.07880966137193 5 1000 15686 5
"4892" "Z" 0.06 -0.94875 0.34 1 1 2666.66666666667 1 5 1.07880966137193 5 1000 18586 5
"4893" "Z" 0.06 -0.53625 0.5875 0 0 2666.66666666667 1 5 0.531879032963823 5 1000 17607 5
"4894" "Z" 0.06 -0.86625 0.5875 0 0.5 2666.66666666667 1 5 0.531879032963823 5 1000 18408 5
"4895" "Z" 0.006 -0.33 0.62875 0 0 2666.66666666667 1 5 0.464021557568188 5 1000 14611 5
"4896" "Z" 0.06 -0.28875 1 0 0.5 2666.66666666667 1 5 0 5 1000 17048 5
"4897" "Z" 0.006 -0.04125 0.29875 1 1 2666.66666666667 1 5 1.20814817573642 5 1000 13882 5
"4898" "Z" 0.06 -0.12375 0.5875 0 0.5 2666.66666666667 1 5 0.531879032963823 5 1000 16608 5
"4899" "Z" 0.006 -0.94875 0.13375 0 0 2666.66666666667 1 5 2.01178289320602 5 1000 16063 5
"4900" "Z" 0.06 -0.28875 0.54625 0 1 2666.66666666667 1 5 0.604678532572337 5 1000 17005 5
"4901" "Z" 0.006 -0.99 0.9175 1 1 2666.66666666667 1 5 0.0861026990534116 5 1000 16242 5
"4902" "Z" 0.006 -0.86625 0.62875 0 0.5 2666.66666666667 1 5 0.464021557568188 5 1000 15912 5
"4903" "Z" 0.06 -0.78375 0.46375 0 0 2666.66666666667 1 5 0.768409665060492 5 1000 18195 5
"4904" "Z" 0.06 -0.12375 0.34 0 0 2666.66666666667 1 5 1.07880966137193 5 1000 16583 5
"4905" "Z" 0.06 -0.86625 0.62875 0 1 2666.66666666667 1 5 0.464021557568188 5 1000 18413 5
"4906" "Z" 0.006 -0.20625 0.9175 0 0.5 2666.66666666667 1 5 0.0861026990534116 5 1000 14340 5
"4907" "Z" 0.06 -0.37125 0.175 0 0.5 2666.66666666667 1 5 1.74296930505862 5 1000 17168 5
"4908" "Z" 0.06 -0.5775 1 0 1 2666.66666666667 1 5 0 5 1000 17749 5
"4909" "Z" 0.006 -0.99 0.29875 1 1 2666.66666666667 1 5 1.20814817573642 5 1000 16182 5
"4910" "Z" 0.006 -0.2475 0.87625 1 1 2666.66666666667 1 5 0.132103840633337 5 1000 14438 5
"4911" "Z" 0.006 -0.165 0.05125 0 1 2666.66666666667 1 5 2.97103966096362 5 1000 14157 5
"4912" "Z" 0.06 -0.12375 0.0925 0 0 2666.66666666667 1 5 2.38054663446376 5 1000 16559 5
"4913" "Z" 0.006 -0.94875 0.4225 0 0 2666.66666666667 1 5 0.861565832184908 5 1000 16091 5
"4914" "Z" 0.06 -0.37125 0.54625 1 1 2666.66666666667 1 5 0.604678532572337 5 1000 17206 5
"4915" "Z" 0.06 -0.04125 0.29875 0 1 2666.66666666667 1 5 1.20814817573642 5 1000 16381 5
"4916" "Z" 0.06 -0.61875 0.67 0 0 2666.66666666667 1 5 0.400477566597125 5 1000 17815 5
"4917" "Z" 0.06 -0.66 0.4225 0 0.5 2666.66666666667 1 5 0.861565832184908 5 1000 17892 5
"4918" "Z" 0.006 -0.2475 0.67 0 0.5 2666.66666666667 1 5 0.400477566597125 5 1000 14416 5
"4919" "Z" 0.06 -0.7425 0.62875 1 1 2666.66666666667 1 5 0.464021557568188 5 1000 18114 5
"4920" "Z" 0.006 -0.2475 0.2575 0 0 2666.66666666667 1 5 1.35673555887835 5 1000 14375 5
"4921" "Z" 0.006 -0.78375 0.01 0 0 2666.66666666667 1 5 4.60517018598809 5 1000 15651 5
"4922" "Z" 0.006 -0.9075 0.175 1 1 2666.66666666667 1 5 1.74296930505862 5 1000 15970 5
"4923" "Z" 0.06 -0.9075 0.05125 0 0.5 2666.66666666667 1 5 2.97103966096362 5 1000 18456 5
"4924" "Z" 0.06 -0.2475 0.79375 0 0 2666.66666666667 1 5 0.230986728775236 5 1000 16927 5
"4925" "Z" 0.006 -0.20625 0.505 0 0 2666.66666666667 1 5 0.683196849706777 5 1000 14299 5
"4926" "Z" 0.06 -0.37125 0.05125 0 0.5 2666.66666666667 1 5 2.97103966096362 5 1000 17156 5
"4927" "Z" 0.06 -0.33 0.46375 0 0 2666.66666666667 1 5 0.768409665060492 5 1000 17095 5
"4928" "Z" 0.06 -0.53625 0.7525 1 1 2666.66666666667 1 5 0.284354282359106 5 1000 17626 5
"4929" "Z" 0.006 -0.37125 1 1 1 2666.66666666667 1 5 0 5 1000 14750 5
"4930" "Z" 0.006 -0.9075 0.9175 0 1 2666.66666666667 1 5 0.0861026990534116 5 1000 16041 5
"4931" "Z" 0.06 -0.45375 0.4225 0 1 2666.66666666667 1 5 0.861565832184908 5 1000 17393 5
"4932" "Z" 0.06 -0.53625 0.175 0 0.5 2666.66666666667 1 5 1.74296930505862 5 1000 17568 5
"4933" "Z" 0.06 -0.61875 0.87625 1 1 2666.66666666667 1 5 0.132103840633337 5 1000 17838 5
"4934" "Z" 0.06 -0.2475 0.29875 0 0 2666.66666666667 1 5 1.20814817573642 5 1000 16879 5
"4935" "Z" 0.006 -0.20625 0.0925 0 1 2666.66666666667 1 5 2.38054663446376 5 1000 14261 5
"4936" "Z" 0.06 -0.94875 0.5875 0 1 2666.66666666667 1 5 0.531879032963823 5 1000 18609 5
"4937" "Z" 0.006 -0.99 0.7525 0 1 2666.66666666667 1 5 0.284354282359106 5 1000 16225 5
"4938" "Z" 0.06 -0.66 0.67 0 0.5 2666.66666666667 1 5 0.400477566597125 5 1000 17916 5
"4939" "Z" 0.006 -0.94875 0.38125 1 1 2666.66666666667 1 5 0.964299951060516 5 1000 16090 5
"4940" "Z" 0.06 -0.12375 0.5875 1 1 2666.66666666667 1 5 0.531879032963823 5 1000 16610 5
"4941" "Z" 0.006 -0.86625 0.9175 0 0.5 2666.66666666667 1 5 0.0861026990534116 5 1000 15940 5
"4942" "Z" 0.006 -0.4125 0.95875 1 1 2666.66666666667 1 5 0.042124926300671 5 1000 14846 5
"4943" "Z" 0.06 -0.94875 0.71125 1 1 2666.66666666667 1 5 0.340731293541596 5 1000 18622 5
"4944" "Z" 0.006 -0.825 0.9175 0 0.5 2666.66666666667 1 5 0.0861026990534116 5 1000 15840 5
"4945" "Z" 0.06 -0.53625 0.29875 0 0 2666.66666666667 1 5 1.20814817573642 5 1000 17579 5
"4946" "Z" 0.006 -0.9075 0.9175 0 0 2666.66666666667 1 5 0.0861026990534116 5 1000 16039 5
"4947" "Z" 0.006 -0.70125 0.95875 0 1 2666.66666666667 1 5 0.042124926300671 5 1000 15545 5
"4948" "Z" 0.006 -0.53625 1 1 1 2666.66666666667 1 5 0 5 1000 15150 5
"4949" "Z" 0.006 -0.495 0.67 0 1 2666.66666666667 1 5 0.400477566597125 5 1000 15017 5
"4950" "Z" 0.006 -0.20625 0.67 0 1 2666.66666666667 1 5 0.400477566597125 5 1000 14317 5
"4951" "Z" 0.006 -0.86625 0.2575 1 1 2666.66666666667 1 5 1.35673555887835 5 1000 15878 5
"4952" "Z" 0.06 -0.70125 0.4225 0 0.5 2666.66666666667 1 5 0.861565832184908 5 1000 17992 5
"4953" "Z" 0.06 -0.33 0.01 1 1 2666.66666666667 1 5 4.60517018598809 5 1000 17054 5
"4954" "Z" 0.06 -0.165 0.0925 0 1 2666.66666666667 1 5 2.38054663446376 5 1000 16661 5
"4955" "Z" 0.06 -0.37125 0.67 0 0 2666.66666666667 1 5 0.400477566597125 5 1000 17215 5
"4956" "Z" 0.06 -0.66 0.05125 1 1 2666.66666666667 1 5 2.97103966096362 5 1000 17858 5
"4957" "Z" 0.006 0 0.01 0 0.5 2666.66666666667 1 5 4.60517018598809 5 1000 13752 5
"4958" "Z" 0.06 -0.2475 0.835 0 0.5 2666.66666666667 1 5 0.180323554131281 5 1000 16932 5
"4959" "Z" 0.06 -0.825 0.5875 1 1 2666.66666666667 1 5 0.531879032963823 5 1000 18310 5
"4960" "Z" 0.006 -0.20625 0.38125 0 1 2666.66666666667 1 5 0.964299951060516 5 1000 14289 5
"4961" "Z" 0.06 -0.2475 0.62875 0 0.5 2666.66666666667 1 5 0.464021557568188 5 1000 16912 5
"4962" "Z" 0.006 -0.9075 0.835 0 1 2666.66666666667 1 5 0.180323554131281 5 1000 16033 5
"4963" "Z" 0.06 -0.5775 0.79375 1 1 2666.66666666667 1 5 0.230986728775236 5 1000 17730 5
"4964" "Z" 0.006 -0.28875 0.21625 0 0 2666.66666666667 1 5 1.53132013317015 5 1000 14471 5
"4965" "Z" 0.06 -0.495 1 0 0.5 2666.66666666667 1 5 0 5 1000 17548 5
"4966" "Z" 0.06 -0.78375 0.95875 0 1 2666.66666666667 1 5 0.042124926300671 5 1000 18245 5
"4967" "Z" 0.006 -0.9075 0.79375 0 1 2666.66666666667 1 5 0.230986728775236 5 1000 16029 5
"4968" "Z" 0.006 -0.825 0.62875 1 1 2666.66666666667 1 5 0.464021557568188 5 1000 15814 5
"4969" "Z" 0.06 -0.2475 0.54625 0 0.5 2666.66666666667 1 5 0.604678532572337 5 1000 16904 5
"4970" "Z" 0.06 -0.825 0.62875 0 0 2666.66666666667 1 5 0.464021557568188 5 1000 18311 5
"4971" "Z" 0.006 -0.4125 0.7525 0 0.5 2666.66666666667 1 5 0.284354282359106 5 1000 14824 5
"4972" "Z" 0.06 -0.165 0.62875 0 1 2666.66666666667 1 5 0.464021557568188 5 1000 16713 5
"4973" "Z" 0.006 0 0.4225 1 1 2666.66666666667 1 5 0.861565832184908 5 1000 13794 5
"4974" "Z" 0.006 -0.2475 0.34 1 1 2666.66666666667 1 5 1.07880966137193 5 1000 14386 5
"4975" "Z" 0.006 -0.5775 0.38125 1 1 2666.66666666667 1 5 0.964299951060516 5 1000 15190 5
"4976" "Z" 0.006 -0.0825 0.29875 0 0.5 2666.66666666667 1 5 1.20814817573642 5 1000 13980 5
"4977" "Z" 0.006 -0.37125 0.79375 1 1 2666.66666666667 1 5 0.230986728775236 5 1000 14730 5
"4978" "Z" 0.006 -0.61875 0.46375 0 0.5 2666.66666666667 1 5 0.768409665060492 5 1000 15296 5
"4979" "Z" 0.006 -0.66 0.71125 0 1 2666.66666666667 1 5 0.340731293541596 5 1000 15421 5
"4980" "Z" 0.006 -0.495 0.835 0 0 2666.66666666667 1 5 0.180323554131281 5 1000 15031 5
"4981" "Z" 0.06 -0.86625 0.46375 1 1 2666.66666666667 1 5 0.768409665060492 5 1000 18398 5
"4982" "Z" 0.006 0 0.13375 0 1 2666.66666666667 1 5 2.01178289320602 5 1000 13765 5
"4983" "Z" 0.06 -0.78375 0.67 0 1 2666.66666666667 1 5 0.400477566597125 5 1000 18217 5
"4984" "Z" 0.06 -0.5775 0.71125 0 0.5 2666.66666666667 1 5 0.340731293541596 5 1000 17720 5
"4985" "Z" 0.06 0 0.5875 0 0 2666.66666666667 1 5 0.531879032963823 5 1000 16307 5
"4986" "Z" 0.006 -0.825 0.13375 1 1 2666.66666666667 1 5 2.01178289320602 5 1000 15766 5
"4987" "Z" 0.006 -0.12375 0.7525 0 0.5 2666.66666666667 1 5 0.284354282359106 5 1000 14124 5
"4988" "Z" 0.006 -0.825 0.46375 0 1 2666.66666666667 1 5 0.768409665060492 5 1000 15797 5
"4989" "Z" 0.006 0 0.0925 0 0 2666.66666666667 1 5 2.38054663446376 5 1000 13759 5
"4990" "Z" 0.06 0 0.13375 0 1 2666.66666666667 1 5 2.01178289320602 5 1000 16265 5
"4991" "Z" 0.006 -0.165 0.95875 0 0 2666.66666666667 1 5 0.042124926300671 5 1000 14243 5
"4992" "Z" 0.06 -0.4125 0.835 0 0.5 2666.66666666667 1 5 0.180323554131281 5 1000 17332 5
"4993" "Z" 0.06 -0.2475 0.835 0 1 2666.66666666667 1 5 0.180323554131281 5 1000 16933 5
"4994" "Z" 0.006 -0.33 0.175 1 1 2666.66666666667 1 5 1.74296930505862 5 1000 14570 5
"4995" "Z" 0.06 -0.45375 0.9175 0 1 2666.66666666667 1 5 0.0861026990534116 5 1000 17441 5
"4996" "Z" 0.06 0 0.7525 0 0 2666.66666666667 1 5 0.284354282359106 5 1000 16323 5
"4997" "Z" 0.006 -0.37125 0.87625 0 0 2666.66666666667 1 5 0.132103840633337 5 1000 14735 5
"4998" "Z" 0.06 -0.86625 0.21625 0 0.5 2666.66666666667 1 5 1.53132013317015 5 1000 18372 5
"4999" "Z" 0.006 -0.86625 0.34 0 0 2666.66666666667 1 5 1.07880966137193 5 1000 15883 5
"5000" "Z" 0.06 0 0.95875 0 0.5 2666.66666666667 1 5 0.042124926300671 5 1000 16344 5
