"chromosome" "v" "D" "refractory_period_prop_cohort_alive" "sex_expressed" "dominance" "Starting_pop_size" "baseline_mean_lifespan" "f" "refractory_period" "mutation_time" "time_end" "parameter_space_ID" "mutation_events"
"1" "P" 0.004 -0.66 0.67 1 1 4000 1 5 0.400477566597125 5 1000 23334 5
"2" "P" 0.004 -0.4125 0.2575 1 1 4000 1 5 1.35673555887835 5 1000 23014 5
"3" "P" 0.04 -0.04125 0.5875 1 1 4000 1 5 0.531879032963823 5 1000 23830 5
"4" "P" 0.004 -0.53625 0.46375 1 1 4000 1 5 0.768409665060492 5 1000 23174 5
"5" "P" 0.004 -0.99 1 0 1 4000 1 5 0 5 1000 23749 5
"6" "P" 0.04 -0.04125 0.4225 0 1 4000 1 5 0.861565832184908 5 1000 23821 5
"7" "P" 0.04 -0.37125 0.835 1 1 4000 1 5 0.180323554131281 5 1000 24242 5
"8" "P" 0.04 -0.66 0.175 0 1 4000 1 5 1.74296930505862 5 1000 24559 5
"9" "P" 0.04 -0.33 0.0925 1 1 4000 1 5 2.38054663446376 5 1000 24156 5
"10" "P" 0.04 -0.12375 0.05125 0 1 4000 1 5 2.97103966096362 5 1000 23903 5
"11" "P" 0.04 -0.66 0.71125 0 1 4000 1 5 0.340731293541596 5 1000 24585 5
"12" "P" 0.004 -0.20625 0.7525 0 1 4000 1 5 0.284354282359106 5 1000 22787 5
"13" "P" 0.04 -0.37125 0.79375 1 1 4000 1 5 0.230986728775236 5 1000 24240 5
"14" "P" 0.004 -0.94875 0.7525 0 1 4000 1 5 0.284354282359106 5 1000 23687 5
"15" "P" 0.004 -0.04125 0.05125 1 1 4000 1 5 2.97103966096362 5 1000 22554 5
"16" "P" 0.04 -0.7425 0.67 1 1 4000 1 5 0.400477566597125 5 1000 24684 5
"17" "P" 0.004 -0.495 0.13375 1 1 4000 1 5 2.01178289320602 5 1000 23108 5
"18" "P" 0.04 -0.53625 0.54625 1 1 4000 1 5 0.604678532572337 5 1000 24428 5
"19" "P" 0.04 -0.33 0.95875 1 1 4000 1 5 0.042124926300671 5 1000 24198 5
"20" "P" 0.04 -0.0825 0.62875 1 1 4000 1 5 0.464021557568188 5 1000 23882 5
"21" "P" 0.004 -0.45375 0.01 1 1 4000 1 5 4.60517018598809 5 1000 23052 5
"22" "P" 0.004 -0.825 0.05125 0 1 4000 1 5 2.97103966096362 5 1000 23503 5
"23" "P" 0.004 -0.78375 0.5875 0 1 4000 1 5 0.531879032963823 5 1000 23479 5
"24" "P" 0.004 -0.20625 0.0925 1 1 4000 1 5 2.38054663446376 5 1000 22756 5
"25" "P" 0.04 -0.33 0.13375 1 1 4000 1 5 2.01178289320602 5 1000 24158 5
"26" "P" 0.04 -0.495 0.87625 0 1 4000 1 5 0.132103840633337 5 1000 24393 5
"27" "P" 0.04 -0.78375 0.62875 1 1 4000 1 5 0.464021557568188 5 1000 24732 5
"28" "P" 0.04 -0.99 0.79375 1 1 4000 1 5 0.230986728775236 5 1000 24990 5
"29" "P" 0.04 -0.12375 0.0925 1 1 4000 1 5 2.38054663446376 5 1000 23906 5
"30" "P" 0.004 -0.04125 0.13375 1 1 4000 1 5 2.01178289320602 5 1000 22558 5
"31" "P" 0.004 -0.165 0.05125 1 1 4000 1 5 2.97103966096362 5 1000 22704 5
"32" "P" 0.04 -0.5775 0.01 1 1 4000 1 5 4.60517018598809 5 1000 24452 5
"33" "P" 0.04 -0.45375 0.34 0 1 4000 1 5 1.07880966137193 5 1000 24317 5
"34" "P" 0.004 -0.0825 0.62875 0 1 4000 1 5 0.464021557568188 5 1000 22631 5
"35" "P" 0.004 -0.4125 0.46375 0 1 4000 1 5 0.768409665060492 5 1000 23023 5
"36" "P" 0.004 -0.495 0.67 1 1 4000 1 5 0.400477566597125 5 1000 23134 5
"37" "P" 0.04 -0.70125 0.835 0 1 4000 1 5 0.180323554131281 5 1000 24641 5
"38" "P" 0.004 -0.94875 0.0925 0 1 4000 1 5 2.38054663446376 5 1000 23655 5
"39" "P" 0.004 -0.61875 0.05125 1 1 4000 1 5 2.97103966096362 5 1000 23254 5
"40" "P" 0.04 -0.04125 0.05125 1 1 4000 1 5 2.97103966096362 5 1000 23804 5
"41" "P" 0.004 -0.78375 0.38125 0 1 4000 1 5 0.964299951060516 5 1000 23469 5
"42" "P" 0.04 -0.9075 0.01 0 1 4000 1 5 4.60517018598809 5 1000 24851 5
"43" "P" 0.004 -0.70125 0.21625 1 1 4000 1 5 1.53132013317015 5 1000 23362 5
"44" "P" 0.004 -0.78375 0.46375 1 1 4000 1 5 0.768409665060492 5 1000 23474 5
"45" "P" 0.004 -0.86625 0.05125 0 1 4000 1 5 2.97103966096362 5 1000 23553 5
"46" "P" 0.004 -0.37125 0.71125 0 1 4000 1 5 0.340731293541596 5 1000 22985 5
"47" "P" 0.004 -0.53625 0.54625 0 1 4000 1 5 0.604678532572337 5 1000 23177 5
"48" "P" 0.004 -0.33 0.9175 1 1 4000 1 5 0.0861026990534116 5 1000 22946 5
"49" "P" 0.04 -0.37125 0.175 1 1 4000 1 5 1.74296930505862 5 1000 24210 5
"50" "P" 0.04 -0.28875 0.38125 1 1 4000 1 5 0.964299951060516 5 1000 24120 5
"51" "P" 0.004 -0.12375 0.34 0 1 4000 1 5 1.07880966137193 5 1000 22667 5
"52" "P" 0.004 -0.86625 0.175 0 1 4000 1 5 1.74296930505862 5 1000 23559 5
"53" "P" 0.04 -0.20625 0.95875 0 1 4000 1 5 0.042124926300671 5 1000 24047 5
"54" "P" 0.04 -0.37125 0.62875 0 1 4000 1 5 0.464021557568188 5 1000 24231 5
"55" "P" 0.04 -0.20625 0.835 1 1 4000 1 5 0.180323554131281 5 1000 24042 5
"56" "P" 0.004 -0.66 0.34 1 1 4000 1 5 1.07880966137193 5 1000 23318 5
"57" "P" 0.04 -0.94875 0.9175 0 1 4000 1 5 0.0861026990534116 5 1000 24945 5
"58" "P" 0.04 -0.45375 0.95875 0 1 4000 1 5 0.042124926300671 5 1000 24347 5
"59" "P" 0.004 -0.37125 1 0 1 4000 1 5 0 5 1000 22999 5
"60" "P" 0.004 -0.33 0.95875 0 1 4000 1 5 0.042124926300671 5 1000 22947 5
"61" "P" 0.04 -0.99 0.87625 0 1 4000 1 5 0.132103840633337 5 1000 24993 5
"62" "P" 0.004 -0.12375 0.175 0 1 4000 1 5 1.74296930505862 5 1000 22659 5
"63" "P" 0.004 -0.28875 0.5875 0 1 4000 1 5 0.531879032963823 5 1000 22879 5
"64" "P" 0.004 -0.2475 0.38125 1 1 4000 1 5 0.964299951060516 5 1000 22820 5
"65" "P" 0.004 -0.2475 0.34 1 1 4000 1 5 1.07880966137193 5 1000 22818 5
"66" "P" 0.004 -0.825 0.05125 1 1 4000 1 5 2.97103966096362 5 1000 23504 5
"67" "P" 0.04 -0.9075 0.0925 1 1 4000 1 5 2.38054663446376 5 1000 24856 5
"68" "P" 0.04 -0.2475 0.38125 0 1 4000 1 5 0.964299951060516 5 1000 24069 5
"69" "P" 0.04 -0.70125 0.505 1 1 4000 1 5 0.683196849706777 5 1000 24626 5
"70" "P" 0.004 -0.7425 0.5875 1 1 4000 1 5 0.531879032963823 5 1000 23430 5
"71" "P" 0.04 -0.04125 0.95875 1 1 4000 1 5 0.042124926300671 5 1000 23848 5
"72" "P" 0.04 -0.4125 0.01 0 1 4000 1 5 4.60517018598809 5 1000 24251 5
"73" "P" 0.04 -0.94875 0.05125 1 1 4000 1 5 2.97103966096362 5 1000 24904 5
"74" "P" 0.004 -0.12375 0.54625 0 1 4000 1 5 0.604678532572337 5 1000 22677 5
"75" "P" 0.04 -0.04125 0.175 0 1 4000 1 5 1.74296930505862 5 1000 23809 5
"76" "P" 0.004 -0.825 1 1 1 4000 1 5 0 5 1000 23550 5
"77" "P" 0.04 -0.86625 0.7525 0 1 4000 1 5 0.284354282359106 5 1000 24837 5
"78" "P" 0.04 -0.61875 0.835 1 1 4000 1 5 0.180323554131281 5 1000 24542 5
"79" "P" 0.04 -0.4125 0.62875 0 1 4000 1 5 0.464021557568188 5 1000 24281 5
"80" "P" 0.004 -0.4125 0.87625 0 1 4000 1 5 0.132103840633337 5 1000 23043 5
"81" "P" 0.04 -0.33 0.62875 0 1 4000 1 5 0.464021557568188 5 1000 24181 5
"82" "P" 0.04 -0.825 0.21625 1 1 4000 1 5 1.53132013317015 5 1000 24762 5
"83" "P" 0.04 -0.12375 0.95875 0 1 4000 1 5 0.042124926300671 5 1000 23947 5
"84" "P" 0.04 -0.53625 0.38125 1 1 4000 1 5 0.964299951060516 5 1000 24420 5
"85" "P" 0.04 -0.61875 0.34 1 1 4000 1 5 1.07880966137193 5 1000 24518 5
"86" "P" 0.004 -0.94875 0.175 1 1 4000 1 5 1.74296930505862 5 1000 23660 5
"87" "P" 0.004 -0.28875 0.2575 0 1 4000 1 5 1.35673555887835 5 1000 22863 5
"88" "P" 0.004 -0.9075 0.505 0 1 4000 1 5 0.683196849706777 5 1000 23625 5
"89" "P" 0.04 -0.825 0.175 0 1 4000 1 5 1.74296930505862 5 1000 24759 5
"90" "P" 0.004 -0.12375 0.835 0 1 4000 1 5 0.180323554131281 5 1000 22691 5
"91" "P" 0.004 -0.94875 0.13375 1 1 4000 1 5 2.01178289320602 5 1000 23658 5
"92" "P" 0.04 -0.53625 0.79375 0 1 4000 1 5 0.230986728775236 5 1000 24439 5
"93" "P" 0.04 -0.94875 0.67 0 1 4000 1 5 0.400477566597125 5 1000 24933 5
"94" "P" 0.004 -0.28875 0.05125 1 1 4000 1 5 2.97103966096362 5 1000 22854 5
"95" "P" 0.004 -0.94875 0.95875 1 1 4000 1 5 0.042124926300671 5 1000 23698 5
"96" "P" 0.004 -0.86625 0.34 0 1 4000 1 5 1.07880966137193 5 1000 23567 5
"97" "P" 0.004 -0.86625 0.38125 1 1 4000 1 5 0.964299951060516 5 1000 23570 5
"98" "P" 0.04 -0.37125 0.9175 1 1 4000 1 5 0.0861026990534116 5 1000 24246 5
"99" "P" 0.004 -0.2475 0.29875 0 1 4000 1 5 1.20814817573642 5 1000 22815 5
"100" "P" 0.004 -0.825 0.34 1 1 4000 1 5 1.07880966137193 5 1000 23518 5
"101" "P" 0.004 -0.86625 0.13375 0 1 4000 1 5 2.01178289320602 5 1000 23557 5
"102" "P" 0.004 -0.86625 1 1 1 4000 1 5 0 5 1000 23600 5
"103" "P" 0.04 -0.4125 0.175 0 1 4000 1 5 1.74296930505862 5 1000 24259 5
"104" "P" 0.004 -0.165 0.175 1 1 4000 1 5 1.74296930505862 5 1000 22710 5
"105" "P" 0.004 -0.70125 0.05125 1 1 4000 1 5 2.97103966096362 5 1000 23354 5
"106" "P" 0.004 -0.2475 0.05125 0 1 4000 1 5 2.97103966096362 5 1000 22803 5
"107" "P" 0.04 -0.70125 0.2575 1 1 4000 1 5 1.35673555887835 5 1000 24614 5
"108" "P" 0.04 -0.86625 0.34 1 1 4000 1 5 1.07880966137193 5 1000 24818 5
"109" "P" 0.04 -0.78375 0.01 0 1 4000 1 5 4.60517018598809 5 1000 24701 5
"110" "P" 0.04 -0.70125 0.38125 1 1 4000 1 5 0.964299951060516 5 1000 24620 5
"111" "P" 0.04 -0.825 0.67 0 1 4000 1 5 0.400477566597125 5 1000 24783 5
"112" "P" 0.04 -0.4125 0.835 1 1 4000 1 5 0.180323554131281 5 1000 24292 5
"113" "P" 0.004 -0.2475 0.4225 0 1 4000 1 5 0.861565832184908 5 1000 22821 5
"114" "P" 0.04 0 0.13375 0 1 4000 1 5 2.01178289320602 5 1000 23757 5
"115" "P" 0.004 -0.37125 0.95875 0 1 4000 1 5 0.042124926300671 5 1000 22997 5
"116" "P" 0.04 -0.94875 0.71125 0 1 4000 1 5 0.340731293541596 5 1000 24935 5
"117" "P" 0.04 -0.28875 0.505 1 1 4000 1 5 0.683196849706777 5 1000 24126 5
"118" "P" 0.004 -0.495 0.62875 1 1 4000 1 5 0.464021557568188 5 1000 23132 5
"119" "P" 0.04 -0.12375 0.67 0 1 4000 1 5 0.400477566597125 5 1000 23933 5
"120" "P" 0.004 -0.7425 0.7525 0 1 4000 1 5 0.284354282359106 5 1000 23437 5
"121" "P" 0.04 -0.99 0.5875 1 1 4000 1 5 0.531879032963823 5 1000 24980 5
"122" "P" 0.04 -0.61875 0.95875 0 1 4000 1 5 0.042124926300671 5 1000 24547 5
"123" "P" 0.04 -0.86625 0.62875 0 1 4000 1 5 0.464021557568188 5 1000 24831 5
"124" "P" 0.04 -0.20625 0.29875 1 1 4000 1 5 1.20814817573642 5 1000 24016 5
"125" "P" 0.004 -0.94875 0.79375 0 1 4000 1 5 0.230986728775236 5 1000 23689 5
"126" "P" 0.004 -0.53625 0.21625 1 1 4000 1 5 1.53132013317015 5 1000 23162 5
"127" "P" 0.04 -0.2475 0.13375 0 1 4000 1 5 2.01178289320602 5 1000 24057 5
"128" "P" 0.004 -0.4125 0.79375 0 1 4000 1 5 0.230986728775236 5 1000 23039 5
"129" "P" 0.004 -0.9075 0.71125 1 1 4000 1 5 0.340731293541596 5 1000 23636 5
"130" "P" 0.004 -0.86625 0.835 1 1 4000 1 5 0.180323554131281 5 1000 23592 5
"131" "P" 0.004 -0.99 0.835 0 1 4000 1 5 0.180323554131281 5 1000 23741 5
"132" "P" 0.04 -0.495 0.29875 1 1 4000 1 5 1.20814817573642 5 1000 24366 5
"133" "P" 0.004 -0.61875 0.175 0 1 4000 1 5 1.74296930505862 5 1000 23259 5
"134" "P" 0.004 -0.12375 0.46375 0 1 4000 1 5 0.768409665060492 5 1000 22673 5
"135" "P" 0.004 -0.04125 0.175 0 1 4000 1 5 1.74296930505862 5 1000 22559 5
"136" "P" 0.004 -0.825 0.29875 1 1 4000 1 5 1.20814817573642 5 1000 23516 5
"137" "P" 0.004 -0.66 0.38125 0 1 4000 1 5 0.964299951060516 5 1000 23319 5
"138" "P" 0.04 -0.53625 0.05125 0 1 4000 1 5 2.97103966096362 5 1000 24403 5
"139" "P" 0.04 -0.28875 0.29875 1 1 4000 1 5 1.20814817573642 5 1000 24116 5
"140" "P" 0.04 -0.20625 0.67 1 1 4000 1 5 0.400477566597125 5 1000 24034 5
"141" "P" 0.004 -0.20625 0.505 1 1 4000 1 5 0.683196849706777 5 1000 22776 5
"142" "P" 0.04 -0.70125 0.05125 0 1 4000 1 5 2.97103966096362 5 1000 24603 5
"143" "P" 0.004 -0.825 0.87625 0 1 4000 1 5 0.132103840633337 5 1000 23543 5
"144" "P" 0.004 -0.7425 0.7525 1 1 4000 1 5 0.284354282359106 5 1000 23438 5
"145" "P" 0.04 0 0.62875 0 1 4000 1 5 0.464021557568188 5 1000 23781 5
"146" "P" 0.004 -0.20625 0.29875 0 1 4000 1 5 1.20814817573642 5 1000 22765 5
"147" "P" 0.04 -0.165 0.95875 0 1 4000 1 5 0.042124926300671 5 1000 23997 5
"148" "P" 0.04 -0.825 0.05125 1 1 4000 1 5 2.97103966096362 5 1000 24754 5
"149" "P" 0.004 -0.20625 0.87625 1 1 4000 1 5 0.132103840633337 5 1000 22794 5
"150" "P" 0.04 -0.28875 0.01 0 1 4000 1 5 4.60517018598809 5 1000 24101 5
"151" "P" 0.004 0 0.21625 0 1 4000 1 5 1.53132013317015 5 1000 22511 5
"152" "P" 0.004 -0.495 0.5875 0 1 4000 1 5 0.531879032963823 5 1000 23129 5
"153" "P" 0.04 -0.0825 0.71125 1 1 4000 1 5 0.340731293541596 5 1000 23886 5
"154" "P" 0.004 -0.94875 0.4225 0 1 4000 1 5 0.861565832184908 5 1000 23671 5
"155" "P" 0.04 -0.33 0.13375 0 1 4000 1 5 2.01178289320602 5 1000 24157 5
"156" "P" 0.004 -0.20625 0.54625 0 1 4000 1 5 0.604678532572337 5 1000 22777 5
"157" "P" 0.04 -0.37125 0.505 1 1 4000 1 5 0.683196849706777 5 1000 24226 5
"158" "P" 0.04 -0.5775 0.505 1 1 4000 1 5 0.683196849706777 5 1000 24476 5
"159" "P" 0.04 -0.825 0.0925 1 1 4000 1 5 2.38054663446376 5 1000 24756 5
"160" "P" 0.004 -0.4125 0.01 0 1 4000 1 5 4.60517018598809 5 1000 23001 5
"161" "P" 0.004 -0.94875 0.38125 1 1 4000 1 5 0.964299951060516 5 1000 23670 5
"162" "P" 0.004 -0.78375 0.67 1 1 4000 1 5 0.400477566597125 5 1000 23484 5
"163" "P" 0.04 -0.5775 0.505 0 1 4000 1 5 0.683196849706777 5 1000 24475 5
"164" "P" 0.04 0 0.67 1 1 4000 1 5 0.400477566597125 5 1000 23784 5
"165" "P" 0.004 -0.20625 0.505 0 1 4000 1 5 0.683196849706777 5 1000 22775 5
"166" "P" 0.004 -0.66 0.7525 0 1 4000 1 5 0.284354282359106 5 1000 23337 5
"167" "P" 0.004 -0.12375 0.9175 0 1 4000 1 5 0.0861026990534116 5 1000 22695 5
"168" "P" 0.04 -0.94875 0.4225 1 1 4000 1 5 0.861565832184908 5 1000 24922 5
"169" "P" 0.04 -0.495 0.2575 1 1 4000 1 5 1.35673555887835 5 1000 24364 5
"170" "P" 0.04 -0.33 0.46375 0 1 4000 1 5 0.768409665060492 5 1000 24173 5
"171" "P" 0.004 -0.78375 1 1 1 4000 1 5 0 5 1000 23500 5
"172" "P" 0.04 -0.45375 0.7525 1 1 4000 1 5 0.284354282359106 5 1000 24338 5
"173" "P" 0.004 -0.66 0.46375 0 1 4000 1 5 0.768409665060492 5 1000 23323 5
"174" "P" 0.04 -0.78375 0.87625 0 1 4000 1 5 0.132103840633337 5 1000 24743 5
"175" "P" 0.004 -0.33 0.34 1 1 4000 1 5 1.07880966137193 5 1000 22918 5
"176" "P" 0.004 -0.94875 0.54625 0 1 4000 1 5 0.604678532572337 5 1000 23677 5
"177" "P" 0.004 -0.37125 0.9175 1 1 4000 1 5 0.0861026990534116 5 1000 22996 5
"178" "P" 0.004 -0.165 0.9175 0 1 4000 1 5 0.0861026990534116 5 1000 22745 5
"179" "P" 0.004 -0.37125 0.34 1 1 4000 1 5 1.07880966137193 5 1000 22968 5
"180" "P" 0.004 -0.37125 0.21625 0 1 4000 1 5 1.53132013317015 5 1000 22961 5
"181" "P" 0.04 -0.165 0.13375 0 1 4000 1 5 2.01178289320602 5 1000 23957 5
"182" "P" 0.04 -0.0825 0.13375 0 1 4000 1 5 2.01178289320602 5 1000 23857 5
"183" "P" 0.04 -0.33 0.4225 1 1 4000 1 5 0.861565832184908 5 1000 24172 5
"184" "P" 0.04 -0.7425 0.79375 1 1 4000 1 5 0.230986728775236 5 1000 24690 5
"185" "P" 0.004 -0.165 0.4225 0 1 4000 1 5 0.861565832184908 5 1000 22721 5
"186" "P" 0.004 -0.45375 0.21625 1 1 4000 1 5 1.53132013317015 5 1000 23062 5
"187" "P" 0.004 -0.4125 0.5875 1 1 4000 1 5 0.531879032963823 5 1000 23030 5
"188" "P" 0.04 0 0.9175 1 1 4000 1 5 0.0861026990534116 5 1000 23796 5
"189" "P" 0.04 -0.94875 0.2575 0 1 4000 1 5 1.35673555887835 5 1000 24913 5
"190" "P" 0.04 -0.45375 0.54625 1 1 4000 1 5 0.604678532572337 5 1000 24328 5
"191" "P" 0.004 -0.5775 0.4225 1 1 4000 1 5 0.861565832184908 5 1000 23222 5
"192" "P" 0.004 -0.61875 0.62875 0 1 4000 1 5 0.464021557568188 5 1000 23281 5
"193" "P" 0.04 -0.66 0.7525 1 1 4000 1 5 0.284354282359106 5 1000 24588 5
"194" "P" 0.04 -0.33 0.835 1 1 4000 1 5 0.180323554131281 5 1000 24192 5
"195" "P" 0.004 -0.33 0.5875 0 1 4000 1 5 0.531879032963823 5 1000 22929 5
"196" "P" 0.004 -0.99 0.54625 0 1 4000 1 5 0.604678532572337 5 1000 23727 5
"197" "P" 0.004 -0.70125 0.175 1 1 4000 1 5 1.74296930505862 5 1000 23360 5
"198" "P" 0.004 -0.94875 0.29875 1 1 4000 1 5 1.20814817573642 5 1000 23666 5
"199" "P" 0.004 -0.45375 0.05125 0 1 4000 1 5 2.97103966096362 5 1000 23053 5
"200" "P" 0.004 -0.825 0.5875 1 1 4000 1 5 0.531879032963823 5 1000 23530 5
"201" "P" 0.004 -0.33 0.13375 0 1 4000 1 5 2.01178289320602 5 1000 22907 5
"202" "P" 0.04 -0.495 0.71125 1 1 4000 1 5 0.340731293541596 5 1000 24386 5
"203" "P" 0.004 -0.70125 0.29875 1 1 4000 1 5 1.20814817573642 5 1000 23366 5
"204" "P" 0.04 -0.4125 0.0925 1 1 4000 1 5 2.38054663446376 5 1000 24256 5
"205" "P" 0.04 -0.61875 0.46375 1 1 4000 1 5 0.768409665060492 5 1000 24524 5
"206" "P" 0.004 -0.20625 0.7525 1 1 4000 1 5 0.284354282359106 5 1000 22788 5
"207" "P" 0.004 -0.165 0.13375 1 1 4000 1 5 2.01178289320602 5 1000 22708 5
"208" "P" 0.004 -0.53625 0.79375 1 1 4000 1 5 0.230986728775236 5 1000 23190 5
"209" "P" 0.04 -0.825 1 1 1 4000 1 5 0 5 1000 24800 5
"210" "P" 0.004 -0.4125 0.38125 1 1 4000 1 5 0.964299951060516 5 1000 23020 5
"211" "P" 0.004 -0.7425 0.2575 0 1 4000 1 5 1.35673555887835 5 1000 23413 5
"212" "P" 0.004 -0.9075 0.2575 1 1 4000 1 5 1.35673555887835 5 1000 23614 5
"213" "P" 0.04 -0.45375 0.9175 0 1 4000 1 5 0.0861026990534116 5 1000 24345 5
"214" "P" 0.04 -0.45375 0.79375 0 1 4000 1 5 0.230986728775236 5 1000 24339 5
"215" "P" 0.004 -0.66 0.05125 0 1 4000 1 5 2.97103966096362 5 1000 23303 5
"216" "P" 0.04 -0.45375 0.4225 0 1 4000 1 5 0.861565832184908 5 1000 24321 5
"217" "P" 0.004 -0.53625 0.21625 0 1 4000 1 5 1.53132013317015 5 1000 23161 5
"218" "P" 0.004 -0.99 0.71125 0 1 4000 1 5 0.340731293541596 5 1000 23735 5
"219" "P" 0.04 -0.165 0.46375 0 1 4000 1 5 0.768409665060492 5 1000 23973 5
"220" "P" 0.004 -0.9075 0.34 1 1 4000 1 5 1.07880966137193 5 1000 23618 5
"221" "P" 0.04 -0.12375 0.34 0 1 4000 1 5 1.07880966137193 5 1000 23917 5
"222" "P" 0.04 -0.04125 0.9175 0 1 4000 1 5 0.0861026990534116 5 1000 23845 5
"223" "P" 0.004 -0.5775 0.95875 0 1 4000 1 5 0.042124926300671 5 1000 23247 5
"224" "P" 0.004 -0.33 0.835 1 1 4000 1 5 0.180323554131281 5 1000 22942 5
"225" "P" 0.04 -0.7425 0.29875 1 1 4000 1 5 1.20814817573642 5 1000 24666 5
"226" "P" 0.04 -0.78375 0.835 1 1 4000 1 5 0.180323554131281 5 1000 24742 5
"227" "P" 0.04 -0.61875 0.5875 0 1 4000 1 5 0.531879032963823 5 1000 24529 5
"228" "P" 0.004 0 0.2575 1 1 4000 1 5 1.35673555887835 5 1000 22514 5
"229" "P" 0.04 -0.20625 0.7525 0 1 4000 1 5 0.284354282359106 5 1000 24037 5
"230" "P" 0.04 -0.94875 0.38125 0 1 4000 1 5 0.964299951060516 5 1000 24919 5
"231" "P" 0.004 -0.0825 0.79375 1 1 4000 1 5 0.230986728775236 5 1000 22640 5
"232" "P" 0.004 -0.86625 0.79375 0 1 4000 1 5 0.230986728775236 5 1000 23589 5
"233" "P" 0.004 -0.825 1 0 1 4000 1 5 0 5 1000 23549 5
"234" "P" 0.004 -0.66 0.29875 0 1 4000 1 5 1.20814817573642 5 1000 23315 5
"235" "P" 0.004 -0.5775 0.38125 1 1 4000 1 5 0.964299951060516 5 1000 23220 5
"236" "P" 0.04 -0.825 0.2575 1 1 4000 1 5 1.35673555887835 5 1000 24764 5
"237" "P" 0.004 -0.7425 0.4225 0 1 4000 1 5 0.861565832184908 5 1000 23421 5
"238" "P" 0.04 -0.86625 0.5875 1 1 4000 1 5 0.531879032963823 5 1000 24830 5
"239" "P" 0.04 -0.04125 0.71125 1 1 4000 1 5 0.340731293541596 5 1000 23836 5
"240" "P" 0.004 -0.5775 0.38125 0 1 4000 1 5 0.964299951060516 5 1000 23219 5
"241" "P" 0.04 -0.66 0.5875 0 1 4000 1 5 0.531879032963823 5 1000 24579 5
"242" "P" 0.004 -0.33 0.5875 1 1 4000 1 5 0.531879032963823 5 1000 22930 5
"243" "P" 0.004 0 0.87625 1 1 4000 1 5 0.132103840633337 5 1000 22544 5
"244" "P" 0.04 -0.20625 0.175 1 1 4000 1 5 1.74296930505862 5 1000 24010 5
"245" "P" 0.004 -0.70125 0.21625 0 1 4000 1 5 1.53132013317015 5 1000 23361 5
"246" "P" 0.04 -0.86625 0.13375 1 1 4000 1 5 2.01178289320602 5 1000 24808 5
"247" "P" 0.004 -0.20625 0.71125 0 1 4000 1 5 0.340731293541596 5 1000 22785 5
"248" "P" 0.04 -0.33 0.34 1 1 4000 1 5 1.07880966137193 5 1000 24168 5
"249" "P" 0.04 -0.86625 0.4225 1 1 4000 1 5 0.861565832184908 5 1000 24822 5
"250" "P" 0.04 -0.20625 0.62875 0 1 4000 1 5 0.464021557568188 5 1000 24031 5
"251" "P" 0.004 -0.45375 0.87625 0 1 4000 1 5 0.132103840633337 5 1000 23093 5
"252" "P" 0.04 -0.0825 0.01 0 1 4000 1 5 4.60517018598809 5 1000 23851 5
"253" "P" 0.004 -0.61875 0.29875 0 1 4000 1 5 1.20814817573642 5 1000 23265 5
"254" "P" 0.004 -0.78375 0.67 0 1 4000 1 5 0.400477566597125 5 1000 23483 5
"255" "P" 0.004 -0.7425 1 1 1 4000 1 5 0 5 1000 23450 5
"256" "P" 0.004 -0.2475 0.9175 0 1 4000 1 5 0.0861026990534116 5 1000 22845 5
"257" "P" 0.004 0 0.62875 0 1 4000 1 5 0.464021557568188 5 1000 22531 5
"258" "P" 0.04 -0.2475 0.54625 1 1 4000 1 5 0.604678532572337 5 1000 24078 5
"259" "P" 0.04 -0.12375 0.71125 1 1 4000 1 5 0.340731293541596 5 1000 23936 5
"260" "P" 0.004 -0.165 0.0925 1 1 4000 1 5 2.38054663446376 5 1000 22706 5
"261" "P" 0.004 -0.4125 0.54625 1 1 4000 1 5 0.604678532572337 5 1000 23028 5
"262" "P" 0.04 -0.20625 1 1 1 4000 1 5 0 5 1000 24050 5
"263" "P" 0.04 -0.78375 0.29875 1 1 4000 1 5 1.20814817573642 5 1000 24716 5
"264" "P" 0.004 0 0.71125 1 1 4000 1 5 0.340731293541596 5 1000 22536 5
"265" "P" 0.004 -0.99 0.95875 1 1 4000 1 5 0.042124926300671 5 1000 23748 5
"266" "P" 0.04 -0.4125 0.67 1 1 4000 1 5 0.400477566597125 5 1000 24284 5
"267" "P" 0.04 -0.9075 0.175 1 1 4000 1 5 1.74296930505862 5 1000 24860 5
"268" "P" 0.004 -0.37125 0.0925 1 1 4000 1 5 2.38054663446376 5 1000 22956 5
"269" "P" 0.004 -0.78375 0.54625 0 1 4000 1 5 0.604678532572337 5 1000 23477 5
"270" "P" 0.004 -0.28875 0.4225 1 1 4000 1 5 0.861565832184908 5 1000 22872 5
"271" "P" 0.04 -0.5775 0.38125 1 1 4000 1 5 0.964299951060516 5 1000 24470 5
"272" "P" 0.04 -0.2475 0.5875 1 1 4000 1 5 0.531879032963823 5 1000 24080 5
"273" "P" 0.04 -0.5775 0.9175 0 1 4000 1 5 0.0861026990534116 5 1000 24495 5
"274" "P" 0.04 -0.66 0.13375 0 1 4000 1 5 2.01178289320602 5 1000 24557 5
"275" "P" 0.004 -0.7425 0.95875 0 1 4000 1 5 0.042124926300671 5 1000 23447 5
"276" "P" 0.004 -0.33 0.01 1 1 4000 1 5 4.60517018598809 5 1000 22902 5
"277" "P" 0.04 -0.5775 0.835 0 1 4000 1 5 0.180323554131281 5 1000 24491 5
"278" "P" 0.004 -0.9075 0.835 1 1 4000 1 5 0.180323554131281 5 1000 23642 5
"279" "P" 0.04 -0.70125 0.29875 0 1 4000 1 5 1.20814817573642 5 1000 24615 5
"280" "P" 0.004 -0.0825 0.7525 0 1 4000 1 5 0.284354282359106 5 1000 22637 5
"281" "P" 0.004 0 0.4225 0 1 4000 1 5 0.861565832184908 5 1000 22521 5
"282" "P" 0.004 -0.12375 0.505 1 1 4000 1 5 0.683196849706777 5 1000 22676 5
"283" "P" 0.04 -0.28875 0.9175 0 1 4000 1 5 0.0861026990534116 5 1000 24145 5
"284" "P" 0.004 -0.20625 0.29875 1 1 4000 1 5 1.20814817573642 5 1000 22766 5
"285" "P" 0.04 -0.04125 0.505 1 1 4000 1 5 0.683196849706777 5 1000 23826 5
"286" "P" 0.004 -0.45375 0.13375 1 1 4000 1 5 2.01178289320602 5 1000 23058 5
"287" "P" 0.004 -0.45375 0.175 0 1 4000 1 5 1.74296930505862 5 1000 23059 5
"288" "P" 0.004 -0.37125 0.175 0 1 4000 1 5 1.74296930505862 5 1000 22959 5
"289" "P" 0.04 -0.33 0.0925 0 1 4000 1 5 2.38054663446376 5 1000 24155 5
"290" "P" 0.004 0 0.46375 1 1 4000 1 5 0.768409665060492 5 1000 22524 5
"291" "P" 0.004 0 0.38125 1 1 4000 1 5 0.964299951060516 5 1000 22520 5
"292" "P" 0.04 -0.165 0.54625 1 1 4000 1 5 0.604678532572337 5 1000 23978 5
"293" "P" 0.04 -0.165 0.0925 0 1 4000 1 5 2.38054663446376 5 1000 23955 5
"294" "P" 0.004 -0.70125 0.505 0 1 4000 1 5 0.683196849706777 5 1000 23375 5
"295" "P" 0.04 -0.45375 0.2575 1 1 4000 1 5 1.35673555887835 5 1000 24314 5
"296" "P" 0.04 -0.165 0.46375 1 1 4000 1 5 0.768409665060492 5 1000 23974 5
"297" "P" 0.04 -0.495 0.0925 1 1 4000 1 5 2.38054663446376 5 1000 24356 5
"298" "P" 0.004 -0.94875 0.67 0 1 4000 1 5 0.400477566597125 5 1000 23683 5
"299" "P" 0.004 -0.86625 0.4225 0 1 4000 1 5 0.861565832184908 5 1000 23571 5
"300" "P" 0.004 -0.4125 0.7525 0 1 4000 1 5 0.284354282359106 5 1000 23037 5
"301" "P" 0.004 -0.28875 0.9175 1 1 4000 1 5 0.0861026990534116 5 1000 22896 5
"302" "P" 0.004 -0.12375 0.34 1 1 4000 1 5 1.07880966137193 5 1000 22668 5
"303" "P" 0.04 -0.37125 0.71125 0 1 4000 1 5 0.340731293541596 5 1000 24235 5
"304" "P" 0.04 -0.99 0.62875 1 1 4000 1 5 0.464021557568188 5 1000 24982 5
"305" "P" 0.004 -0.165 0.71125 0 1 4000 1 5 0.340731293541596 5 1000 22735 5
"306" "P" 0.04 -0.37125 0.87625 1 1 4000 1 5 0.132103840633337 5 1000 24244 5
"307" "P" 0.04 -0.94875 0.5875 1 1 4000 1 5 0.531879032963823 5 1000 24930 5
"308" "P" 0.04 -0.37125 0.87625 0 1 4000 1 5 0.132103840633337 5 1000 24243 5
"309" "P" 0.04 -0.53625 0.01 1 1 4000 1 5 4.60517018598809 5 1000 24402 5
"310" "P" 0.04 -0.45375 0.5875 1 1 4000 1 5 0.531879032963823 5 1000 24330 5
"311" "P" 0.04 -0.78375 0.71125 0 1 4000 1 5 0.340731293541596 5 1000 24735 5
"312" "P" 0.04 -0.9075 0.34 0 1 4000 1 5 1.07880966137193 5 1000 24867 5
"313" "P" 0.04 -0.7425 0.38125 1 1 4000 1 5 0.964299951060516 5 1000 24670 5
"314" "P" 0.004 -0.61875 0.0925 1 1 4000 1 5 2.38054663446376 5 1000 23256 5
"315" "P" 0.04 -0.99 0.46375 1 1 4000 1 5 0.768409665060492 5 1000 24974 5
"316" "P" 0.04 -0.2475 0.175 1 1 4000 1 5 1.74296930505862 5 1000 24060 5
"317" "P" 0.04 -0.04125 0.0925 0 1 4000 1 5 2.38054663446376 5 1000 23805 5
"318" "P" 0.04 -0.04125 0.71125 0 1 4000 1 5 0.340731293541596 5 1000 23835 5
"319" "P" 0.004 -0.2475 0.34 0 1 4000 1 5 1.07880966137193 5 1000 22817 5
"320" "P" 0.04 -0.495 0.9175 1 1 4000 1 5 0.0861026990534116 5 1000 24396 5
"321" "P" 0.004 -0.70125 0.9175 1 1 4000 1 5 0.0861026990534116 5 1000 23396 5
"322" "P" 0.004 0 0.2575 0 1 4000 1 5 1.35673555887835 5 1000 22513 5
"323" "P" 0.004 -0.45375 0.2575 1 1 4000 1 5 1.35673555887835 5 1000 23064 5
"324" "P" 0.04 -0.495 0.62875 0 1 4000 1 5 0.464021557568188 5 1000 24381 5
"325" "P" 0.004 -0.12375 0.0925 0 1 4000 1 5 2.38054663446376 5 1000 22655 5
"326" "P" 0.004 -0.53625 0.67 0 1 4000 1 5 0.400477566597125 5 1000 23183 5
"327" "P" 0.04 -0.78375 0.95875 1 1 4000 1 5 0.042124926300671 5 1000 24748 5
"328" "P" 0.04 -0.2475 0.87625 1 1 4000 1 5 0.132103840633337 5 1000 24094 5
"329" "P" 0.04 -0.9075 0.13375 0 1 4000 1 5 2.01178289320602 5 1000 24857 5
"330" "P" 0.04 0 0.38125 0 1 4000 1 5 0.964299951060516 5 1000 23769 5
"331" "P" 0.004 -0.495 0.9175 1 1 4000 1 5 0.0861026990534116 5 1000 23146 5
"332" "P" 0.04 -0.53625 0.4225 0 1 4000 1 5 0.861565832184908 5 1000 24421 5
"333" "P" 0.04 -0.66 0.62875 0 1 4000 1 5 0.464021557568188 5 1000 24581 5
"334" "P" 0.04 -0.86625 0.835 0 1 4000 1 5 0.180323554131281 5 1000 24841 5
"335" "P" 0.04 -0.94875 1 1 1 4000 1 5 0 5 1000 24950 5
"336" "P" 0.04 -0.94875 0.21625 1 1 4000 1 5 1.53132013317015 5 1000 24912 5
"337" "P" 0.004 -0.04125 0.62875 1 1 4000 1 5 0.464021557568188 5 1000 22582 5
"338" "P" 0.004 -0.33 0.87625 0 1 4000 1 5 0.132103840633337 5 1000 22943 5
"339" "P" 0.004 -0.28875 0.95875 0 1 4000 1 5 0.042124926300671 5 1000 22897 5
"340" "P" 0.04 -0.33 0.54625 0 1 4000 1 5 0.604678532572337 5 1000 24177 5
"341" "P" 0.004 -0.66 0.5875 1 1 4000 1 5 0.531879032963823 5 1000 23330 5
"342" "P" 0.004 -0.5775 0.79375 0 1 4000 1 5 0.230986728775236 5 1000 23239 5
"343" "P" 0.04 -0.20625 0.4225 1 1 4000 1 5 0.861565832184908 5 1000 24022 5
"344" "P" 0.004 0 0.67 0 1 4000 1 5 0.400477566597125 5 1000 22533 5
"345" "P" 0.004 -0.45375 0.46375 1 1 4000 1 5 0.768409665060492 5 1000 23074 5
"346" "P" 0.004 -0.99 0.505 0 1 4000 1 5 0.683196849706777 5 1000 23725 5
"347" "P" 0.04 -0.53625 0.5875 1 1 4000 1 5 0.531879032963823 5 1000 24430 5
"348" "P" 0.004 -0.9075 0.54625 0 1 4000 1 5 0.604678532572337 5 1000 23627 5
"349" "P" 0.04 -0.66 0.2575 1 1 4000 1 5 1.35673555887835 5 1000 24564 5
"350" "P" 0.04 -0.20625 0.0925 0 1 4000 1 5 2.38054663446376 5 1000 24005 5
"351" "P" 0.04 -0.94875 0.87625 0 1 4000 1 5 0.132103840633337 5 1000 24943 5
"352" "P" 0.004 0 0.9175 0 1 4000 1 5 0.0861026990534116 5 1000 22545 5
"353" "P" 0.04 -0.165 0.505 1 1 4000 1 5 0.683196849706777 5 1000 23976 5
"354" "P" 0.004 -0.61875 0.71125 0 1 4000 1 5 0.340731293541596 5 1000 23285 5
"355" "P" 0.004 -0.66 0.71125 0 1 4000 1 5 0.340731293541596 5 1000 23335 5
"356" "P" 0.004 -0.2475 0.13375 0 1 4000 1 5 2.01178289320602 5 1000 22807 5
"357" "P" 0.004 -0.04125 0.67 1 1 4000 1 5 0.400477566597125 5 1000 22584 5
"358" "P" 0.04 -0.78375 0.71125 1 1 4000 1 5 0.340731293541596 5 1000 24736 5
"359" "P" 0.004 -0.33 0.29875 0 1 4000 1 5 1.20814817573642 5 1000 22915 5
"360" "P" 0.04 0 0.34 1 1 4000 1 5 1.07880966137193 5 1000 23768 5
"361" "P" 0.04 -0.495 0.38125 1 1 4000 1 5 0.964299951060516 5 1000 24370 5
"362" "P" 0.004 -0.9075 0.21625 0 1 4000 1 5 1.53132013317015 5 1000 23611 5
"363" "P" 0.004 -0.12375 0.4225 1 1 4000 1 5 0.861565832184908 5 1000 22672 5
"364" "P" 0.04 -0.9075 0.79375 1 1 4000 1 5 0.230986728775236 5 1000 24890 5
"365" "P" 0.04 -0.33 0.01 0 1 4000 1 5 4.60517018598809 5 1000 24151 5
"366" "P" 0.04 -0.5775 0.9175 1 1 4000 1 5 0.0861026990534116 5 1000 24496 5
"367" "P" 0.04 -0.495 0.9175 0 1 4000 1 5 0.0861026990534116 5 1000 24395 5
"368" "P" 0.004 -0.45375 0.95875 0 1 4000 1 5 0.042124926300671 5 1000 23097 5
"369" "P" 0.004 -0.53625 0.95875 0 1 4000 1 5 0.042124926300671 5 1000 23197 5
"370" "P" 0.004 -0.165 0.0925 0 1 4000 1 5 2.38054663446376 5 1000 22705 5
"371" "P" 0.04 -0.5775 0.21625 0 1 4000 1 5 1.53132013317015 5 1000 24461 5
"372" "P" 0.04 -0.825 0.7525 0 1 4000 1 5 0.284354282359106 5 1000 24787 5
"373" "P" 0.04 -0.9075 0.87625 0 1 4000 1 5 0.132103840633337 5 1000 24893 5
"374" "P" 0.004 -0.70125 0.5875 1 1 4000 1 5 0.531879032963823 5 1000 23380 5
"375" "P" 0.004 -0.28875 0.01 1 1 4000 1 5 4.60517018598809 5 1000 22852 5
"376" "P" 0.04 -0.04125 0.13375 0 1 4000 1 5 2.01178289320602 5 1000 23807 5
"377" "P" 0.004 -0.5775 0.505 0 1 4000 1 5 0.683196849706777 5 1000 23225 5
"378" "P" 0.04 -0.99 0.54625 1 1 4000 1 5 0.604678532572337 5 1000 24978 5
"379" "P" 0.004 -0.7425 0.62875 1 1 4000 1 5 0.464021557568188 5 1000 23432 5
"380" "P" 0.04 -0.20625 0.835 0 1 4000 1 5 0.180323554131281 5 1000 24041 5
"381" "P" 0.04 -0.70125 0.0925 1 1 4000 1 5 2.38054663446376 5 1000 24606 5
"382" "P" 0.004 -0.94875 0.7525 1 1 4000 1 5 0.284354282359106 5 1000 23688 5
"383" "P" 0.004 -0.99 0.0925 1 1 4000 1 5 2.38054663446376 5 1000 23706 5
"384" "P" 0.04 -0.7425 0.29875 0 1 4000 1 5 1.20814817573642 5 1000 24665 5
"385" "P" 0.004 -0.825 0.7525 1 1 4000 1 5 0.284354282359106 5 1000 23538 5
"386" "P" 0.004 -0.165 0.835 0 1 4000 1 5 0.180323554131281 5 1000 22741 5
"387" "P" 0.004 -0.70125 0.54625 0 1 4000 1 5 0.604678532572337 5 1000 23377 5
"388" "P" 0.004 -0.33 0.505 1 1 4000 1 5 0.683196849706777 5 1000 22926 5
"389" "P" 0.004 -0.70125 0.87625 0 1 4000 1 5 0.132103840633337 5 1000 23393 5
"390" "P" 0.04 -0.825 0.67 1 1 4000 1 5 0.400477566597125 5 1000 24784 5
"391" "P" 0.04 -0.20625 0.34 0 1 4000 1 5 1.07880966137193 5 1000 24017 5
"392" "P" 0.04 -0.7425 0.95875 1 1 4000 1 5 0.042124926300671 5 1000 24698 5
"393" "P" 0.04 -0.99 0.34 1 1 4000 1 5 1.07880966137193 5 1000 24968 5
"394" "P" 0.04 -0.2475 0.835 0 1 4000 1 5 0.180323554131281 5 1000 24091 5
"395" "P" 0.004 -0.12375 0.21625 0 1 4000 1 5 1.53132013317015 5 1000 22661 5
"396" "P" 0.004 -0.9075 0.4225 1 1 4000 1 5 0.861565832184908 5 1000 23622 5
"397" "P" 0.004 -0.04125 0.0925 1 1 4000 1 5 2.38054663446376 5 1000 22556 5
"398" "P" 0.04 -0.04125 0.29875 1 1 4000 1 5 1.20814817573642 5 1000 23816 5
"399" "P" 0.004 -0.37125 0.38125 0 1 4000 1 5 0.964299951060516 5 1000 22969 5
"400" "P" 0.004 -0.37125 0.505 1 1 4000 1 5 0.683196849706777 5 1000 22976 5
"401" "P" 0.04 -0.37125 0.4225 1 1 4000 1 5 0.861565832184908 5 1000 24222 5
"402" "P" 0.04 -0.99 0.13375 1 1 4000 1 5 2.01178289320602 5 1000 24958 5
"403" "P" 0.04 -0.45375 0.34 1 1 4000 1 5 1.07880966137193 5 1000 24318 5
"404" "P" 0.004 -0.70125 0.9175 0 1 4000 1 5 0.0861026990534116 5 1000 23395 5
"405" "P" 0.04 -0.37125 0.05125 0 1 4000 1 5 2.97103966096362 5 1000 24203 5
"406" "P" 0.004 -0.37125 0.4225 0 1 4000 1 5 0.861565832184908 5 1000 22971 5
"407" "P" 0.004 -0.9075 0.71125 0 1 4000 1 5 0.340731293541596 5 1000 23635 5
"408" "P" 0.04 -0.20625 0.87625 0 1 4000 1 5 0.132103840633337 5 1000 24043 5
"409" "P" 0.004 -0.28875 0.29875 1 1 4000 1 5 1.20814817573642 5 1000 22866 5
"410" "P" 0.004 -0.61875 0.38125 1 1 4000 1 5 0.964299951060516 5 1000 23270 5
"411" "P" 0.04 -0.4125 0.505 0 1 4000 1 5 0.683196849706777 5 1000 24275 5
"412" "P" 0.04 -0.37125 0.4225 0 1 4000 1 5 0.861565832184908 5 1000 24221 5
"413" "P" 0.04 -0.45375 0.5875 0 1 4000 1 5 0.531879032963823 5 1000 24329 5
"414" "P" 0.04 -0.0825 0.01 1 1 4000 1 5 4.60517018598809 5 1000 23852 5
"415" "P" 0.004 -0.61875 0.7525 1 1 4000 1 5 0.284354282359106 5 1000 23288 5
"416" "P" 0.04 -0.0825 0.54625 1 1 4000 1 5 0.604678532572337 5 1000 23878 5
"417" "P" 0.004 -0.99 0.46375 0 1 4000 1 5 0.768409665060492 5 1000 23723 5
"418" "P" 0.004 -0.825 0.46375 0 1 4000 1 5 0.768409665060492 5 1000 23523 5
"419" "P" 0.004 -0.28875 0.835 1 1 4000 1 5 0.180323554131281 5 1000 22892 5
"420" "P" 0.004 -0.0825 0.505 1 1 4000 1 5 0.683196849706777 5 1000 22626 5
"421" "P" 0.04 -0.5775 0.79375 1 1 4000 1 5 0.230986728775236 5 1000 24490 5
"422" "P" 0.04 -0.20625 0.505 0 1 4000 1 5 0.683196849706777 5 1000 24025 5
"423" "P" 0.04 -0.0825 0.13375 1 1 4000 1 5 2.01178289320602 5 1000 23858 5
"424" "P" 0.04 -0.33 0.54625 1 1 4000 1 5 0.604678532572337 5 1000 24178 5
"425" "P" 0.04 -0.28875 0.87625 0 1 4000 1 5 0.132103840633337 5 1000 24143 5
"426" "P" 0.04 -0.66 0.13375 1 1 4000 1 5 2.01178289320602 5 1000 24558 5
"427" "P" 0.004 -0.66 0.01 1 1 4000 1 5 4.60517018598809 5 1000 23302 5
"428" "P" 0.004 -0.12375 0.01 1 1 4000 1 5 4.60517018598809 5 1000 22652 5
"429" "P" 0.04 -0.70125 0.7525 0 1 4000 1 5 0.284354282359106 5 1000 24637 5
"430" "P" 0.04 -0.53625 0.87625 0 1 4000 1 5 0.132103840633337 5 1000 24443 5
"431" "P" 0.004 -0.495 0.29875 1 1 4000 1 5 1.20814817573642 5 1000 23116 5
"432" "P" 0.004 -0.165 0.7525 1 1 4000 1 5 0.284354282359106 5 1000 22738 5
"433" "P" 0.004 -0.495 0.2575 1 1 4000 1 5 1.35673555887835 5 1000 23114 5
"434" "P" 0.004 -0.165 0.2575 0 1 4000 1 5 1.35673555887835 5 1000 22713 5
"435" "P" 0.04 -0.99 0.87625 1 1 4000 1 5 0.132103840633337 5 1000 24994 5
"436" "P" 0.004 -0.7425 0.0925 1 1 4000 1 5 2.38054663446376 5 1000 23406 5
"437" "P" 0.04 -0.37125 0.54625 1 1 4000 1 5 0.604678532572337 5 1000 24228 5
"438" "P" 0.04 -0.28875 0.7525 1 1 4000 1 5 0.284354282359106 5 1000 24138 5
"439" "P" 0.004 -0.825 0.54625 0 1 4000 1 5 0.604678532572337 5 1000 23527 5
"440" "P" 0.04 -0.61875 0.7525 0 1 4000 1 5 0.284354282359106 5 1000 24537 5
"441" "P" 0.004 -0.5775 0.95875 1 1 4000 1 5 0.042124926300671 5 1000 23248 5
"442" "P" 0.04 -0.86625 0.505 0 1 4000 1 5 0.683196849706777 5 1000 24825 5
"443" "P" 0.004 -0.99 0.9175 1 1 4000 1 5 0.0861026990534116 5 1000 23746 5
"444" "P" 0.04 0 0.79375 1 1 4000 1 5 0.230986728775236 5 1000 23790 5
"445" "P" 0.04 -0.20625 0.9175 0 1 4000 1 5 0.0861026990534116 5 1000 24045 5
"446" "P" 0.04 -0.66 0.0925 0 1 4000 1 5 2.38054663446376 5 1000 24555 5
"447" "P" 0.04 -0.20625 0.01 1 1 4000 1 5 4.60517018598809 5 1000 24002 5
"448" "P" 0.04 -0.61875 0.87625 1 1 4000 1 5 0.132103840633337 5 1000 24544 5
"449" "P" 0.004 -0.12375 0.71125 1 1 4000 1 5 0.340731293541596 5 1000 22686 5
"450" "P" 0.04 -0.94875 0.5875 0 1 4000 1 5 0.531879032963823 5 1000 24929 5
"451" "P" 0.04 -0.0825 0.34 1 1 4000 1 5 1.07880966137193 5 1000 23868 5
"452" "P" 0.004 -0.70125 0.0925 0 1 4000 1 5 2.38054663446376 5 1000 23355 5
"453" "P" 0.04 -0.0825 0.34 0 1 4000 1 5 1.07880966137193 5 1000 23867 5
"454" "P" 0.04 -0.66 0.2575 0 1 4000 1 5 1.35673555887835 5 1000 24563 5
"455" "P" 0.04 -0.28875 0.0925 1 1 4000 1 5 2.38054663446376 5 1000 24106 5
"456" "P" 0.004 -0.78375 0.79375 0 1 4000 1 5 0.230986728775236 5 1000 23489 5
"457" "P" 0.004 -0.78375 0.175 1 1 4000 1 5 1.74296930505862 5 1000 23460 5
"458" "P" 0.04 -0.61875 0.46375 0 1 4000 1 5 0.768409665060492 5 1000 24523 5
"459" "P" 0.04 -0.45375 0.46375 0 1 4000 1 5 0.768409665060492 5 1000 24323 5
"460" "P" 0.04 -0.9075 0.29875 0 1 4000 1 5 1.20814817573642 5 1000 24865 5
"461" "P" 0.04 -0.33 0.67 0 1 4000 1 5 0.400477566597125 5 1000 24183 5
"462" "P" 0.004 0 0.95875 0 1 4000 1 5 0.042124926300671 5 1000 22547 5
"463" "P" 0.04 -0.70125 0.34 1 1 4000 1 5 1.07880966137193 5 1000 24618 5
"464" "P" 0.004 -0.28875 0.62875 0 1 4000 1 5 0.464021557568188 5 1000 22881 5
"465" "P" 0.04 -0.70125 0.62875 1 1 4000 1 5 0.464021557568188 5 1000 24632 5
"466" "P" 0.04 -0.99 0.95875 0 1 4000 1 5 0.042124926300671 5 1000 24997 5
"467" "P" 0.004 -0.04125 0.54625 0 1 4000 1 5 0.604678532572337 5 1000 22577 5
"468" "P" 0.04 -0.7425 0.835 0 1 4000 1 5 0.180323554131281 5 1000 24691 5
"469" "P" 0.04 0 0.01 1 1 4000 1 5 4.60517018598809 5 1000 23752 5
"470" "P" 0.004 -0.53625 0.175 0 1 4000 1 5 1.74296930505862 5 1000 23159 5
"471" "P" 0.004 -0.78375 0.4225 1 1 4000 1 5 0.861565832184908 5 1000 23472 5
"472" "P" 0.04 -0.45375 0.7525 0 1 4000 1 5 0.284354282359106 5 1000 24337 5
"473" "P" 0.004 -0.165 0.38125 1 1 4000 1 5 0.964299951060516 5 1000 22720 5
"474" "P" 0.04 0 0.71125 0 1 4000 1 5 0.340731293541596 5 1000 23785 5
"475" "P" 0.004 -0.94875 0.71125 1 1 4000 1 5 0.340731293541596 5 1000 23686 5
"476" "P" 0.004 -0.495 0.67 0 1 4000 1 5 0.400477566597125 5 1000 23133 5
"477" "P" 0.04 -0.165 0.2575 1 1 4000 1 5 1.35673555887835 5 1000 23964 5
"478" "P" 0.04 -0.12375 0.87625 0 1 4000 1 5 0.132103840633337 5 1000 23943 5
"479" "P" 0.04 -0.825 0.01 0 1 4000 1 5 4.60517018598809 5 1000 24751 5
"480" "P" 0.004 -0.0825 0.2575 0 1 4000 1 5 1.35673555887835 5 1000 22613 5
"481" "P" 0.04 -0.99 0.54625 0 1 4000 1 5 0.604678532572337 5 1000 24977 5
"482" "P" 0.04 -0.53625 0.21625 0 1 4000 1 5 1.53132013317015 5 1000 24411 5
"483" "P" 0.004 0 0.67 1 1 4000 1 5 0.400477566597125 5 1000 22534 5
"484" "P" 0.04 -0.0825 1 0 1 4000 1 5 0 5 1000 23899 5
"485" "P" 0.004 -0.495 0.34 1 1 4000 1 5 1.07880966137193 5 1000 23118 5
"486" "P" 0.004 -0.78375 1 0 1 4000 1 5 0 5 1000 23499 5
"487" "P" 0.004 -0.99 0.95875 0 1 4000 1 5 0.042124926300671 5 1000 23747 5
"488" "P" 0.004 -0.7425 0.175 1 1 4000 1 5 1.74296930505862 5 1000 23410 5
"489" "P" 0.04 -0.94875 0.95875 0 1 4000 1 5 0.042124926300671 5 1000 24947 5
"490" "P" 0.004 -0.4125 0.9175 1 1 4000 1 5 0.0861026990534116 5 1000 23046 5
"491" "P" 0.004 -0.7425 0.67 1 1 4000 1 5 0.400477566597125 5 1000 23434 5
"492" "P" 0.004 -0.5775 0.01 0 1 4000 1 5 4.60517018598809 5 1000 23201 5
"493" "P" 0.004 -0.66 0.175 1 1 4000 1 5 1.74296930505862 5 1000 23310 5
"494" "P" 0.04 -0.37125 0.21625 1 1 4000 1 5 1.53132013317015 5 1000 24212 5
"495" "P" 0.04 -0.45375 0.21625 1 1 4000 1 5 1.53132013317015 5 1000 24312 5
"496" "P" 0.04 -0.86625 0.62875 1 1 4000 1 5 0.464021557568188 5 1000 24832 5
"497" "P" 0.04 -0.70125 0.175 0 1 4000 1 5 1.74296930505862 5 1000 24609 5
"498" "P" 0.04 -0.04125 0.505 0 1 4000 1 5 0.683196849706777 5 1000 23825 5
"499" "P" 0.04 -0.86625 0.38125 0 1 4000 1 5 0.964299951060516 5 1000 24819 5
"500" "P" 0.004 -0.2475 0.835 0 1 4000 1 5 0.180323554131281 5 1000 22841 5
"501" "P" 0.04 -0.495 0.5875 0 1 4000 1 5 0.531879032963823 5 1000 24379 5
"502" "P" 0.004 -0.28875 0.5875 1 1 4000 1 5 0.531879032963823 5 1000 22880 5
"503" "P" 0.004 -0.66 0.62875 0 1 4000 1 5 0.464021557568188 5 1000 23331 5
"504" "P" 0.004 -0.495 0.175 0 1 4000 1 5 1.74296930505862 5 1000 23109 5
"505" "P" 0.004 -0.165 0.62875 0 1 4000 1 5 0.464021557568188 5 1000 22731 5
"506" "P" 0.04 -0.28875 0.13375 0 1 4000 1 5 2.01178289320602 5 1000 24107 5
"507" "P" 0.004 -0.45375 0.01 0 1 4000 1 5 4.60517018598809 5 1000 23051 5
"508" "P" 0.004 -0.53625 0.62875 1 1 4000 1 5 0.464021557568188 5 1000 23182 5
"509" "P" 0.04 -0.66 0.7525 0 1 4000 1 5 0.284354282359106 5 1000 24587 5
"510" "P" 0.004 -0.66 0.2575 0 1 4000 1 5 1.35673555887835 5 1000 23313 5
"511" "P" 0.004 -0.53625 0.01 1 1 4000 1 5 4.60517018598809 5 1000 23152 5
"512" "P" 0.04 0 0.71125 1 1 4000 1 5 0.340731293541596 5 1000 23786 5
"513" "P" 0.04 -0.99 0.0925 1 1 4000 1 5 2.38054663446376 5 1000 24956 5
"514" "P" 0.004 -0.45375 0.67 1 1 4000 1 5 0.400477566597125 5 1000 23084 5
"515" "P" 0.04 -0.78375 0.175 1 1 4000 1 5 1.74296930505862 5 1000 24710 5
"516" "P" 0.04 -0.12375 0.62875 0 1 4000 1 5 0.464021557568188 5 1000 23931 5
"517" "P" 0.004 -0.99 0.67 1 1 4000 1 5 0.400477566597125 5 1000 23734 5
"518" "P" 0.04 -0.78375 0.95875 0 1 4000 1 5 0.042124926300671 5 1000 24747 5
"519" "P" 0.04 -0.99 0.21625 0 1 4000 1 5 1.53132013317015 5 1000 24961 5
"520" "P" 0.004 -0.28875 0.29875 0 1 4000 1 5 1.20814817573642 5 1000 22865 5
"521" "P" 0.004 -0.9075 0.13375 0 1 4000 1 5 2.01178289320602 5 1000 23607 5
"522" "P" 0.04 -0.66 0.505 1 1 4000 1 5 0.683196849706777 5 1000 24576 5
"523" "P" 0.04 -0.7425 0.2575 0 1 4000 1 5 1.35673555887835 5 1000 24663 5
"524" "P" 0.04 -0.04125 0.87625 0 1 4000 1 5 0.132103840633337 5 1000 23843 5
"525" "P" 0.04 -0.33 0.4225 0 1 4000 1 5 0.861565832184908 5 1000 24171 5
"526" "P" 0.004 -0.9075 0.13375 1 1 4000 1 5 2.01178289320602 5 1000 23608 5
"527" "P" 0.04 -0.4125 0.2575 0 1 4000 1 5 1.35673555887835 5 1000 24263 5
"528" "P" 0.04 -0.9075 0.21625 1 1 4000 1 5 1.53132013317015 5 1000 24862 5
"529" "P" 0.004 -0.66 0.835 1 1 4000 1 5 0.180323554131281 5 1000 23342 5
"530" "P" 0.004 -0.99 0.175 0 1 4000 1 5 1.74296930505862 5 1000 23709 5
"531" "P" 0.004 -0.61875 0.7525 0 1 4000 1 5 0.284354282359106 5 1000 23287 5
"532" "P" 0.004 -0.20625 0.01 1 1 4000 1 5 4.60517018598809 5 1000 22752 5
"533" "P" 0.04 -0.53625 0.505 0 1 4000 1 5 0.683196849706777 5 1000 24425 5
"534" "P" 0.04 -0.61875 1 1 1 4000 1 5 0 5 1000 24550 5
"535" "P" 0.04 -0.04125 0.87625 1 1 4000 1 5 0.132103840633337 5 1000 23844 5
"536" "P" 0.04 -0.9075 0.4225 0 1 4000 1 5 0.861565832184908 5 1000 24871 5
"537" "P" 0.004 0 0.95875 1 1 4000 1 5 0.042124926300671 5 1000 22548 5
"538" "P" 0.004 -0.53625 0.87625 1 1 4000 1 5 0.132103840633337 5 1000 23194 5
"539" "P" 0.004 -0.61875 0.21625 0 1 4000 1 5 1.53132013317015 5 1000 23261 5
"540" "P" 0.004 -0.53625 0.71125 1 1 4000 1 5 0.340731293541596 5 1000 23186 5
"541" "P" 0.04 -0.86625 0.21625 1 1 4000 1 5 1.53132013317015 5 1000 24812 5
"542" "P" 0.004 0 0.71125 0 1 4000 1 5 0.340731293541596 5 1000 22535 5
"543" "P" 0.004 -0.37125 0.71125 1 1 4000 1 5 0.340731293541596 5 1000 22986 5
"544" "P" 0.004 -0.0825 0.05125 0 1 4000 1 5 2.97103966096362 5 1000 22603 5
"545" "P" 0.004 -0.66 0.0925 1 1 4000 1 5 2.38054663446376 5 1000 23306 5
"546" "P" 0.004 -0.20625 0.38125 1 1 4000 1 5 0.964299951060516 5 1000 22770 5
"547" "P" 0.004 -0.495 0.38125 1 1 4000 1 5 0.964299951060516 5 1000 23120 5
"548" "P" 0.04 -0.94875 0.13375 1 1 4000 1 5 2.01178289320602 5 1000 24908 5
"549" "P" 0.004 -0.495 0.46375 1 1 4000 1 5 0.768409665060492 5 1000 23124 5
"550" "P" 0.04 -0.165 0.29875 1 1 4000 1 5 1.20814817573642 5 1000 23966 5
"551" "P" 0.04 -0.4125 0.505 1 1 4000 1 5 0.683196849706777 5 1000 24276 5
"552" "P" 0.04 -0.165 0.87625 1 1 4000 1 5 0.132103840633337 5 1000 23994 5
"553" "P" 0.004 -0.04125 0.29875 0 1 4000 1 5 1.20814817573642 5 1000 22565 5
"554" "P" 0.04 -0.495 0.7525 0 1 4000 1 5 0.284354282359106 5 1000 24387 5
"555" "P" 0.004 -0.78375 0.2575 0 1 4000 1 5 1.35673555887835 5 1000 23463 5
"556" "P" 0.04 0 0.01 0 1 4000 1 5 4.60517018598809 5 1000 23751 5
"557" "P" 0.004 -0.94875 0.5875 0 1 4000 1 5 0.531879032963823 5 1000 23679 5
"558" "P" 0.04 -0.4125 0.29875 0 1 4000 1 5 1.20814817573642 5 1000 24265 5
"559" "P" 0.04 -0.5775 0.62875 0 1 4000 1 5 0.464021557568188 5 1000 24481 5
"560" "P" 0.04 -0.28875 0.62875 0 1 4000 1 5 0.464021557568188 5 1000 24131 5
"561" "P" 0.04 -0.495 0.5875 1 1 4000 1 5 0.531879032963823 5 1000 24380 5
"562" "P" 0.04 -0.04125 0.13375 1 1 4000 1 5 2.01178289320602 5 1000 23808 5
"563" "P" 0.004 -0.45375 0.46375 0 1 4000 1 5 0.768409665060492 5 1000 23073 5
"564" "P" 0.04 -0.70125 0.67 0 1 4000 1 5 0.400477566597125 5 1000 24633 5
"565" "P" 0.04 -0.7425 0.54625 0 1 4000 1 5 0.604678532572337 5 1000 24677 5
"566" "P" 0.04 -0.37125 0.2575 1 1 4000 1 5 1.35673555887835 5 1000 24214 5
"567" "P" 0.04 -0.45375 0.05125 0 1 4000 1 5 2.97103966096362 5 1000 24303 5
"568" "P" 0.004 -0.45375 0.79375 1 1 4000 1 5 0.230986728775236 5 1000 23090 5
"569" "P" 0.04 -0.2475 0.13375 1 1 4000 1 5 2.01178289320602 5 1000 24058 5
"570" "P" 0.04 -0.20625 0.2575 0 1 4000 1 5 1.35673555887835 5 1000 24013 5
"571" "P" 0.04 -0.7425 0.34 0 1 4000 1 5 1.07880966137193 5 1000 24667 5
"572" "P" 0.004 -0.7425 0.71125 0 1 4000 1 5 0.340731293541596 5 1000 23435 5
"573" "P" 0.04 -0.37125 0.835 0 1 4000 1 5 0.180323554131281 5 1000 24241 5
"574" "P" 0.004 -0.9075 1 1 1 4000 1 5 0 5 1000 23650 5
"575" "P" 0.004 -0.2475 0.46375 1 1 4000 1 5 0.768409665060492 5 1000 22824 5
"576" "P" 0.004 -0.33 0.4225 0 1 4000 1 5 0.861565832184908 5 1000 22921 5
"577" "P" 0.004 -0.20625 0.71125 1 1 4000 1 5 0.340731293541596 5 1000 22786 5
"578" "P" 0.04 -0.94875 0.79375 1 1 4000 1 5 0.230986728775236 5 1000 24940 5
"579" "P" 0.004 -0.33 0.62875 0 1 4000 1 5 0.464021557568188 5 1000 22931 5
"580" "P" 0.04 -0.37125 0.46375 1 1 4000 1 5 0.768409665060492 5 1000 24224 5
"581" "P" 0.004 -0.12375 0.46375 1 1 4000 1 5 0.768409665060492 5 1000 22674 5
"582" "P" 0.04 -0.45375 0.38125 0 1 4000 1 5 0.964299951060516 5 1000 24319 5
"583" "P" 0.04 -0.825 0.4225 1 1 4000 1 5 0.861565832184908 5 1000 24772 5
"584" "P" 0.04 -0.61875 0.7525 1 1 4000 1 5 0.284354282359106 5 1000 24538 5
"585" "P" 0.04 -0.0825 0.21625 1 1 4000 1 5 1.53132013317015 5 1000 23862 5
"586" "P" 0.04 -0.94875 0.01 0 1 4000 1 5 4.60517018598809 5 1000 24901 5
"587" "P" 0.04 -0.45375 0.38125 1 1 4000 1 5 0.964299951060516 5 1000 24320 5
"588" "P" 0.004 -0.495 0.34 0 1 4000 1 5 1.07880966137193 5 1000 23117 5
"589" "P" 0.04 -0.53625 0.95875 0 1 4000 1 5 0.042124926300671 5 1000 24447 5
"590" "P" 0.04 -0.9075 0.5875 1 1 4000 1 5 0.531879032963823 5 1000 24880 5
"591" "P" 0.04 -0.825 0.46375 0 1 4000 1 5 0.768409665060492 5 1000 24773 5
"592" "P" 0.04 0 0.05125 1 1 4000 1 5 2.97103966096362 5 1000 23754 5
"593" "P" 0.04 -0.66 0.05125 0 1 4000 1 5 2.97103966096362 5 1000 24553 5
"594" "P" 0.004 0 0.38125 0 1 4000 1 5 0.964299951060516 5 1000 22519 5
"595" "P" 0.04 -0.4125 0.4225 1 1 4000 1 5 0.861565832184908 5 1000 24272 5
"596" "P" 0.004 -0.2475 0.71125 1 1 4000 1 5 0.340731293541596 5 1000 22836 5
"597" "P" 0.04 -0.28875 0.29875 0 1 4000 1 5 1.20814817573642 5 1000 24115 5
"598" "P" 0.004 -0.9075 0.62875 1 1 4000 1 5 0.464021557568188 5 1000 23632 5
"599" "P" 0.04 -0.825 0.38125 0 1 4000 1 5 0.964299951060516 5 1000 24769 5
"600" "P" 0.004 -0.04125 0.71125 0 1 4000 1 5 0.340731293541596 5 1000 22585 5
"601" "P" 0.004 -0.86625 0.79375 1 1 4000 1 5 0.230986728775236 5 1000 23590 5
"602" "P" 0.004 -0.4125 0.9175 0 1 4000 1 5 0.0861026990534116 5 1000 23045 5
"603" "P" 0.004 -0.94875 0.29875 0 1 4000 1 5 1.20814817573642 5 1000 23665 5
"604" "P" 0.04 -0.99 0.21625 1 1 4000 1 5 1.53132013317015 5 1000 24962 5
"605" "P" 0.004 -0.0825 0.38125 1 1 4000 1 5 0.964299951060516 5 1000 22620 5
"606" "P" 0.004 -0.495 0.54625 1 1 4000 1 5 0.604678532572337 5 1000 23128 5
"607" "P" 0.004 -0.0825 0.05125 1 1 4000 1 5 2.97103966096362 5 1000 22604 5
"608" "P" 0.04 -0.99 0.38125 1 1 4000 1 5 0.964299951060516 5 1000 24970 5
"609" "P" 0.004 -0.78375 0.7525 1 1 4000 1 5 0.284354282359106 5 1000 23488 5
"610" "P" 0.04 -0.825 0.175 1 1 4000 1 5 1.74296930505862 5 1000 24760 5
"611" "P" 0.004 -0.5775 0.46375 1 1 4000 1 5 0.768409665060492 5 1000 23224 5
"612" "P" 0.004 -0.33 1 1 1 4000 1 5 0 5 1000 22950 5
"613" "P" 0.04 -0.53625 0.29875 0 1 4000 1 5 1.20814817573642 5 1000 24415 5
"614" "P" 0.004 -0.12375 0.13375 0 1 4000 1 5 2.01178289320602 5 1000 22657 5
"615" "P" 0.004 -0.53625 0.67 1 1 4000 1 5 0.400477566597125 5 1000 23184 5
"616" "P" 0.04 -0.37125 0.01 0 1 4000 1 5 4.60517018598809 5 1000 24201 5
"617" "P" 0.04 -0.61875 0.21625 0 1 4000 1 5 1.53132013317015 5 1000 24511 5
"618" "P" 0.004 -0.66 0.67 0 1 4000 1 5 0.400477566597125 5 1000 23333 5
"619" "P" 0.04 -0.66 0.01 1 1 4000 1 5 4.60517018598809 5 1000 24552 5
"620" "P" 0.004 -0.165 0.34 0 1 4000 1 5 1.07880966137193 5 1000 22717 5
"621" "P" 0.04 -0.28875 0.34 1 1 4000 1 5 1.07880966137193 5 1000 24118 5
"622" "P" 0.004 -0.7425 0.05125 1 1 4000 1 5 2.97103966096362 5 1000 23404 5
"623" "P" 0.04 -0.2475 0.01 1 1 4000 1 5 4.60517018598809 5 1000 24052 5
"624" "P" 0.004 -0.28875 0.79375 0 1 4000 1 5 0.230986728775236 5 1000 22889 5
"625" "P" 0.004 -0.37125 0.87625 0 1 4000 1 5 0.132103840633337 5 1000 22993 5
"626" "P" 0.004 -0.7425 0.87625 0 1 4000 1 5 0.132103840633337 5 1000 23443 5
"627" "P" 0.004 -0.33 0.0925 0 1 4000 1 5 2.38054663446376 5 1000 22905 5
"628" "P" 0.004 -0.94875 0.175 0 1 4000 1 5 1.74296930505862 5 1000 23659 5
"629" "P" 0.04 -0.33 0.05125 1 1 4000 1 5 2.97103966096362 5 1000 24154 5
"630" "P" 0.04 -0.94875 0.29875 0 1 4000 1 5 1.20814817573642 5 1000 24915 5
"631" "P" 0.004 -0.86625 1 0 1 4000 1 5 0 5 1000 23599 5
"632" "P" 0.004 -0.78375 0.2575 1 1 4000 1 5 1.35673555887835 5 1000 23464 5
"633" "P" 0.04 -0.53625 0.54625 0 1 4000 1 5 0.604678532572337 5 1000 24427 5
"634" "P" 0.004 -0.61875 0.175 1 1 4000 1 5 1.74296930505862 5 1000 23260 5
"635" "P" 0.004 -0.9075 0.38125 0 1 4000 1 5 0.964299951060516 5 1000 23619 5
"636" "P" 0.004 -0.9075 0.175 0 1 4000 1 5 1.74296930505862 5 1000 23609 5
"637" "P" 0.04 -0.2475 1 0 1 4000 1 5 0 5 1000 24099 5
"638" "P" 0.04 -0.94875 0.67 1 1 4000 1 5 0.400477566597125 5 1000 24934 5
"639" "P" 0.004 -0.45375 0.71125 1 1 4000 1 5 0.340731293541596 5 1000 23086 5
"640" "P" 0.004 -0.78375 0.175 0 1 4000 1 5 1.74296930505862 5 1000 23459 5
"641" "P" 0.004 -0.53625 0.2575 1 1 4000 1 5 1.35673555887835 5 1000 23164 5
"642" "P" 0.004 -0.94875 0.13375 0 1 4000 1 5 2.01178289320602 5 1000 23657 5
"643" "P" 0.04 -0.4125 0.05125 1 1 4000 1 5 2.97103966096362 5 1000 24254 5
"644" "P" 0.04 -0.66 1 0 1 4000 1 5 0 5 1000 24599 5
"645" "P" 0.004 -0.70125 0.175 0 1 4000 1 5 1.74296930505862 5 1000 23359 5
"646" "P" 0.04 -0.70125 0.5875 1 1 4000 1 5 0.531879032963823 5 1000 24630 5
"647" "P" 0.04 0 0.5875 0 1 4000 1 5 0.531879032963823 5 1000 23779 5
"648" "P" 0.04 -0.165 0.9175 0 1 4000 1 5 0.0861026990534116 5 1000 23995 5
"649" "P" 0.04 -0.66 0.67 0 1 4000 1 5 0.400477566597125 5 1000 24583 5
"650" "P" 0.004 -0.94875 0.62875 1 1 4000 1 5 0.464021557568188 5 1000 23682 5
"651" "P" 0.04 -0.70125 0.46375 0 1 4000 1 5 0.768409665060492 5 1000 24623 5
"652" "P" 0.004 -0.04125 0.29875 1 1 4000 1 5 1.20814817573642 5 1000 22566 5
"653" "P" 0.004 -0.165 0.29875 0 1 4000 1 5 1.20814817573642 5 1000 22715 5
"654" "P" 0.004 -0.0825 0.71125 1 1 4000 1 5 0.340731293541596 5 1000 22636 5
"655" "P" 0.04 -0.9075 0.62875 0 1 4000 1 5 0.464021557568188 5 1000 24881 5
"656" "P" 0.04 -0.0825 0.05125 1 1 4000 1 5 2.97103966096362 5 1000 23854 5
"657" "P" 0.004 -0.37125 0.05125 1 1 4000 1 5 2.97103966096362 5 1000 22954 5
"658" "P" 0.04 -0.4125 1 1 1 4000 1 5 0 5 1000 24300 5
"659" "P" 0.04 -0.33 0.38125 1 1 4000 1 5 0.964299951060516 5 1000 24170 5
"660" "P" 0.004 -0.28875 0.175 1 1 4000 1 5 1.74296930505862 5 1000 22860 5
"661" "P" 0.04 -0.12375 1 1 1 4000 1 5 0 5 1000 23950 5
"662" "P" 0.04 -0.0825 0.835 1 1 4000 1 5 0.180323554131281 5 1000 23892 5
"663" "P" 0.004 -0.70125 0.34 1 1 4000 1 5 1.07880966137193 5 1000 23368 5
"664" "P" 0.004 -0.4125 0.71125 0 1 4000 1 5 0.340731293541596 5 1000 23035 5
"665" "P" 0.004 -0.12375 0.835 1 1 4000 1 5 0.180323554131281 5 1000 22692 5
"666" "P" 0.04 -0.86625 1 1 1 4000 1 5 0 5 1000 24850 5
"667" "P" 0.04 -0.37125 0.13375 1 1 4000 1 5 2.01178289320602 5 1000 24208 5
"668" "P" 0.04 -0.99 0.05125 1 1 4000 1 5 2.97103966096362 5 1000 24954 5
"669" "P" 0.04 -0.9075 0.05125 1 1 4000 1 5 2.97103966096362 5 1000 24854 5
"670" "P" 0.004 -0.0825 0.175 1 1 4000 1 5 1.74296930505862 5 1000 22610 5
"671" "P" 0.004 -0.12375 0.13375 1 1 4000 1 5 2.01178289320602 5 1000 22658 5
"672" "P" 0.004 -0.7425 0.175 0 1 4000 1 5 1.74296930505862 5 1000 23409 5
"673" "P" 0.004 -0.28875 0.95875 1 1 4000 1 5 0.042124926300671 5 1000 22898 5
"674" "P" 0.04 -0.70125 0.9175 1 1 4000 1 5 0.0861026990534116 5 1000 24646 5
"675" "P" 0.04 -0.61875 0.4225 0 1 4000 1 5 0.861565832184908 5 1000 24521 5
"676" "P" 0.04 -0.78375 0.05125 0 1 4000 1 5 2.97103966096362 5 1000 24703 5
"677" "P" 0.04 -0.37125 0.34 0 1 4000 1 5 1.07880966137193 5 1000 24217 5
"678" "P" 0.004 -0.53625 0.38125 1 1 4000 1 5 0.964299951060516 5 1000 23170 5
"679" "P" 0.04 -0.9075 1 0 1 4000 1 5 0 5 1000 24899 5
"680" "P" 0.004 -0.12375 0.62875 1 1 4000 1 5 0.464021557568188 5 1000 22682 5
"681" "P" 0.04 -0.94875 0.87625 1 1 4000 1 5 0.132103840633337 5 1000 24944 5
"682" "P" 0.004 -0.9075 0.29875 1 1 4000 1 5 1.20814817573642 5 1000 23616 5
"683" "P" 0.004 -0.12375 0.67 0 1 4000 1 5 0.400477566597125 5 1000 22683 5
"684" "P" 0.04 -0.495 0.175 1 1 4000 1 5 1.74296930505862 5 1000 24360 5
"685" "P" 0.004 -0.9075 0.4225 0 1 4000 1 5 0.861565832184908 5 1000 23621 5
"686" "P" 0.004 -0.66 0.13375 0 1 4000 1 5 2.01178289320602 5 1000 23307 5
"687" "P" 0.004 -0.5775 0.34 0 1 4000 1 5 1.07880966137193 5 1000 23217 5
"688" "P" 0.04 -0.53625 0.5875 0 1 4000 1 5 0.531879032963823 5 1000 24429 5
"689" "P" 0.04 -0.28875 0.4225 0 1 4000 1 5 0.861565832184908 5 1000 24121 5
"690" "P" 0.04 -0.99 0.9175 0 1 4000 1 5 0.0861026990534116 5 1000 24995 5
"691" "P" 0.04 -0.45375 0.95875 1 1 4000 1 5 0.042124926300671 5 1000 24348 5
"692" "P" 0.04 -0.37125 0.29875 0 1 4000 1 5 1.20814817573642 5 1000 24215 5
"693" "P" 0.004 -0.04125 0.4225 0 1 4000 1 5 0.861565832184908 5 1000 22571 5
"694" "P" 0.04 -0.7425 0.0925 0 1 4000 1 5 2.38054663446376 5 1000 24655 5
"695" "P" 0.04 -0.99 0.2575 0 1 4000 1 5 1.35673555887835 5 1000 24963 5
"696" "P" 0.04 -0.33 0.175 0 1 4000 1 5 1.74296930505862 5 1000 24159 5
"697" "P" 0.004 -0.94875 0.67 1 1 4000 1 5 0.400477566597125 5 1000 23684 5
"698" "P" 0.004 -0.61875 0.34 0 1 4000 1 5 1.07880966137193 5 1000 23267 5
"699" "P" 0.04 -0.825 0.34 1 1 4000 1 5 1.07880966137193 5 1000 24768 5
"700" "P" 0.04 -0.12375 0.835 0 1 4000 1 5 0.180323554131281 5 1000 23941 5
"701" "P" 0.004 -0.99 0.4225 0 1 4000 1 5 0.861565832184908 5 1000 23721 5
"702" "P" 0.04 -0.70125 0.71125 1 1 4000 1 5 0.340731293541596 5 1000 24636 5
"703" "P" 0.004 -0.20625 0.05125 1 1 4000 1 5 2.97103966096362 5 1000 22754 5
"704" "P" 0.04 -0.495 0.0925 0 1 4000 1 5 2.38054663446376 5 1000 24355 5
"705" "P" 0.004 -0.61875 0.5875 1 1 4000 1 5 0.531879032963823 5 1000 23280 5
"706" "P" 0.004 -0.4125 0.29875 1 1 4000 1 5 1.20814817573642 5 1000 23016 5
"707" "P" 0.004 -0.99 0.79375 0 1 4000 1 5 0.230986728775236 5 1000 23739 5
"708" "P" 0.004 -0.61875 0.5875 0 1 4000 1 5 0.531879032963823 5 1000 23279 5
"709" "P" 0.04 -0.33 0.87625 0 1 4000 1 5 0.132103840633337 5 1000 24193 5
"710" "P" 0.004 -0.61875 0.505 1 1 4000 1 5 0.683196849706777 5 1000 23276 5
"711" "P" 0.004 -0.78375 0.46375 0 1 4000 1 5 0.768409665060492 5 1000 23473 5
"712" "P" 0.004 -0.2475 0.0925 0 1 4000 1 5 2.38054663446376 5 1000 22805 5
"713" "P" 0.04 -0.4125 0.46375 0 1 4000 1 5 0.768409665060492 5 1000 24273 5
"714" "P" 0.004 -0.53625 0.38125 0 1 4000 1 5 0.964299951060516 5 1000 23169 5
"715" "P" 0.04 -0.37125 0.0925 1 1 4000 1 5 2.38054663446376 5 1000 24206 5
"716" "P" 0.04 -0.70125 0.71125 0 1 4000 1 5 0.340731293541596 5 1000 24635 5
"717" "P" 0.04 0 0.34 0 1 4000 1 5 1.07880966137193 5 1000 23767 5
"718" "P" 0.004 -0.28875 0.71125 1 1 4000 1 5 0.340731293541596 5 1000 22886 5
"719" "P" 0.04 -0.165 1 1 1 4000 1 5 0 5 1000 24000 5
"720" "P" 0.04 -0.12375 0.7525 0 1 4000 1 5 0.284354282359106 5 1000 23937 5
"721" "P" 0.04 0 0.9175 0 1 4000 1 5 0.0861026990534116 5 1000 23795 5
"722" "P" 0.04 -0.33 0.87625 1 1 4000 1 5 0.132103840633337 5 1000 24194 5
"723" "P" 0.04 -0.53625 0.835 0 1 4000 1 5 0.180323554131281 5 1000 24441 5
"724" "P" 0.04 -0.99 0.0925 0 1 4000 1 5 2.38054663446376 5 1000 24955 5
"725" "P" 0.004 -0.4125 0.505 1 1 4000 1 5 0.683196849706777 5 1000 23026 5
"726" "P" 0.04 0 0.95875 1 1 4000 1 5 0.042124926300671 5 1000 23798 5
"727" "P" 0.04 -0.0825 0.4225 0 1 4000 1 5 0.861565832184908 5 1000 23871 5
"728" "P" 0.04 -0.165 0.21625 1 1 4000 1 5 1.53132013317015 5 1000 23962 5
"729" "P" 0.004 -0.825 0.01 1 1 4000 1 5 4.60517018598809 5 1000 23502 5
"730" "P" 0.004 -0.5775 0.13375 0 1 4000 1 5 2.01178289320602 5 1000 23207 5
"731" "P" 0.004 -0.9075 0.505 1 1 4000 1 5 0.683196849706777 5 1000 23626 5
"732" "P" 0.04 -0.165 0.79375 1 1 4000 1 5 0.230986728775236 5 1000 23990 5
"733" "P" 0.004 -0.37125 0.01 0 1 4000 1 5 4.60517018598809 5 1000 22951 5
"734" "P" 0.004 -0.33 0.175 1 1 4000 1 5 1.74296930505862 5 1000 22910 5
"735" "P" 0.04 -0.66 0.46375 1 1 4000 1 5 0.768409665060492 5 1000 24574 5
"736" "P" 0.04 -0.4125 0.38125 1 1 4000 1 5 0.964299951060516 5 1000 24270 5
"737" "P" 0.004 -0.0825 0.87625 0 1 4000 1 5 0.132103840633337 5 1000 22643 5
"738" "P" 0.04 -0.165 0.87625 0 1 4000 1 5 0.132103840633337 5 1000 23993 5
"739" "P" 0.04 -0.70125 0.7525 1 1 4000 1 5 0.284354282359106 5 1000 24638 5
"740" "P" 0.004 -0.45375 0.38125 1 1 4000 1 5 0.964299951060516 5 1000 23070 5
"741" "P" 0.004 -0.5775 0.67 0 1 4000 1 5 0.400477566597125 5 1000 23233 5
"742" "P" 0.004 -0.20625 0.46375 0 1 4000 1 5 0.768409665060492 5 1000 22773 5
"743" "P" 0.04 -0.04125 0.34 1 1 4000 1 5 1.07880966137193 5 1000 23818 5
"744" "P" 0.04 -0.66 0.835 0 1 4000 1 5 0.180323554131281 5 1000 24591 5
"745" "P" 0.004 -0.495 0.01 0 1 4000 1 5 4.60517018598809 5 1000 23101 5
"746" "P" 0.04 -0.165 0.4225 1 1 4000 1 5 0.861565832184908 5 1000 23972 5
"747" "P" 0.004 -0.45375 0.71125 0 1 4000 1 5 0.340731293541596 5 1000 23085 5
"748" "P" 0.04 -0.53625 0.29875 1 1 4000 1 5 1.20814817573642 5 1000 24416 5
"749" "P" 0.04 -0.37125 0.9175 0 1 4000 1 5 0.0861026990534116 5 1000 24245 5
"750" "P" 0.004 -0.165 0.95875 1 1 4000 1 5 0.042124926300671 5 1000 22748 5
"751" "P" 0.004 -0.53625 0.54625 1 1 4000 1 5 0.604678532572337 5 1000 23178 5
"752" "P" 0.04 -0.78375 0.2575 0 1 4000 1 5 1.35673555887835 5 1000 24713 5
"753" "P" 0.04 -0.86625 0.21625 0 1 4000 1 5 1.53132013317015 5 1000 24811 5
"754" "P" 0.04 -0.61875 0.29875 0 1 4000 1 5 1.20814817573642 5 1000 24515 5
"755" "P" 0.04 -0.495 0.835 0 1 4000 1 5 0.180323554131281 5 1000 24391 5
"756" "P" 0.004 -0.28875 0.0925 1 1 4000 1 5 2.38054663446376 5 1000 22856 5
"757" "P" 0.004 -0.12375 0.2575 1 1 4000 1 5 1.35673555887835 5 1000 22664 5
"758" "P" 0.04 -0.495 0.54625 0 1 4000 1 5 0.604678532572337 5 1000 24377 5
"759" "P" 0.004 -0.0825 0.9175 0 1 4000 1 5 0.0861026990534116 5 1000 22645 5
"760" "P" 0.004 -0.78375 0.71125 0 1 4000 1 5 0.340731293541596 5 1000 23485 5
"761" "P" 0.04 -0.86625 0.29875 1 1 4000 1 5 1.20814817573642 5 1000 24816 5
"762" "P" 0.04 -0.2475 0.2575 0 1 4000 1 5 1.35673555887835 5 1000 24063 5
"763" "P" 0.04 -0.61875 0.4225 1 1 4000 1 5 0.861565832184908 5 1000 24522 5
"764" "P" 0.004 -0.94875 0.05125 0 1 4000 1 5 2.97103966096362 5 1000 23653 5
"765" "P" 0.004 -0.33 0.38125 0 1 4000 1 5 0.964299951060516 5 1000 22919 5
"766" "P" 0.04 -0.94875 0.29875 1 1 4000 1 5 1.20814817573642 5 1000 24916 5
"767" "P" 0.04 -0.20625 0.54625 0 1 4000 1 5 0.604678532572337 5 1000 24027 5
"768" "P" 0.04 -0.20625 0.13375 1 1 4000 1 5 2.01178289320602 5 1000 24008 5
"769" "P" 0.004 -0.12375 0.79375 0 1 4000 1 5 0.230986728775236 5 1000 22689 5
"770" "P" 0.004 -0.53625 0.13375 1 1 4000 1 5 2.01178289320602 5 1000 23158 5
"771" "P" 0.004 -0.5775 0.71125 1 1 4000 1 5 0.340731293541596 5 1000 23236 5
"772" "P" 0.004 -0.0825 0.4225 1 1 4000 1 5 0.861565832184908 5 1000 22622 5
"773" "P" 0.004 -0.0825 0.34 1 1 4000 1 5 1.07880966137193 5 1000 22618 5
"774" "P" 0.04 -0.45375 0.505 0 1 4000 1 5 0.683196849706777 5 1000 24325 5
"775" "P" 0.04 -0.70125 0.21625 0 1 4000 1 5 1.53132013317015 5 1000 24611 5
"776" "P" 0.004 -0.61875 0.9175 0 1 4000 1 5 0.0861026990534116 5 1000 23295 5
"777" "P" 0.004 -0.4125 0.05125 1 1 4000 1 5 2.97103966096362 5 1000 23004 5
"778" "P" 0.04 -0.165 0.67 1 1 4000 1 5 0.400477566597125 5 1000 23984 5
"779" "P" 0.004 -0.20625 0.67 1 1 4000 1 5 0.400477566597125 5 1000 22784 5
"780" "P" 0.04 0 0.54625 0 1 4000 1 5 0.604678532572337 5 1000 23777 5
"781" "P" 0.004 -0.66 0.54625 1 1 4000 1 5 0.604678532572337 5 1000 23328 5
"782" "P" 0.004 -0.5775 0.87625 0 1 4000 1 5 0.132103840633337 5 1000 23243 5
"783" "P" 0.004 -0.495 0.71125 1 1 4000 1 5 0.340731293541596 5 1000 23136 5
"784" "P" 0.04 -0.495 0.62875 1 1 4000 1 5 0.464021557568188 5 1000 24382 5
"785" "P" 0.004 -0.2475 0.505 0 1 4000 1 5 0.683196849706777 5 1000 22825 5
"786" "P" 0.04 -0.2475 0.79375 1 1 4000 1 5 0.230986728775236 5 1000 24090 5
"787" "P" 0.004 0 0.505 1 1 4000 1 5 0.683196849706777 5 1000 22526 5
"788" "P" 0.004 -0.165 0.79375 0 1 4000 1 5 0.230986728775236 5 1000 22739 5
"789" "P" 0.04 -0.70125 0.9175 0 1 4000 1 5 0.0861026990534116 5 1000 24645 5
"790" "P" 0.04 -0.5775 0.835 1 1 4000 1 5 0.180323554131281 5 1000 24492 5
"791" "P" 0.004 -0.86625 0.13375 1 1 4000 1 5 2.01178289320602 5 1000 23558 5
"792" "P" 0.004 -0.66 0.87625 1 1 4000 1 5 0.132103840633337 5 1000 23344 5
"793" "P" 0.004 -0.2475 0.0925 1 1 4000 1 5 2.38054663446376 5 1000 22806 5
"794" "P" 0.004 -0.825 0.9175 0 1 4000 1 5 0.0861026990534116 5 1000 23545 5
"795" "P" 0.004 -0.12375 0.505 0 1 4000 1 5 0.683196849706777 5 1000 22675 5
"796" "P" 0.04 -0.94875 0.21625 0 1 4000 1 5 1.53132013317015 5 1000 24911 5
"797" "P" 0.004 -0.53625 0.835 0 1 4000 1 5 0.180323554131281 5 1000 23191 5
"798" "P" 0.04 -0.04125 0.5875 0 1 4000 1 5 0.531879032963823 5 1000 23829 5
"799" "P" 0.04 -0.37125 0.67 1 1 4000 1 5 0.400477566597125 5 1000 24234 5
"800" "P" 0.004 -0.99 0.5875 0 1 4000 1 5 0.531879032963823 5 1000 23729 5
"801" "P" 0.004 -0.53625 0.79375 0 1 4000 1 5 0.230986728775236 5 1000 23189 5
"802" "P" 0.04 -0.66 0.21625 1 1 4000 1 5 1.53132013317015 5 1000 24562 5
"803" "P" 0.004 -0.495 1 1 1 4000 1 5 0 5 1000 23150 5
"804" "P" 0.004 -0.61875 0.38125 0 1 4000 1 5 0.964299951060516 5 1000 23269 5
"805" "P" 0.004 -0.66 0.34 0 1 4000 1 5 1.07880966137193 5 1000 23317 5
"806" "P" 0.004 -0.33 0.46375 0 1 4000 1 5 0.768409665060492 5 1000 22923 5
"807" "P" 0.04 -0.33 0.5875 1 1 4000 1 5 0.531879032963823 5 1000 24180 5
"808" "P" 0.04 -0.45375 0.01 0 1 4000 1 5 4.60517018598809 5 1000 24301 5
"809" "P" 0.04 -0.99 0.4225 0 1 4000 1 5 0.861565832184908 5 1000 24971 5
"810" "P" 0.04 -0.4125 0.5875 0 1 4000 1 5 0.531879032963823 5 1000 24279 5
"811" "P" 0.004 -0.99 1 1 1 4000 1 5 0 5 1000 23750 5
"812" "P" 0.04 -0.61875 0.71125 1 1 4000 1 5 0.340731293541596 5 1000 24536 5
"813" "P" 0.004 -0.20625 0.62875 1 1 4000 1 5 0.464021557568188 5 1000 22782 5
"814" "P" 0.004 -0.28875 0.21625 1 1 4000 1 5 1.53132013317015 5 1000 22862 5
"815" "P" 0.004 -0.33 0.2575 1 1 4000 1 5 1.35673555887835 5 1000 22914 5
"816" "P" 0.004 -0.4125 0.29875 0 1 4000 1 5 1.20814817573642 5 1000 23015 5
"817" "P" 0.04 -0.5775 0.2575 1 1 4000 1 5 1.35673555887835 5 1000 24464 5
"818" "P" 0.04 -0.4125 0.54625 0 1 4000 1 5 0.604678532572337 5 1000 24277 5
"819" "P" 0.004 -0.2475 0.87625 0 1 4000 1 5 0.132103840633337 5 1000 22843 5
"820" "P" 0.04 -0.94875 0.62875 1 1 4000 1 5 0.464021557568188 5 1000 24932 5
"821" "P" 0.04 -0.61875 0.87625 0 1 4000 1 5 0.132103840633337 5 1000 24543 5
"822" "P" 0.04 -0.86625 0.87625 0 1 4000 1 5 0.132103840633337 5 1000 24843 5
"823" "P" 0.04 -0.4125 0.13375 0 1 4000 1 5 2.01178289320602 5 1000 24257 5
"824" "P" 0.04 -0.4125 0.21625 0 1 4000 1 5 1.53132013317015 5 1000 24261 5
"825" "P" 0.004 -0.86625 0.7525 1 1 4000 1 5 0.284354282359106 5 1000 23588 5
"826" "P" 0.04 -0.78375 0.4225 1 1 4000 1 5 0.861565832184908 5 1000 24722 5
"827" "P" 0.04 -0.94875 0.835 0 1 4000 1 5 0.180323554131281 5 1000 24941 5
"828" "P" 0.004 -0.78375 0.01 0 1 4000 1 5 4.60517018598809 5 1000 23451 5
"829" "P" 0.04 -0.0825 0.87625 0 1 4000 1 5 0.132103840633337 5 1000 23893 5
"830" "P" 0.04 -0.12375 0.01 0 1 4000 1 5 4.60517018598809 5 1000 23901 5
"831" "P" 0.04 -0.2475 0.05125 0 1 4000 1 5 2.97103966096362 5 1000 24053 5
"832" "P" 0.004 -0.45375 0.79375 0 1 4000 1 5 0.230986728775236 5 1000 23089 5
"833" "P" 0.04 -0.825 0.71125 0 1 4000 1 5 0.340731293541596 5 1000 24785 5
"834" "P" 0.004 -0.66 0.4225 0 1 4000 1 5 0.861565832184908 5 1000 23321 5
"835" "P" 0.04 -0.53625 0.835 1 1 4000 1 5 0.180323554131281 5 1000 24442 5
"836" "P" 0.04 -0.2475 0.7525 0 1 4000 1 5 0.284354282359106 5 1000 24087 5
"837" "P" 0.004 -0.33 0.46375 1 1 4000 1 5 0.768409665060492 5 1000 22924 5
"838" "P" 0.04 -0.45375 0.505 1 1 4000 1 5 0.683196849706777 5 1000 24326 5
"839" "P" 0.004 -0.4125 0.87625 1 1 4000 1 5 0.132103840633337 5 1000 23044 5
"840" "P" 0.004 -0.33 0.87625 1 1 4000 1 5 0.132103840633337 5 1000 22944 5
"841" "P" 0.004 -0.165 0.505 0 1 4000 1 5 0.683196849706777 5 1000 22725 5
"842" "P" 0.004 -0.825 0.175 0 1 4000 1 5 1.74296930505862 5 1000 23509 5
"843" "P" 0.04 -0.33 1 0 1 4000 1 5 0 5 1000 24199 5
"844" "P" 0.04 -0.4125 0.71125 1 1 4000 1 5 0.340731293541596 5 1000 24286 5
"845" "P" 0.004 -0.45375 0.505 1 1 4000 1 5 0.683196849706777 5 1000 23076 5
"846" "P" 0.04 -0.37125 0.05125 1 1 4000 1 5 2.97103966096362 5 1000 24204 5
"847" "P" 0.04 -0.9075 0.62875 1 1 4000 1 5 0.464021557568188 5 1000 24882 5
"848" "P" 0.004 -0.4125 0.21625 0 1 4000 1 5 1.53132013317015 5 1000 23011 5
"849" "P" 0.04 -0.165 0.5875 0 1 4000 1 5 0.531879032963823 5 1000 23979 5
"850" "P" 0.04 -0.66 1 1 1 4000 1 5 0 5 1000 24600 5
"851" "P" 0.004 -0.99 0.29875 1 1 4000 1 5 1.20814817573642 5 1000 23716 5
"852" "P" 0.004 -0.78375 0.505 0 1 4000 1 5 0.683196849706777 5 1000 23475 5
"853" "P" 0.004 -0.99 0.13375 0 1 4000 1 5 2.01178289320602 5 1000 23707 5
"854" "P" 0.004 -0.28875 0.13375 1 1 4000 1 5 2.01178289320602 5 1000 22858 5
"855" "P" 0.04 -0.45375 0.54625 0 1 4000 1 5 0.604678532572337 5 1000 24327 5
"856" "P" 0.04 -0.165 0.835 0 1 4000 1 5 0.180323554131281 5 1000 23991 5
"857" "P" 0.004 -0.28875 0.835 0 1 4000 1 5 0.180323554131281 5 1000 22891 5
"858" "P" 0.004 -0.04125 0.01 0 1 4000 1 5 4.60517018598809 5 1000 22551 5
"859" "P" 0.04 -0.37125 0.54625 0 1 4000 1 5 0.604678532572337 5 1000 24227 5
"860" "P" 0.004 -0.78375 0.29875 1 1 4000 1 5 1.20814817573642 5 1000 23466 5
"861" "P" 0.004 -0.86625 0.5875 1 1 4000 1 5 0.531879032963823 5 1000 23580 5
"862" "P" 0.004 -0.5775 0.71125 0 1 4000 1 5 0.340731293541596 5 1000 23235 5
"863" "P" 0.04 -0.825 0.4225 0 1 4000 1 5 0.861565832184908 5 1000 24771 5
"864" "P" 0.04 -0.5775 0.29875 1 1 4000 1 5 1.20814817573642 5 1000 24466 5
"865" "P" 0.004 -0.7425 0.21625 0 1 4000 1 5 1.53132013317015 5 1000 23411 5
"866" "P" 0.04 -0.4125 0.71125 0 1 4000 1 5 0.340731293541596 5 1000 24285 5
"867" "P" 0.004 -0.0825 1 1 1 4000 1 5 0 5 1000 22650 5
"868" "P" 0.004 -0.33 0.54625 0 1 4000 1 5 0.604678532572337 5 1000 22927 5
"869" "P" 0.004 -0.04125 0.79375 0 1 4000 1 5 0.230986728775236 5 1000 22589 5
"870" "P" 0.004 -0.20625 0.2575 0 1 4000 1 5 1.35673555887835 5 1000 22763 5
"871" "P" 0.04 -0.37125 0.62875 1 1 4000 1 5 0.464021557568188 5 1000 24232 5
"872" "P" 0.004 -0.70125 0.46375 1 1 4000 1 5 0.768409665060492 5 1000 23374 5
"873" "P" 0.04 -0.61875 0.9175 1 1 4000 1 5 0.0861026990534116 5 1000 24546 5
"874" "P" 0.004 -0.28875 0.7525 0 1 4000 1 5 0.284354282359106 5 1000 22887 5
"875" "P" 0.004 -0.04125 0.2575 1 1 4000 1 5 1.35673555887835 5 1000 22564 5
"876" "P" 0.004 -0.165 0.38125 0 1 4000 1 5 0.964299951060516 5 1000 22719 5
"877" "P" 0.004 -0.04125 0.46375 1 1 4000 1 5 0.768409665060492 5 1000 22574 5
"878" "P" 0.04 -0.99 0.29875 0 1 4000 1 5 1.20814817573642 5 1000 24965 5
"879" "P" 0.004 -0.2475 0.46375 0 1 4000 1 5 0.768409665060492 5 1000 22823 5
"880" "P" 0.04 -0.53625 0.21625 1 1 4000 1 5 1.53132013317015 5 1000 24412 5
"881" "P" 0.04 -0.45375 0.01 1 1 4000 1 5 4.60517018598809 5 1000 24302 5
"882" "P" 0.004 -0.37125 0.29875 1 1 4000 1 5 1.20814817573642 5 1000 22966 5
"883" "P" 0.004 -0.5775 0.9175 1 1 4000 1 5 0.0861026990534116 5 1000 23246 5
"884" "P" 0.04 -0.66 0.29875 1 1 4000 1 5 1.20814817573642 5 1000 24566 5
"885" "P" 0.04 -0.53625 0.46375 0 1 4000 1 5 0.768409665060492 5 1000 24423 5
"886" "P" 0.04 -0.4125 0.13375 1 1 4000 1 5 2.01178289320602 5 1000 24258 5
"887" "P" 0.004 -0.2475 0.175 1 1 4000 1 5 1.74296930505862 5 1000 22810 5
"888" "P" 0.004 -0.7425 0.01 1 1 4000 1 5 4.60517018598809 5 1000 23402 5
"889" "P" 0.04 0 0.54625 1 1 4000 1 5 0.604678532572337 5 1000 23778 5
"890" "P" 0.04 -0.9075 0.5875 0 1 4000 1 5 0.531879032963823 5 1000 24879 5
"891" "P" 0.04 -0.45375 0.46375 1 1 4000 1 5 0.768409665060492 5 1000 24324 5
"892" "P" 0.004 -0.28875 1 0 1 4000 1 5 0 5 1000 22899 5
"893" "P" 0.004 -0.5775 0.4225 0 1 4000 1 5 0.861565832184908 5 1000 23221 5
"894" "P" 0.04 -0.9075 0.71125 0 1 4000 1 5 0.340731293541596 5 1000 24885 5
"895" "P" 0.04 -0.78375 0.46375 1 1 4000 1 5 0.768409665060492 5 1000 24724 5
"896" "P" 0.004 -0.495 0.87625 0 1 4000 1 5 0.132103840633337 5 1000 23143 5
"897" "P" 0.04 -0.7425 0.0925 1 1 4000 1 5 2.38054663446376 5 1000 24656 5
"898" "P" 0.004 -0.99 0.21625 1 1 4000 1 5 1.53132013317015 5 1000 23712 5
"899" "P" 0.04 -0.37125 0.7525 0 1 4000 1 5 0.284354282359106 5 1000 24237 5
"900" "P" 0.004 -0.28875 0.67 1 1 4000 1 5 0.400477566597125 5 1000 22884 5
"901" "P" 0.04 -0.28875 0.01 1 1 4000 1 5 4.60517018598809 5 1000 24102 5
"902" "P" 0.04 -0.2475 0.54625 0 1 4000 1 5 0.604678532572337 5 1000 24077 5
"903" "P" 0.04 -0.99 0.79375 0 1 4000 1 5 0.230986728775236 5 1000 24989 5
"904" "P" 0.004 -0.4125 0.0925 1 1 4000 1 5 2.38054663446376 5 1000 23006 5
"905" "P" 0.04 -0.7425 0.21625 0 1 4000 1 5 1.53132013317015 5 1000 24661 5
"906" "P" 0.004 -0.5775 0.7525 1 1 4000 1 5 0.284354282359106 5 1000 23238 5
"907" "P" 0.004 -0.7425 0.62875 0 1 4000 1 5 0.464021557568188 5 1000 23431 5
"908" "P" 0.004 -0.61875 0.4225 1 1 4000 1 5 0.861565832184908 5 1000 23272 5
"909" "P" 0.004 -0.04125 0.67 0 1 4000 1 5 0.400477566597125 5 1000 22583 5
"910" "P" 0.004 -0.7425 0.21625 1 1 4000 1 5 1.53132013317015 5 1000 23412 5
"911" "P" 0.04 -0.33 0.34 0 1 4000 1 5 1.07880966137193 5 1000 24167 5
"912" "P" 0.004 -0.5775 0.21625 0 1 4000 1 5 1.53132013317015 5 1000 23211 5
"913" "P" 0.004 -0.66 0.505 1 1 4000 1 5 0.683196849706777 5 1000 23326 5
"914" "P" 0.004 -0.28875 1 1 1 4000 1 5 0 5 1000 22900 5
"915" "P" 0.04 -0.94875 0.0925 0 1 4000 1 5 2.38054663446376 5 1000 24905 5
"916" "P" 0.04 -0.94875 0.835 1 1 4000 1 5 0.180323554131281 5 1000 24942 5
"917" "P" 0.004 -0.28875 0.46375 0 1 4000 1 5 0.768409665060492 5 1000 22873 5
"918" "P" 0.04 -0.78375 0.9175 0 1 4000 1 5 0.0861026990534116 5 1000 24745 5
"919" "P" 0.04 -0.28875 0.2575 0 1 4000 1 5 1.35673555887835 5 1000 24113 5
"920" "P" 0.04 -0.28875 0.5875 1 1 4000 1 5 0.531879032963823 5 1000 24130 5
"921" "P" 0.004 -0.94875 0.9175 1 1 4000 1 5 0.0861026990534116 5 1000 23696 5
"922" "P" 0.04 -0.5775 1 0 1 4000 1 5 0 5 1000 24499 5
"923" "P" 0.004 -0.4125 0.95875 1 1 4000 1 5 0.042124926300671 5 1000 23048 5
"924" "P" 0.04 -0.2475 0.34 0 1 4000 1 5 1.07880966137193 5 1000 24067 5
"925" "P" 0.04 -0.20625 0.38125 0 1 4000 1 5 0.964299951060516 5 1000 24019 5
"926" "P" 0.004 -0.825 0.79375 0 1 4000 1 5 0.230986728775236 5 1000 23539 5
"927" "P" 0.04 -0.825 0.79375 1 1 4000 1 5 0.230986728775236 5 1000 24790 5
"928" "P" 0.004 -0.33 0.2575 0 1 4000 1 5 1.35673555887835 5 1000 22913 5
"929" "P" 0.004 -0.37125 0.835 1 1 4000 1 5 0.180323554131281 5 1000 22992 5
"930" "P" 0.004 -0.99 0.01 0 1 4000 1 5 4.60517018598809 5 1000 23701 5
"931" "P" 0.004 -0.99 0.21625 0 1 4000 1 5 1.53132013317015 5 1000 23711 5
"932" "P" 0.004 -0.165 0.4225 1 1 4000 1 5 0.861565832184908 5 1000 22722 5
"933" "P" 0.004 -0.45375 0.29875 1 1 4000 1 5 1.20814817573642 5 1000 23066 5
"934" "P" 0.04 -0.165 0.71125 0 1 4000 1 5 0.340731293541596 5 1000 23985 5
"935" "P" 0.04 -0.825 0.54625 1 1 4000 1 5 0.604678532572337 5 1000 24778 5
"936" "P" 0.04 -0.5775 0.71125 0 1 4000 1 5 0.340731293541596 5 1000 24485 5
"937" "P" 0.004 -0.78375 0.21625 1 1 4000 1 5 1.53132013317015 5 1000 23462 5
"938" "P" 0.004 -0.2475 0.13375 1 1 4000 1 5 2.01178289320602 5 1000 22808 5
"939" "P" 0.04 -0.7425 0.87625 0 1 4000 1 5 0.132103840633337 5 1000 24693 5
"940" "P" 0.04 -0.45375 0.0925 0 1 4000 1 5 2.38054663446376 5 1000 24305 5
"941" "P" 0.04 -0.66 0.67 1 1 4000 1 5 0.400477566597125 5 1000 24584 5
"942" "P" 0.04 -0.86625 0.7525 1 1 4000 1 5 0.284354282359106 5 1000 24838 5
"943" "P" 0.04 -0.04125 0.175 1 1 4000 1 5 1.74296930505862 5 1000 23810 5
"944" "P" 0.04 -0.0825 0.9175 0 1 4000 1 5 0.0861026990534116 5 1000 23895 5
"945" "P" 0.04 -0.37125 0.34 1 1 4000 1 5 1.07880966137193 5 1000 24218 5
"946" "P" 0.004 -0.5775 0.01 1 1 4000 1 5 4.60517018598809 5 1000 23202 5
"947" "P" 0.04 -0.53625 1 0 1 4000 1 5 0 5 1000 24449 5
"948" "P" 0.004 -0.5775 1 0 1 4000 1 5 0 5 1000 23249 5
"949" "P" 0.004 -0.4125 0.7525 1 1 4000 1 5 0.284354282359106 5 1000 23038 5
"950" "P" 0.04 -0.5775 1 1 1 4000 1 5 0 5 1000 24500 5
"951" "P" 0.04 -0.4125 0.87625 0 1 4000 1 5 0.132103840633337 5 1000 24293 5
"952" "P" 0.04 -0.66 0.95875 0 1 4000 1 5 0.042124926300671 5 1000 24597 5
"953" "P" 0.004 -0.825 0.0925 1 1 4000 1 5 2.38054663446376 5 1000 23506 5
"954" "P" 0.004 -0.53625 0.9175 1 1 4000 1 5 0.0861026990534116 5 1000 23196 5
"955" "P" 0.004 -0.9075 0.67 1 1 4000 1 5 0.400477566597125 5 1000 23634 5
"956" "P" 0.04 -0.70125 0.79375 0 1 4000 1 5 0.230986728775236 5 1000 24639 5
"957" "P" 0.004 -0.825 0.95875 1 1 4000 1 5 0.042124926300671 5 1000 23548 5
"958" "P" 0.004 -0.0825 0.54625 0 1 4000 1 5 0.604678532572337 5 1000 22627 5
"959" "P" 0.04 -0.78375 0.4225 0 1 4000 1 5 0.861565832184908 5 1000 24721 5
"960" "P" 0.04 -0.70125 0.67 1 1 4000 1 5 0.400477566597125 5 1000 24634 5
"961" "P" 0.004 -0.99 0.87625 0 1 4000 1 5 0.132103840633337 5 1000 23743 5
"962" "P" 0.004 -0.12375 0.38125 1 1 4000 1 5 0.964299951060516 5 1000 22670 5
"963" "P" 0.004 -0.99 0.34 1 1 4000 1 5 1.07880966137193 5 1000 23718 5
"964" "P" 0.004 -0.9075 0.87625 0 1 4000 1 5 0.132103840633337 5 1000 23643 5
"965" "P" 0.004 -0.61875 0.835 1 1 4000 1 5 0.180323554131281 5 1000 23292 5
"966" "P" 0.04 -0.37125 0.5875 1 1 4000 1 5 0.531879032963823 5 1000 24230 5
"967" "P" 0.004 -0.9075 0.79375 1 1 4000 1 5 0.230986728775236 5 1000 23640 5
"968" "P" 0.04 -0.86625 0.67 1 1 4000 1 5 0.400477566597125 5 1000 24834 5
"969" "P" 0.04 -0.66 0.34 1 1 4000 1 5 1.07880966137193 5 1000 24568 5
"970" "P" 0.004 -0.28875 0.9175 0 1 4000 1 5 0.0861026990534116 5 1000 22895 5
"971" "P" 0.04 -0.99 0.505 0 1 4000 1 5 0.683196849706777 5 1000 24975 5
"972" "P" 0.04 -0.99 0.46375 0 1 4000 1 5 0.768409665060492 5 1000 24973 5
"973" "P" 0.04 -0.0825 0.67 1 1 4000 1 5 0.400477566597125 5 1000 23884 5
"974" "P" 0.04 -0.7425 0.46375 0 1 4000 1 5 0.768409665060492 5 1000 24673 5
"975" "P" 0.004 -0.94875 0.5875 1 1 4000 1 5 0.531879032963823 5 1000 23680 5
"976" "P" 0.004 -0.04125 0.05125 0 1 4000 1 5 2.97103966096362 5 1000 22553 5
"977" "P" 0.04 -0.0825 0.9175 1 1 4000 1 5 0.0861026990534116 5 1000 23896 5
"978" "P" 0.004 -0.37125 0.175 1 1 4000 1 5 1.74296930505862 5 1000 22960 5
"979" "P" 0.004 -0.495 0.05125 0 1 4000 1 5 2.97103966096362 5 1000 23103 5
"980" "P" 0.04 -0.61875 0.62875 1 1 4000 1 5 0.464021557568188 5 1000 24532 5
"981" "P" 0.004 -0.2475 0.05125 1 1 4000 1 5 2.97103966096362 5 1000 22804 5
"982" "P" 0.004 -0.9075 0.67 0 1 4000 1 5 0.400477566597125 5 1000 23633 5
"983" "P" 0.004 -0.61875 0.05125 0 1 4000 1 5 2.97103966096362 5 1000 23253 5
"984" "P" 0.004 -0.9075 0.34 0 1 4000 1 5 1.07880966137193 5 1000 23617 5
"985" "P" 0.004 -0.495 0.4225 0 1 4000 1 5 0.861565832184908 5 1000 23121 5
"986" "P" 0.04 -0.7425 0.01 0 1 4000 1 5 4.60517018598809 5 1000 24651 5
"987" "P" 0.004 -0.33 0.505 0 1 4000 1 5 0.683196849706777 5 1000 22925 5
"988" "P" 0.004 -0.495 0.835 1 1 4000 1 5 0.180323554131281 5 1000 23142 5
"989" "P" 0.04 -0.12375 0.7525 1 1 4000 1 5 0.284354282359106 5 1000 23938 5
"990" "P" 0.04 -0.495 0.95875 1 1 4000 1 5 0.042124926300671 5 1000 24398 5
"991" "P" 0.04 -0.12375 0.95875 1 1 4000 1 5 0.042124926300671 5 1000 23948 5
"992" "P" 0.04 -0.12375 0.38125 1 1 4000 1 5 0.964299951060516 5 1000 23920 5
"993" "P" 0.004 -0.0825 0.2575 1 1 4000 1 5 1.35673555887835 5 1000 22614 5
"994" "P" 0.04 -0.825 0.79375 0 1 4000 1 5 0.230986728775236 5 1000 24789 5
"995" "P" 0.04 -0.94875 0.01 1 1 4000 1 5 4.60517018598809 5 1000 24902 5
"996" "P" 0.04 -0.70125 0.34 0 1 4000 1 5 1.07880966137193 5 1000 24617 5
"997" "P" 0.04 -0.94875 0.05125 0 1 4000 1 5 2.97103966096362 5 1000 24903 5
"998" "P" 0.004 -0.70125 0.29875 0 1 4000 1 5 1.20814817573642 5 1000 23365 5
"999" "P" 0.004 -0.20625 0.13375 0 1 4000 1 5 2.01178289320602 5 1000 22757 5
"1000" "P" 0.04 -0.5775 0.4225 0 1 4000 1 5 0.861565832184908 5 1000 24471 5
"1001" "P" 0.004 0 0.5875 0 1 4000 1 5 0.531879032963823 5 1000 22529 5
"1002" "P" 0.004 -0.825 0.01 0 1 4000 1 5 4.60517018598809 5 1000 23501 5
"1003" "P" 0.04 -0.9075 0.2575 1 1 4000 1 5 1.35673555887835 5 1000 24864 5
"1004" "P" 0.004 -0.9075 0.95875 0 1 4000 1 5 0.042124926300671 5 1000 23647 5
"1005" "P" 0.004 -0.5775 0.505 1 1 4000 1 5 0.683196849706777 5 1000 23226 5
"1006" "P" 0.004 -0.0825 0.01 0 1 4000 1 5 4.60517018598809 5 1000 22601 5
"1007" "P" 0.04 -0.28875 0.9175 1 1 4000 1 5 0.0861026990534116 5 1000 24146 5
"1008" "P" 0.04 -0.495 0.01 0 1 4000 1 5 4.60517018598809 5 1000 24351 5
"1009" "P" 0.004 -0.99 0.13375 1 1 4000 1 5 2.01178289320602 5 1000 23708 5
"1010" "P" 0.04 -0.0825 0.505 0 1 4000 1 5 0.683196849706777 5 1000 23875 5
"1011" "P" 0.004 -0.7425 0.67 0 1 4000 1 5 0.400477566597125 5 1000 23433 5
"1012" "P" 0.004 -0.04125 0.95875 0 1 4000 1 5 0.042124926300671 5 1000 22597 5
"1013" "P" 0.004 -0.37125 0.13375 0 1 4000 1 5 2.01178289320602 5 1000 22957 5
"1014" "P" 0.004 -0.33 0.79375 1 1 4000 1 5 0.230986728775236 5 1000 22940 5
"1015" "P" 0.004 -0.70125 0.2575 0 1 4000 1 5 1.35673555887835 5 1000 23363 5
"1016" "P" 0.04 0 0.29875 1 1 4000 1 5 1.20814817573642 5 1000 23766 5
"1017" "P" 0.004 -0.28875 0.34 0 1 4000 1 5 1.07880966137193 5 1000 22867 5
"1018" "P" 0.04 -0.78375 0.505 0 1 4000 1 5 0.683196849706777 5 1000 24725 5
"1019" "P" 0.004 -0.04125 0.9175 0 1 4000 1 5 0.0861026990534116 5 1000 22595 5
"1020" "P" 0.04 -0.86625 0.13375 0 1 4000 1 5 2.01178289320602 5 1000 24807 5
"1021" "P" 0.04 -0.5775 0.67 0 1 4000 1 5 0.400477566597125 5 1000 24483 5
"1022" "P" 0.04 -0.495 0.95875 0 1 4000 1 5 0.042124926300671 5 1000 24397 5
"1023" "P" 0.04 -0.2475 0.05125 1 1 4000 1 5 2.97103966096362 5 1000 24054 5
"1024" "P" 0.004 -0.86625 0.54625 1 1 4000 1 5 0.604678532572337 5 1000 23578 5
"1025" "P" 0.04 -0.5775 0.87625 1 1 4000 1 5 0.132103840633337 5 1000 24494 5
"1026" "P" 0.004 -0.99 0.9175 0 1 4000 1 5 0.0861026990534116 5 1000 23745 5
"1027" "P" 0.004 -0.7425 0.79375 1 1 4000 1 5 0.230986728775236 5 1000 23440 5
"1028" "P" 0.004 -0.70125 0.4225 1 1 4000 1 5 0.861565832184908 5 1000 23372 5
"1029" "P" 0.004 -0.33 0.9175 0 1 4000 1 5 0.0861026990534116 5 1000 22945 5
"1030" "P" 0.04 -0.78375 0.0925 1 1 4000 1 5 2.38054663446376 5 1000 24706 5
"1031" "P" 0.004 -0.5775 0.175 0 1 4000 1 5 1.74296930505862 5 1000 23209 5
"1032" "P" 0.004 0 0.34 0 1 4000 1 5 1.07880966137193 5 1000 22517 5
"1033" "P" 0.04 -0.66 0.46375 0 1 4000 1 5 0.768409665060492 5 1000 24573 5
"1034" "P" 0.04 -0.04125 0.38125 1 1 4000 1 5 0.964299951060516 5 1000 23820 5
"1035" "P" 0.04 -0.20625 0.21625 1 1 4000 1 5 1.53132013317015 5 1000 24012 5
"1036" "P" 0.004 -0.45375 0.9175 0 1 4000 1 5 0.0861026990534116 5 1000 23095 5
"1037" "P" 0.004 0 0.175 0 1 4000 1 5 1.74296930505862 5 1000 22509 5
"1038" "P" 0.004 -0.33 0.835 0 1 4000 1 5 0.180323554131281 5 1000 22941 5
"1039" "P" 0.004 -0.53625 0.29875 1 1 4000 1 5 1.20814817573642 5 1000 23166 5
"1040" "P" 0.004 -0.78375 0.4225 0 1 4000 1 5 0.861565832184908 5 1000 23471 5
"1041" "P" 0.004 -0.78375 0.13375 1 1 4000 1 5 2.01178289320602 5 1000 23458 5
"1042" "P" 0.004 -0.78375 0.9175 0 1 4000 1 5 0.0861026990534116 5 1000 23495 5
"1043" "P" 0.04 -0.5775 0.175 0 1 4000 1 5 1.74296930505862 5 1000 24459 5
"1044" "P" 0.004 -0.33 0.4225 1 1 4000 1 5 0.861565832184908 5 1000 22922 5
"1045" "P" 0.04 -0.12375 0.05125 1 1 4000 1 5 2.97103966096362 5 1000 23904 5
"1046" "P" 0.004 -0.33 0.62875 1 1 4000 1 5 0.464021557568188 5 1000 22932 5
"1047" "P" 0.04 -0.12375 0.0925 0 1 4000 1 5 2.38054663446376 5 1000 23905 5
"1048" "P" 0.04 -0.7425 0.175 0 1 4000 1 5 1.74296930505862 5 1000 24659 5
"1049" "P" 0.04 -0.4125 0.29875 1 1 4000 1 5 1.20814817573642 5 1000 24266 5
"1050" "P" 0.004 -0.53625 0.46375 0 1 4000 1 5 0.768409665060492 5 1000 23173 5
"1051" "P" 0.004 -0.4125 0.62875 1 1 4000 1 5 0.464021557568188 5 1000 23032 5
"1052" "P" 0.04 -0.165 0.01 1 1 4000 1 5 4.60517018598809 5 1000 23952 5
"1053" "P" 0.004 -0.4125 0.175 1 1 4000 1 5 1.74296930505862 5 1000 23010 5
"1054" "P" 0.004 0 0.62875 1 1 4000 1 5 0.464021557568188 5 1000 22532 5
"1055" "P" 0.004 -0.53625 0.34 1 1 4000 1 5 1.07880966137193 5 1000 23168 5
"1056" "P" 0.04 -0.78375 0.67 0 1 4000 1 5 0.400477566597125 5 1000 24733 5
"1057" "P" 0.004 -0.86625 0.46375 1 1 4000 1 5 0.768409665060492 5 1000 23574 5
"1058" "P" 0.004 -0.70125 0.62875 0 1 4000 1 5 0.464021557568188 5 1000 23381 5
"1059" "P" 0.004 -0.61875 0.46375 1 1 4000 1 5 0.768409665060492 5 1000 23274 5
"1060" "P" 0.04 -0.0825 0.62875 0 1 4000 1 5 0.464021557568188 5 1000 23881 5
"1061" "P" 0.04 -0.12375 0.46375 0 1 4000 1 5 0.768409665060492 5 1000 23923 5
"1062" "P" 0.04 -0.4125 0.5875 1 1 4000 1 5 0.531879032963823 5 1000 24280 5
"1063" "P" 0.004 -0.04125 0.7525 0 1 4000 1 5 0.284354282359106 5 1000 22587 5
"1064" "P" 0.004 -0.66 0.9175 1 1 4000 1 5 0.0861026990534116 5 1000 23346 5
"1065" "P" 0.04 -0.20625 0.7525 1 1 4000 1 5 0.284354282359106 5 1000 24038 5
"1066" "P" 0.04 -0.78375 0.54625 1 1 4000 1 5 0.604678532572337 5 1000 24728 5
"1067" "P" 0.04 -0.2475 0.95875 0 1 4000 1 5 0.042124926300671 5 1000 24097 5
"1068" "P" 0.004 -0.86625 0.2575 0 1 4000 1 5 1.35673555887835 5 1000 23563 5
"1069" "P" 0.004 -0.53625 0.95875 1 1 4000 1 5 0.042124926300671 5 1000 23198 5
"1070" "P" 0.004 -0.0825 0.34 0 1 4000 1 5 1.07880966137193 5 1000 22617 5
"1071" "P" 0.04 -0.7425 0.46375 1 1 4000 1 5 0.768409665060492 5 1000 24674 5
"1072" "P" 0.04 -0.66 0.62875 1 1 4000 1 5 0.464021557568188 5 1000 24582 5
"1073" "P" 0.004 -0.12375 0.7525 0 1 4000 1 5 0.284354282359106 5 1000 22687 5
"1074" "P" 0.004 -0.0825 0.9175 1 1 4000 1 5 0.0861026990534116 5 1000 22646 5
"1075" "P" 0.004 -0.28875 0.05125 0 1 4000 1 5 2.97103966096362 5 1000 22853 5
"1076" "P" 0.04 -0.33 0.5875 0 1 4000 1 5 0.531879032963823 5 1000 24179 5
"1077" "P" 0.004 -0.78375 0.34 1 1 4000 1 5 1.07880966137193 5 1000 23468 5
"1078" "P" 0.004 0 0.4225 1 1 4000 1 5 0.861565832184908 5 1000 22522 5
"1079" "P" 0.004 -0.7425 0.54625 0 1 4000 1 5 0.604678532572337 5 1000 23427 5
"1080" "P" 0.004 -0.99 0.71125 1 1 4000 1 5 0.340731293541596 5 1000 23736 5
"1081" "P" 0.04 -0.7425 1 1 1 4000 1 5 0 5 1000 24700 5
"1082" "P" 0.004 -0.2475 0.71125 0 1 4000 1 5 0.340731293541596 5 1000 22835 5
"1083" "P" 0.004 -0.165 0.87625 0 1 4000 1 5 0.132103840633337 5 1000 22743 5
"1084" "P" 0.04 -0.28875 0.71125 1 1 4000 1 5 0.340731293541596 5 1000 24136 5
"1085" "P" 0.04 -0.61875 0.05125 1 1 4000 1 5 2.97103966096362 5 1000 24504 5
"1086" "P" 0.004 -0.5775 0.46375 0 1 4000 1 5 0.768409665060492 5 1000 23223 5
"1087" "P" 0.004 -0.66 0.4225 1 1 4000 1 5 0.861565832184908 5 1000 23322 5
"1088" "P" 0.04 0 0.2575 0 1 4000 1 5 1.35673555887835 5 1000 23763 5
"1089" "P" 0.04 -0.7425 0.7525 0 1 4000 1 5 0.284354282359106 5 1000 24687 5
"1090" "P" 0.004 -0.66 0.175 0 1 4000 1 5 1.74296930505862 5 1000 23309 5
"1091" "P" 0.004 -0.04125 0.46375 0 1 4000 1 5 0.768409665060492 5 1000 22573 5
"1092" "P" 0.004 -0.0825 0.0925 0 1 4000 1 5 2.38054663446376 5 1000 22605 5
"1093" "P" 0.04 -0.7425 0.38125 0 1 4000 1 5 0.964299951060516 5 1000 24669 5
"1094" "P" 0.004 -0.495 0.79375 0 1 4000 1 5 0.230986728775236 5 1000 23139 5
"1095" "P" 0.04 -0.9075 0.34 1 1 4000 1 5 1.07880966137193 5 1000 24868 5
"1096" "P" 0.04 -0.33 0.2575 1 1 4000 1 5 1.35673555887835 5 1000 24164 5
"1097" "P" 0.04 -0.70125 0.13375 1 1 4000 1 5 2.01178289320602 5 1000 24608 5
"1098" "P" 0.04 0 0.505 1 1 4000 1 5 0.683196849706777 5 1000 23776 5
"1099" "P" 0.004 0 0.29875 1 1 4000 1 5 1.20814817573642 5 1000 22516 5
"1100" "P" 0.04 -0.2475 0.79375 0 1 4000 1 5 0.230986728775236 5 1000 24089 5
"1101" "P" 0.004 0 0.0925 0 1 4000 1 5 2.38054663446376 5 1000 22505 5
"1102" "P" 0.004 -0.4125 0.79375 1 1 4000 1 5 0.230986728775236 5 1000 23040 5
"1103" "P" 0.04 -0.94875 0.95875 1 1 4000 1 5 0.042124926300671 5 1000 24948 5
"1104" "P" 0.004 -0.12375 0.54625 1 1 4000 1 5 0.604678532572337 5 1000 22678 5
"1105" "P" 0.004 0 0.835 0 1 4000 1 5 0.180323554131281 5 1000 22541 5
"1106" "P" 0.04 0 0.835 1 1 4000 1 5 0.180323554131281 5 1000 23792 5
"1107" "P" 0.04 -0.7425 0.13375 0 1 4000 1 5 2.01178289320602 5 1000 24657 5
"1108" "P" 0.04 -0.7425 1 0 1 4000 1 5 0 5 1000 24699 5
"1109" "P" 0.04 -0.37125 1 0 1 4000 1 5 0 5 1000 24249 5
"1110" "P" 0.004 -0.66 0.7525 1 1 4000 1 5 0.284354282359106 5 1000 23338 5
"1111" "P" 0.004 -0.61875 0.79375 1 1 4000 1 5 0.230986728775236 5 1000 23290 5
"1112" "P" 0.004 -0.28875 0.54625 1 1 4000 1 5 0.604678532572337 5 1000 22878 5
"1113" "P" 0.004 -0.825 0.62875 1 1 4000 1 5 0.464021557568188 5 1000 23532 5
"1114" "P" 0.04 -0.45375 1 0 1 4000 1 5 0 5 1000 24349 5
"1115" "P" 0.004 -0.4125 0.21625 1 1 4000 1 5 1.53132013317015 5 1000 23012 5
"1116" "P" 0.04 -0.86625 0.05125 1 1 4000 1 5 2.97103966096362 5 1000 24804 5
"1117" "P" 0.04 -0.33 0.71125 0 1 4000 1 5 0.340731293541596 5 1000 24185 5
"1118" "P" 0.004 -0.45375 0.9175 1 1 4000 1 5 0.0861026990534116 5 1000 23096 5
"1119" "P" 0.004 -0.9075 0.2575 0 1 4000 1 5 1.35673555887835 5 1000 23613 5
"1120" "P" 0.04 -0.12375 0.54625 0 1 4000 1 5 0.604678532572337 5 1000 23927 5
"1121" "P" 0.04 -0.165 0.38125 1 1 4000 1 5 0.964299951060516 5 1000 23970 5
"1122" "P" 0.04 -0.78375 0.5875 0 1 4000 1 5 0.531879032963823 5 1000 24729 5
"1123" "P" 0.04 -0.61875 0.54625 1 1 4000 1 5 0.604678532572337 5 1000 24528 5
"1124" "P" 0.04 -0.86625 0.835 1 1 4000 1 5 0.180323554131281 5 1000 24842 5
"1125" "P" 0.004 -0.825 0.0925 0 1 4000 1 5 2.38054663446376 5 1000 23505 5
"1126" "P" 0.04 -0.78375 0.34 0 1 4000 1 5 1.07880966137193 5 1000 24717 5
"1127" "P" 0.04 -0.37125 0.0925 0 1 4000 1 5 2.38054663446376 5 1000 24205 5
"1128" "P" 0.04 -0.12375 0.9175 0 1 4000 1 5 0.0861026990534116 5 1000 23945 5
"1129" "P" 0.04 -0.825 0.62875 0 1 4000 1 5 0.464021557568188 5 1000 24781 5
"1130" "P" 0.04 -0.495 0.54625 1 1 4000 1 5 0.604678532572337 5 1000 24378 5
"1131" "P" 0.004 -0.70125 0.01 1 1 4000 1 5 4.60517018598809 5 1000 23352 5
"1132" "P" 0.04 -0.61875 0.05125 0 1 4000 1 5 2.97103966096362 5 1000 24503 5
"1133" "P" 0.004 -0.2475 0.38125 0 1 4000 1 5 0.964299951060516 5 1000 22819 5
"1134" "P" 0.04 -0.53625 0.71125 0 1 4000 1 5 0.340731293541596 5 1000 24435 5
"1135" "P" 0.004 -0.61875 0.13375 1 1 4000 1 5 2.01178289320602 5 1000 23258 5
"1136" "P" 0.004 -0.20625 0.34 1 1 4000 1 5 1.07880966137193 5 1000 22768 5
"1137" "P" 0.04 -0.94875 0.54625 1 1 4000 1 5 0.604678532572337 5 1000 24928 5
"1138" "P" 0.04 -0.66 0.87625 0 1 4000 1 5 0.132103840633337 5 1000 24593 5
"1139" "P" 0.004 -0.33 0.71125 1 1 4000 1 5 0.340731293541596 5 1000 22936 5
"1140" "P" 0.004 -0.7425 0.71125 1 1 4000 1 5 0.340731293541596 5 1000 23436 5
"1141" "P" 0.04 -0.70125 0.2575 0 1 4000 1 5 1.35673555887835 5 1000 24613 5
"1142" "P" 0.04 -0.165 0.5875 1 1 4000 1 5 0.531879032963823 5 1000 23980 5
"1143" "P" 0.004 -0.825 0.62875 0 1 4000 1 5 0.464021557568188 5 1000 23531 5
"1144" "P" 0.04 -0.12375 0.505 1 1 4000 1 5 0.683196849706777 5 1000 23926 5
"1145" "P" 0.04 -0.37125 0.38125 1 1 4000 1 5 0.964299951060516 5 1000 24220 5
"1146" "P" 0.04 0 0.5875 1 1 4000 1 5 0.531879032963823 5 1000 23780 5
"1147" "P" 0.04 -0.495 0.4225 1 1 4000 1 5 0.861565832184908 5 1000 24372 5
"1148" "P" 0.04 -0.70125 0.95875 1 1 4000 1 5 0.042124926300671 5 1000 24648 5
"1149" "P" 0.004 -0.99 0.54625 1 1 4000 1 5 0.604678532572337 5 1000 23728 5
"1150" "P" 0.04 -0.61875 0.67 0 1 4000 1 5 0.400477566597125 5 1000 24533 5
"1151" "P" 0.004 -0.61875 0.54625 1 1 4000 1 5 0.604678532572337 5 1000 23278 5
"1152" "P" 0.004 -0.7425 0.54625 1 1 4000 1 5 0.604678532572337 5 1000 23428 5
"1153" "P" 0.04 -0.20625 0.505 1 1 4000 1 5 0.683196849706777 5 1000 24026 5
"1154" "P" 0.004 -0.37125 0.05125 0 1 4000 1 5 2.97103966096362 5 1000 22953 5
"1155" "P" 0.004 -0.61875 0.01 0 1 4000 1 5 4.60517018598809 5 1000 23251 5
"1156" "P" 0.04 -0.165 0.79375 0 1 4000 1 5 0.230986728775236 5 1000 23989 5
"1157" "P" 0.004 -0.61875 0.2575 0 1 4000 1 5 1.35673555887835 5 1000 23263 5
"1158" "P" 0.04 -0.04125 0.34 0 1 4000 1 5 1.07880966137193 5 1000 23817 5
"1159" "P" 0.04 -0.0825 0.87625 1 1 4000 1 5 0.132103840633337 5 1000 23894 5
"1160" "P" 0.004 -0.66 0.21625 0 1 4000 1 5 1.53132013317015 5 1000 23311 5
"1161" "P" 0.004 -0.61875 0.21625 1 1 4000 1 5 1.53132013317015 5 1000 23262 5
"1162" "P" 0.04 -0.78375 0.175 0 1 4000 1 5 1.74296930505862 5 1000 24709 5
"1163" "P" 0.04 -0.165 0.54625 0 1 4000 1 5 0.604678532572337 5 1000 23977 5
"1164" "P" 0.04 -0.12375 0.505 0 1 4000 1 5 0.683196849706777 5 1000 23925 5
"1165" "P" 0.004 -0.78375 0.62875 1 1 4000 1 5 0.464021557568188 5 1000 23482 5
"1166" "P" 0.004 -0.9075 0.38125 1 1 4000 1 5 0.964299951060516 5 1000 23620 5
"1167" "P" 0.004 -0.70125 0.95875 1 1 4000 1 5 0.042124926300671 5 1000 23398 5
"1168" "P" 0.04 -0.495 0.29875 0 1 4000 1 5 1.20814817573642 5 1000 24365 5
"1169" "P" 0.004 -0.99 0.835 1 1 4000 1 5 0.180323554131281 5 1000 23742 5
"1170" "P" 0.04 -0.94875 0.13375 0 1 4000 1 5 2.01178289320602 5 1000 24907 5
"1171" "P" 0.04 -0.70125 0.01 1 1 4000 1 5 4.60517018598809 5 1000 24602 5
"1172" "P" 0.004 -0.28875 0.38125 1 1 4000 1 5 0.964299951060516 5 1000 22870 5
"1173" "P" 0.004 -0.53625 0.05125 1 1 4000 1 5 2.97103966096362 5 1000 23154 5
"1174" "P" 0.004 -0.825 0.9175 1 1 4000 1 5 0.0861026990534116 5 1000 23546 5
"1175" "P" 0.004 -0.7425 0.38125 1 1 4000 1 5 0.964299951060516 5 1000 23420 5
"1176" "P" 0.04 -0.2475 0.835 1 1 4000 1 5 0.180323554131281 5 1000 24092 5
"1177" "P" 0.004 -0.45375 0.4225 1 1 4000 1 5 0.861565832184908 5 1000 23072 5
"1178" "P" 0.004 -0.66 1 0 1 4000 1 5 0 5 1000 23349 5
"1179" "P" 0.004 -0.12375 0.29875 0 1 4000 1 5 1.20814817573642 5 1000 22665 5
"1180" "P" 0.04 -0.04125 0.7525 0 1 4000 1 5 0.284354282359106 5 1000 23837 5
"1181" "P" 0.04 -0.70125 0.5875 0 1 4000 1 5 0.531879032963823 5 1000 24629 5
"1182" "P" 0.04 -0.495 0.05125 0 1 4000 1 5 2.97103966096362 5 1000 24353 5
"1183" "P" 0.04 -0.2475 0.46375 0 1 4000 1 5 0.768409665060492 5 1000 24073 5
"1184" "P" 0.04 -0.53625 0.62875 0 1 4000 1 5 0.464021557568188 5 1000 24431 5
"1185" "P" 0.04 -0.61875 0.13375 1 1 4000 1 5 2.01178289320602 5 1000 24508 5
"1186" "P" 0.04 0 0.21625 0 1 4000 1 5 1.53132013317015 5 1000 23761 5
"1187" "P" 0.04 -0.495 0.67 1 1 4000 1 5 0.400477566597125 5 1000 24384 5
"1188" "P" 0.04 -0.2475 0.0925 1 1 4000 1 5 2.38054663446376 5 1000 24056 5
"1189" "P" 0.004 -0.20625 0.21625 1 1 4000 1 5 1.53132013317015 5 1000 22762 5
"1190" "P" 0.04 -0.61875 0.62875 0 1 4000 1 5 0.464021557568188 5 1000 24531 5
"1191" "P" 0.04 -0.9075 0.505 1 1 4000 1 5 0.683196849706777 5 1000 24876 5
"1192" "P" 0.04 -0.7425 0.4225 1 1 4000 1 5 0.861565832184908 5 1000 24672 5
"1193" "P" 0.04 -0.12375 0.87625 1 1 4000 1 5 0.132103840633337 5 1000 23944 5
"1194" "P" 0.004 -0.165 0.01 0 1 4000 1 5 4.60517018598809 5 1000 22701 5
"1195" "P" 0.04 -0.66 0.79375 1 1 4000 1 5 0.230986728775236 5 1000 24590 5
"1196" "P" 0.004 -0.12375 0.05125 1 1 4000 1 5 2.97103966096362 5 1000 22654 5
"1197" "P" 0.04 -0.78375 0.34 1 1 4000 1 5 1.07880966137193 5 1000 24718 5
"1198" "P" 0.04 -0.86625 0.67 0 1 4000 1 5 0.400477566597125 5 1000 24833 5
"1199" "P" 0.04 -0.86625 0.79375 0 1 4000 1 5 0.230986728775236 5 1000 24839 5
"1200" "P" 0.04 -0.12375 0.4225 1 1 4000 1 5 0.861565832184908 5 1000 23922 5
"1201" "P" 0.004 -0.37125 0.54625 1 1 4000 1 5 0.604678532572337 5 1000 22978 5
"1202" "P" 0.04 -0.9075 0.7525 0 1 4000 1 5 0.284354282359106 5 1000 24887 5
"1203" "P" 0.04 -0.45375 0.62875 0 1 4000 1 5 0.464021557568188 5 1000 24331 5
"1204" "P" 0.04 -0.99 0.29875 1 1 4000 1 5 1.20814817573642 5 1000 24966 5
"1205" "P" 0.04 -0.70125 0.4225 0 1 4000 1 5 0.861565832184908 5 1000 24621 5
"1206" "P" 0.004 -0.04125 0.38125 0 1 4000 1 5 0.964299951060516 5 1000 22569 5
"1207" "P" 0.004 -0.9075 0.01 0 1 4000 1 5 4.60517018598809 5 1000 23601 5
"1208" "P" 0.04 -0.53625 0.2575 1 1 4000 1 5 1.35673555887835 5 1000 24414 5
"1209" "P" 0.04 -0.61875 0.505 1 1 4000 1 5 0.683196849706777 5 1000 24526 5
"1210" "P" 0.04 -0.33 0.9175 0 1 4000 1 5 0.0861026990534116 5 1000 24195 5
"1211" "P" 0.004 -0.33 0.01 0 1 4000 1 5 4.60517018598809 5 1000 22901 5
"1212" "P" 0.004 -0.70125 0.01 0 1 4000 1 5 4.60517018598809 5 1000 23351 5
"1213" "P" 0.04 -0.45375 0.87625 1 1 4000 1 5 0.132103840633337 5 1000 24344 5
"1214" "P" 0.04 -0.0825 0.54625 0 1 4000 1 5 0.604678532572337 5 1000 23877 5
"1215" "P" 0.004 -0.28875 0.34 1 1 4000 1 5 1.07880966137193 5 1000 22868 5
"1216" "P" 0.004 -0.45375 0.0925 0 1 4000 1 5 2.38054663446376 5 1000 23055 5
"1217" "P" 0.004 -0.37125 0.835 0 1 4000 1 5 0.180323554131281 5 1000 22991 5
"1218" "P" 0.04 -0.495 0.05125 1 1 4000 1 5 2.97103966096362 5 1000 24354 5
"1219" "P" 0.004 -0.7425 0.29875 0 1 4000 1 5 1.20814817573642 5 1000 23415 5
"1220" "P" 0.004 -0.825 0.4225 0 1 4000 1 5 0.861565832184908 5 1000 23521 5
"1221" "P" 0.04 -0.66 0.38125 1 1 4000 1 5 0.964299951060516 5 1000 24570 5
"1222" "P" 0.004 -0.53625 0.5875 0 1 4000 1 5 0.531879032963823 5 1000 23179 5
"1223" "P" 0.004 -0.53625 0.0925 1 1 4000 1 5 2.38054663446376 5 1000 23156 5
"1224" "P" 0.004 -0.165 0.21625 0 1 4000 1 5 1.53132013317015 5 1000 22711 5
"1225" "P" 0.04 -0.825 0.2575 0 1 4000 1 5 1.35673555887835 5 1000 24763 5
"1226" "P" 0.04 -0.28875 0.7525 0 1 4000 1 5 0.284354282359106 5 1000 24137 5
"1227" "P" 0.04 -0.20625 0.2575 1 1 4000 1 5 1.35673555887835 5 1000 24014 5
"1228" "P" 0.004 -0.33 0.67 0 1 4000 1 5 0.400477566597125 5 1000 22933 5
"1229" "P" 0.04 -0.94875 0.4225 0 1 4000 1 5 0.861565832184908 5 1000 24921 5
"1230" "P" 0.004 -0.165 0.5875 0 1 4000 1 5 0.531879032963823 5 1000 22729 5
"1231" "P" 0.004 -0.0825 0.67 1 1 4000 1 5 0.400477566597125 5 1000 22634 5
"1232" "P" 0.04 -0.825 0.505 0 1 4000 1 5 0.683196849706777 5 1000 24775 5
"1233" "P" 0.04 -0.53625 0.7525 1 1 4000 1 5 0.284354282359106 5 1000 24438 5
"1234" "P" 0.04 -0.33 0.175 1 1 4000 1 5 1.74296930505862 5 1000 24160 5
"1235" "P" 0.004 -0.61875 0.29875 1 1 4000 1 5 1.20814817573642 5 1000 23266 5
"1236" "P" 0.04 -0.20625 0.175 0 1 4000 1 5 1.74296930505862 5 1000 24009 5
"1237" "P" 0.04 -0.37125 0.175 0 1 4000 1 5 1.74296930505862 5 1000 24209 5
"1238" "P" 0.004 0 0.87625 0 1 4000 1 5 0.132103840633337 5 1000 22543 5
"1239" "P" 0.004 -0.9075 0.21625 1 1 4000 1 5 1.53132013317015 5 1000 23612 5
"1240" "P" 0.004 -0.4125 0.5875 0 1 4000 1 5 0.531879032963823 5 1000 23029 5
"1241" "P" 0.04 -0.53625 0.67 0 1 4000 1 5 0.400477566597125 5 1000 24433 5
"1242" "P" 0.04 -0.28875 0.05125 1 1 4000 1 5 2.97103966096362 5 1000 24104 5
"1243" "P" 0.004 -0.9075 0.7525 0 1 4000 1 5 0.284354282359106 5 1000 23637 5
"1244" "P" 0.004 -0.94875 0.9175 0 1 4000 1 5 0.0861026990534116 5 1000 23695 5
"1245" "P" 0.04 -0.12375 0.21625 1 1 4000 1 5 1.53132013317015 5 1000 23912 5
"1246" "P" 0.04 -0.12375 0.835 1 1 4000 1 5 0.180323554131281 5 1000 23942 5
"1247" "P" 0.004 -0.0825 0.5875 0 1 4000 1 5 0.531879032963823 5 1000 22629 5
"1248" "P" 0.004 -0.61875 0.2575 1 1 4000 1 5 1.35673555887835 5 1000 23264 5
"1249" "P" 0.04 -0.28875 0.21625 1 1 4000 1 5 1.53132013317015 5 1000 24112 5
"1250" "P" 0.004 -0.12375 0.87625 0 1 4000 1 5 0.132103840633337 5 1000 22693 5
"1251" "P" 0.004 -0.70125 0.46375 0 1 4000 1 5 0.768409665060492 5 1000 23373 5
"1252" "P" 0.04 -0.20625 0.05125 1 1 4000 1 5 2.97103966096362 5 1000 24004 5
"1253" "P" 0.04 -0.28875 0.38125 0 1 4000 1 5 0.964299951060516 5 1000 24119 5
"1254" "P" 0.04 -0.2475 0.67 0 1 4000 1 5 0.400477566597125 5 1000 24083 5
"1255" "P" 0.004 0 0.5875 1 1 4000 1 5 0.531879032963823 5 1000 22530 5
"1256" "P" 0.004 -0.45375 0.54625 0 1 4000 1 5 0.604678532572337 5 1000 23077 5
"1257" "P" 0.004 -0.5775 0.62875 0 1 4000 1 5 0.464021557568188 5 1000 23231 5
"1258" "P" 0.04 -0.20625 0.4225 0 1 4000 1 5 0.861565832184908 5 1000 24021 5
"1259" "P" 0.004 -0.165 0.175 0 1 4000 1 5 1.74296930505862 5 1000 22709 5
"1260" "P" 0.04 -0.28875 0.71125 0 1 4000 1 5 0.340731293541596 5 1000 24135 5
"1261" "P" 0.04 -0.5775 0.87625 0 1 4000 1 5 0.132103840633337 5 1000 24493 5
"1262" "P" 0.004 -0.12375 0.5875 0 1 4000 1 5 0.531879032963823 5 1000 22679 5
"1263" "P" 0.04 -0.04125 0.05125 0 1 4000 1 5 2.97103966096362 5 1000 23803 5
"1264" "P" 0.04 -0.78375 0.21625 0 1 4000 1 5 1.53132013317015 5 1000 24711 5
"1265" "P" 0.04 -0.7425 0.34 1 1 4000 1 5 1.07880966137193 5 1000 24668 5
"1266" "P" 0.004 -0.2475 0.505 1 1 4000 1 5 0.683196849706777 5 1000 22826 5
"1267" "P" 0.004 -0.495 0.7525 1 1 4000 1 5 0.284354282359106 5 1000 23138 5
"1268" "P" 0.04 -0.12375 0.5875 1 1 4000 1 5 0.531879032963823 5 1000 23930 5
"1269" "P" 0.004 -0.66 0.5875 0 1 4000 1 5 0.531879032963823 5 1000 23329 5
"1270" "P" 0.004 -0.495 0.505 1 1 4000 1 5 0.683196849706777 5 1000 23126 5
"1271" "P" 0.04 -0.5775 0.54625 1 1 4000 1 5 0.604678532572337 5 1000 24478 5
"1272" "P" 0.004 -0.9075 0.62875 0 1 4000 1 5 0.464021557568188 5 1000 23631 5
"1273" "P" 0.004 -0.70125 0.4225 0 1 4000 1 5 0.861565832184908 5 1000 23371 5
"1274" "P" 0.004 -0.86625 0.71125 1 1 4000 1 5 0.340731293541596 5 1000 23586 5
"1275" "P" 0.04 -0.7425 0.13375 1 1 4000 1 5 2.01178289320602 5 1000 24658 5
"1276" "P" 0.004 -0.2475 0.95875 1 1 4000 1 5 0.042124926300671 5 1000 22848 5
"1277" "P" 0.004 -0.165 1 1 1 4000 1 5 0 5 1000 22750 5
"1278" "P" 0.04 -0.53625 0.34 1 1 4000 1 5 1.07880966137193 5 1000 24418 5
"1279" "P" 0.004 -0.33 1 0 1 4000 1 5 0 5 1000 22949 5
"1280" "P" 0.04 -0.66 0.5875 1 1 4000 1 5 0.531879032963823 5 1000 24580 5
"1281" "P" 0.04 0 0.175 1 1 4000 1 5 1.74296930505862 5 1000 23760 5
"1282" "P" 0.04 -0.825 0.34 0 1 4000 1 5 1.07880966137193 5 1000 24767 5
"1283" "P" 0.04 -0.86625 0.0925 0 1 4000 1 5 2.38054663446376 5 1000 24805 5
"1284" "P" 0.004 -0.45375 0.13375 0 1 4000 1 5 2.01178289320602 5 1000 23057 5
"1285" "P" 0.04 -0.28875 0.175 0 1 4000 1 5 1.74296930505862 5 1000 24109 5
"1286" "P" 0.004 -0.78375 0.0925 0 1 4000 1 5 2.38054663446376 5 1000 23455 5
"1287" "P" 0.04 -0.66 0.34 0 1 4000 1 5 1.07880966137193 5 1000 24567 5
"1288" "P" 0.004 -0.86625 0.835 0 1 4000 1 5 0.180323554131281 5 1000 23591 5
"1289" "P" 0.004 -0.20625 0.34 0 1 4000 1 5 1.07880966137193 5 1000 22767 5
"1290" "P" 0.004 -0.0825 0.95875 1 1 4000 1 5 0.042124926300671 5 1000 22648 5
"1291" "P" 0.004 -0.5775 0.34 1 1 4000 1 5 1.07880966137193 5 1000 23218 5
"1292" "P" 0.04 -0.9075 0.05125 0 1 4000 1 5 2.97103966096362 5 1000 24853 5
"1293" "P" 0.004 -0.61875 0.62875 1 1 4000 1 5 0.464021557568188 5 1000 23282 5
"1294" "P" 0.004 -0.12375 0.67 1 1 4000 1 5 0.400477566597125 5 1000 22684 5
"1295" "P" 0.004 -0.37125 0.29875 0 1 4000 1 5 1.20814817573642 5 1000 22965 5
"1296" "P" 0.04 -0.825 0.21625 0 1 4000 1 5 1.53132013317015 5 1000 24761 5
"1297" "P" 0.004 -0.70125 0.71125 1 1 4000 1 5 0.340731293541596 5 1000 23386 5
"1298" "P" 0.04 -0.86625 0.4225 0 1 4000 1 5 0.861565832184908 5 1000 24821 5
"1299" "P" 0.04 -0.7425 0.95875 0 1 4000 1 5 0.042124926300671 5 1000 24697 5
"1300" "P" 0.004 -0.45375 0.29875 0 1 4000 1 5 1.20814817573642 5 1000 23065 5
"1301" "P" 0.04 -0.04125 0.46375 0 1 4000 1 5 0.768409665060492 5 1000 23823 5
"1302" "P" 0.004 -0.99 0.7525 1 1 4000 1 5 0.284354282359106 5 1000 23738 5
"1303" "P" 0.004 -0.94875 0.835 1 1 4000 1 5 0.180323554131281 5 1000 23692 5
"1304" "P" 0.004 -0.94875 0.0925 1 1 4000 1 5 2.38054663446376 5 1000 23656 5
"1305" "P" 0.04 -0.2475 0.21625 1 1 4000 1 5 1.53132013317015 5 1000 24062 5
"1306" "P" 0.04 -0.37125 1 1 1 4000 1 5 0 5 1000 24250 5
"1307" "P" 0.04 -0.94875 0.0925 1 1 4000 1 5 2.38054663446376 5 1000 24906 5
"1308" "P" 0.04 -0.495 0.34 1 1 4000 1 5 1.07880966137193 5 1000 24368 5
"1309" "P" 0.004 -0.2475 0.54625 1 1 4000 1 5 0.604678532572337 5 1000 22828 5
"1310" "P" 0.04 -0.495 0.87625 1 1 4000 1 5 0.132103840633337 5 1000 24394 5
"1311" "P" 0.004 -0.825 0.54625 1 1 4000 1 5 0.604678532572337 5 1000 23528 5
"1312" "P" 0.004 -0.7425 0.29875 1 1 4000 1 5 1.20814817573642 5 1000 23416 5
"1313" "P" 0.04 -0.495 0.34 0 1 4000 1 5 1.07880966137193 5 1000 24367 5
"1314" "P" 0.04 -0.495 0.2575 0 1 4000 1 5 1.35673555887835 5 1000 24363 5
"1315" "P" 0.004 -0.9075 0.01 1 1 4000 1 5 4.60517018598809 5 1000 23602 5
"1316" "P" 0.04 -0.20625 0.0925 1 1 4000 1 5 2.38054663446376 5 1000 24006 5
"1317" "P" 0.004 -0.61875 0.0925 0 1 4000 1 5 2.38054663446376 5 1000 23255 5
"1318" "P" 0.004 -0.99 0.01 1 1 4000 1 5 4.60517018598809 5 1000 23702 5
"1319" "P" 0.004 -0.33 0.79375 0 1 4000 1 5 0.230986728775236 5 1000 22939 5
"1320" "P" 0.04 -0.5775 0.4225 1 1 4000 1 5 0.861565832184908 5 1000 24472 5
"1321" "P" 0.004 -0.78375 0.87625 0 1 4000 1 5 0.132103840633337 5 1000 23493 5
"1322" "P" 0.004 -0.99 0.34 0 1 4000 1 5 1.07880966137193 5 1000 23717 5
"1323" "P" 0.004 -0.495 0.05125 1 1 4000 1 5 2.97103966096362 5 1000 23104 5
"1324" "P" 0.004 -0.53625 0.7525 0 1 4000 1 5 0.284354282359106 5 1000 23187 5
"1325" "P" 0.04 -0.7425 0.79375 0 1 4000 1 5 0.230986728775236 5 1000 24689 5
"1326" "P" 0.04 -0.2475 0.87625 0 1 4000 1 5 0.132103840633337 5 1000 24093 5
"1327" "P" 0.004 -0.7425 0.835 0 1 4000 1 5 0.180323554131281 5 1000 23441 5
"1328" "P" 0.04 -0.45375 1 1 1 4000 1 5 0 5 1000 24350 5
"1329" "P" 0.004 -0.78375 0.87625 1 1 4000 1 5 0.132103840633337 5 1000 23494 5
"1330" "P" 0.04 -0.78375 0.835 0 1 4000 1 5 0.180323554131281 5 1000 24741 5
"1331" "P" 0.004 -0.165 0.95875 0 1 4000 1 5 0.042124926300671 5 1000 22747 5
"1332" "P" 0.004 -0.9075 0.5875 1 1 4000 1 5 0.531879032963823 5 1000 23630 5
"1333" "P" 0.004 -0.9075 0.0925 0 1 4000 1 5 2.38054663446376 5 1000 23605 5
"1334" "P" 0.04 -0.165 0.175 0 1 4000 1 5 1.74296930505862 5 1000 23959 5
"1335" "P" 0.004 -0.66 0.0925 0 1 4000 1 5 2.38054663446376 5 1000 23305 5
"1336" "P" 0.04 -0.78375 0.7525 1 1 4000 1 5 0.284354282359106 5 1000 24738 5
"1337" "P" 0.004 -0.99 0.79375 1 1 4000 1 5 0.230986728775236 5 1000 23740 5
"1338" "P" 0.004 -0.28875 0.87625 1 1 4000 1 5 0.132103840633337 5 1000 22894 5
"1339" "P" 0.004 -0.45375 0.0925 1 1 4000 1 5 2.38054663446376 5 1000 23056 5
"1340" "P" 0.04 -0.45375 0.71125 1 1 4000 1 5 0.340731293541596 5 1000 24336 5
"1341" "P" 0.004 -0.66 0.05125 1 1 4000 1 5 2.97103966096362 5 1000 23304 5
"1342" "P" 0.004 -0.2475 0.835 1 1 4000 1 5 0.180323554131281 5 1000 22842 5
"1343" "P" 0.04 -0.0825 1 1 1 4000 1 5 0 5 1000 23900 5
"1344" "P" 0.004 -0.04125 0.95875 1 1 4000 1 5 0.042124926300671 5 1000 22598 5
"1345" "P" 0.004 -0.825 0.4225 1 1 4000 1 5 0.861565832184908 5 1000 23522 5
"1346" "P" 0.004 -0.495 0.4225 1 1 4000 1 5 0.861565832184908 5 1000 23122 5
"1347" "P" 0.04 -0.20625 0.79375 0 1 4000 1 5 0.230986728775236 5 1000 24039 5
"1348" "P" 0.004 -0.165 0.62875 1 1 4000 1 5 0.464021557568188 5 1000 22732 5
"1349" "P" 0.04 -0.495 0.13375 1 1 4000 1 5 2.01178289320602 5 1000 24358 5
"1350" "P" 0.004 -0.12375 0.87625 1 1 4000 1 5 0.132103840633337 5 1000 22694 5
"1351" "P" 0.04 -0.33 0.67 1 1 4000 1 5 0.400477566597125 5 1000 24184 5
"1352" "P" 0.04 -0.61875 0.9175 0 1 4000 1 5 0.0861026990534116 5 1000 24545 5
"1353" "P" 0.04 -0.20625 0.05125 0 1 4000 1 5 2.97103966096362 5 1000 24003 5
"1354" "P" 0.004 -0.5775 0.2575 1 1 4000 1 5 1.35673555887835 5 1000 23214 5
"1355" "P" 0.04 -0.78375 0.13375 0 1 4000 1 5 2.01178289320602 5 1000 24707 5
"1356" "P" 0.04 -0.70125 0.62875 0 1 4000 1 5 0.464021557568188 5 1000 24631 5
"1357" "P" 0.004 -0.86625 0.67 0 1 4000 1 5 0.400477566597125 5 1000 23583 5
"1358" "P" 0.04 -0.04125 0.29875 0 1 4000 1 5 1.20814817573642 5 1000 23815 5
"1359" "P" 0.04 -0.5775 0.0925 1 1 4000 1 5 2.38054663446376 5 1000 24456 5
"1360" "P" 0.004 -0.825 0.835 1 1 4000 1 5 0.180323554131281 5 1000 23542 5
"1361" "P" 0.04 -0.33 0.05125 0 1 4000 1 5 2.97103966096362 5 1000 24153 5
"1362" "P" 0.04 -0.165 1 0 1 4000 1 5 0 5 1000 23999 5
"1363" "P" 0.04 -0.78375 0.46375 0 1 4000 1 5 0.768409665060492 5 1000 24723 5
"1364" "P" 0.04 -0.5775 0.7525 0 1 4000 1 5 0.284354282359106 5 1000 24487 5
"1365" "P" 0.04 -0.20625 0.5875 0 1 4000 1 5 0.531879032963823 5 1000 24029 5
"1366" "P" 0.004 -0.04125 0.505 1 1 4000 1 5 0.683196849706777 5 1000 22576 5
"1367" "P" 0.04 -0.28875 1 0 1 4000 1 5 0 5 1000 24149 5
"1368" "P" 0.004 -0.495 0.95875 0 1 4000 1 5 0.042124926300671 5 1000 23147 5
"1369" "P" 0.004 -0.66 0.79375 1 1 4000 1 5 0.230986728775236 5 1000 23340 5
"1370" "P" 0.004 -0.165 0.835 1 1 4000 1 5 0.180323554131281 5 1000 22742 5
"1371" "P" 0.004 -0.12375 0.95875 0 1 4000 1 5 0.042124926300671 5 1000 22697 5
"1372" "P" 0.04 -0.7425 0.5875 1 1 4000 1 5 0.531879032963823 5 1000 24680 5
"1373" "P" 0.04 -0.9075 0.46375 1 1 4000 1 5 0.768409665060492 5 1000 24874 5
"1374" "P" 0.004 -0.70125 0.05125 0 1 4000 1 5 2.97103966096362 5 1000 23353 5
"1375" "P" 0.04 0 0.05125 0 1 4000 1 5 2.97103966096362 5 1000 23753 5
"1376" "P" 0.04 -0.9075 0.7525 1 1 4000 1 5 0.284354282359106 5 1000 24888 5
"1377" "P" 0.004 -0.86625 0.01 0 1 4000 1 5 4.60517018598809 5 1000 23551 5
"1378" "P" 0.004 -0.165 0.46375 1 1 4000 1 5 0.768409665060492 5 1000 22724 5
"1379" "P" 0.04 0 0.21625 1 1 4000 1 5 1.53132013317015 5 1000 23762 5
"1380" "P" 0.04 -0.28875 0.4225 1 1 4000 1 5 0.861565832184908 5 1000 24122 5
"1381" "P" 0.04 -0.86625 0.2575 0 1 4000 1 5 1.35673555887835 5 1000 24813 5
"1382" "P" 0.04 -0.495 0.7525 1 1 4000 1 5 0.284354282359106 5 1000 24388 5
"1383" "P" 0.04 -0.04125 0.21625 1 1 4000 1 5 1.53132013317015 5 1000 23812 5
"1384" "P" 0.004 -0.5775 0.2575 0 1 4000 1 5 1.35673555887835 5 1000 23213 5
"1385" "P" 0.004 -0.86625 0.87625 0 1 4000 1 5 0.132103840633337 5 1000 23593 5
"1386" "P" 0.004 -0.53625 0.4225 0 1 4000 1 5 0.861565832184908 5 1000 23171 5
"1387" "P" 0.04 -0.7425 0.5875 0 1 4000 1 5 0.531879032963823 5 1000 24679 5
"1388" "P" 0.04 -0.165 0.7525 1 1 4000 1 5 0.284354282359106 5 1000 23988 5
"1389" "P" 0.04 -0.86625 0.38125 1 1 4000 1 5 0.964299951060516 5 1000 24820 5
"1390" "P" 0.004 -0.61875 0.87625 1 1 4000 1 5 0.132103840633337 5 1000 23294 5
"1391" "P" 0.04 -0.66 0.29875 0 1 4000 1 5 1.20814817573642 5 1000 24565 5
"1392" "P" 0.004 -0.37125 1 1 1 4000 1 5 0 5 1000 23000 5
"1393" "P" 0.004 -0.20625 0.4225 0 1 4000 1 5 0.861565832184908 5 1000 22771 5
"1394" "P" 0.004 -0.78375 0.79375 1 1 4000 1 5 0.230986728775236 5 1000 23490 5
"1395" "P" 0.04 -0.165 0.34 1 1 4000 1 5 1.07880966137193 5 1000 23968 5
"1396" "P" 0.04 -0.12375 0.13375 0 1 4000 1 5 2.01178289320602 5 1000 23907 5
"1397" "P" 0.04 -0.45375 0.175 0 1 4000 1 5 1.74296930505862 5 1000 24309 5
"1398" "P" 0.004 -0.78375 0.34 0 1 4000 1 5 1.07880966137193 5 1000 23467 5
"1399" "P" 0.04 -0.86625 0.175 1 1 4000 1 5 1.74296930505862 5 1000 24810 5
"1400" "P" 0.04 0 0.29875 0 1 4000 1 5 1.20814817573642 5 1000 23765 5
"1401" "P" 0.004 -0.0825 0.4225 0 1 4000 1 5 0.861565832184908 5 1000 22621 5
"1402" "P" 0.004 -0.0825 0.79375 0 1 4000 1 5 0.230986728775236 5 1000 22639 5
"1403" "P" 0.04 -0.825 0.29875 0 1 4000 1 5 1.20814817573642 5 1000 24765 5
"1404" "P" 0.004 -0.2475 0.9175 1 1 4000 1 5 0.0861026990534116 5 1000 22846 5
"1405" "P" 0.04 -0.0825 0.05125 0 1 4000 1 5 2.97103966096362 5 1000 23853 5
"1406" "P" 0.04 -0.70125 0.835 1 1 4000 1 5 0.180323554131281 5 1000 24642 5
"1407" "P" 0.004 -0.70125 0.7525 1 1 4000 1 5 0.284354282359106 5 1000 23388 5
"1408" "P" 0.004 -0.33 0.71125 0 1 4000 1 5 0.340731293541596 5 1000 22935 5
"1409" "P" 0.004 -0.66 0.9175 0 1 4000 1 5 0.0861026990534116 5 1000 23345 5
"1410" "P" 0.04 -0.99 0.67 0 1 4000 1 5 0.400477566597125 5 1000 24983 5
"1411" "P" 0.04 -0.70125 0.13375 0 1 4000 1 5 2.01178289320602 5 1000 24607 5
"1412" "P" 0.04 -0.37125 0.505 0 1 4000 1 5 0.683196849706777 5 1000 24225 5
"1413" "P" 0.004 -0.66 0.95875 0 1 4000 1 5 0.042124926300671 5 1000 23347 5
"1414" "P" 0.04 -0.33 0.9175 1 1 4000 1 5 0.0861026990534116 5 1000 24196 5
"1415" "P" 0.04 -0.165 0.2575 0 1 4000 1 5 1.35673555887835 5 1000 23963 5
"1416" "P" 0.04 -0.12375 0.34 1 1 4000 1 5 1.07880966137193 5 1000 23918 5
"1417" "P" 0.04 -0.04125 1 1 1 4000 1 5 0 5 1000 23850 5
"1418" "P" 0.04 -0.5775 0.34 0 1 4000 1 5 1.07880966137193 5 1000 24467 5
"1419" "P" 0.004 -0.37125 0.67 0 1 4000 1 5 0.400477566597125 5 1000 22983 5
"1420" "P" 0.004 -0.2475 0.01 0 1 4000 1 5 4.60517018598809 5 1000 22801 5
"1421" "P" 0.004 -0.9075 0.0925 1 1 4000 1 5 2.38054663446376 5 1000 23606 5
"1422" "P" 0.04 -0.53625 0.13375 0 1 4000 1 5 2.01178289320602 5 1000 24407 5
"1423" "P" 0.004 -0.99 0.2575 0 1 4000 1 5 1.35673555887835 5 1000 23713 5
"1424" "P" 0.004 -0.45375 0.835 1 1 4000 1 5 0.180323554131281 5 1000 23092 5
"1425" "P" 0.04 -0.495 0.21625 1 1 4000 1 5 1.53132013317015 5 1000 24362 5
"1426" "P" 0.004 -0.4125 0.67 0 1 4000 1 5 0.400477566597125 5 1000 23033 5
"1427" "P" 0.004 -0.33 0.29875 1 1 4000 1 5 1.20814817573642 5 1000 22916 5
"1428" "P" 0.04 0 0.4225 0 1 4000 1 5 0.861565832184908 5 1000 23771 5
"1429" "P" 0.004 -0.12375 0.71125 0 1 4000 1 5 0.340731293541596 5 1000 22685 5
"1430" "P" 0.004 -0.33 0.13375 1 1 4000 1 5 2.01178289320602 5 1000 22908 5
"1431" "P" 0.04 -0.2475 0.5875 0 1 4000 1 5 0.531879032963823 5 1000 24079 5
"1432" "P" 0.04 -0.86625 0.175 0 1 4000 1 5 1.74296930505862 5 1000 24809 5
"1433" "P" 0.04 -0.5775 0.95875 0 1 4000 1 5 0.042124926300671 5 1000 24497 5
"1434" "P" 0.04 -0.33 0.505 0 1 4000 1 5 0.683196849706777 5 1000 24175 5
"1435" "P" 0.004 -0.61875 0.67 0 1 4000 1 5 0.400477566597125 5 1000 23283 5
"1436" "P" 0.04 -0.86625 0.505 1 1 4000 1 5 0.683196849706777 5 1000 24826 5
"1437" "P" 0.004 -0.53625 0.505 0 1 4000 1 5 0.683196849706777 5 1000 23175 5
"1438" "P" 0.04 -0.53625 0.71125 1 1 4000 1 5 0.340731293541596 5 1000 24436 5
"1439" "P" 0.04 -0.7425 0.9175 0 1 4000 1 5 0.0861026990534116 5 1000 24695 5
"1440" "P" 0.004 -0.495 0.0925 1 1 4000 1 5 2.38054663446376 5 1000 23106 5
"1441" "P" 0.04 -0.45375 0.13375 0 1 4000 1 5 2.01178289320602 5 1000 24307 5
"1442" "P" 0.04 -0.78375 0.79375 1 1 4000 1 5 0.230986728775236 5 1000 24740 5
"1443" "P" 0.004 -0.61875 0.46375 0 1 4000 1 5 0.768409665060492 5 1000 23273 5
"1444" "P" 0.004 -0.94875 0.87625 0 1 4000 1 5 0.132103840633337 5 1000 23693 5
"1445" "P" 0.004 -0.78375 0.29875 0 1 4000 1 5 1.20814817573642 5 1000 23465 5
"1446" "P" 0.04 -0.37125 0.67 0 1 4000 1 5 0.400477566597125 5 1000 24233 5
"1447" "P" 0.004 -0.04125 0.87625 1 1 4000 1 5 0.132103840633337 5 1000 22594 5
"1448" "P" 0.04 -0.94875 1 0 1 4000 1 5 0 5 1000 24949 5
"1449" "P" 0.04 -0.70125 0.38125 0 1 4000 1 5 0.964299951060516 5 1000 24619 5
"1450" "P" 0.004 -0.45375 0.505 0 1 4000 1 5 0.683196849706777 5 1000 23075 5
"1451" "P" 0.004 -0.66 0.38125 1 1 4000 1 5 0.964299951060516 5 1000 23320 5
"1452" "P" 0.004 -0.94875 0.21625 0 1 4000 1 5 1.53132013317015 5 1000 23661 5
"1453" "P" 0.004 -0.5775 0.0925 0 1 4000 1 5 2.38054663446376 5 1000 23205 5
"1454" "P" 0.004 -0.86625 0.21625 1 1 4000 1 5 1.53132013317015 5 1000 23562 5
"1455" "P" 0.004 -0.33 0.21625 1 1 4000 1 5 1.53132013317015 5 1000 22912 5
"1456" "P" 0.004 -0.04125 0.21625 1 1 4000 1 5 1.53132013317015 5 1000 22562 5
"1457" "P" 0.004 -0.86625 0.38125 0 1 4000 1 5 0.964299951060516 5 1000 23569 5
"1458" "P" 0.004 -0.9075 1 0 1 4000 1 5 0 5 1000 23649 5
"1459" "P" 0.004 -0.61875 0.505 0 1 4000 1 5 0.683196849706777 5 1000 23275 5
"1460" "P" 0.004 0 0.505 0 1 4000 1 5 0.683196849706777 5 1000 22525 5
"1461" "P" 0.04 -0.86625 0.46375 0 1 4000 1 5 0.768409665060492 5 1000 24823 5
"1462" "P" 0.004 -0.495 0.7525 0 1 4000 1 5 0.284354282359106 5 1000 23137 5
"1463" "P" 0.04 -0.33 0.7525 0 1 4000 1 5 0.284354282359106 5 1000 24187 5
"1464" "P" 0.04 -0.5775 0.0925 0 1 4000 1 5 2.38054663446376 5 1000 24455 5
"1465" "P" 0.004 -0.495 0.62875 0 1 4000 1 5 0.464021557568188 5 1000 23131 5
"1466" "P" 0.04 -0.78375 1 0 1 4000 1 5 0 5 1000 24749 5
"1467" "P" 0.004 -0.20625 0.62875 0 1 4000 1 5 0.464021557568188 5 1000 22781 5
"1468" "P" 0.04 -0.495 0.46375 1 1 4000 1 5 0.768409665060492 5 1000 24374 5
"1469" "P" 0.04 -0.94875 0.71125 1 1 4000 1 5 0.340731293541596 5 1000 24936 5
"1470" "P" 0.04 -0.61875 0.01 1 1 4000 1 5 4.60517018598809 5 1000 24502 5
"1471" "P" 0.004 -0.53625 1 1 1 4000 1 5 0 5 1000 23200 5
"1472" "P" 0.004 -0.70125 0.71125 0 1 4000 1 5 0.340731293541596 5 1000 23385 5
"1473" "P" 0.04 -0.9075 0.505 0 1 4000 1 5 0.683196849706777 5 1000 24875 5
"1474" "P" 0.004 -0.45375 0.95875 1 1 4000 1 5 0.042124926300671 5 1000 23098 5
"1475" "P" 0.04 -0.9075 0.0925 0 1 4000 1 5 2.38054663446376 5 1000 24855 5
"1476" "P" 0.004 -0.2475 0.87625 1 1 4000 1 5 0.132103840633337 5 1000 22844 5
"1477" "P" 0.004 -0.33 0.21625 0 1 4000 1 5 1.53132013317015 5 1000 22911 5
"1478" "P" 0.04 -0.78375 0.01 1 1 4000 1 5 4.60517018598809 5 1000 24702 5
"1479" "P" 0.004 -0.70125 1 1 1 4000 1 5 0 5 1000 23400 5
"1480" "P" 0.04 -0.2475 0.0925 0 1 4000 1 5 2.38054663446376 5 1000 24055 5
"1481" "P" 0.004 -0.7425 0.505 1 1 4000 1 5 0.683196849706777 5 1000 23426 5
"1482" "P" 0.004 -0.495 0.71125 0 1 4000 1 5 0.340731293541596 5 1000 23135 5
"1483" "P" 0.04 -0.94875 0.175 0 1 4000 1 5 1.74296930505862 5 1000 24909 5
"1484" "P" 0.004 -0.2475 0.54625 0 1 4000 1 5 0.604678532572337 5 1000 22827 5
"1485" "P" 0.004 -0.04125 0.34 0 1 4000 1 5 1.07880966137193 5 1000 22567 5
"1486" "P" 0.004 -0.0825 1 0 1 4000 1 5 0 5 1000 22649 5
"1487" "P" 0.004 -0.495 0.29875 0 1 4000 1 5 1.20814817573642 5 1000 23115 5
"1488" "P" 0.04 -0.2475 0.9175 1 1 4000 1 5 0.0861026990534116 5 1000 24096 5
"1489" "P" 0.04 -0.5775 0.01 0 1 4000 1 5 4.60517018598809 5 1000 24451 5
"1490" "P" 0.04 -0.94875 0.79375 0 1 4000 1 5 0.230986728775236 5 1000 24939 5
"1491" "P" 0.004 -0.2475 0.67 0 1 4000 1 5 0.400477566597125 5 1000 22833 5
"1492" "P" 0.004 -0.78375 0.95875 1 1 4000 1 5 0.042124926300671 5 1000 23498 5
"1493" "P" 0.04 -0.12375 0.5875 0 1 4000 1 5 0.531879032963823 5 1000 23929 5
"1494" "P" 0.04 -0.495 0.71125 0 1 4000 1 5 0.340731293541596 5 1000 24385 5
"1495" "P" 0.04 -0.45375 0.29875 1 1 4000 1 5 1.20814817573642 5 1000 24316 5
"1496" "P" 0.04 -0.04125 0.46375 1 1 4000 1 5 0.768409665060492 5 1000 23824 5
"1497" "P" 0.004 -0.0825 0.29875 0 1 4000 1 5 1.20814817573642 5 1000 22615 5
"1498" "P" 0.04 -0.825 0.7525 1 1 4000 1 5 0.284354282359106 5 1000 24788 5
"1499" "P" 0.04 -0.53625 0.62875 1 1 4000 1 5 0.464021557568188 5 1000 24432 5
"1500" "P" 0.04 -0.61875 0.13375 0 1 4000 1 5 2.01178289320602 5 1000 24507 5
"1501" "P" 0.04 -0.7425 0.71125 0 1 4000 1 5 0.340731293541596 5 1000 24685 5
"1502" "P" 0.004 -0.4125 0.175 0 1 4000 1 5 1.74296930505862 5 1000 23009 5
"1503" "P" 0.004 -0.495 0.46375 0 1 4000 1 5 0.768409665060492 5 1000 23123 5
"1504" "P" 0.004 -0.5775 0.175 1 1 4000 1 5 1.74296930505862 5 1000 23210 5
"1505" "P" 0.004 -0.86625 0.29875 1 1 4000 1 5 1.20814817573642 5 1000 23566 5
"1506" "P" 0.04 -0.9075 0.13375 1 1 4000 1 5 2.01178289320602 5 1000 24858 5
"1507" "P" 0.04 -0.5775 0.5875 1 1 4000 1 5 0.531879032963823 5 1000 24480 5
"1508" "P" 0.004 -0.7425 0.13375 1 1 4000 1 5 2.01178289320602 5 1000 23408 5
"1509" "P" 0.04 0 0.505 0 1 4000 1 5 0.683196849706777 5 1000 23775 5
"1510" "P" 0.04 -0.99 0.2575 1 1 4000 1 5 1.35673555887835 5 1000 24964 5
"1511" "P" 0.004 -0.5775 0.5875 1 1 4000 1 5 0.531879032963823 5 1000 23230 5
"1512" "P" 0.004 -0.61875 0.54625 0 1 4000 1 5 0.604678532572337 5 1000 23277 5
"1513" "P" 0.004 -0.45375 0.38125 0 1 4000 1 5 0.964299951060516 5 1000 23069 5
"1514" "P" 0.004 -0.495 0.0925 0 1 4000 1 5 2.38054663446376 5 1000 23105 5
"1515" "P" 0.04 -0.9075 0.38125 1 1 4000 1 5 0.964299951060516 5 1000 24870 5
"1516" "P" 0.004 -0.825 0.13375 0 1 4000 1 5 2.01178289320602 5 1000 23507 5
"1517" "P" 0.004 -0.53625 0.13375 0 1 4000 1 5 2.01178289320602 5 1000 23157 5
"1518" "P" 0.04 -0.825 0.95875 1 1 4000 1 5 0.042124926300671 5 1000 24798 5
"1519" "P" 0.04 -0.61875 0.67 1 1 4000 1 5 0.400477566597125 5 1000 24534 5
"1520" "P" 0.04 -0.12375 0.29875 1 1 4000 1 5 1.20814817573642 5 1000 23916 5
"1521" "P" 0.04 -0.20625 0.46375 1 1 4000 1 5 0.768409665060492 5 1000 24024 5
"1522" "P" 0.04 -0.70125 0.505 0 1 4000 1 5 0.683196849706777 5 1000 24625 5
"1523" "P" 0.04 -0.45375 0.79375 1 1 4000 1 5 0.230986728775236 5 1000 24340 5
"1524" "P" 0.004 -0.20625 0.95875 0 1 4000 1 5 0.042124926300671 5 1000 22797 5
"1525" "P" 0.004 -0.2475 0.7525 1 1 4000 1 5 0.284354282359106 5 1000 22838 5
"1526" "P" 0.004 -0.4125 0.13375 1 1 4000 1 5 2.01178289320602 5 1000 23008 5
"1527" "P" 0.04 -0.33 0.7525 1 1 4000 1 5 0.284354282359106 5 1000 24188 5
"1528" "P" 0.004 -0.7425 0.38125 0 1 4000 1 5 0.964299951060516 5 1000 23419 5
"1529" "P" 0.004 -0.61875 0.71125 1 1 4000 1 5 0.340731293541596 5 1000 23286 5
"1530" "P" 0.04 -0.7425 0.87625 1 1 4000 1 5 0.132103840633337 5 1000 24694 5
"1531" "P" 0.004 -0.70125 0.835 1 1 4000 1 5 0.180323554131281 5 1000 23392 5
"1532" "P" 0.004 -0.45375 0.34 1 1 4000 1 5 1.07880966137193 5 1000 23068 5
"1533" "P" 0.004 -0.7425 0.46375 0 1 4000 1 5 0.768409665060492 5 1000 23423 5
"1534" "P" 0.04 -0.4125 0.67 0 1 4000 1 5 0.400477566597125 5 1000 24283 5
"1535" "P" 0.04 -0.04125 0.62875 0 1 4000 1 5 0.464021557568188 5 1000 23831 5
"1536" "P" 0.04 -0.825 0.5875 1 1 4000 1 5 0.531879032963823 5 1000 24780 5
"1537" "P" 0.04 -0.94875 0.34 0 1 4000 1 5 1.07880966137193 5 1000 24917 5
"1538" "P" 0.004 -0.2475 0.01 1 1 4000 1 5 4.60517018598809 5 1000 22802 5
"1539" "P" 0.004 -0.5775 0.05125 0 1 4000 1 5 2.97103966096362 5 1000 23203 5
"1540" "P" 0.004 -0.4125 0.01 1 1 4000 1 5 4.60517018598809 5 1000 23002 5
"1541" "P" 0.04 -0.66 0.9175 1 1 4000 1 5 0.0861026990534116 5 1000 24596 5
"1542" "P" 0.004 -0.165 0.2575 1 1 4000 1 5 1.35673555887835 5 1000 22714 5
"1543" "P" 0.04 -0.495 0.01 1 1 4000 1 5 4.60517018598809 5 1000 24352 5
"1544" "P" 0.004 -0.61875 1 1 1 4000 1 5 0 5 1000 23300 5
"1545" "P" 0.04 -0.12375 0.175 1 1 4000 1 5 1.74296930505862 5 1000 23910 5
"1546" "P" 0.04 -0.9075 0.87625 1 1 4000 1 5 0.132103840633337 5 1000 24894 5
"1547" "P" 0.004 -0.70125 0.67 1 1 4000 1 5 0.400477566597125 5 1000 23384 5
"1548" "P" 0.04 -0.9075 1 1 1 4000 1 5 0 5 1000 24900 5
"1549" "P" 0.04 -0.5775 0.79375 0 1 4000 1 5 0.230986728775236 5 1000 24489 5
"1550" "P" 0.004 -0.99 0.62875 1 1 4000 1 5 0.464021557568188 5 1000 23732 5
"1551" "P" 0.004 -0.45375 0.21625 0 1 4000 1 5 1.53132013317015 5 1000 23061 5
"1552" "P" 0.004 -0.99 0.7525 0 1 4000 1 5 0.284354282359106 5 1000 23737 5
"1553" "P" 0.004 -0.99 0.175 1 1 4000 1 5 1.74296930505862 5 1000 23710 5
"1554" "P" 0.004 -0.99 0.05125 0 1 4000 1 5 2.97103966096362 5 1000 23703 5
"1555" "P" 0.004 -0.165 0.05125 0 1 4000 1 5 2.97103966096362 5 1000 22703 5
"1556" "P" 0.004 -0.78375 0.13375 0 1 4000 1 5 2.01178289320602 5 1000 23457 5
"1557" "P" 0.04 -0.70125 0.175 1 1 4000 1 5 1.74296930505862 5 1000 24610 5
"1558" "P" 0.04 -0.33 0.95875 0 1 4000 1 5 0.042124926300671 5 1000 24197 5
"1559" "P" 0.04 -0.0825 0.29875 0 1 4000 1 5 1.20814817573642 5 1000 23865 5
"1560" "P" 0.04 -0.28875 0.175 1 1 4000 1 5 1.74296930505862 5 1000 24110 5
"1561" "P" 0.004 -0.9075 0.835 0 1 4000 1 5 0.180323554131281 5 1000 23641 5
"1562" "P" 0.04 -0.45375 0.67 0 1 4000 1 5 0.400477566597125 5 1000 24333 5
"1563" "P" 0.004 -0.0825 0.46375 0 1 4000 1 5 0.768409665060492 5 1000 22623 5
"1564" "P" 0.04 -0.04125 0.54625 0 1 4000 1 5 0.604678532572337 5 1000 23827 5
"1565" "P" 0.04 -0.45375 0.9175 1 1 4000 1 5 0.0861026990534116 5 1000 24346 5
"1566" "P" 0.004 -0.53625 0.4225 1 1 4000 1 5 0.861565832184908 5 1000 23172 5
"1567" "P" 0.04 -0.9075 0.21625 0 1 4000 1 5 1.53132013317015 5 1000 24861 5
"1568" "P" 0.04 -0.20625 0.5875 1 1 4000 1 5 0.531879032963823 5 1000 24030 5
"1569" "P" 0.004 -0.2475 0.67 1 1 4000 1 5 0.400477566597125 5 1000 22834 5
"1570" "P" 0.04 -0.9075 0.835 0 1 4000 1 5 0.180323554131281 5 1000 24891 5
"1571" "P" 0.004 -0.86625 0.95875 1 1 4000 1 5 0.042124926300671 5 1000 23598 5
"1572" "P" 0.004 -0.04125 0.21625 0 1 4000 1 5 1.53132013317015 5 1000 22561 5
"1573" "P" 0.004 0 0.13375 1 1 4000 1 5 2.01178289320602 5 1000 22508 5
"1574" "P" 0.04 0 0.0925 0 1 4000 1 5 2.38054663446376 5 1000 23755 5
"1575" "P" 0.004 -0.2475 0.5875 0 1 4000 1 5 0.531879032963823 5 1000 22829 5
"1576" "P" 0.004 0 0.13375 0 1 4000 1 5 2.01178289320602 5 1000 22507 5
"1577" "P" 0.04 -0.04125 0.4225 1 1 4000 1 5 0.861565832184908 5 1000 23822 5
"1578" "P" 0.004 -0.94875 0.54625 1 1 4000 1 5 0.604678532572337 5 1000 23678 5
"1579" "P" 0.04 -0.53625 0.01 0 1 4000 1 5 4.60517018598809 5 1000 24401 5
"1580" "P" 0.004 -0.86625 0.62875 1 1 4000 1 5 0.464021557568188 5 1000 23582 5
"1581" "P" 0.04 -0.825 0.62875 1 1 4000 1 5 0.464021557568188 5 1000 24782 5
"1582" "P" 0.004 -0.37125 0.62875 1 1 4000 1 5 0.464021557568188 5 1000 22982 5
"1583" "P" 0.04 -0.04125 0.2575 0 1 4000 1 5 1.35673555887835 5 1000 23813 5
"1584" "P" 0.04 -0.45375 0.87625 0 1 4000 1 5 0.132103840633337 5 1000 24343 5
"1585" "P" 0.04 -0.495 0.175 0 1 4000 1 5 1.74296930505862 5 1000 24359 5
"1586" "P" 0.04 -0.94875 0.7525 1 1 4000 1 5 0.284354282359106 5 1000 24938 5
"1587" "P" 0.004 -0.9075 0.9175 0 1 4000 1 5 0.0861026990534116 5 1000 23645 5
"1588" "P" 0.04 -0.70125 0.46375 1 1 4000 1 5 0.768409665060492 5 1000 24624 5
"1589" "P" 0.004 -0.37125 0.38125 1 1 4000 1 5 0.964299951060516 5 1000 22970 5
"1590" "P" 0.04 -0.4125 0.0925 0 1 4000 1 5 2.38054663446376 5 1000 24255 5
"1591" "P" 0.04 -0.12375 0.29875 0 1 4000 1 5 1.20814817573642 5 1000 23915 5
"1592" "P" 0.04 -0.12375 0.175 0 1 4000 1 5 1.74296930505862 5 1000 23909 5
"1593" "P" 0.004 -0.86625 0.87625 1 1 4000 1 5 0.132103840633337 5 1000 23594 5
"1594" "P" 0.04 -0.61875 0.505 0 1 4000 1 5 0.683196849706777 5 1000 24525 5
"1595" "P" 0.004 -0.7425 0.505 0 1 4000 1 5 0.683196849706777 5 1000 23425 5
"1596" "P" 0.004 -0.12375 0.175 1 1 4000 1 5 1.74296930505862 5 1000 22660 5
"1597" "P" 0.004 -0.165 0.67 1 1 4000 1 5 0.400477566597125 5 1000 22734 5
"1598" "P" 0.004 -0.45375 0.5875 1 1 4000 1 5 0.531879032963823 5 1000 23080 5
"1599" "P" 0.04 -0.53625 0.175 1 1 4000 1 5 1.74296930505862 5 1000 24410 5
"1600" "P" 0.004 -0.495 0.13375 0 1 4000 1 5 2.01178289320602 5 1000 23107 5
"1601" "P" 0.004 -0.28875 0.2575 1 1 4000 1 5 1.35673555887835 5 1000 22864 5
"1602" "P" 0.04 -0.20625 0.54625 1 1 4000 1 5 0.604678532572337 5 1000 24028 5
"1603" "P" 0.004 -0.0825 0.46375 1 1 4000 1 5 0.768409665060492 5 1000 22624 5
"1604" "P" 0.04 -0.99 0.4225 1 1 4000 1 5 0.861565832184908 5 1000 24972 5
"1605" "P" 0.04 -0.495 0.67 0 1 4000 1 5 0.400477566597125 5 1000 24383 5
"1606" "P" 0.004 -0.70125 0.7525 0 1 4000 1 5 0.284354282359106 5 1000 23387 5
"1607" "P" 0.004 -0.66 0.13375 1 1 4000 1 5 2.01178289320602 5 1000 23308 5
"1608" "P" 0.04 -0.165 0.71125 1 1 4000 1 5 0.340731293541596 5 1000 23986 5
"1609" "P" 0.04 -0.53625 1 1 1 4000 1 5 0 5 1000 24450 5
"1610" "P" 0.004 -0.165 0.505 1 1 4000 1 5 0.683196849706777 5 1000 22726 5
"1611" "P" 0.04 -0.04125 0.67 0 1 4000 1 5 0.400477566597125 5 1000 23833 5
"1612" "P" 0.004 -0.28875 0.7525 1 1 4000 1 5 0.284354282359106 5 1000 22888 5
"1613" "P" 0.04 -0.99 0.95875 1 1 4000 1 5 0.042124926300671 5 1000 24998 5
"1614" "P" 0.04 -0.61875 0.95875 1 1 4000 1 5 0.042124926300671 5 1000 24548 5
"1615" "P" 0.04 -0.2475 0.95875 1 1 4000 1 5 0.042124926300671 5 1000 24098 5
"1616" "P" 0.004 -0.86625 0.71125 0 1 4000 1 5 0.340731293541596 5 1000 23585 5
"1617" "P" 0.004 -0.37125 0.79375 0 1 4000 1 5 0.230986728775236 5 1000 22989 5
"1618" "P" 0.04 -0.495 0.46375 0 1 4000 1 5 0.768409665060492 5 1000 24373 5
"1619" "P" 0.04 0 0.79375 0 1 4000 1 5 0.230986728775236 5 1000 23789 5
"1620" "P" 0.04 -0.66 0.21625 0 1 4000 1 5 1.53132013317015 5 1000 24561 5
"1621" "P" 0.004 -0.825 0.21625 0 1 4000 1 5 1.53132013317015 5 1000 23511 5
"1622" "P" 0.04 -0.70125 0.95875 0 1 4000 1 5 0.042124926300671 5 1000 24647 5
"1623" "P" 0.004 -0.4125 0.505 0 1 4000 1 5 0.683196849706777 5 1000 23025 5
"1624" "P" 0.04 -0.86625 0.2575 1 1 4000 1 5 1.35673555887835 5 1000 24814 5
"1625" "P" 0.04 -0.86625 0.46375 1 1 4000 1 5 0.768409665060492 5 1000 24824 5
"1626" "P" 0.004 -0.53625 0.7525 1 1 4000 1 5 0.284354282359106 5 1000 23188 5
"1627" "P" 0.04 -0.495 1 1 1 4000 1 5 0 5 1000 24400 5
"1628" "P" 0.004 -0.4125 0.95875 0 1 4000 1 5 0.042124926300671 5 1000 23047 5
"1629" "P" 0.04 -0.78375 0.7525 0 1 4000 1 5 0.284354282359106 5 1000 24737 5
"1630" "P" 0.04 -0.7425 0.71125 1 1 4000 1 5 0.340731293541596 5 1000 24686 5
"1631" "P" 0.04 -0.7425 0.4225 0 1 4000 1 5 0.861565832184908 5 1000 24671 5
"1632" "P" 0.04 -0.78375 0.38125 1 1 4000 1 5 0.964299951060516 5 1000 24720 5
"1633" "P" 0.004 -0.61875 0.835 0 1 4000 1 5 0.180323554131281 5 1000 23291 5
"1634" "P" 0.04 -0.7425 0.21625 1 1 4000 1 5 1.53132013317015 5 1000 24662 5
"1635" "P" 0.04 -0.9075 0.9175 0 1 4000 1 5 0.0861026990534116 5 1000 24895 5
"1636" "P" 0.04 -0.7425 0.05125 0 1 4000 1 5 2.97103966096362 5 1000 24653 5
"1637" "P" 0.04 -0.28875 0.835 0 1 4000 1 5 0.180323554131281 5 1000 24141 5
"1638" "P" 0.04 -0.7425 0.505 0 1 4000 1 5 0.683196849706777 5 1000 24675 5
"1639" "P" 0.04 -0.37125 0.21625 0 1 4000 1 5 1.53132013317015 5 1000 24211 5
"1640" "P" 0.004 -0.78375 0.54625 1 1 4000 1 5 0.604678532572337 5 1000 23478 5
"1641" "P" 0.04 -0.2475 0.29875 0 1 4000 1 5 1.20814817573642 5 1000 24065 5
"1642" "P" 0.004 -0.33 0.175 0 1 4000 1 5 1.74296930505862 5 1000 22909 5
"1643" "P" 0.04 -0.7425 0.2575 1 1 4000 1 5 1.35673555887835 5 1000 24664 5
"1644" "P" 0.004 -0.4125 0.835 0 1 4000 1 5 0.180323554131281 5 1000 23041 5
"1645" "P" 0.04 -0.7425 0.54625 1 1 4000 1 5 0.604678532572337 5 1000 24678 5
"1646" "P" 0.04 -0.94875 0.34 1 1 4000 1 5 1.07880966137193 5 1000 24918 5
"1647" "P" 0.04 -0.37125 0.01 1 1 4000 1 5 4.60517018598809 5 1000 24202 5
"1648" "P" 0.04 -0.53625 0.0925 0 1 4000 1 5 2.38054663446376 5 1000 24405 5
"1649" "P" 0.04 -0.9075 0.38125 0 1 4000 1 5 0.964299951060516 5 1000 24869 5
"1650" "P" 0.004 -0.53625 0.29875 0 1 4000 1 5 1.20814817573642 5 1000 23165 5
"1651" "P" 0.04 -0.53625 0.46375 1 1 4000 1 5 0.768409665060492 5 1000 24424 5
"1652" "P" 0.004 -0.4125 0.62875 0 1 4000 1 5 0.464021557568188 5 1000 23031 5
"1653" "P" 0.004 0 0.7525 1 1 4000 1 5 0.284354282359106 5 1000 22538 5
"1654" "P" 0.04 -0.9075 0.9175 1 1 4000 1 5 0.0861026990534116 5 1000 24896 5
"1655" "P" 0.04 -0.4125 0.4225 0 1 4000 1 5 0.861565832184908 5 1000 24271 5
"1656" "P" 0.04 -0.28875 0.34 0 1 4000 1 5 1.07880966137193 5 1000 24117 5
"1657" "P" 0.04 0 0.38125 1 1 4000 1 5 0.964299951060516 5 1000 23770 5
"1658" "P" 0.004 -0.165 1 0 1 4000 1 5 0 5 1000 22749 5
"1659" "P" 0.004 -0.20625 0.5875 1 1 4000 1 5 0.531879032963823 5 1000 22780 5
"1660" "P" 0.004 -0.61875 1 0 1 4000 1 5 0 5 1000 23299 5
"1661" "P" 0.004 -0.78375 0.9175 1 1 4000 1 5 0.0861026990534116 5 1000 23496 5
"1662" "P" 0.04 -0.165 0.505 0 1 4000 1 5 0.683196849706777 5 1000 23975 5
"1663" "P" 0.004 -0.20625 0.79375 0 1 4000 1 5 0.230986728775236 5 1000 22789 5
"1664" "P" 0.04 -0.37125 0.79375 0 1 4000 1 5 0.230986728775236 5 1000 24239 5
"1665" "P" 0.004 -0.94875 0.34 1 1 4000 1 5 1.07880966137193 5 1000 23668 5
"1666" "P" 0.04 -0.4125 0.9175 1 1 4000 1 5 0.0861026990534116 5 1000 24296 5
"1667" "P" 0.04 -0.70125 0.4225 1 1 4000 1 5 0.861565832184908 5 1000 24622 5
"1668" "P" 0.04 -0.20625 0.62875 1 1 4000 1 5 0.464021557568188 5 1000 24032 5
"1669" "P" 0.004 -0.495 0.01 1 1 4000 1 5 4.60517018598809 5 1000 23102 5
"1670" "P" 0.04 -0.45375 0.05125 1 1 4000 1 5 2.97103966096362 5 1000 24304 5
"1671" "P" 0.004 -0.4125 0.2575 0 1 4000 1 5 1.35673555887835 5 1000 23013 5
"1672" "P" 0.04 -0.45375 0.29875 0 1 4000 1 5 1.20814817573642 5 1000 24315 5
"1673" "P" 0.04 0 0.62875 1 1 4000 1 5 0.464021557568188 5 1000 23782 5
"1674" "P" 0.004 -0.825 0.67 1 1 4000 1 5 0.400477566597125 5 1000 23534 5
"1675" "P" 0.04 -0.0825 0.38125 1 1 4000 1 5 0.964299951060516 5 1000 23870 5
"1676" "P" 0.004 -0.86625 0.34 1 1 4000 1 5 1.07880966137193 5 1000 23568 5
"1677" "P" 0.004 -0.53625 0.9175 0 1 4000 1 5 0.0861026990534116 5 1000 23195 5
"1678" "P" 0.004 -0.66 0.54625 0 1 4000 1 5 0.604678532572337 5 1000 23327 5
"1679" "P" 0.004 -0.0825 0.62875 1 1 4000 1 5 0.464021557568188 5 1000 22632 5
"1680" "P" 0.04 -0.45375 0.2575 0 1 4000 1 5 1.35673555887835 5 1000 24313 5
"1681" "P" 0.004 -0.70125 0.95875 0 1 4000 1 5 0.042124926300671 5 1000 23397 5
"1682" "P" 0.004 -0.825 0.95875 0 1 4000 1 5 0.042124926300671 5 1000 23547 5
"1683" "P" 0.04 -0.61875 0.38125 0 1 4000 1 5 0.964299951060516 5 1000 24519 5
"1684" "P" 0.04 -0.28875 0.67 1 1 4000 1 5 0.400477566597125 5 1000 24134 5
"1685" "P" 0.004 -0.70125 0.835 0 1 4000 1 5 0.180323554131281 5 1000 23391 5
"1686" "P" 0.004 -0.4125 0.46375 1 1 4000 1 5 0.768409665060492 5 1000 23024 5
"1687" "P" 0.004 -0.7425 0.95875 1 1 4000 1 5 0.042124926300671 5 1000 23448 5
"1688" "P" 0.04 -0.94875 0.62875 0 1 4000 1 5 0.464021557568188 5 1000 24931 5
"1689" "P" 0.004 -0.9075 0.79375 0 1 4000 1 5 0.230986728775236 5 1000 23639 5
"1690" "P" 0.04 -0.495 0.21625 0 1 4000 1 5 1.53132013317015 5 1000 24361 5
"1691" "P" 0.04 -0.165 0.01 0 1 4000 1 5 4.60517018598809 5 1000 23951 5
"1692" "P" 0.04 -0.33 0.79375 1 1 4000 1 5 0.230986728775236 5 1000 24190 5
"1693" "P" 0.004 -0.4125 0.4225 1 1 4000 1 5 0.861565832184908 5 1000 23022 5
"1694" "P" 0.04 -0.33 0.71125 1 1 4000 1 5 0.340731293541596 5 1000 24186 5
"1695" "P" 0.04 -0.165 0.7525 0 1 4000 1 5 0.284354282359106 5 1000 23987 5
"1696" "P" 0.004 -0.70125 0.13375 0 1 4000 1 5 2.01178289320602 5 1000 23357 5
"1697" "P" 0.04 -0.86625 0.01 1 1 4000 1 5 4.60517018598809 5 1000 24802 5
"1698" "P" 0.04 -0.2475 0.7525 1 1 4000 1 5 0.284354282359106 5 1000 24088 5
"1699" "P" 0.04 -0.78375 0.05125 1 1 4000 1 5 2.97103966096362 5 1000 24704 5
"1700" "P" 0.004 -0.04125 0.71125 1 1 4000 1 5 0.340731293541596 5 1000 22586 5
"1701" "P" 0.004 -0.20625 0.21625 0 1 4000 1 5 1.53132013317015 5 1000 22761 5
"1702" "P" 0.004 -0.28875 0.505 0 1 4000 1 5 0.683196849706777 5 1000 22875 5
"1703" "P" 0.004 -0.20625 0.95875 1 1 4000 1 5 0.042124926300671 5 1000 22798 5
"1704" "P" 0.004 -0.86625 0.0925 0 1 4000 1 5 2.38054663446376 5 1000 23555 5
"1705" "P" 0.04 -0.94875 0.54625 0 1 4000 1 5 0.604678532572337 5 1000 24927 5
"1706" "P" 0.04 0 0.87625 0 1 4000 1 5 0.132103840633337 5 1000 23793 5
"1707" "P" 0.04 -0.165 0.38125 0 1 4000 1 5 0.964299951060516 5 1000 23969 5
"1708" "P" 0.04 0 0.67 0 1 4000 1 5 0.400477566597125 5 1000 23783 5
"1709" "P" 0.04 -0.70125 0.87625 1 1 4000 1 5 0.132103840633337 5 1000 24644 5
"1710" "P" 0.04 -0.0825 0.21625 0 1 4000 1 5 1.53132013317015 5 1000 23861 5
"1711" "P" 0.004 -0.5775 0.29875 0 1 4000 1 5 1.20814817573642 5 1000 23215 5
"1712" "P" 0.04 -0.5775 0.29875 0 1 4000 1 5 1.20814817573642 5 1000 24465 5
"1713" "P" 0.04 -0.2475 0.38125 1 1 4000 1 5 0.964299951060516 5 1000 24070 5
"1714" "P" 0.004 -0.04125 0.175 1 1 4000 1 5 1.74296930505862 5 1000 22560 5
"1715" "P" 0.04 -0.99 0.835 1 1 4000 1 5 0.180323554131281 5 1000 24992 5
"1716" "P" 0.04 -0.99 1 0 1 4000 1 5 0 5 1000 24999 5
"1717" "P" 0.004 -0.86625 0.95875 0 1 4000 1 5 0.042124926300671 5 1000 23597 5
"1718" "P" 0.04 -0.33 0.21625 1 1 4000 1 5 1.53132013317015 5 1000 24162 5
"1719" "P" 0.004 -0.0825 0.13375 0 1 4000 1 5 2.01178289320602 5 1000 22607 5
"1720" "P" 0.04 -0.78375 0.87625 1 1 4000 1 5 0.132103840633337 5 1000 24744 5
"1721" "P" 0.04 -0.9075 0.79375 0 1 4000 1 5 0.230986728775236 5 1000 24889 5
"1722" "P" 0.004 -0.825 0.2575 0 1 4000 1 5 1.35673555887835 5 1000 23513 5
"1723" "P" 0.04 -0.0825 0.7525 1 1 4000 1 5 0.284354282359106 5 1000 23888 5
"1724" "P" 0.04 -0.86625 0.9175 1 1 4000 1 5 0.0861026990534116 5 1000 24846 5
"1725" "P" 0.04 -0.2475 0.01 0 1 4000 1 5 4.60517018598809 5 1000 24051 5
"1726" "P" 0.004 -0.7425 0.34 0 1 4000 1 5 1.07880966137193 5 1000 23417 5
"1727" "P" 0.04 -0.28875 0.54625 1 1 4000 1 5 0.604678532572337 5 1000 24128 5
"1728" "P" 0.004 -0.825 0.79375 1 1 4000 1 5 0.230986728775236 5 1000 23540 5
"1729" "P" 0.004 -0.28875 0.0925 0 1 4000 1 5 2.38054663446376 5 1000 22855 5
"1730" "P" 0.004 -0.45375 0.7525 1 1 4000 1 5 0.284354282359106 5 1000 23088 5
"1731" "P" 0.04 -0.5775 0.71125 1 1 4000 1 5 0.340731293541596 5 1000 24486 5
"1732" "P" 0.004 -0.86625 0.175 1 1 4000 1 5 1.74296930505862 5 1000 23560 5
"1733" "P" 0.004 -0.04125 0.87625 0 1 4000 1 5 0.132103840633337 5 1000 22593 5
"1734" "P" 0.004 -0.495 1 0 1 4000 1 5 0 5 1000 23149 5
"1735" "P" 0.04 -0.12375 0.62875 1 1 4000 1 5 0.464021557568188 5 1000 23932 5
"1736" "P" 0.004 -0.70125 0.34 0 1 4000 1 5 1.07880966137193 5 1000 23367 5
"1737" "P" 0.004 -0.37125 0.2575 1 1 4000 1 5 1.35673555887835 5 1000 22964 5
"1738" "P" 0.004 -0.70125 1 0 1 4000 1 5 0 5 1000 23399 5
"1739" "P" 0.004 -0.12375 0.2575 0 1 4000 1 5 1.35673555887835 5 1000 22663 5
"1740" "P" 0.04 -0.53625 0.38125 0 1 4000 1 5 0.964299951060516 5 1000 24419 5
"1741" "P" 0.04 -0.86625 0.0925 1 1 4000 1 5 2.38054663446376 5 1000 24806 5
"1742" "P" 0.04 -0.2475 0.34 1 1 4000 1 5 1.07880966137193 5 1000 24068 5
"1743" "P" 0.004 -0.5775 0.835 0 1 4000 1 5 0.180323554131281 5 1000 23241 5
"1744" "P" 0.04 -0.66 0.05125 1 1 4000 1 5 2.97103966096362 5 1000 24554 5
"1745" "P" 0.004 -0.825 0.87625 1 1 4000 1 5 0.132103840633337 5 1000 23544 5
"1746" "P" 0.04 -0.61875 0.34 0 1 4000 1 5 1.07880966137193 5 1000 24517 5
"1747" "P" 0.004 0 0.7525 0 1 4000 1 5 0.284354282359106 5 1000 22537 5
"1748" "P" 0.04 -0.78375 0.21625 1 1 4000 1 5 1.53132013317015 5 1000 24712 5
"1749" "P" 0.004 -0.04125 0.835 1 1 4000 1 5 0.180323554131281 5 1000 22592 5
"1750" "P" 0.004 -0.86625 0.46375 0 1 4000 1 5 0.768409665060492 5 1000 23573 5
"1751" "P" 0.04 -0.9075 0.54625 0 1 4000 1 5 0.604678532572337 5 1000 24877 5
"1752" "P" 0.004 -0.4125 1 1 1 4000 1 5 0 5 1000 23050 5
"1753" "P" 0.004 -0.04125 0.7525 1 1 4000 1 5 0.284354282359106 5 1000 22588 5
"1754" "P" 0.04 -0.66 0.95875 1 1 4000 1 5 0.042124926300671 5 1000 24598 5
"1755" "P" 0.04 -0.70125 1 1 1 4000 1 5 0 5 1000 24650 5
"1756" "P" 0.004 -0.0825 0.505 0 1 4000 1 5 0.683196849706777 5 1000 22625 5
"1757" "P" 0.004 -0.825 0.13375 1 1 4000 1 5 2.01178289320602 5 1000 23508 5
"1758" "P" 0.004 -0.5775 0.05125 1 1 4000 1 5 2.97103966096362 5 1000 23204 5
"1759" "P" 0.004 -0.99 0.67 0 1 4000 1 5 0.400477566597125 5 1000 23733 5
"1760" "P" 0.04 -0.4125 0.9175 0 1 4000 1 5 0.0861026990534116 5 1000 24295 5
"1761" "P" 0.004 -0.86625 0.67 1 1 4000 1 5 0.400477566597125 5 1000 23584 5
"1762" "P" 0.004 -0.9075 0.5875 0 1 4000 1 5 0.531879032963823 5 1000 23629 5
"1763" "P" 0.004 -0.04125 0.38125 1 1 4000 1 5 0.964299951060516 5 1000 22570 5
"1764" "P" 0.004 -0.28875 0.54625 0 1 4000 1 5 0.604678532572337 5 1000 22877 5
"1765" "P" 0.04 -0.825 0.5875 0 1 4000 1 5 0.531879032963823 5 1000 24779 5
"1766" "P" 0.004 -0.4125 0.54625 0 1 4000 1 5 0.604678532572337 5 1000 23027 5
"1767" "P" 0.004 -0.86625 0.62875 0 1 4000 1 5 0.464021557568188 5 1000 23581 5
"1768" "P" 0.004 -0.5775 0.5875 0 1 4000 1 5 0.531879032963823 5 1000 23229 5
"1769" "P" 0.004 -0.20625 0.05125 0 1 4000 1 5 2.97103966096362 5 1000 22753 5
"1770" "P" 0.04 -0.66 0.01 0 1 4000 1 5 4.60517018598809 5 1000 24551 5
"1771" "P" 0.04 -0.61875 0.175 1 1 4000 1 5 1.74296930505862 5 1000 24510 5
"1772" "P" 0.04 -0.495 0.835 1 1 4000 1 5 0.180323554131281 5 1000 24392 5
"1773" "P" 0.04 -0.825 0.9175 0 1 4000 1 5 0.0861026990534116 5 1000 24795 5
"1774" "P" 0.04 -0.61875 0.79375 1 1 4000 1 5 0.230986728775236 5 1000 24540 5
"1775" "P" 0.04 -0.33 0.01 1 1 4000 1 5 4.60517018598809 5 1000 24152 5
"1776" "P" 0.004 -0.0825 0.95875 0 1 4000 1 5 0.042124926300671 5 1000 22647 5
"1777" "P" 0.04 -0.2475 0.4225 0 1 4000 1 5 0.861565832184908 5 1000 24071 5
"1778" "P" 0.004 -0.94875 1 0 1 4000 1 5 0 5 1000 23699 5
"1779" "P" 0.04 -0.12375 0.2575 1 1 4000 1 5 1.35673555887835 5 1000 23914 5
"1780" "P" 0.004 -0.20625 0.5875 0 1 4000 1 5 0.531879032963823 5 1000 22779 5
"1781" "P" 0.004 -0.7425 0.2575 1 1 4000 1 5 1.35673555887835 5 1000 23414 5
"1782" "P" 0.004 -0.28875 0.21625 0 1 4000 1 5 1.53132013317015 5 1000 22861 5
"1783" "P" 0.04 -0.825 0.505 1 1 4000 1 5 0.683196849706777 5 1000 24776 5
"1784" "P" 0.04 -0.28875 0.505 0 1 4000 1 5 0.683196849706777 5 1000 24125 5
"1785" "P" 0.004 -0.94875 0.4225 1 1 4000 1 5 0.861565832184908 5 1000 23672 5
"1786" "P" 0.04 -0.33 0.2575 0 1 4000 1 5 1.35673555887835 5 1000 24163 5
"1787" "P" 0.04 -0.61875 0.21625 1 1 4000 1 5 1.53132013317015 5 1000 24512 5
"1788" "P" 0.04 -0.20625 0.38125 1 1 4000 1 5 0.964299951060516 5 1000 24020 5
"1789" "P" 0.004 -0.45375 0.835 0 1 4000 1 5 0.180323554131281 5 1000 23091 5
"1790" "P" 0.04 -0.70125 0.79375 1 1 4000 1 5 0.230986728775236 5 1000 24640 5
"1791" "P" 0.04 -0.53625 0.13375 1 1 4000 1 5 2.01178289320602 5 1000 24408 5
"1792" "P" 0.004 -0.20625 0.46375 1 1 4000 1 5 0.768409665060492 5 1000 22774 5
"1793" "P" 0.04 -0.4125 0.34 1 1 4000 1 5 1.07880966137193 5 1000 24268 5
"1794" "P" 0.004 -0.495 0.21625 0 1 4000 1 5 1.53132013317015 5 1000 23111 5
"1795" "P" 0.004 -0.9075 0.175 1 1 4000 1 5 1.74296930505862 5 1000 23610 5
"1796" "P" 0.04 -0.78375 0.38125 0 1 4000 1 5 0.964299951060516 5 1000 24719 5
"1797" "P" 0.004 -0.12375 0.29875 1 1 4000 1 5 1.20814817573642 5 1000 22666 5
"1798" "P" 0.004 -0.99 0.29875 0 1 4000 1 5 1.20814817573642 5 1000 23715 5
"1799" "P" 0.04 -0.9075 0.175 0 1 4000 1 5 1.74296930505862 5 1000 24859 5
"1800" "P" 0.04 -0.45375 0.71125 0 1 4000 1 5 0.340731293541596 5 1000 24335 5
"1801" "P" 0.04 -0.165 0.13375 1 1 4000 1 5 2.01178289320602 5 1000 23958 5
"1802" "P" 0.04 -0.37125 0.7525 1 1 4000 1 5 0.284354282359106 5 1000 24238 5
"1803" "P" 0.004 -0.7425 0.4225 1 1 4000 1 5 0.861565832184908 5 1000 23422 5
"1804" "P" 0.004 -0.53625 0.505 1 1 4000 1 5 0.683196849706777 5 1000 23176 5
"1805" "P" 0.004 -0.78375 0.71125 1 1 4000 1 5 0.340731293541596 5 1000 23486 5
"1806" "P" 0.004 -0.7425 0.9175 0 1 4000 1 5 0.0861026990534116 5 1000 23445 5
"1807" "P" 0.004 -0.9075 0.7525 1 1 4000 1 5 0.284354282359106 5 1000 23638 5
"1808" "P" 0.004 0 0.29875 0 1 4000 1 5 1.20814817573642 5 1000 22515 5
"1809" "P" 0.004 -0.53625 0.01 0 1 4000 1 5 4.60517018598809 5 1000 23151 5
"1810" "P" 0.04 -0.0825 0.835 0 1 4000 1 5 0.180323554131281 5 1000 23891 5
"1811" "P" 0.004 -0.33 0.34 0 1 4000 1 5 1.07880966137193 5 1000 22917 5
"1812" "P" 0.004 0 0.0925 1 1 4000 1 5 2.38054663446376 5 1000 22506 5
"1813" "P" 0.04 -0.825 0.54625 0 1 4000 1 5 0.604678532572337 5 1000 24777 5
"1814" "P" 0.004 -0.86625 0.9175 0 1 4000 1 5 0.0861026990534116 5 1000 23595 5
"1815" "P" 0.004 -0.7425 0.835 1 1 4000 1 5 0.180323554131281 5 1000 23442 5
"1816" "P" 0.04 -0.04125 0.9175 1 1 4000 1 5 0.0861026990534116 5 1000 23846 5
"1817" "P" 0.04 -0.0825 0.505 1 1 4000 1 5 0.683196849706777 5 1000 23876 5
"1818" "P" 0.004 -0.0825 0.67 0 1 4000 1 5 0.400477566597125 5 1000 22633 5
"1819" "P" 0.004 -0.61875 0.87625 0 1 4000 1 5 0.132103840633337 5 1000 23293 5
"1820" "P" 0.04 -0.12375 0.4225 0 1 4000 1 5 0.861565832184908 5 1000 23921 5
"1821" "P" 0.04 -0.53625 0.505 1 1 4000 1 5 0.683196849706777 5 1000 24426 5
"1822" "P" 0.004 0 0.01 0 1 4000 1 5 4.60517018598809 5 1000 22501 5
"1823" "P" 0.004 -0.9075 0.87625 1 1 4000 1 5 0.132103840633337 5 1000 23644 5
"1824" "P" 0.004 -0.825 0.71125 0 1 4000 1 5 0.340731293541596 5 1000 23535 5
"1825" "P" 0.04 -0.12375 0.46375 1 1 4000 1 5 0.768409665060492 5 1000 23924 5
"1826" "P" 0.004 -0.2475 0.79375 0 1 4000 1 5 0.230986728775236 5 1000 22839 5
"1827" "P" 0.04 -0.99 0.34 0 1 4000 1 5 1.07880966137193 5 1000 24967 5
"1828" "P" 0.04 -0.78375 0.13375 1 1 4000 1 5 2.01178289320602 5 1000 24708 5
"1829" "P" 0.004 -0.70125 0.87625 1 1 4000 1 5 0.132103840633337 5 1000 23394 5
"1830" "P" 0.004 -0.86625 0.01 1 1 4000 1 5 4.60517018598809 5 1000 23552 5
"1831" "P" 0.04 -0.04125 0.38125 0 1 4000 1 5 0.964299951060516 5 1000 23819 5
"1832" "P" 0.004 -0.0825 0.175 0 1 4000 1 5 1.74296930505862 5 1000 22609 5
"1833" "P" 0.004 -0.33 0.7525 1 1 4000 1 5 0.284354282359106 5 1000 22938 5
"1834" "P" 0.04 -0.2475 0.2575 1 1 4000 1 5 1.35673555887835 5 1000 24064 5
"1835" "P" 0.04 -0.86625 0.71125 0 1 4000 1 5 0.340731293541596 5 1000 24835 5
"1836" "P" 0.04 -0.28875 0.54625 0 1 4000 1 5 0.604678532572337 5 1000 24127 5
"1837" "P" 0.04 -0.0825 0.0925 1 1 4000 1 5 2.38054663446376 5 1000 23856 5
"1838" "P" 0.004 -0.37125 0.13375 1 1 4000 1 5 2.01178289320602 5 1000 22958 5
"1839" "P" 0.004 0 0.01 1 1 4000 1 5 4.60517018598809 5 1000 22502 5
"1840" "P" 0.004 -0.0825 0.29875 1 1 4000 1 5 1.20814817573642 5 1000 22616 5
"1841" "P" 0.04 -0.9075 0.835 1 1 4000 1 5 0.180323554131281 5 1000 24892 5
"1842" "P" 0.004 -0.2475 1 1 1 4000 1 5 0 5 1000 22850 5
"1843" "P" 0.004 -0.78375 0.0925 1 1 4000 1 5 2.38054663446376 5 1000 23456 5
"1844" "P" 0.04 -0.2475 0.4225 1 1 4000 1 5 0.861565832184908 5 1000 24072 5
"1845" "P" 0.004 -0.37125 0.46375 1 1 4000 1 5 0.768409665060492 5 1000 22974 5
"1846" "P" 0.04 -0.4125 0.87625 1 1 4000 1 5 0.132103840633337 5 1000 24294 5
"1847" "P" 0.04 -0.5775 0.13375 1 1 4000 1 5 2.01178289320602 5 1000 24458 5
"1848" "P" 0.04 -0.53625 0.0925 1 1 4000 1 5 2.38054663446376 5 1000 24406 5
"1849" "P" 0.004 -0.94875 0.01 0 1 4000 1 5 4.60517018598809 5 1000 23651 5
"1850" "P" 0.004 -0.61875 0.79375 0 1 4000 1 5 0.230986728775236 5 1000 23289 5
"1851" "P" 0.04 -0.99 0.67 1 1 4000 1 5 0.400477566597125 5 1000 24984 5
"1852" "P" 0.004 -0.78375 0.505 1 1 4000 1 5 0.683196849706777 5 1000 23476 5
"1853" "P" 0.004 -0.86625 0.4225 1 1 4000 1 5 0.861565832184908 5 1000 23572 5
"1854" "P" 0.004 -0.61875 0.95875 1 1 4000 1 5 0.042124926300671 5 1000 23298 5
"1855" "P" 0.04 -0.66 0.4225 1 1 4000 1 5 0.861565832184908 5 1000 24572 5
"1856" "P" 0.004 -0.12375 0.38125 0 1 4000 1 5 0.964299951060516 5 1000 22669 5
"1857" "P" 0.004 -0.5775 0.54625 1 1 4000 1 5 0.604678532572337 5 1000 23228 5
"1858" "P" 0.04 -0.5775 0.46375 0 1 4000 1 5 0.768409665060492 5 1000 24473 5
"1859" "P" 0.004 -0.33 0.05125 0 1 4000 1 5 2.97103966096362 5 1000 22903 5
"1860" "P" 0.004 -0.495 0.5875 1 1 4000 1 5 0.531879032963823 5 1000 23130 5
"1861" "P" 0.04 -0.165 0.34 0 1 4000 1 5 1.07880966137193 5 1000 23967 5
"1862" "P" 0.004 -0.94875 0.505 0 1 4000 1 5 0.683196849706777 5 1000 23675 5
"1863" "P" 0.004 -0.99 0.38125 1 1 4000 1 5 0.964299951060516 5 1000 23720 5
"1864" "P" 0.04 -0.2475 0.62875 1 1 4000 1 5 0.464021557568188 5 1000 24082 5
"1865" "P" 0.04 -0.61875 0.79375 0 1 4000 1 5 0.230986728775236 5 1000 24539 5
"1866" "P" 0.004 -0.2475 0.175 0 1 4000 1 5 1.74296930505862 5 1000 22809 5
"1867" "P" 0.004 -0.7425 0.79375 0 1 4000 1 5 0.230986728775236 5 1000 23439 5
"1868" "P" 0.04 0 0.95875 0 1 4000 1 5 0.042124926300671 5 1000 23797 5
"1869" "P" 0.04 -0.0825 0.71125 0 1 4000 1 5 0.340731293541596 5 1000 23885 5
"1870" "P" 0.04 -0.7425 0.62875 1 1 4000 1 5 0.464021557568188 5 1000 24682 5
"1871" "P" 0.004 -0.53625 0.62875 0 1 4000 1 5 0.464021557568188 5 1000 23181 5
"1872" "P" 0.04 -0.825 0.29875 1 1 4000 1 5 1.20814817573642 5 1000 24766 5
"1873" "P" 0.004 -0.495 0.38125 0 1 4000 1 5 0.964299951060516 5 1000 23119 5
"1874" "P" 0.004 -0.94875 0.38125 0 1 4000 1 5 0.964299951060516 5 1000 23669 5
"1875" "P" 0.004 -0.94875 0.46375 0 1 4000 1 5 0.768409665060492 5 1000 23673 5
"1876" "P" 0.04 -0.20625 0.79375 1 1 4000 1 5 0.230986728775236 5 1000 24040 5
"1877" "P" 0.004 -0.78375 0.01 1 1 4000 1 5 4.60517018598809 5 1000 23452 5
"1878" "P" 0.04 0 1 1 1 4000 1 5 0 5 1000 23800 5
"1879" "P" 0.04 -0.825 0.0925 0 1 4000 1 5 2.38054663446376 5 1000 24755 5
"1880" "P" 0.004 -0.04125 0.01 1 1 4000 1 5 4.60517018598809 5 1000 22552 5
"1881" "P" 0.004 -0.5775 0.87625 1 1 4000 1 5 0.132103840633337 5 1000 23244 5
"1882" "P" 0.004 -0.2475 1 0 1 4000 1 5 0 5 1000 22849 5
"1883" "P" 0.04 -0.86625 0.54625 0 1 4000 1 5 0.604678532572337 5 1000 24827 5
"1884" "P" 0.04 -0.04125 0.79375 0 1 4000 1 5 0.230986728775236 5 1000 23839 5
"1885" "P" 0.04 -0.61875 0.71125 0 1 4000 1 5 0.340731293541596 5 1000 24535 5
"1886" "P" 0.04 -0.99 0.71125 0 1 4000 1 5 0.340731293541596 5 1000 24985 5
"1887" "P" 0.004 -0.94875 0.2575 0 1 4000 1 5 1.35673555887835 5 1000 23663 5
"1888" "P" 0.004 -0.86625 0.54625 0 1 4000 1 5 0.604678532572337 5 1000 23577 5
"1889" "P" 0.04 -0.78375 0.29875 0 1 4000 1 5 1.20814817573642 5 1000 24715 5
"1890" "P" 0.04 -0.495 0.505 1 1 4000 1 5 0.683196849706777 5 1000 24376 5
"1891" "P" 0.04 -0.04125 0.21625 0 1 4000 1 5 1.53132013317015 5 1000 23811 5
"1892" "P" 0.004 -0.28875 0.13375 0 1 4000 1 5 2.01178289320602 5 1000 22857 5
"1893" "P" 0.004 -0.5775 0.9175 0 1 4000 1 5 0.0861026990534116 5 1000 23245 5
"1894" "P" 0.004 -0.5775 1 1 1 4000 1 5 0 5 1000 23250 5
"1895" "P" 0.004 -0.0825 0.01 1 1 4000 1 5 4.60517018598809 5 1000 22602 5
"1896" "P" 0.004 -0.5775 0.0925 1 1 4000 1 5 2.38054663446376 5 1000 23206 5
"1897" "P" 0.04 -0.0825 0.5875 1 1 4000 1 5 0.531879032963823 5 1000 23880 5
"1898" "P" 0.04 -0.94875 0.505 1 1 4000 1 5 0.683196849706777 5 1000 24926 5
"1899" "P" 0.004 -0.12375 1 1 1 4000 1 5 0 5 1000 22700 5
"1900" "P" 0.04 -0.45375 0.835 1 1 4000 1 5 0.180323554131281 5 1000 24342 5
"1901" "P" 0.04 0 0.7525 1 1 4000 1 5 0.284354282359106 5 1000 23788 5
"1902" "P" 0.004 -0.20625 0.175 1 1 4000 1 5 1.74296930505862 5 1000 22760 5
"1903" "P" 0.04 -0.495 0.13375 0 1 4000 1 5 2.01178289320602 5 1000 24357 5
"1904" "P" 0.004 -0.78375 0.95875 0 1 4000 1 5 0.042124926300671 5 1000 23497 5
"1905" "P" 0.04 -0.20625 0.21625 0 1 4000 1 5 1.53132013317015 5 1000 24011 5
"1906" "P" 0.004 -0.495 0.835 0 1 4000 1 5 0.180323554131281 5 1000 23141 5
"1907" "P" 0.004 -0.165 0.79375 1 1 4000 1 5 0.230986728775236 5 1000 22740 5
"1908" "P" 0.004 0 0.175 1 1 4000 1 5 1.74296930505862 5 1000 22510 5
"1909" "P" 0.004 -0.70125 0.0925 1 1 4000 1 5 2.38054663446376 5 1000 23356 5
"1910" "P" 0.04 -0.4125 0.2575 1 1 4000 1 5 1.35673555887835 5 1000 24264 5
"1911" "P" 0.04 -0.94875 0.7525 0 1 4000 1 5 0.284354282359106 5 1000 24937 5
"1912" "P" 0.04 -0.53625 0.9175 1 1 4000 1 5 0.0861026990534116 5 1000 24446 5
"1913" "P" 0.04 -0.86625 0.95875 1 1 4000 1 5 0.042124926300671 5 1000 24848 5
"1914" "P" 0.004 -0.20625 0.79375 1 1 4000 1 5 0.230986728775236 5 1000 22790 5
"1915" "P" 0.04 -0.61875 0.54625 0 1 4000 1 5 0.604678532572337 5 1000 24527 5
"1916" "P" 0.004 -0.66 0.21625 1 1 4000 1 5 1.53132013317015 5 1000 23312 5
"1917" "P" 0.04 -0.2475 0.9175 0 1 4000 1 5 0.0861026990534116 5 1000 24095 5
"1918" "P" 0.004 -0.04125 0.4225 1 1 4000 1 5 0.861565832184908 5 1000 22572 5
"1919" "P" 0.004 -0.165 0.01 1 1 4000 1 5 4.60517018598809 5 1000 22702 5
"1920" "P" 0.004 -0.37125 0.4225 1 1 4000 1 5 0.861565832184908 5 1000 22972 5
"1921" "P" 0.04 -0.37125 0.71125 1 1 4000 1 5 0.340731293541596 5 1000 24236 5
"1922" "P" 0.04 -0.99 0.9175 1 1 4000 1 5 0.0861026990534116 5 1000 24996 5
"1923" "P" 0.004 -0.2475 0.21625 1 1 4000 1 5 1.53132013317015 5 1000 22812 5
"1924" "P" 0.04 -0.825 0.13375 0 1 4000 1 5 2.01178289320602 5 1000 24757 5
"1925" "P" 0.004 -0.86625 0.21625 0 1 4000 1 5 1.53132013317015 5 1000 23561 5
"1926" "P" 0.004 -0.9075 0.29875 0 1 4000 1 5 1.20814817573642 5 1000 23615 5
"1927" "P" 0.04 -0.9075 0.4225 1 1 4000 1 5 0.861565832184908 5 1000 24872 5
"1928" "P" 0.04 -0.99 0.7525 0 1 4000 1 5 0.284354282359106 5 1000 24987 5
"1929" "P" 0.04 -0.0825 0.4225 1 1 4000 1 5 0.861565832184908 5 1000 23872 5
"1930" "P" 0.004 -0.04125 0.5875 0 1 4000 1 5 0.531879032963823 5 1000 22579 5
"1931" "P" 0.04 -0.33 0.21625 0 1 4000 1 5 1.53132013317015 5 1000 24161 5
"1932" "P" 0.004 -0.0825 0.0925 1 1 4000 1 5 2.38054663446376 5 1000 22606 5
"1933" "P" 0.004 -0.86625 0.0925 1 1 4000 1 5 2.38054663446376 5 1000 23556 5
"1934" "P" 0.004 -0.495 0.21625 1 1 4000 1 5 1.53132013317015 5 1000 23112 5
"1935" "P" 0.004 -0.20625 1 0 1 4000 1 5 0 5 1000 22799 5
"1936" "P" 0.004 0 1 1 1 4000 1 5 0 5 1000 22550 5
"1937" "P" 0.04 -0.99 0.175 0 1 4000 1 5 1.74296930505862 5 1000 24959 5
"1938" "P" 0.004 -0.61875 0.13375 0 1 4000 1 5 2.01178289320602 5 1000 23257 5
"1939" "P" 0.04 -0.2475 0.62875 0 1 4000 1 5 0.464021557568188 5 1000 24081 5
"1940" "P" 0.004 -0.825 0.835 0 1 4000 1 5 0.180323554131281 5 1000 23541 5
"1941" "P" 0.04 -0.12375 0.79375 0 1 4000 1 5 0.230986728775236 5 1000 23939 5
"1942" "P" 0.004 -0.45375 1 1 1 4000 1 5 0 5 1000 23100 5
"1943" "P" 0.004 -0.5775 0.79375 1 1 4000 1 5 0.230986728775236 5 1000 23240 5
"1944" "P" 0.04 -0.7425 0.505 1 1 4000 1 5 0.683196849706777 5 1000 24676 5
"1945" "P" 0.04 -0.165 0.0925 1 1 4000 1 5 2.38054663446376 5 1000 23956 5
"1946" "P" 0.004 -0.4125 0.34 1 1 4000 1 5 1.07880966137193 5 1000 23018 5
"1947" "P" 0.004 -0.165 0.34 1 1 4000 1 5 1.07880966137193 5 1000 22718 5
"1948" "P" 0.004 -0.4125 0.05125 0 1 4000 1 5 2.97103966096362 5 1000 23003 5
"1949" "P" 0.004 -0.5775 0.7525 0 1 4000 1 5 0.284354282359106 5 1000 23237 5
"1950" "P" 0.04 -0.66 0.87625 1 1 4000 1 5 0.132103840633337 5 1000 24594 5
"1951" "P" 0.04 -0.86625 0.87625 1 1 4000 1 5 0.132103840633337 5 1000 24844 5
"1952" "P" 0.004 -0.04125 0.62875 0 1 4000 1 5 0.464021557568188 5 1000 22581 5
"1953" "P" 0.004 -0.78375 0.835 0 1 4000 1 5 0.180323554131281 5 1000 23491 5
"1954" "P" 0.04 -0.04125 0.835 1 1 4000 1 5 0.180323554131281 5 1000 23842 5
"1955" "P" 0.004 -0.61875 0.67 1 1 4000 1 5 0.400477566597125 5 1000 23284 5
"1956" "P" 0.04 -0.12375 0.13375 1 1 4000 1 5 2.01178289320602 5 1000 23908 5
"1957" "P" 0.04 -0.165 0.62875 1 1 4000 1 5 0.464021557568188 5 1000 23982 5
"1958" "P" 0.004 0 0.9175 1 1 4000 1 5 0.0861026990534116 5 1000 22546 5
"1959" "P" 0.04 -0.28875 0.87625 1 1 4000 1 5 0.132103840633337 5 1000 24144 5
"1960" "P" 0.04 0 0.46375 0 1 4000 1 5 0.768409665060492 5 1000 23773 5
"1961" "P" 0.04 -0.28875 0.13375 1 1 4000 1 5 2.01178289320602 5 1000 24108 5
"1962" "P" 0.004 -0.33 0.67 1 1 4000 1 5 0.400477566597125 5 1000 22934 5
"1963" "P" 0.04 -0.37125 0.38125 0 1 4000 1 5 0.964299951060516 5 1000 24219 5
"1964" "P" 0.004 -0.37125 0.5875 1 1 4000 1 5 0.531879032963823 5 1000 22980 5
"1965" "P" 0.04 -0.99 0.01 0 1 4000 1 5 4.60517018598809 5 1000 24951 5
"1966" "P" 0.04 -0.4125 0.95875 0 1 4000 1 5 0.042124926300671 5 1000 24297 5
"1967" "P" 0.004 -0.28875 0.46375 1 1 4000 1 5 0.768409665060492 5 1000 22874 5
"1968" "P" 0.04 -0.45375 0.4225 1 1 4000 1 5 0.861565832184908 5 1000 24322 5
"1969" "P" 0.004 0 1 0 1 4000 1 5 0 5 1000 22549 5
"1970" "P" 0.04 0 0.46375 1 1 4000 1 5 0.768409665060492 5 1000 23774 5
"1971" "P" 0.004 -0.33 0.05125 1 1 4000 1 5 2.97103966096362 5 1000 22904 5
"1972" "P" 0.004 -0.20625 0.0925 0 1 4000 1 5 2.38054663446376 5 1000 22755 5
"1973" "P" 0.004 -0.94875 0.835 0 1 4000 1 5 0.180323554131281 5 1000 23691 5
"1974" "P" 0.04 -0.99 0.38125 0 1 4000 1 5 0.964299951060516 5 1000 24969 5
"1975" "P" 0.04 -0.28875 0.05125 0 1 4000 1 5 2.97103966096362 5 1000 24103 5
"1976" "P" 0.004 -0.0825 0.13375 1 1 4000 1 5 2.01178289320602 5 1000 22608 5
"1977" "P" 0.04 -0.04125 0.0925 1 1 4000 1 5 2.38054663446376 5 1000 23806 5
"1978" "P" 0.04 -0.45375 0.62875 1 1 4000 1 5 0.464021557568188 5 1000 24332 5
"1979" "P" 0.04 -0.61875 0.175 0 1 4000 1 5 1.74296930505862 5 1000 24509 5
"1980" "P" 0.04 -0.94875 0.2575 1 1 4000 1 5 1.35673555887835 5 1000 24914 5
"1981" "P" 0.004 -0.04125 1 0 1 4000 1 5 0 5 1000 22599 5
"1982" "P" 0.004 -0.66 0.87625 0 1 4000 1 5 0.132103840633337 5 1000 23343 5
"1983" "P" 0.004 -0.0825 0.71125 0 1 4000 1 5 0.340731293541596 5 1000 22635 5
"1984" "P" 0.04 -0.5775 0.2575 0 1 4000 1 5 1.35673555887835 5 1000 24463 5
"1985" "P" 0.004 -0.99 0.87625 1 1 4000 1 5 0.132103840633337 5 1000 23744 5
"1986" "P" 0.004 -0.94875 0.95875 0 1 4000 1 5 0.042124926300671 5 1000 23697 5
"1987" "P" 0.004 -0.12375 0.21625 1 1 4000 1 5 1.53132013317015 5 1000 22662 5
"1988" "P" 0.004 -0.37125 0.67 1 1 4000 1 5 0.400477566597125 5 1000 22984 5
"1989" "P" 0.004 -0.825 0.71125 1 1 4000 1 5 0.340731293541596 5 1000 23536 5
"1990" "P" 0.04 -0.5775 0.46375 1 1 4000 1 5 0.768409665060492 5 1000 24474 5
"1991" "P" 0.004 -0.45375 0.34 0 1 4000 1 5 1.07880966137193 5 1000 23067 5
"1992" "P" 0.004 -0.28875 0.4225 0 1 4000 1 5 0.861565832184908 5 1000 22871 5
"1993" "P" 0.04 -0.28875 0.46375 1 1 4000 1 5 0.768409665060492 5 1000 24124 5
"1994" "P" 0.004 -0.99 0.505 1 1 4000 1 5 0.683196849706777 5 1000 23726 5
"1995" "P" 0.04 -0.04125 0.2575 1 1 4000 1 5 1.35673555887835 5 1000 23814 5
"1996" "P" 0.04 -0.53625 0.05125 1 1 4000 1 5 2.97103966096362 5 1000 24404 5
"1997" "P" 0.04 -0.37125 0.5875 0 1 4000 1 5 0.531879032963823 5 1000 24229 5
"1998" "P" 0.004 -0.37125 0.34 0 1 4000 1 5 1.07880966137193 5 1000 22967 5
"1999" "P" 0.004 -0.9075 0.46375 1 1 4000 1 5 0.768409665060492 5 1000 23624 5
"2000" "P" 0.04 -0.495 0.79375 0 1 4000 1 5 0.230986728775236 5 1000 24389 5
"2001" "P" 0.004 -0.37125 0.5875 0 1 4000 1 5 0.531879032963823 5 1000 22979 5
"2002" "P" 0.004 -0.37125 0.505 0 1 4000 1 5 0.683196849706777 5 1000 22975 5
"2003" "P" 0.04 -0.66 0.505 0 1 4000 1 5 0.683196849706777 5 1000 24575 5
"2004" "P" 0.04 -0.0825 0.2575 1 1 4000 1 5 1.35673555887835 5 1000 23864 5
"2005" "P" 0.004 -0.94875 0.2575 1 1 4000 1 5 1.35673555887835 5 1000 23664 5
"2006" "P" 0.004 -0.20625 0.4225 1 1 4000 1 5 0.861565832184908 5 1000 22772 5
"2007" "P" 0.04 -0.4125 0.05125 0 1 4000 1 5 2.97103966096362 5 1000 24253 5
"2008" "P" 0.004 -0.94875 0.34 0 1 4000 1 5 1.07880966137193 5 1000 23667 5
"2009" "P" 0.004 -0.4125 0.0925 0 1 4000 1 5 2.38054663446376 5 1000 23005 5
"2010" "P" 0.04 -0.4125 0.79375 1 1 4000 1 5 0.230986728775236 5 1000 24290 5
"2011" "P" 0.004 -0.5775 0.67 1 1 4000 1 5 0.400477566597125 5 1000 23234 5
"2012" "P" 0.004 -0.2475 0.7525 0 1 4000 1 5 0.284354282359106 5 1000 22837 5
"2013" "P" 0.004 -0.165 0.67 0 1 4000 1 5 0.400477566597125 5 1000 22733 5
"2014" "P" 0.04 -0.78375 0.79375 0 1 4000 1 5 0.230986728775236 5 1000 24739 5
"2015" "P" 0.04 -0.5775 0.5875 0 1 4000 1 5 0.531879032963823 5 1000 24479 5
"2016" "P" 0.04 -0.94875 0.175 1 1 4000 1 5 1.74296930505862 5 1000 24910 5
"2017" "P" 0.04 -0.28875 0.2575 1 1 4000 1 5 1.35673555887835 5 1000 24114 5
"2018" "P" 0.004 -0.66 0.95875 1 1 4000 1 5 0.042124926300671 5 1000 23348 5
"2019" "P" 0.004 -0.7425 1 0 1 4000 1 5 0 5 1000 23449 5
"2020" "P" 0.04 -0.5775 0.21625 1 1 4000 1 5 1.53132013317015 5 1000 24462 5
"2021" "P" 0.04 -0.61875 0.5875 1 1 4000 1 5 0.531879032963823 5 1000 24530 5
"2022" "P" 0.04 -0.28875 0.46375 0 1 4000 1 5 0.768409665060492 5 1000 24123 5
"2023" "P" 0.004 -0.0825 0.835 1 1 4000 1 5 0.180323554131281 5 1000 22642 5
"2024" "P" 0.004 -0.825 0.46375 1 1 4000 1 5 0.768409665060492 5 1000 23524 5
"2025" "P" 0.04 -0.0825 0.38125 0 1 4000 1 5 0.964299951060516 5 1000 23869 5
"2026" "P" 0.04 -0.9075 0.95875 0 1 4000 1 5 0.042124926300671 5 1000 24897 5
"2027" "P" 0.004 -0.66 0.29875 1 1 4000 1 5 1.20814817573642 5 1000 23316 5
"2028" "P" 0.04 -0.94875 0.38125 1 1 4000 1 5 0.964299951060516 5 1000 24920 5
"2029" "P" 0.04 -0.495 0.4225 0 1 4000 1 5 0.861565832184908 5 1000 24371 5
"2030" "P" 0.04 -0.0825 0.29875 1 1 4000 1 5 1.20814817573642 5 1000 23866 5
"2031" "P" 0.004 -0.4125 0.71125 1 1 4000 1 5 0.340731293541596 5 1000 23036 5
"2032" "P" 0.004 -0.33 0.0925 1 1 4000 1 5 2.38054663446376 5 1000 22906 5
"2033" "P" 0.04 -0.53625 0.4225 1 1 4000 1 5 0.861565832184908 5 1000 24422 5
"2034" "P" 0.004 -0.9075 0.95875 1 1 4000 1 5 0.042124926300671 5 1000 23648 5
"2035" "P" 0.04 -0.2475 0.71125 1 1 4000 1 5 0.340731293541596 5 1000 24086 5
"2036" "P" 0.004 -0.94875 0.62875 0 1 4000 1 5 0.464021557568188 5 1000 23681 5
"2037" "P" 0.04 -0.94875 0.9175 1 1 4000 1 5 0.0861026990534116 5 1000 24946 5
"2038" "P" 0.004 -0.20625 0.9175 0 1 4000 1 5 0.0861026990534116 5 1000 22795 5
"2039" "P" 0.004 -0.7425 0.5875 0 1 4000 1 5 0.531879032963823 5 1000 23429 5
"2040" "P" 0.04 -0.2475 0.505 0 1 4000 1 5 0.683196849706777 5 1000 24075 5
"2041" "P" 0.004 -0.86625 0.29875 0 1 4000 1 5 1.20814817573642 5 1000 23565 5
"2042" "P" 0.04 -0.45375 0.67 1 1 4000 1 5 0.400477566597125 5 1000 24334 5
"2043" "P" 0.004 -0.70125 0.79375 0 1 4000 1 5 0.230986728775236 5 1000 23389 5
"2044" "P" 0.004 -0.45375 0.4225 0 1 4000 1 5 0.861565832184908 5 1000 23071 5
"2045" "P" 0.04 -0.4125 0.7525 0 1 4000 1 5 0.284354282359106 5 1000 24287 5
"2046" "P" 0.004 0 0.21625 1 1 4000 1 5 1.53132013317015 5 1000 22512 5
"2047" "P" 0.004 -0.7425 0.46375 1 1 4000 1 5 0.768409665060492 5 1000 23424 5
"2048" "P" 0.004 -0.7425 0.01 0 1 4000 1 5 4.60517018598809 5 1000 23401 5
"2049" "P" 0.04 -0.9075 0.46375 0 1 4000 1 5 0.768409665060492 5 1000 24873 5
"2050" "P" 0.004 -0.495 0.9175 0 1 4000 1 5 0.0861026990534116 5 1000 23145 5
"2051" "P" 0.004 -0.12375 0.9175 1 1 4000 1 5 0.0861026990534116 5 1000 22696 5
"2052" "P" 0.004 -0.20625 0.9175 1 1 4000 1 5 0.0861026990534116 5 1000 22796 5
"2053" "P" 0.004 -0.825 0.34 0 1 4000 1 5 1.07880966137193 5 1000 23517 5
"2054" "P" 0.004 -0.825 0.38125 0 1 4000 1 5 0.964299951060516 5 1000 23519 5
"2055" "P" 0.004 -0.53625 0.2575 0 1 4000 1 5 1.35673555887835 5 1000 23163 5
"2056" "P" 0.004 -0.20625 0.67 0 1 4000 1 5 0.400477566597125 5 1000 22783 5
"2057" "P" 0.04 -0.53625 0.9175 0 1 4000 1 5 0.0861026990534116 5 1000 24445 5
"2058" "P" 0.004 0 0.79375 1 1 4000 1 5 0.230986728775236 5 1000 22540 5
"2059" "P" 0.004 -0.78375 0.5875 1 1 4000 1 5 0.531879032963823 5 1000 23480 5
"2060" "P" 0.04 -0.825 0.95875 0 1 4000 1 5 0.042124926300671 5 1000 24797 5
"2061" "P" 0.04 -0.70125 0.0925 0 1 4000 1 5 2.38054663446376 5 1000 24605 5
"2062" "P" 0.004 -0.4125 0.4225 0 1 4000 1 5 0.861565832184908 5 1000 23021 5
"2063" "P" 0.004 -0.86625 0.505 0 1 4000 1 5 0.683196849706777 5 1000 23575 5
"2064" "P" 0.04 -0.53625 0.87625 1 1 4000 1 5 0.132103840633337 5 1000 24444 5
"2065" "P" 0.004 -0.2475 0.62875 1 1 4000 1 5 0.464021557568188 5 1000 22832 5
"2066" "P" 0.04 -0.12375 0.9175 1 1 4000 1 5 0.0861026990534116 5 1000 23946 5
"2067" "P" 0.04 -0.66 0.9175 0 1 4000 1 5 0.0861026990534116 5 1000 24595 5
"2068" "P" 0.004 -0.70125 0.67 0 1 4000 1 5 0.400477566597125 5 1000 23383 5
"2069" "P" 0.04 -0.78375 1 1 1 4000 1 5 0 5 1000 24750 5
"2070" "P" 0.04 -0.5775 0.67 1 1 4000 1 5 0.400477566597125 5 1000 24484 5
"2071" "P" 0.04 -0.45375 0.13375 1 1 4000 1 5 2.01178289320602 5 1000 24308 5
"2072" "P" 0.04 -0.53625 0.7525 0 1 4000 1 5 0.284354282359106 5 1000 24437 5
"2073" "P" 0.04 -0.28875 0.95875 1 1 4000 1 5 0.042124926300671 5 1000 24148 5
"2074" "P" 0.004 -0.45375 0.05125 1 1 4000 1 5 2.97103966096362 5 1000 23054 5
"2075" "P" 0.04 -0.5775 0.13375 0 1 4000 1 5 2.01178289320602 5 1000 24457 5
"2076" "P" 0.04 -0.04125 0.62875 1 1 4000 1 5 0.464021557568188 5 1000 23832 5
"2077" "P" 0.04 -0.45375 0.21625 0 1 4000 1 5 1.53132013317015 5 1000 24311 5
"2078" "P" 0.004 -0.825 0.505 0 1 4000 1 5 0.683196849706777 5 1000 23525 5
"2079" "P" 0.04 -0.165 0.175 1 1 4000 1 5 1.74296930505862 5 1000 23960 5
"2080" "P" 0.04 -0.33 0.62875 1 1 4000 1 5 0.464021557568188 5 1000 24182 5
"2081" "P" 0.004 -0.0825 0.87625 1 1 4000 1 5 0.132103840633337 5 1000 22644 5
"2082" "P" 0.004 -0.28875 0.79375 1 1 4000 1 5 0.230986728775236 5 1000 22890 5
"2083" "P" 0.004 -0.04125 0.835 0 1 4000 1 5 0.180323554131281 5 1000 22591 5
"2084" "P" 0.04 -0.61875 0.0925 0 1 4000 1 5 2.38054663446376 5 1000 24505 5
"2085" "P" 0.04 -0.0825 0.67 0 1 4000 1 5 0.400477566597125 5 1000 23883 5
"2086" "P" 0.004 -0.66 0.2575 1 1 4000 1 5 1.35673555887835 5 1000 23314 5
"2087" "P" 0.004 -0.165 0.13375 0 1 4000 1 5 2.01178289320602 5 1000 22707 5
"2088" "P" 0.04 -0.94875 0.505 0 1 4000 1 5 0.683196849706777 5 1000 24925 5
"2089" "P" 0.04 -0.86625 1 0 1 4000 1 5 0 5 1000 24849 5
"2090" "P" 0.04 -0.20625 0.9175 1 1 4000 1 5 0.0861026990534116 5 1000 24046 5
"2091" "P" 0.04 -0.99 0.505 1 1 4000 1 5 0.683196849706777 5 1000 24976 5
"2092" "P" 0.04 -0.70125 1 0 1 4000 1 5 0 5 1000 24649 5
"2093" "P" 0.04 0 0.2575 1 1 4000 1 5 1.35673555887835 5 1000 23764 5
"2094" "P" 0.04 -0.20625 0.01 0 1 4000 1 5 4.60517018598809 5 1000 24001 5
"2095" "P" 0.04 -0.4125 0.835 0 1 4000 1 5 0.180323554131281 5 1000 24291 5
"2096" "P" 0.004 -0.94875 0.505 1 1 4000 1 5 0.683196849706777 5 1000 23676 5
"2097" "P" 0.004 -0.04125 0.505 0 1 4000 1 5 0.683196849706777 5 1000 22575 5
"2098" "P" 0.004 -0.70125 0.13375 1 1 4000 1 5 2.01178289320602 5 1000 23358 5
"2099" "P" 0.004 -0.04125 0.54625 1 1 4000 1 5 0.604678532572337 5 1000 22578 5
"2100" "P" 0.04 -0.66 0.54625 0 1 4000 1 5 0.604678532572337 5 1000 24577 5
"2101" "P" 0.04 -0.70125 0.05125 1 1 4000 1 5 2.97103966096362 5 1000 24604 5
"2102" "P" 0.004 -0.20625 0.13375 1 1 4000 1 5 2.01178289320602 5 1000 22758 5
"2103" "P" 0.004 -0.5775 0.54625 0 1 4000 1 5 0.604678532572337 5 1000 23227 5
"2104" "P" 0.04 -0.78375 0.67 1 1 4000 1 5 0.400477566597125 5 1000 24734 5
"2105" "P" 0.004 -0.04125 0.9175 1 1 4000 1 5 0.0861026990534116 5 1000 22596 5
"2106" "P" 0.04 -0.4125 0.79375 0 1 4000 1 5 0.230986728775236 5 1000 24289 5
"2107" "P" 0.04 -0.86625 0.05125 0 1 4000 1 5 2.97103966096362 5 1000 24803 5
"2108" "P" 0.004 -0.165 0.71125 1 1 4000 1 5 0.340731293541596 5 1000 22736 5
"2109" "P" 0.04 -0.28875 0.835 1 1 4000 1 5 0.180323554131281 5 1000 24142 5
"2110" "P" 0.004 -0.4125 0.67 1 1 4000 1 5 0.400477566597125 5 1000 23034 5
"2111" "P" 0.04 -0.61875 1 0 1 4000 1 5 0 5 1000 24549 5
"2112" "P" 0.04 -0.94875 0.46375 1 1 4000 1 5 0.768409665060492 5 1000 24924 5
"2113" "P" 0.004 -0.0825 0.38125 0 1 4000 1 5 0.964299951060516 5 1000 22619 5
"2114" "P" 0.004 -0.66 0.505 0 1 4000 1 5 0.683196849706777 5 1000 23325 5
"2115" "P" 0.04 -0.0825 0.7525 0 1 4000 1 5 0.284354282359106 5 1000 23887 5
"2116" "P" 0.004 -0.12375 1 0 1 4000 1 5 0 5 1000 22699 5
"2117" "P" 0.004 -0.825 0.2575 1 1 4000 1 5 1.35673555887835 5 1000 23514 5
"2118" "P" 0.004 0 0.835 1 1 4000 1 5 0.180323554131281 5 1000 22542 5
"2119" "P" 0.04 -0.5775 0.62875 1 1 4000 1 5 0.464021557568188 5 1000 24482 5
"2120" "P" 0.004 -0.53625 0.34 0 1 4000 1 5 1.07880966137193 5 1000 23167 5
"2121" "P" 0.004 -0.9075 0.05125 0 1 4000 1 5 2.97103966096362 5 1000 23603 5
"2122" "P" 0.004 -0.86625 0.5875 0 1 4000 1 5 0.531879032963823 5 1000 23579 5
"2123" "P" 0.004 -0.86625 0.505 1 1 4000 1 5 0.683196849706777 5 1000 23576 5
"2124" "P" 0.004 -0.37125 0.79375 1 1 4000 1 5 0.230986728775236 5 1000 22990 5
"2125" "P" 0.04 -0.53625 0.34 0 1 4000 1 5 1.07880966137193 5 1000 24417 5
"2126" "P" 0.04 -0.33 0.835 0 1 4000 1 5 0.180323554131281 5 1000 24191 5
"2127" "P" 0.04 -0.99 0.62875 0 1 4000 1 5 0.464021557568188 5 1000 24981 5
"2128" "P" 0.004 0 0.46375 0 1 4000 1 5 0.768409665060492 5 1000 22523 5
"2129" "P" 0.004 -0.0825 0.21625 1 1 4000 1 5 1.53132013317015 5 1000 22612 5
"2130" "P" 0.04 -0.04125 0.01 1 1 4000 1 5 4.60517018598809 5 1000 23802 5
"2131" "P" 0.004 -0.28875 0.67 0 1 4000 1 5 0.400477566597125 5 1000 22883 5
"2132" "P" 0.04 -0.99 0.175 1 1 4000 1 5 1.74296930505862 5 1000 24960 5
"2133" "P" 0.004 -0.7425 0.0925 0 1 4000 1 5 2.38054663446376 5 1000 23405 5
"2134" "P" 0.04 -0.20625 1 0 1 4000 1 5 0 5 1000 24049 5
"2135" "P" 0.04 -0.9075 0.2575 0 1 4000 1 5 1.35673555887835 5 1000 24863 5
"2136" "P" 0.004 -0.99 0.38125 0 1 4000 1 5 0.964299951060516 5 1000 23719 5
"2137" "P" 0.004 -0.5775 0.29875 1 1 4000 1 5 1.20814817573642 5 1000 23216 5
"2138" "P" 0.04 -0.37125 0.29875 1 1 4000 1 5 1.20814817573642 5 1000 24216 5
"2139" "P" 0.004 -0.99 0.0925 0 1 4000 1 5 2.38054663446376 5 1000 23705 5
"2140" "P" 0.04 -0.28875 0.79375 1 1 4000 1 5 0.230986728775236 5 1000 24140 5
"2141" "P" 0.004 -0.2475 0.4225 1 1 4000 1 5 0.861565832184908 5 1000 22822 5
"2142" "P" 0.04 -0.4125 1 0 1 4000 1 5 0 5 1000 24299 5
"2143" "P" 0.04 -0.61875 0.0925 1 1 4000 1 5 2.38054663446376 5 1000 24506 5
"2144" "P" 0.04 -0.9075 0.71125 1 1 4000 1 5 0.340731293541596 5 1000 24886 5
"2145" "P" 0.004 -0.78375 0.7525 0 1 4000 1 5 0.284354282359106 5 1000 23487 5
"2146" "P" 0.04 -0.33 0.505 1 1 4000 1 5 0.683196849706777 5 1000 24176 5
"2147" "P" 0.004 -0.20625 0.835 0 1 4000 1 5 0.180323554131281 5 1000 22791 5
"2148" "P" 0.004 -0.94875 1 1 1 4000 1 5 0 5 1000 23700 5
"2149" "P" 0.04 -0.70125 0.54625 0 1 4000 1 5 0.604678532572337 5 1000 24627 5
"2150" "P" 0.004 -0.7425 0.05125 0 1 4000 1 5 2.97103966096362 5 1000 23403 5
"2151" "P" 0.04 -0.37125 0.2575 0 1 4000 1 5 1.35673555887835 5 1000 24213 5
"2152" "P" 0.04 -0.0825 0.175 0 1 4000 1 5 1.74296930505862 5 1000 23859 5
"2153" "P" 0.004 -0.37125 0.7525 0 1 4000 1 5 0.284354282359106 5 1000 22987 5
"2154" "P" 0.004 -0.0825 0.7525 1 1 4000 1 5 0.284354282359106 5 1000 22638 5
"2155" "P" 0.04 -0.5775 0.05125 0 1 4000 1 5 2.97103966096362 5 1000 24453 5
"2156" "P" 0.04 0 0.175 0 1 4000 1 5 1.74296930505862 5 1000 23759 5
"2157" "P" 0.04 -0.12375 0.54625 1 1 4000 1 5 0.604678532572337 5 1000 23928 5
"2158" "P" 0.04 -0.37125 0.95875 0 1 4000 1 5 0.042124926300671 5 1000 24247 5
"2159" "P" 0.04 -0.165 0.4225 0 1 4000 1 5 0.861565832184908 5 1000 23971 5
"2160" "P" 0.04 -0.78375 0.2575 1 1 4000 1 5 1.35673555887835 5 1000 24714 5
"2161" "P" 0.04 -0.5775 0.7525 1 1 4000 1 5 0.284354282359106 5 1000 24488 5
"2162" "P" 0.04 -0.20625 0.95875 1 1 4000 1 5 0.042124926300671 5 1000 24048 5
"2163" "P" 0.04 -0.04125 0.7525 1 1 4000 1 5 0.284354282359106 5 1000 23838 5
"2164" "P" 0.04 -0.0825 0.79375 1 1 4000 1 5 0.230986728775236 5 1000 23890 5
"2165" "P" 0.04 0 0.87625 1 1 4000 1 5 0.132103840633337 5 1000 23794 5
"2166" "P" 0.004 -0.70125 0.5875 0 1 4000 1 5 0.531879032963823 5 1000 23379 5
"2167" "P" 0.04 -0.12375 0.01 1 1 4000 1 5 4.60517018598809 5 1000 23902 5
"2168" "P" 0.004 -0.2475 0.29875 1 1 4000 1 5 1.20814817573642 5 1000 22816 5
"2169" "P" 0.04 -0.04125 0.01 0 1 4000 1 5 4.60517018598809 5 1000 23801 5
"2170" "P" 0.04 -0.99 0.01 1 1 4000 1 5 4.60517018598809 5 1000 24952 5
"2171" "P" 0.004 -0.20625 0.2575 1 1 4000 1 5 1.35673555887835 5 1000 22764 5
"2172" "P" 0.04 -0.825 0.835 1 1 4000 1 5 0.180323554131281 5 1000 24792 5
"2173" "P" 0.04 -0.04125 0.835 0 1 4000 1 5 0.180323554131281 5 1000 23841 5
"2174" "P" 0.04 -0.7425 0.175 1 1 4000 1 5 1.74296930505862 5 1000 24660 5
"2175" "P" 0.004 -0.37125 0.0925 0 1 4000 1 5 2.38054663446376 5 1000 22955 5
"2176" "P" 0.04 -0.7425 0.62875 0 1 4000 1 5 0.464021557568188 5 1000 24681 5
"2177" "P" 0.004 -0.78375 0.38125 1 1 4000 1 5 0.964299951060516 5 1000 23470 5
"2178" "P" 0.04 -0.94875 0.46375 0 1 4000 1 5 0.768409665060492 5 1000 24923 5
"2179" "P" 0.004 -0.61875 0.95875 0 1 4000 1 5 0.042124926300671 5 1000 23297 5
"2180" "P" 0.04 -0.66 0.71125 1 1 4000 1 5 0.340731293541596 5 1000 24586 5
"2181" "P" 0.004 -0.70125 0.54625 1 1 4000 1 5 0.604678532572337 5 1000 23378 5
"2182" "P" 0.004 -0.66 0.46375 1 1 4000 1 5 0.768409665060492 5 1000 23324 5
"2183" "P" 0.004 -0.94875 0.21625 1 1 4000 1 5 1.53132013317015 5 1000 23662 5
"2184" "P" 0.04 -0.37125 0.46375 0 1 4000 1 5 0.768409665060492 5 1000 24223 5
"2185" "P" 0.004 -0.04125 0.0925 0 1 4000 1 5 2.38054663446376 5 1000 22555 5
"2186" "P" 0.004 -0.04125 0.5875 1 1 4000 1 5 0.531879032963823 5 1000 22580 5
"2187" "P" 0.04 -0.165 0.835 1 1 4000 1 5 0.180323554131281 5 1000 23992 5
"2188" "P" 0.04 -0.86625 0.34 0 1 4000 1 5 1.07880966137193 5 1000 24817 5
"2189" "P" 0.004 -0.20625 1 1 1 4000 1 5 0 5 1000 22800 5
"2190" "P" 0.04 -0.165 0.29875 0 1 4000 1 5 1.20814817573642 5 1000 23965 5
"2191" "P" 0.004 -0.45375 0.5875 0 1 4000 1 5 0.531879032963823 5 1000 23079 5
"2192" "P" 0.04 -0.99 0.05125 0 1 4000 1 5 2.97103966096362 5 1000 24953 5
"2193" "P" 0.04 -0.20625 0.71125 0 1 4000 1 5 0.340731293541596 5 1000 24035 5
"2194" "P" 0.04 -0.5775 0.175 1 1 4000 1 5 1.74296930505862 5 1000 24460 5
"2195" "P" 0.004 -0.5775 0.21625 1 1 4000 1 5 1.53132013317015 5 1000 23212 5
"2196" "P" 0.04 -0.20625 0.34 1 1 4000 1 5 1.07880966137193 5 1000 24018 5
"2197" "P" 0.04 -0.66 0.79375 0 1 4000 1 5 0.230986728775236 5 1000 24589 5
"2198" "P" 0.04 0 0.4225 1 1 4000 1 5 0.861565832184908 5 1000 23772 5
"2199" "P" 0.004 -0.61875 0.01 1 1 4000 1 5 4.60517018598809 5 1000 23252 5
"2200" "P" 0.04 -0.28875 0.5875 0 1 4000 1 5 0.531879032963823 5 1000 24129 5
"2201" "P" 0.004 -0.12375 0.79375 1 1 4000 1 5 0.230986728775236 5 1000 22690 5
"2202" "P" 0.04 -0.825 0.87625 0 1 4000 1 5 0.132103840633337 5 1000 24793 5
"2203" "P" 0.04 -0.4125 0.54625 1 1 4000 1 5 0.604678532572337 5 1000 24278 5
"2204" "P" 0.004 -0.66 0.01 0 1 4000 1 5 4.60517018598809 5 1000 23301 5
"2205" "P" 0.04 -0.2475 0.67 1 1 4000 1 5 0.400477566597125 5 1000 24084 5
"2206" "P" 0.004 -0.20625 0.01 0 1 4000 1 5 4.60517018598809 5 1000 22751 5
"2207" "P" 0.04 -0.86625 0.71125 1 1 4000 1 5 0.340731293541596 5 1000 24836 5
"2208" "P" 0.004 -0.66 1 1 1 4000 1 5 0 5 1000 23350 5
"2209" "P" 0.004 -0.825 0.5875 0 1 4000 1 5 0.531879032963823 5 1000 23529 5
"2210" "P" 0.04 -0.0825 0.79375 0 1 4000 1 5 0.230986728775236 5 1000 23889 5
"2211" "P" 0.04 0 0.13375 1 1 4000 1 5 2.01178289320602 5 1000 23758 5
"2212" "P" 0.04 -0.61875 0.01 0 1 4000 1 5 4.60517018598809 5 1000 24501 5
"2213" "P" 0.004 -0.70125 0.38125 1 1 4000 1 5 0.964299951060516 5 1000 23370 5
"2214" "P" 0.004 -0.5775 0.13375 1 1 4000 1 5 2.01178289320602 5 1000 23208 5
"2215" "P" 0.004 -0.5775 0.835 1 1 4000 1 5 0.180323554131281 5 1000 23242 5
"2216" "P" 0.004 -0.86625 0.05125 1 1 4000 1 5 2.97103966096362 5 1000 23554 5
"2217" "P" 0.004 -0.0825 0.5875 1 1 4000 1 5 0.531879032963823 5 1000 22630 5
"2218" "P" 0.04 -0.99 0.5875 0 1 4000 1 5 0.531879032963823 5 1000 24979 5
"2219" "P" 0.04 -0.20625 0.87625 1 1 4000 1 5 0.132103840633337 5 1000 24044 5
"2220" "P" 0.004 -0.53625 0.05125 0 1 4000 1 5 2.97103966096362 5 1000 23153 5
"2221" "P" 0.04 -0.2475 1 1 1 4000 1 5 0 5 1000 24100 5
"2222" "P" 0.004 -0.7425 0.34 1 1 4000 1 5 1.07880966137193 5 1000 23418 5
"2223" "P" 0.04 -0.33 0.46375 1 1 4000 1 5 0.768409665060492 5 1000 24174 5
"2224" "P" 0.04 -0.9075 0.01 1 1 4000 1 5 4.60517018598809 5 1000 24852 5
"2225" "P" 0.04 -0.495 0.505 0 1 4000 1 5 0.683196849706777 5 1000 24375 5
"2226" "P" 0.04 -0.86625 0.95875 0 1 4000 1 5 0.042124926300671 5 1000 24847 5
"2227" "P" 0.004 -0.78375 0.62875 0 1 4000 1 5 0.464021557568188 5 1000 23481 5
"2228" "P" 0.004 -0.7425 0.13375 0 1 4000 1 5 2.01178289320602 5 1000 23407 5
"2229" "P" 0.004 -0.825 0.7525 0 1 4000 1 5 0.284354282359106 5 1000 23537 5
"2230" "P" 0.04 -0.2475 0.46375 1 1 4000 1 5 0.768409665060492 5 1000 24074 5
"2231" "P" 0.04 -0.2475 0.175 0 1 4000 1 5 1.74296930505862 5 1000 24059 5
"2232" "P" 0.04 -0.12375 0.38125 0 1 4000 1 5 0.964299951060516 5 1000 23919 5
"2233" "P" 0.04 -0.12375 0.21625 0 1 4000 1 5 1.53132013317015 5 1000 23911 5
"2234" "P" 0.004 -0.12375 0.5875 1 1 4000 1 5 0.531879032963823 5 1000 22680 5
"2235" "P" 0.004 -0.495 0.95875 1 1 4000 1 5 0.042124926300671 5 1000 23148 5
"2236" "P" 0.004 -0.165 0.7525 0 1 4000 1 5 0.284354282359106 5 1000 22737 5
"2237" "P" 0.004 -0.61875 0.34 1 1 4000 1 5 1.07880966137193 5 1000 23268 5
"2238" "P" 0.004 -0.70125 0.79375 1 1 4000 1 5 0.230986728775236 5 1000 23390 5
"2239" "P" 0.04 -0.165 0.05125 0 1 4000 1 5 2.97103966096362 5 1000 23953 5
"2240" "P" 0.04 -0.86625 0.01 0 1 4000 1 5 4.60517018598809 5 1000 24801 5
"2241" "P" 0.004 0 0.54625 1 1 4000 1 5 0.604678532572337 5 1000 22528 5
"2242" "P" 0.04 -0.165 0.67 0 1 4000 1 5 0.400477566597125 5 1000 23983 5
"2243" "P" 0.004 -0.4125 0.13375 0 1 4000 1 5 2.01178289320602 5 1000 23007 5
"2244" "P" 0.04 -0.78375 0.0925 0 1 4000 1 5 2.38054663446376 5 1000 24705 5
"2245" "P" 0.004 -0.37125 0.46375 0 1 4000 1 5 0.768409665060492 5 1000 22973 5
"2246" "P" 0.04 -0.5775 0.95875 1 1 4000 1 5 0.042124926300671 5 1000 24498 5
"2247" "P" 0.004 -0.12375 0.01 0 1 4000 1 5 4.60517018598809 5 1000 22651 5
"2248" "P" 0.04 -0.45375 0.0925 1 1 4000 1 5 2.38054663446376 5 1000 24306 5
"2249" "P" 0.004 -0.825 0.175 1 1 4000 1 5 1.74296930505862 5 1000 23510 5
"2250" "P" 0.04 -0.61875 0.29875 1 1 4000 1 5 1.20814817573642 5 1000 24516 5
"2251" "P" 0.04 -0.78375 0.62875 0 1 4000 1 5 0.464021557568188 5 1000 24731 5
"2252" "P" 0.004 -0.37125 0.2575 0 1 4000 1 5 1.35673555887835 5 1000 22963 5
"2253" "P" 0.04 -0.7425 0.835 1 1 4000 1 5 0.180323554131281 5 1000 24692 5
"2254" "P" 0.04 -0.45375 0.175 1 1 4000 1 5 1.74296930505862 5 1000 24310 5
"2255" "P" 0.004 -0.70125 0.505 1 1 4000 1 5 0.683196849706777 5 1000 23376 5
"2256" "P" 0.04 -0.99 0.7525 1 1 4000 1 5 0.284354282359106 5 1000 24988 5
"2257" "P" 0.04 -0.86625 0.29875 0 1 4000 1 5 1.20814817573642 5 1000 24815 5
"2258" "P" 0.04 -0.37125 0.95875 1 1 4000 1 5 0.042124926300671 5 1000 24248 5
"2259" "P" 0.04 -0.28875 0.21625 0 1 4000 1 5 1.53132013317015 5 1000 24111 5
"2260" "P" 0.004 -0.165 0.21625 1 1 4000 1 5 1.53132013317015 5 1000 22712 5
"2261" "P" 0.04 -0.4125 0.95875 1 1 4000 1 5 0.042124926300671 5 1000 24298 5
"2262" "P" 0.004 -0.94875 0.01 1 1 4000 1 5 4.60517018598809 5 1000 23652 5
"2263" "P" 0.04 -0.66 0.835 1 1 4000 1 5 0.180323554131281 5 1000 24592 5
"2264" "P" 0.004 -0.37125 0.54625 0 1 4000 1 5 0.604678532572337 5 1000 22977 5
"2265" "P" 0.04 -0.0825 0.46375 1 1 4000 1 5 0.768409665060492 5 1000 23874 5
"2266" "P" 0.004 0 0.79375 0 1 4000 1 5 0.230986728775236 5 1000 22539 5
"2267" "P" 0.04 -0.12375 0.2575 0 1 4000 1 5 1.35673555887835 5 1000 23913 5
"2268" "P" 0.004 -0.28875 0.01 0 1 4000 1 5 4.60517018598809 5 1000 22851 5
"2269" "P" 0.004 -0.66 0.71125 1 1 4000 1 5 0.340731293541596 5 1000 23336 5
"2270" "P" 0.04 -0.825 0.835 0 1 4000 1 5 0.180323554131281 5 1000 24791 5
"2271" "P" 0.004 -0.37125 0.62875 0 1 4000 1 5 0.464021557568188 5 1000 22981 5
"2272" "P" 0.004 -0.45375 0.62875 0 1 4000 1 5 0.464021557568188 5 1000 23081 5
"2273" "P" 0.004 -0.0825 0.54625 1 1 4000 1 5 0.604678532572337 5 1000 22628 5
"2274" "P" 0.004 -0.2475 0.62875 0 1 4000 1 5 0.464021557568188 5 1000 22831 5
"2275" "P" 0.04 -0.99 0.13375 0 1 4000 1 5 2.01178289320602 5 1000 24957 5
"2276" "P" 0.004 -0.20625 0.835 1 1 4000 1 5 0.180323554131281 5 1000 22792 5
"2277" "P" 0.04 -0.12375 0.67 1 1 4000 1 5 0.400477566597125 5 1000 23934 5
"2278" "P" 0.04 -0.53625 0.175 0 1 4000 1 5 1.74296930505862 5 1000 24409 5
"2279" "P" 0.004 -0.165 0.5875 1 1 4000 1 5 0.531879032963823 5 1000 22730 5
"2280" "P" 0.04 -0.78375 0.54625 0 1 4000 1 5 0.604678532572337 5 1000 24727 5
"2281" "P" 0.04 -0.2475 0.505 1 1 4000 1 5 0.683196849706777 5 1000 24076 5
"2282" "P" 0.04 -0.0825 0.0925 0 1 4000 1 5 2.38054663446376 5 1000 23855 5
"2283" "P" 0.004 -0.94875 0.71125 0 1 4000 1 5 0.340731293541596 5 1000 23685 5
"2284" "P" 0.04 -0.66 0.4225 0 1 4000 1 5 0.861565832184908 5 1000 24571 5
"2285" "P" 0.04 -0.61875 0.835 0 1 4000 1 5 0.180323554131281 5 1000 24541 5
"2286" "P" 0.04 -0.0825 0.95875 1 1 4000 1 5 0.042124926300671 5 1000 23898 5
"2287" "P" 0.004 -0.28875 0.505 1 1 4000 1 5 0.683196849706777 5 1000 22876 5
"2288" "P" 0.04 -0.2475 0.21625 0 1 4000 1 5 1.53132013317015 5 1000 24061 5
"2289" "P" 0.004 -0.37125 0.95875 1 1 4000 1 5 0.042124926300671 5 1000 22998 5
"2290" "P" 0.04 -0.4125 0.01 1 1 4000 1 5 4.60517018598809 5 1000 24252 5
"2291" "P" 0.004 -0.2475 0.95875 0 1 4000 1 5 0.042124926300671 5 1000 22847 5
"2292" "P" 0.04 -0.495 1 0 1 4000 1 5 0 5 1000 24399 5
"2293" "P" 0.004 -0.825 0.67 0 1 4000 1 5 0.400477566597125 5 1000 23533 5
"2294" "P" 0.004 -0.495 0.2575 0 1 4000 1 5 1.35673555887835 5 1000 23113 5
"2295" "P" 0.004 -0.165 0.54625 1 1 4000 1 5 0.604678532572337 5 1000 22728 5
"2296" "P" 0.04 -0.2475 0.29875 1 1 4000 1 5 1.20814817573642 5 1000 24066 5
"2297" "P" 0.004 -0.20625 0.54625 1 1 4000 1 5 0.604678532572337 5 1000 22778 5
"2298" "P" 0.004 0 0.34 1 1 4000 1 5 1.07880966137193 5 1000 22518 5
"2299" "P" 0.04 -0.4125 0.7525 1 1 4000 1 5 0.284354282359106 5 1000 24288 5
"2300" "P" 0.004 -0.53625 0.0925 0 1 4000 1 5 2.38054663446376 5 1000 23155 5
"2301" "P" 0.04 -0.04125 0.79375 1 1 4000 1 5 0.230986728775236 5 1000 23840 5
"2302" "P" 0.04 -0.66 0.175 1 1 4000 1 5 1.74296930505862 5 1000 24560 5
"2303" "P" 0.004 -0.33 0.38125 1 1 4000 1 5 0.964299951060516 5 1000 22920 5
"2304" "P" 0.04 -0.9075 0.67 0 1 4000 1 5 0.400477566597125 5 1000 24883 5
"2305" "P" 0.004 -0.7425 0.9175 1 1 4000 1 5 0.0861026990534116 5 1000 23446 5
"2306" "P" 0.004 -0.45375 0.54625 1 1 4000 1 5 0.604678532572337 5 1000 23078 5
"2307" "P" 0.04 -0.66 0.0925 1 1 4000 1 5 2.38054663446376 5 1000 24556 5
"2308" "P" 0.004 -0.2475 0.79375 1 1 4000 1 5 0.230986728775236 5 1000 22840 5
"2309" "P" 0.04 -0.04125 0.67 1 1 4000 1 5 0.400477566597125 5 1000 23834 5
"2310" "P" 0.004 -0.37125 0.01 1 1 4000 1 5 4.60517018598809 5 1000 22952 5
"2311" "P" 0.004 -0.28875 0.71125 0 1 4000 1 5 0.340731293541596 5 1000 22885 5
"2312" "P" 0.04 -0.28875 0.79375 0 1 4000 1 5 0.230986728775236 5 1000 24139 5
"2313" "P" 0.04 -0.61875 0.38125 1 1 4000 1 5 0.964299951060516 5 1000 24520 5
"2314" "P" 0.04 -0.70125 0.01 0 1 4000 1 5 4.60517018598809 5 1000 24601 5
"2315" "P" 0.04 -0.70125 0.21625 1 1 4000 1 5 1.53132013317015 5 1000 24612 5
"2316" "P" 0.004 -0.4125 0.34 0 1 4000 1 5 1.07880966137193 5 1000 23017 5
"2317" "P" 0.004 -0.45375 0.62875 1 1 4000 1 5 0.464021557568188 5 1000 23082 5
"2318" "P" 0.004 -0.99 0.05125 1 1 4000 1 5 2.97103966096362 5 1000 23704 5
"2319" "P" 0.04 -0.28875 0.62875 1 1 4000 1 5 0.464021557568188 5 1000 24132 5
"2320" "P" 0.04 -0.33 0.38125 0 1 4000 1 5 0.964299951060516 5 1000 24169 5
"2321" "P" 0.04 -0.04125 0.95875 0 1 4000 1 5 0.042124926300671 5 1000 23847 5
"2322" "P" 0.04 -0.20625 0.46375 0 1 4000 1 5 0.768409665060492 5 1000 24023 5
"2323" "P" 0.04 -0.12375 0.79375 1 1 4000 1 5 0.230986728775236 5 1000 23940 5
"2324" "P" 0.04 -0.12375 0.71125 0 1 4000 1 5 0.340731293541596 5 1000 23935 5
"2325" "P" 0.004 -0.99 0.4225 1 1 4000 1 5 0.861565832184908 5 1000 23722 5
"2326" "P" 0.004 -0.45375 0.67 0 1 4000 1 5 0.400477566597125 5 1000 23083 5
"2327" "P" 0.04 -0.28875 0.95875 0 1 4000 1 5 0.042124926300671 5 1000 24147 5
"2328" "P" 0.04 -0.825 0.9175 1 1 4000 1 5 0.0861026990534116 5 1000 24796 5
"2329" "P" 0.004 -0.61875 0.4225 0 1 4000 1 5 0.861565832184908 5 1000 23271 5
"2330" "P" 0.004 -0.28875 0.62875 1 1 4000 1 5 0.464021557568188 5 1000 22882 5
"2331" "P" 0.04 -0.28875 0.0925 0 1 4000 1 5 2.38054663446376 5 1000 24105 5
"2332" "P" 0.04 -0.7425 0.01 1 1 4000 1 5 4.60517018598809 5 1000 24652 5
"2333" "P" 0.04 -0.9075 0.95875 1 1 4000 1 5 0.042124926300671 5 1000 24898 5
"2334" "P" 0.04 -0.66 0.38125 0 1 4000 1 5 0.964299951060516 5 1000 24569 5
"2335" "P" 0.004 -0.86625 0.9175 1 1 4000 1 5 0.0861026990534116 5 1000 23596 5
"2336" "P" 0.04 -0.5775 0.54625 0 1 4000 1 5 0.604678532572337 5 1000 24477 5
"2337" "P" 0.004 -0.53625 1 0 1 4000 1 5 0 5 1000 23199 5
"2338" "P" 0.04 -0.66 0.54625 1 1 4000 1 5 0.604678532572337 5 1000 24578 5
"2339" "P" 0.04 -0.33 1 1 1 4000 1 5 0 5 1000 24200 5
"2340" "P" 0.004 -0.04125 0.13375 0 1 4000 1 5 2.01178289320602 5 1000 22557 5
"2341" "P" 0.04 -0.78375 0.5875 1 1 4000 1 5 0.531879032963823 5 1000 24730 5
"2342" "P" 0.04 -0.7425 0.05125 1 1 4000 1 5 2.97103966096362 5 1000 24654 5
"2343" "P" 0.04 -0.20625 0.29875 0 1 4000 1 5 1.20814817573642 5 1000 24015 5
"2344" "P" 0.04 -0.99 1 1 1 4000 1 5 0 5 1000 25000 5
"2345" "P" 0.004 -0.99 0.2575 1 1 4000 1 5 1.35673555887835 5 1000 23714 5
"2346" "P" 0.004 -0.495 0.87625 1 1 4000 1 5 0.132103840633337 5 1000 23144 5
"2347" "P" 0.04 -0.9075 0.67 1 1 4000 1 5 0.400477566597125 5 1000 24884 5
"2348" "P" 0.004 -0.825 0.505 1 1 4000 1 5 0.683196849706777 5 1000 23526 5
"2349" "P" 0.004 -0.20625 0.175 0 1 4000 1 5 1.74296930505862 5 1000 22759 5
"2350" "P" 0.04 -0.28875 1 1 1 4000 1 5 0 5 1000 24150 5
"2351" "P" 0.004 -0.2475 0.2575 0 1 4000 1 5 1.35673555887835 5 1000 22813 5
"2352" "P" 0.004 -0.61875 0.9175 1 1 4000 1 5 0.0861026990534116 5 1000 23296 5
"2353" "P" 0.004 -0.0825 0.21625 0 1 4000 1 5 1.53132013317015 5 1000 22611 5
"2354" "P" 0.004 -0.53625 0.87625 0 1 4000 1 5 0.132103840633337 5 1000 23193 5
"2355" "P" 0.004 -0.495 0.505 0 1 4000 1 5 0.683196849706777 5 1000 23125 5
"2356" "P" 0.04 -0.2475 0.71125 0 1 4000 1 5 0.340731293541596 5 1000 24085 5
"2357" "P" 0.04 -0.7425 0.9175 1 1 4000 1 5 0.0861026990534116 5 1000 24696 5
"2358" "P" 0.04 -0.61875 0.2575 1 1 4000 1 5 1.35673555887835 5 1000 24514 5
"2359" "P" 0.004 -0.12375 0.7525 1 1 4000 1 5 0.284354282359106 5 1000 22688 5
"2360" "P" 0.004 -0.5775 0.62875 1 1 4000 1 5 0.464021557568188 5 1000 23232 5
"2361" "P" 0.04 -0.53625 0.2575 0 1 4000 1 5 1.35673555887835 5 1000 24413 5
"2362" "P" 0.04 -0.86625 0.54625 1 1 4000 1 5 0.604678532572337 5 1000 24828 5
"2363" "P" 0.04 -0.45375 0.835 0 1 4000 1 5 0.180323554131281 5 1000 24341 5
"2364" "P" 0.04 0 0.835 0 1 4000 1 5 0.180323554131281 5 1000 23791 5
"2365" "P" 0.004 -0.78375 0.05125 1 1 4000 1 5 2.97103966096362 5 1000 23454 5
"2366" "P" 0.04 -0.33 0.79375 0 1 4000 1 5 0.230986728775236 5 1000 24189 5
"2367" "P" 0.004 -0.99 0.5875 1 1 4000 1 5 0.531879032963823 5 1000 23730 5
"2368" "P" 0.04 -0.4125 0.34 0 1 4000 1 5 1.07880966137193 5 1000 24267 5
"2369" "P" 0.04 -0.70125 0.87625 0 1 4000 1 5 0.132103840633337 5 1000 24643 5
"2370" "P" 0.004 -0.9075 0.54625 1 1 4000 1 5 0.604678532572337 5 1000 23628 5
"2371" "P" 0.04 -0.5775 0.38125 0 1 4000 1 5 0.964299951060516 5 1000 24469 5
"2372" "P" 0.04 -0.0825 0.2575 0 1 4000 1 5 1.35673555887835 5 1000 23863 5
"2373" "P" 0.04 -0.495 0.38125 0 1 4000 1 5 0.964299951060516 5 1000 24369 5
"2374" "P" 0.004 -0.45375 0.175 1 1 4000 1 5 1.74296930505862 5 1000 23060 5
"2375" "P" 0.04 -0.9075 0.54625 1 1 4000 1 5 0.604678532572337 5 1000 24878 5
"2376" "P" 0.004 -0.04125 0.2575 0 1 4000 1 5 1.35673555887835 5 1000 22563 5
"2377" "P" 0.004 -0.53625 0.71125 0 1 4000 1 5 0.340731293541596 5 1000 23185 5
"2378" "P" 0.04 -0.165 0.05125 1 1 4000 1 5 2.97103966096362 5 1000 23954 5
"2379" "P" 0.04 -0.20625 0.13375 0 1 4000 1 5 2.01178289320602 5 1000 24007 5
"2380" "P" 0.004 -0.20625 0.38125 0 1 4000 1 5 0.964299951060516 5 1000 22769 5
"2381" "P" 0.004 -0.495 0.175 1 1 4000 1 5 1.74296930505862 5 1000 23110 5
"2382" "P" 0.004 -0.94875 0.79375 1 1 4000 1 5 0.230986728775236 5 1000 23690 5
"2383" "P" 0.004 -0.495 0.79375 1 1 4000 1 5 0.230986728775236 5 1000 23140 5
"2384" "P" 0.004 -0.66 0.79375 0 1 4000 1 5 0.230986728775236 5 1000 23339 5
"2385" "P" 0.04 -0.28875 0.67 0 1 4000 1 5 0.400477566597125 5 1000 24133 5
"2386" "P" 0.004 -0.825 0.21625 1 1 4000 1 5 1.53132013317015 5 1000 23512 5
"2387" "P" 0.004 -0.12375 0.95875 1 1 4000 1 5 0.042124926300671 5 1000 22698 5
"2388" "P" 0.004 -0.45375 0.87625 1 1 4000 1 5 0.132103840633337 5 1000 23094 5
"2389" "P" 0.04 -0.70125 0.29875 1 1 4000 1 5 1.20814817573642 5 1000 24616 5
"2390" "P" 0.04 -0.5775 0.34 1 1 4000 1 5 1.07880966137193 5 1000 24468 5
"2391" "P" 0.004 -0.2475 0.5875 1 1 4000 1 5 0.531879032963823 5 1000 22830 5
"2392" "P" 0.004 -0.45375 0.7525 0 1 4000 1 5 0.284354282359106 5 1000 23087 5
"2393" "P" 0.04 -0.4125 0.175 1 1 4000 1 5 1.74296930505862 5 1000 24260 5
"2394" "P" 0.004 -0.2475 0.2575 1 1 4000 1 5 1.35673555887835 5 1000 22814 5
"2395" "P" 0.04 -0.04125 0.54625 1 1 4000 1 5 0.604678532572337 5 1000 23828 5
"2396" "P" 0.004 -0.0825 0.835 0 1 4000 1 5 0.180323554131281 5 1000 22641 5
"2397" "P" 0.04 -0.37125 0.13375 0 1 4000 1 5 2.01178289320602 5 1000 24207 5
"2398" "P" 0.04 -0.165 0.95875 1 1 4000 1 5 0.042124926300671 5 1000 23998 5
"2399" "P" 0.004 -0.12375 0.4225 0 1 4000 1 5 0.861565832184908 5 1000 22671 5
"2400" "P" 0.04 -0.825 0.01 1 1 4000 1 5 4.60517018598809 5 1000 24752 5
"2401" "P" 0.04 -0.04125 1 0 1 4000 1 5 0 5 1000 23849 5
"2402" "P" 0.004 -0.7425 0.87625 1 1 4000 1 5 0.132103840633337 5 1000 23444 5
"2403" "P" 0.04 -0.53625 0.79375 1 1 4000 1 5 0.230986728775236 5 1000 24440 5
"2404" "P" 0.04 -0.825 0.13375 1 1 4000 1 5 2.01178289320602 5 1000 24758 5
"2405" "P" 0.004 -0.53625 0.5875 1 1 4000 1 5 0.531879032963823 5 1000 23180 5
"2406" "P" 0.004 -0.9075 0.05125 1 1 4000 1 5 2.97103966096362 5 1000 23604 5
"2407" "P" 0.004 -0.45375 0.2575 0 1 4000 1 5 1.35673555887835 5 1000 23063 5
"2408" "P" 0.004 -0.2475 0.21625 0 1 4000 1 5 1.53132013317015 5 1000 22811 5
"2409" "P" 0.04 -0.825 0.46375 1 1 4000 1 5 0.768409665060492 5 1000 24774 5
"2410" "P" 0.04 -0.7425 0.7525 1 1 4000 1 5 0.284354282359106 5 1000 24688 5
"2411" "P" 0.004 -0.78375 0.05125 0 1 4000 1 5 2.97103966096362 5 1000 23453 5
"2412" "P" 0.004 -0.165 0.87625 1 1 4000 1 5 0.132103840633337 5 1000 22744 5
"2413" "P" 0.04 -0.825 0.05125 0 1 4000 1 5 2.97103966096362 5 1000 24753 5
"2414" "P" 0.04 -0.4125 0.38125 0 1 4000 1 5 0.964299951060516 5 1000 24269 5
"2415" "P" 0.004 -0.12375 0.62875 0 1 4000 1 5 0.464021557568188 5 1000 22681 5
"2416" "P" 0.004 -0.495 0.54625 0 1 4000 1 5 0.604678532572337 5 1000 23127 5
"2417" "P" 0.04 0 0.7525 0 1 4000 1 5 0.284354282359106 5 1000 23787 5
"2418" "P" 0.04 -0.825 0.38125 1 1 4000 1 5 0.964299951060516 5 1000 24770 5
"2419" "P" 0.004 0 0.05125 1 1 4000 1 5 2.97103966096362 5 1000 22504 5
"2420" "P" 0.004 -0.37125 0.87625 1 1 4000 1 5 0.132103840633337 5 1000 22994 5
"2421" "P" 0.004 -0.12375 0.05125 0 1 4000 1 5 2.97103966096362 5 1000 22653 5
"2422" "P" 0.004 -0.4125 0.835 1 1 4000 1 5 0.180323554131281 5 1000 23042 5
"2423" "P" 0.04 -0.78375 0.9175 1 1 4000 1 5 0.0861026990534116 5 1000 24746 5
"2424" "P" 0.004 -0.70125 0.2575 1 1 4000 1 5 1.35673555887835 5 1000 23364 5
"2425" "P" 0.04 -0.12375 1 0 1 4000 1 5 0 5 1000 23949 5
"2426" "P" 0.04 -0.4125 0.62875 1 1 4000 1 5 0.464021557568188 5 1000 24282 5
"2427" "P" 0.004 -0.165 0.54625 0 1 4000 1 5 0.604678532572337 5 1000 22727 5
"2428" "P" 0.004 -0.165 0.9175 1 1 4000 1 5 0.0861026990534116 5 1000 22746 5
"2429" "P" 0.04 -0.33 0.29875 1 1 4000 1 5 1.20814817573642 5 1000 24166 5
"2430" "P" 0.004 -0.9075 0.9175 1 1 4000 1 5 0.0861026990534116 5 1000 23646 5
"2431" "P" 0.004 -0.86625 0.2575 1 1 4000 1 5 1.35673555887835 5 1000 23564 5
"2432" "P" 0.004 -0.04125 1 1 1 4000 1 5 0 5 1000 22600 5
"2433" "P" 0.04 -0.0825 0.5875 0 1 4000 1 5 0.531879032963823 5 1000 23879 5
"2434" "P" 0.004 -0.99 0.46375 1 1 4000 1 5 0.768409665060492 5 1000 23724 5
"2435" "P" 0.04 -0.0825 0.95875 0 1 4000 1 5 0.042124926300671 5 1000 23897 5
"2436" "P" 0.004 -0.78375 0.835 1 1 4000 1 5 0.180323554131281 5 1000 23492 5
"2437" "P" 0.04 0 1 0 1 4000 1 5 0 5 1000 23799 5
"2438" "P" 0.04 -0.7425 0.67 0 1 4000 1 5 0.400477566597125 5 1000 24683 5
"2439" "P" 0.04 -0.20625 0.71125 1 1 4000 1 5 0.340731293541596 5 1000 24036 5
"2440" "P" 0.004 -0.94875 0.87625 1 1 4000 1 5 0.132103840633337 5 1000 23694 5
"2441" "P" 0.04 -0.825 0.87625 1 1 4000 1 5 0.132103840633337 5 1000 24794 5
"2442" "P" 0.004 -0.94875 0.05125 1 1 4000 1 5 2.97103966096362 5 1000 23654 5
"2443" "P" 0.004 -0.37125 0.21625 1 1 4000 1 5 1.53132013317015 5 1000 22962 5
"2444" "P" 0.004 -0.45375 1 0 1 4000 1 5 0 5 1000 23099 5
"2445" "P" 0.004 -0.28875 0.38125 0 1 4000 1 5 0.964299951060516 5 1000 22869 5
"2446" "P" 0.04 -0.0825 0.175 1 1 4000 1 5 1.74296930505862 5 1000 23860 5
"2447" "P" 0.04 -0.99 0.71125 1 1 4000 1 5 0.340731293541596 5 1000 24986 5
"2448" "P" 0.004 -0.165 0.46375 0 1 4000 1 5 0.768409665060492 5 1000 22723 5
"2449" "P" 0.004 -0.94875 0.46375 1 1 4000 1 5 0.768409665060492 5 1000 23674 5
"2450" "P" 0.004 -0.825 0.38125 1 1 4000 1 5 0.964299951060516 5 1000 23520 5
"2451" "P" 0.004 -0.9075 0.46375 0 1 4000 1 5 0.768409665060492 5 1000 23623 5
"2452" "P" 0.004 -0.37125 0.9175 0 1 4000 1 5 0.0861026990534116 5 1000 22995 5
"2453" "P" 0.04 -0.70125 0.54625 1 1 4000 1 5 0.604678532572337 5 1000 24628 5
"2454" "P" 0.04 -0.9075 0.29875 1 1 4000 1 5 1.20814817573642 5 1000 24866 5
"2455" "P" 0.04 -0.53625 0.67 1 1 4000 1 5 0.400477566597125 5 1000 24434 5
"2456" "P" 0.004 -0.33 0.95875 1 1 4000 1 5 0.042124926300671 5 1000 22948 5
"2457" "P" 0.004 -0.53625 0.175 1 1 4000 1 5 1.74296930505862 5 1000 23160 5
"2458" "P" 0.004 -0.4125 0.38125 0 1 4000 1 5 0.964299951060516 5 1000 23019 5
"2459" "P" 0.04 -0.53625 0.95875 1 1 4000 1 5 0.042124926300671 5 1000 24448 5
"2460" "P" 0.004 -0.165 0.29875 1 1 4000 1 5 1.20814817573642 5 1000 22716 5
"2461" "P" 0.004 -0.04125 0.34 1 1 4000 1 5 1.07880966137193 5 1000 22568 5
"2462" "P" 0.04 -0.825 0.71125 1 1 4000 1 5 0.340731293541596 5 1000 24786 5
"2463" "P" 0.004 -0.53625 0.835 1 1 4000 1 5 0.180323554131281 5 1000 23192 5
"2464" "P" 0.04 -0.86625 0.79375 1 1 4000 1 5 0.230986728775236 5 1000 24840 5
"2465" "P" 0.04 -0.5775 0.05125 1 1 4000 1 5 2.97103966096362 5 1000 24454 5
"2466" "P" 0.04 -0.86625 0.5875 0 1 4000 1 5 0.531879032963823 5 1000 24829 5
"2467" "P" 0.04 -0.33 0.29875 0 1 4000 1 5 1.20814817573642 5 1000 24165 5
"2468" "P" 0.004 -0.86625 0.7525 0 1 4000 1 5 0.284354282359106 5 1000 23587 5
"2469" "P" 0.004 -0.70125 0.62875 1 1 4000 1 5 0.464021557568188 5 1000 23382 5
"2470" "P" 0.004 -0.33 0.54625 1 1 4000 1 5 0.604678532572337 5 1000 22928 5
"2471" "P" 0.004 -0.04125 0.79375 1 1 4000 1 5 0.230986728775236 5 1000 22590 5
"2472" "P" 0.04 -0.165 0.21625 0 1 4000 1 5 1.53132013317015 5 1000 23961 5
"2473" "P" 0.04 -0.86625 0.9175 0 1 4000 1 5 0.0861026990534116 5 1000 24845 5
"2474" "P" 0.004 -0.33 0.7525 0 1 4000 1 5 0.284354282359106 5 1000 22937 5
"2475" "P" 0.04 -0.4125 0.46375 1 1 4000 1 5 0.768409665060492 5 1000 24274 5
"2476" "P" 0.004 -0.825 0.29875 0 1 4000 1 5 1.20814817573642 5 1000 23515 5
"2477" "P" 0.004 -0.66 0.62875 1 1 4000 1 5 0.464021557568188 5 1000 23332 5
"2478" "P" 0.004 -0.28875 0.175 0 1 4000 1 5 1.74296930505862 5 1000 22859 5
"2479" "P" 0.004 0 0.54625 0 1 4000 1 5 0.604678532572337 5 1000 22527 5
"2480" "P" 0.004 -0.37125 0.7525 1 1 4000 1 5 0.284354282359106 5 1000 22988 5
"2481" "P" 0.04 -0.20625 0.67 0 1 4000 1 5 0.400477566597125 5 1000 24033 5
"2482" "P" 0.004 -0.70125 0.38125 0 1 4000 1 5 0.964299951060516 5 1000 23369 5
"2483" "P" 0.004 -0.78375 0.21625 0 1 4000 1 5 1.53132013317015 5 1000 23461 5
"2484" "P" 0.04 -0.4125 0.21625 1 1 4000 1 5 1.53132013317015 5 1000 24262 5
"2485" "P" 0.004 0 0.05125 0 1 4000 1 5 2.97103966096362 5 1000 22503 5
"2486" "P" 0.004 -0.12375 0.0925 1 1 4000 1 5 2.38054663446376 5 1000 22656 5
"2487" "P" 0.04 -0.0825 0.46375 0 1 4000 1 5 0.768409665060492 5 1000 23873 5
"2488" "P" 0.04 -0.78375 0.505 1 1 4000 1 5 0.683196849706777 5 1000 24726 5
"2489" "P" 0.04 -0.99 0.835 0 1 4000 1 5 0.180323554131281 5 1000 24991 5
"2490" "P" 0.04 -0.495 0.79375 1 1 4000 1 5 0.230986728775236 5 1000 24390 5
"2491" "P" 0.004 -0.66 0.835 0 1 4000 1 5 0.180323554131281 5 1000 23341 5
"2492" "P" 0.004 -0.20625 0.87625 0 1 4000 1 5 0.132103840633337 5 1000 22793 5
"2493" "P" 0.04 -0.165 0.62875 0 1 4000 1 5 0.464021557568188 5 1000 23981 5
"2494" "P" 0.004 -0.28875 0.87625 0 1 4000 1 5 0.132103840633337 5 1000 22893 5
"2495" "P" 0.04 -0.825 1 0 1 4000 1 5 0 5 1000 24799 5
"2496" "P" 0.004 -0.99 0.62875 0 1 4000 1 5 0.464021557568188 5 1000 23731 5
"2497" "P" 0.04 -0.165 0.9175 1 1 4000 1 5 0.0861026990534116 5 1000 23996 5
"2498" "P" 0.004 -0.4125 1 0 1 4000 1 5 0 5 1000 23049 5
"2499" "P" 0.04 0 0.0925 1 1 4000 1 5 2.38054663446376 5 1000 23756 5
"2500" "P" 0.04 -0.61875 0.2575 0 1 4000 1 5 1.35673555887835 5 1000 24513 5
